id,name,lat,lng,radius_km,polygon
4dc59ef5-e0ec-4bae-9fb3-1f3ef5145658,Crime Cluster 136,40.75251,-73.99323,0.163,"[[40.751519, -73.993937], [40.751518, -73.993938], [40.751518, -73.993938], [40.751517, -73.993939], [40.751516, -73.99394], [40.751516, -73.993941], [40.751516, -73.993942], [40.751515, -73.993943], [40.751515, -73.993944], [40.751515, -73.993945], [40.751515, -73.993946], [40.751514, -73.993947], [40.751515, -73.993949], [40.751515, -73.99395], [40.751515, -73.993951], [40.751515, -73.993952], [40.751516, -73.993953], [40.751516, -73.993954], [40.751517, -73.993955], [40.751517, -73.993956], [40.751518, -73.993957], [40.751519, -73.993957], [40.751519, -73.993958], [40.75152, -73.993958], [40.751521, -73.993959], [40.751522, -73.993959], [40.751523, -73.993959], [40.751524, -73.993959], [40.751524, -73.993959], [40.751525, -73.993959], [40.751526, -73.993959], [40.751527, -73.993958], [40.751528, -73.993958], [40.752195, -73.993474], [40.752195, -73.993474], [40.753787, -73.992314], [40.753788, -73.992314], [40.753789, -73.992313], [40.753789, -73.992312], [40.75379, -73.992311], [40.753791, -73.99231], [40.753791, -73.992309], [40.753791, -73.992308], [40.753792, -73.992307], [40.753792, -73.992306], [40.753792, -73.992305], [40.753792, -73.992304], [40.753792, -73.992303], [40.753792, -73.992302], [40.753792, -73.9923], [40.753791, -73.992299], [40.753791, -73.992298], [40.75379, -73.992297], [40.75379, -73.992296], [40.753789, -73.992296], [40.753789, -73.992295], [40.753788, -73.992294], [40.753787, -73.992293], [40.753786, -73.992293], [40.753785, -73.992293], [40.753785, -73.992292], [40.753784, -73.992292], [40.753783, -73.992292], [40.753782, -73.992292], [40.753781, -73.992292], [40.75378, -73.992293], [40.753779, -73.992293], [40.753779, -73.992294], [40.75316, -73.992744]]"
adf8ed2b-0dae-41c3-b0ab-e0b3ec507f18,Crime Cluster 135,40.750866,-73.990716,0.298,"[[40.75321, -73.989025], [40.753211, -73.989025], [40.753212, -73.989024], [40.753212, -73.989023], [40.753213, -73.989022], [40.753214, -73.989021], [40.753214, -73.98902], [40.753214, -73.989019], [40.753215, -73.989018], [40.753215, -73.989017], [40.753215, -73.989016], [40.753215, -73.989015], [40.753215, -73.989014], [40.753215, -73.989013], [40.753215, -73.989011], [40.753214, -73.98901], [40.753214, -73.989009], [40.753213, -73.989008], [40.753213, -73.989007], [40.753212, -73.989007], [40.753212, -73.989006], [40.753211, -73.989005], [40.75321, -73.989004], [40.753209, -73.989004], [40.753209, -73.989004], [40.753208, -73.989003], [40.753207, -73.989003], [40.753206, -73.989003], [40.753205, -73.989003], [40.753204, -73.989003], [40.753203, -73.989004], [40.753202, -73.989004], [40.753202, -73.989005], [40.751653, -73.990122], [40.751653, -73.990122], [40.750314, -73.9911], [40.750314, -73.9911], [40.748782, -73.992224], [40.748781, -73.992224], [40.74878, -73.992225], [40.74878, -73.992226], [40.748779, -73.992227], [40.748778, -73.992228], [40.748778, -73.992229], [40.748778, -73.99223], [40.748777, -73.992231], [40.748777, -73.992232], [40.748777, -73.992233], [40.748777, -73.992234], [40.748777, -73.992235], [40.748777, -73.992236], [40.748777, -73.992238], [40.748778, -73.992239], [40.748778, -73.99224], [40.748779, -73.992241], [40.748779, -73.992242], [40.74878, -73.992242], [40.74878, -73.992243], [40.748781, -73.992244], [40.748782, -73.992245], [40.748783, -73.992245], [40.748783, -73.992245], [40.748784, -73.992246], [40.748785, -73.992246], [40.748786, -73.992246], [40.748787, -73.992246], [40.748788, -73.992246], [40.748789, -73.992245], [40.74879, -73.992245], [40.74879, -73.992244], [40.749107, -73.992016], [40.749107, -73.992016], [40.752285, -73.989702], [40.752592, -73.989478], [40.752592, -73.989478]]"
511689eb-2eff-437c-a908-7dce37472d80,Crime Cluster 137,40.757575,-73.989485,0.328,"[[40.758177, -73.987991], [40.758176, -73.987991], [40.758175, -73.987992], [40.758174, -73.987992], [40.758174, -73.987993], [40.758173, -73.987993], [40.758172, -73.987994], [40.755012, -73.991396], [40.755012, -73.991397], [40.755011, -73.991397], [40.755011, -73.991398], [40.75501, -73.991399], [40.75501, -73.9914], [40.755009, -73.991402], [40.755009, -73.991403], [40.755009, -73.991404], [40.755009, -73.991405], [40.755009, -73.991406], [40.755009, -73.991407], [40.755009, -73.991408], [40.75501, -73.99141], [40.75501, -73.991411], [40.755011, -73.991412], [40.755011, -73.991413], [40.755012, -73.991413], [40.755012, -73.991414], [40.755013, -73.991415], [40.755014, -73.991415], [40.755015, -73.991416], [40.755015, -73.991416], [40.755016, -73.991417], [40.755017, -73.991417], [40.755018, -73.991417], [40.755019, -73.991417], [40.75502, -73.991417], [40.755021, -73.991416], [40.755022, -73.991416], [40.755022, -73.991415], [40.755335, -73.991189], [40.759169, -73.988402], [40.759169, -73.988402], [40.760102, -73.987711], [40.760103, -73.987711], [40.760104, -73.98771], [40.760104, -73.987709], [40.760105, -73.987708], [40.760106, -73.987707], [40.760106, -73.987706], [40.760106, -73.987705], [40.760107, -73.987704], [40.760107, -73.987703], [40.760107, -73.987702], [40.760107, -73.987701], [40.760107, -73.9877], [40.760107, -73.987698], [40.760107, -73.987697], [40.760106, -73.987696], [40.760106, -73.987695], [40.760105, -73.987694], [40.760105, -73.987693], [40.760104, -73.987692], [40.760104, -73.987692], [40.760103, -73.987691], [40.760102, -73.98769], [40.760101, -73.98769], [40.7601, -73.98769], [40.7601, -73.987689], [40.760099, -73.987689], [40.760098, -73.987689], [40.760097, -73.987689]]"
2dc515b5-56c9-464b-a084-78067aba64bc,Crime Cluster 139,40.764723,-73.985226,0.1,"[[40.764484, -73.984497], [40.764483, -73.984497], [40.764482, -73.984496], [40.764481, -73.984496], [40.76448, -73.984496], [40.76448, -73.984496], [40.764479, -73.984496], [40.764478, -73.984496], [40.764477, -73.984497], [40.764476, -73.984497], [40.764476, -73.984498], [40.763852, -73.984953], [40.763851, -73.984953], [40.76385, -73.984954], [40.76385, -73.984955], [40.763849, -73.984956], [40.763848, -73.984957], [40.763848, -73.984958], [40.763848, -73.984959], [40.763847, -73.98496], [40.763847, -73.984961], [40.763847, -73.984962], [40.763847, -73.984963], [40.763847, -73.984964], [40.763847, -73.984965], [40.763847, -73.984967], [40.763848, -73.984968], [40.763848, -73.984969], [40.763849, -73.98497], [40.763849, -73.984971], [40.76385, -73.984971], [40.764761, -73.986163], [40.764761, -73.986164], [40.764762, -73.986165], [40.764763, -73.986165], [40.764764, -73.986166], [40.764764, -73.986166], [40.764765, -73.986167], [40.764766, -73.986167], [40.764767, -73.986167], [40.764768, -73.986167], [40.764769, -73.986167], [40.76477, -73.986166], [40.764771, -73.986166], [40.764771, -73.986165], [40.765394, -73.985712], [40.765395, -73.985712], [40.765396, -73.985711], [40.765396, -73.98571], [40.765397, -73.985709], [40.765398, -73.985708], [40.765398, -73.985707], [40.765398, -73.985706], [40.765399, -73.985705], [40.765399, -73.985704], [40.765399, -73.985703], [40.765399, -73.985702], [40.765399, -73.985701], [40.765399, -73.985699], [40.765399, -73.985698], [40.765398, -73.985697], [40.765398, -73.985696], [40.765032, -73.98483], [40.765031, -73.984829], [40.765031, -73.984828], [40.76503, -73.984827], [40.765029, -73.984826], [40.765029, -73.984826], [40.765028, -73.984825]]"
9da8b5fc-2b70-4530-919a-b23fb6d3c476,Crime Cluster 41,40.756303,-73.879135,0.55,"[[40.755598, -73.884901], [40.755598, -73.884903], [40.755598, -73.884904], [40.755598, -73.884905], [40.755598, -73.884906], [40.755599, -73.884907], [40.755599, -73.884908], [40.755599, -73.884909], [40.7556, -73.88491], [40.7556, -73.884911], [40.755601, -73.884912], [40.755602, -73.884913], [40.755602, -73.884913], [40.755603, -73.884914], [40.755604, -73.884914], [40.755605, -73.884915], [40.755606, -73.884915], [40.755607, -73.884915], [40.755607, -73.884915], [40.755608, -73.884915], [40.755609, -73.884915], [40.75561, -73.884914], [40.755611, -73.884914], [40.755612, -73.884913], [40.755612, -73.884913], [40.755613, -73.884912], [40.755614, -73.884911], [40.755614, -73.88491], [40.755615, -73.884909], [40.755615, -73.884908], [40.755615, -73.884907], [40.755616, -73.884906], [40.757695, -73.874129], [40.757695, -73.874128], [40.757695, -73.874127], [40.757695, -73.874126], [40.757695, -73.874124], [40.757695, -73.874123], [40.757694, -73.874122], [40.757694, -73.874121], [40.757694, -73.87412], [40.757693, -73.874119], [40.756904, -73.872658], [40.756904, -73.872657], [40.756903, -73.872656], [40.756902, -73.872656], [40.756902, -73.872655], [40.756901, -73.872654], [40.7569, -73.872654], [40.756899, -73.872654], [40.756898, -73.872653], [40.756898, -73.872653], [40.756897, -73.872653], [40.756896, -73.872653], [40.756895, -73.872653], [40.756894, -73.872654], [40.756893, -73.872654], [40.756892, -73.872655], [40.756892, -73.872655], [40.756891, -73.872656], [40.75689, -73.872657], [40.75689, -73.872658], [40.756889, -73.872659], [40.756889, -73.87266], [40.756889, -73.872661], [40.756888, -73.872662], [40.756888, -73.872663], [40.756721, -73.874206], [40.756721, -73.874206], [40.756281, -73.878393]]"
a25dbf73-0422-4f5a-a3ce-0884d43b3b63,Crime Cluster 95,40.810853,-73.952002,0.139,"[[40.811064, -73.953311], [40.811064, -73.953312], [40.811065, -73.953312], [40.811066, -73.953313], [40.811067, -73.953313], [40.811068, -73.953313], [40.811069, -73.953313], [40.811069, -73.953313], [40.81107, -73.953312], [40.811071, -73.953312], [40.811072, -73.953312], [40.811073, -73.953311], [40.811073, -73.95331], [40.811074, -73.95331], [40.811075, -73.953309], [40.811075, -73.953308], [40.811076, -73.953307], [40.811076, -73.953306], [40.811076, -73.953305], [40.811751, -73.950865], [40.811752, -73.950864], [40.811752, -73.950863], [40.811752, -73.950862], [40.811752, -73.950861], [40.811752, -73.95086], [40.811752, -73.950858], [40.811752, -73.950857], [40.811751, -73.950856], [40.811751, -73.950855], [40.81175, -73.950854], [40.81175, -73.950853], [40.811749, -73.950853], [40.811749, -73.950852], [40.811748, -73.950851], [40.811747, -73.950851], [40.811164, -73.950438], [40.811163, -73.950437], [40.811163, -73.950437], [40.811162, -73.950436], [40.811161, -73.950436], [40.81116, -73.950436], [40.811159, -73.950436], [40.811158, -73.950436], [40.811157, -73.950437], [40.811156, -73.950437], [40.811156, -73.950438], [40.810169, -73.951157], [40.810169, -73.951157], [40.810168, -73.951158], [40.810167, -73.951159], [40.810167, -73.95116], [40.810166, -73.951161], [40.810166, -73.951162], [40.810165, -73.951163], [40.810165, -73.951164], [40.810165, -73.951165], [40.810165, -73.951166], [40.810165, -73.951167], [40.810165, -73.951168], [40.810165, -73.95117], [40.810421, -73.952837], [40.810421, -73.952838], [40.810422, -73.95284], [40.810422, -73.952841], [40.810423, -73.952842], [40.810423, -73.952842], [40.810424, -73.952843], [40.810424, -73.952844], [40.810425, -73.952845], [40.810426, -73.952845]]"
d8b4e560-db08-475e-bf7a-8470b168e35c,Crime Cluster 133,40.749229,-73.987898,0.264,"[[40.751399, -73.98663], [40.7514, -73.986629], [40.7514, -73.986627], [40.7514, -73.986626], [40.7514, -73.986625], [40.7514, -73.986624], [40.7514, -73.986623], [40.7514, -73.986622], [40.751399, -73.986621], [40.751399, -73.98662], [40.751399, -73.986619], [40.751398, -73.986618], [40.751397, -73.986617], [40.751397, -73.986616], [40.751396, -73.986615], [40.751395, -73.986615], [40.751395, -73.986614], [40.751394, -73.986614], [40.751393, -73.986613], [40.751392, -73.986613], [40.751391, -73.986613], [40.748398, -73.98653], [40.748397, -73.98653], [40.748396, -73.98653], [40.748395, -73.986531], [40.747718, -73.986826], [40.747717, -73.986826], [40.747717, -73.986827], [40.747716, -73.986827], [40.747715, -73.986828], [40.747714, -73.986829], [40.747714, -73.98683], [40.747713, -73.986831], [40.747713, -73.986832], [40.747154, -73.988374], [40.747154, -73.988375], [40.747153, -73.988376], [40.747153, -73.988377], [40.747153, -73.988378], [40.747153, -73.988379], [40.747153, -73.98838], [40.747153, -73.988382], [40.747153, -73.988383], [40.747154, -73.988384], [40.747154, -73.988385], [40.747578, -73.989398], [40.747579, -73.989399], [40.747579, -73.9894], [40.74758, -73.989401], [40.74758, -73.989401], [40.747581, -73.989402], [40.747582, -73.989403], [40.747583, -73.989403], [40.747584, -73.989403], [40.747585, -73.989404], [40.747586, -73.989404], [40.747586, -73.989404], [40.747587, -73.989404], [40.747588, -73.989403], [40.747589, -73.989403], [40.751043, -73.987723], [40.751044, -73.987723], [40.751045, -73.987722], [40.751045, -73.987721], [40.751046, -73.987721], [40.751047, -73.98772], [40.751047, -73.987719], [40.751048, -73.987718], [40.751048, -73.987717]]"
862e21d9-60c2-4a7a-a62a-2d52d94e35ea,Crime Cluster 130,40.758465,-73.992676,0.325,"[[40.756523, -73.994009], [40.756522, -73.994009], [40.756521, -73.99401], [40.756521, -73.994011], [40.75652, -73.994012], [40.75652, -73.994013], [40.756519, -73.994014], [40.756519, -73.994015], [40.756518, -73.994016], [40.756518, -73.994017], [40.756518, -73.994018], [40.756518, -73.994019], [40.756518, -73.994021], [40.756518, -73.994022], [40.756519, -73.994023], [40.756519, -73.994024], [40.756519, -73.994025], [40.75652, -73.994026], [40.75652, -73.994027], [40.756521, -73.994028], [40.756522, -73.994029], [40.756523, -73.994029], [40.756523, -73.99403], [40.756524, -73.99403], [40.756525, -73.994031], [40.756526, -73.994031], [40.756527, -73.994031], [40.756528, -73.994031], [40.756529, -73.994031], [40.756529, -73.994031], [40.758706, -73.993296], [40.758707, -73.993296], [40.758708, -73.993296], [40.758708, -73.993295], [40.758709, -73.993295], [40.75871, -73.993294], [40.760998, -73.990768], [40.760999, -73.990767], [40.761, -73.990766], [40.761, -73.990766], [40.761001, -73.990765], [40.761001, -73.990763], [40.761001, -73.990762], [40.761001, -73.990761], [40.761002, -73.99076], [40.761002, -73.990759], [40.761002, -73.990758], [40.761001, -73.990757], [40.761001, -73.990755], [40.761001, -73.990754], [40.761001, -73.990753], [40.761, -73.990752], [40.761, -73.990751], [40.760999, -73.990751], [40.760998, -73.99075], [40.760998, -73.990749], [40.760997, -73.990748], [40.760996, -73.990748], [40.760995, -73.990748], [40.760994, -73.990747], [40.760993, -73.990747], [40.760993, -73.990747], [40.760992, -73.990747], [40.760991, -73.990747], [40.76099, -73.990748], [40.760989, -73.990748], [40.760988, -73.990749], [40.75714, -73.99355], [40.75714, -73.99355]]"
91e5c29e-3df2-4611-95b5-cc0203daf486,Crime Cluster 131,40.758597,-73.979354,0.325,"[[40.759279, -73.980891], [40.759279, -73.98089], [40.759279, -73.980889], [40.759279, -73.980888], [40.759485, -73.976518], [40.759485, -73.976517], [40.759485, -73.976515], [40.759485, -73.976514], [40.759485, -73.976513], [40.759484, -73.976512], [40.759484, -73.976511], [40.759483, -73.97651], [40.759483, -73.976509], [40.759482, -73.976508], [40.759482, -73.976508], [40.759481, -73.976507], [40.75948, -73.976506], [40.759479, -73.976506], [40.759478, -73.976506], [40.759478, -73.976505], [40.759477, -73.976505], [40.759476, -73.976505], [40.759475, -73.976505], [40.759474, -73.976505], [40.759473, -73.976506], [40.759472, -73.976506], [40.759472, -73.976507], [40.758847, -73.976962], [40.758221, -73.977418], [40.757594, -73.977875], [40.757593, -73.977875], [40.757592, -73.977876], [40.757592, -73.977877], [40.757591, -73.977878], [40.75759, -73.977879], [40.75759, -73.97788], [40.75759, -73.977881], [40.757589, -73.977882], [40.757589, -73.977883], [40.757589, -73.977884], [40.757589, -73.977885], [40.757589, -73.977887], [40.758013, -73.981795], [40.758013, -73.981796], [40.758013, -73.981797], [40.758014, -73.981798], [40.758014, -73.981799], [40.758602, -73.983213], [40.758603, -73.983214], [40.758603, -73.983215], [40.758604, -73.983216], [40.758604, -73.983216], [40.758605, -73.983217], [40.758606, -73.983218], [40.758607, -73.983218], [40.758608, -73.983218], [40.758608, -73.983219], [40.758609, -73.983219], [40.75861, -73.983219], [40.758611, -73.983219], [40.758612, -73.983219], [40.758613, -73.983218], [40.758614, -73.983218], [40.758614, -73.983217], [40.758615, -73.983217], [40.758616, -73.983216], [40.758617, -73.983215], [40.758617, -73.983214], [40.758618, -73.983213], [40.758618, -73.983212], [40.758618, -73.983211]]"
8cda7e6c-75a8-4c58-9e16-cf641b74e751,Crime Cluster 46,40.746951,-73.89125,0.161,"[[40.74811, -73.891678], [40.74811, -73.891677], [40.74811, -73.891676], [40.74811, -73.891675], [40.74811, -73.891673], [40.74811, -73.891672], [40.748109, -73.891671], [40.748109, -73.89167], [40.748108, -73.891669], [40.747045, -73.889565], [40.747045, -73.889564], [40.747044, -73.889563], [40.747044, -73.889563], [40.747043, -73.889562], [40.747042, -73.889561], [40.747041, -73.889561], [40.747041, -73.88956], [40.74704, -73.88956], [40.747039, -73.88956], [40.747038, -73.88956], [40.747037, -73.88956], [40.747036, -73.88956], [40.746006, -73.889836], [40.746005, -73.889837], [40.746005, -73.889837], [40.746004, -73.889838], [40.746003, -73.889838], [40.746002, -73.889839], [40.746002, -73.88984], [40.746001, -73.889841], [40.746, -73.889842], [40.746, -73.889843], [40.746, -73.889844], [40.745999, -73.889845], [40.745999, -73.889846], [40.745999, -73.889847], [40.745913, -73.89125], [40.745913, -73.891251], [40.745913, -73.891252], [40.745913, -73.891254], [40.745914, -73.891255], [40.745914, -73.891256], [40.745914, -73.891257], [40.745915, -73.891258], [40.745915, -73.891259], [40.745916, -73.89126], [40.745917, -73.891261], [40.747131, -73.892418], [40.747132, -73.892419], [40.747133, -73.892419], [40.747134, -73.89242], [40.747135, -73.89242], [40.747136, -73.89242], [40.747998, -73.892571], [40.747999, -73.892571], [40.748, -73.892571], [40.748, -73.892571], [40.748001, -73.89257], [40.748002, -73.89257], [40.748003, -73.89257], [40.748004, -73.892569], [40.748004, -73.892568], [40.748005, -73.892568], [40.748006, -73.892567], [40.748006, -73.892566], [40.748007, -73.892565], [40.748007, -73.892564], [40.748007, -73.892563], [40.748008, -73.892562], [40.748008, -73.892561]]"
78f0bae0-143b-4eeb-8f79-c42b8b4196e3,Crime Cluster 47,40.747525,-73.88521,0.334,"[[40.746705, -73.884701], [40.746705, -73.884702], [40.746704, -73.884703], [40.746704, -73.884705], [40.746704, -73.884706], [40.746704, -73.884707], [40.746704, -73.884708], [40.747078, -73.889125], [40.747078, -73.889126], [40.747078, -73.889128], [40.747079, -73.889129], [40.747079, -73.88913], [40.74708, -73.889131], [40.74708, -73.889132], [40.747081, -73.889133], [40.747081, -73.889133], [40.747082, -73.889134], [40.747083, -73.889135], [40.747084, -73.889135], [40.747085, -73.889135], [40.747085, -73.889136], [40.747086, -73.889136], [40.747087, -73.889136], [40.747088, -73.889136], [40.747089, -73.889136], [40.74709, -73.889135], [40.747091, -73.889135], [40.747091, -73.889134], [40.747092, -73.889134], [40.747093, -73.889133], [40.747094, -73.889132], [40.747094, -73.889131], [40.747095, -73.88913], [40.747095, -73.889129], [40.748601, -73.885053], [40.748601, -73.885052], [40.748602, -73.885051], [40.748602, -73.88505], [40.748697, -73.884125], [40.748697, -73.884123], [40.748697, -73.884122], [40.748697, -73.884121], [40.748697, -73.88412], [40.748696, -73.884119], [40.748696, -73.884118], [40.748696, -73.884117], [40.748695, -73.884116], [40.748695, -73.884115], [40.748694, -73.884114], [40.74774, -73.88299], [40.747739, -73.882989], [40.747739, -73.882988], [40.747738, -73.882988], [40.747737, -73.882987], [40.747736, -73.882987], [40.747735, -73.882987], [40.747464, -73.882934], [40.747463, -73.882934], [40.747463, -73.882934], [40.747462, -73.882934], [40.747461, -73.882935], [40.74746, -73.882935], [40.747459, -73.882935], [40.747458, -73.882936], [40.747458, -73.882937], [40.747457, -73.882937], [40.747456, -73.882938], [40.747456, -73.882939], [40.747455, -73.88294]]"
fd2bee33-68ab-40b2-b469-f4793766678d,Crime Cluster 113,40.761972,-73.967343,0.208,"[[40.762569, -73.969006], [40.76257, -73.969006], [40.762571, -73.969006], [40.762572, -73.969006], [40.762573, -73.969005], [40.762574, -73.969005], [40.762574, -73.969004], [40.762575, -73.969004], [40.762576, -73.969003], [40.762576, -73.969002], [40.762577, -73.969001], [40.762578, -73.969001], [40.762578, -73.969], [40.763174, -73.967505], [40.763174, -73.967503], [40.763175, -73.967502], [40.763175, -73.967501], [40.763175, -73.9675], [40.763175, -73.967499], [40.763175, -73.967498], [40.763175, -73.967497], [40.763175, -73.967495], [40.763174, -73.967494], [40.763174, -73.967493], [40.7625, -73.965893], [40.762499, -73.965892], [40.762499, -73.965892], [40.762498, -73.965891], [40.762498, -73.96589], [40.761712, -73.964996], [40.761711, -73.964995], [40.76171, -73.964995], [40.76171, -73.964994], [40.761709, -73.964994], [40.761708, -73.964993], [40.761707, -73.964993], [40.761706, -73.964993], [40.761705, -73.964993], [40.761704, -73.964993], [40.761703, -73.964994], [40.761702, -73.964994], [40.761702, -73.964995], [40.760449, -73.965909], [40.760448, -73.965909], [40.760447, -73.96591], [40.760447, -73.965911], [40.760446, -73.965912], [40.760445, -73.965913], [40.760445, -73.965914], [40.760445, -73.965915], [40.760444, -73.965916], [40.760444, -73.965917], [40.760444, -73.965918], [40.760444, -73.96592], [40.760444, -73.965921], [40.760444, -73.965922], [40.760445, -73.965923], [40.761257, -73.968891], [40.761257, -73.968892], [40.761257, -73.968893], [40.761258, -73.968894], [40.761258, -73.968895], [40.761259, -73.968896], [40.76126, -73.968896], [40.76126, -73.968897], [40.761261, -73.968898], [40.761262, -73.968898], [40.761263, -73.968898], [40.761264, -73.968899], [40.761264, -73.968899]]"
25a00b3a-24c8-48cb-b59b-88a187208e96,Crime Cluster 71,40.701119,-73.941897,0.225,"[[40.701684, -73.943533], [40.701685, -73.943534], [40.701685, -73.943535], [40.701686, -73.943536], [40.701687, -73.943536], [40.701687, -73.943537], [40.701688, -73.943537], [40.701689, -73.943538], [40.70169, -73.943538], [40.701691, -73.943538], [40.701692, -73.943538], [40.701693, -73.943538], [40.701694, -73.943537], [40.701694, -73.943537], [40.701695, -73.943536], [40.701696, -73.943536], [40.701697, -73.943535], [40.702706, -73.942447], [40.702706, -73.942446], [40.702707, -73.942446], [40.702707, -73.942445], [40.702708, -73.942444], [40.702708, -73.942443], [40.702709, -73.942441], [40.702709, -73.94244], [40.702709, -73.942439], [40.702709, -73.942438], [40.702709, -73.942437], [40.702709, -73.942436], [40.702709, -73.942434], [40.702708, -73.942433], [40.702708, -73.942432], [40.702707, -73.942431], [40.702707, -73.94243], [40.702706, -73.94243], [40.702706, -73.942429], [40.701723, -73.941397], [40.701722, -73.941396], [40.701721, -73.941395], [40.699669, -73.940044], [40.699668, -73.940044], [40.699667, -73.940044], [40.699666, -73.940043], [40.699666, -73.940043], [40.699665, -73.940043], [40.699664, -73.940043], [40.699663, -73.940043], [40.699662, -73.940044], [40.699661, -73.940044], [40.69966, -73.940045], [40.69966, -73.940045], [40.699659, -73.940046], [40.699658, -73.940047], [40.699658, -73.940048], [40.699657, -73.940049], [40.699657, -73.94005], [40.699657, -73.940051], [40.699656, -73.940052], [40.699656, -73.940053], [40.699656, -73.940054], [40.699656, -73.940056], [40.699656, -73.940057], [40.699656, -73.940058], [40.699657, -73.940059], [40.699657, -73.94006], [40.699657, -73.940061], [40.699658, -73.940062], [40.700496, -73.941547], [40.700496, -73.941547], [40.700718, -73.941939], [40.700718, -73.941939]]"
7eaa30cd-4232-4f10-b27c-050f15d3508b,Crime Cluster 70,40.697443,-73.936291,0.332,"[[40.696829, -73.936507], [40.696829, -73.936508], [40.696829, -73.936509], [40.696829, -73.93651], [40.69683, -73.936511], [40.69683, -73.936512], [40.69683, -73.936513], [40.696831, -73.936514], [40.698688, -73.939866], [40.698688, -73.939867], [40.698689, -73.939868], [40.69869, -73.939868], [40.69869, -73.939869], [40.698691, -73.93987], [40.698692, -73.93987], [40.698693, -73.93987], [40.698694, -73.939871], [40.698694, -73.939871], [40.698695, -73.939871], [40.698696, -73.939871], [40.698697, -73.939871], [40.698698, -73.93987], [40.698699, -73.93987], [40.6987, -73.939869], [40.6987, -73.939869], [40.698701, -73.939868], [40.698702, -73.939867], [40.698702, -73.939866], [40.698703, -73.939865], [40.698703, -73.939864], [40.698703, -73.939863], [40.698704, -73.939862], [40.698704, -73.939861], [40.698704, -73.93986], [40.698704, -73.939859], [40.698704, -73.939857], [40.698704, -73.939856], [40.698304, -73.937579], [40.698304, -73.937578], [40.698303, -73.937577], [40.698303, -73.937576], [40.69706, -73.934609], [40.697059, -73.934608], [40.697059, -73.934607], [40.697058, -73.934606], [40.697058, -73.934606], [40.697057, -73.934605], [40.697056, -73.934604], [40.697055, -73.934604], [40.697054, -73.934604], [40.697054, -73.934603], [40.697053, -73.934603], [40.697052, -73.934603], [40.697051, -73.934603], [40.69705, -73.934603], [40.697049, -73.934604], [40.697048, -73.934604], [40.697048, -73.934605], [40.697047, -73.934605], [40.697046, -73.934606], [40.697046, -73.934607], [40.697045, -73.934608], [40.697044, -73.934609], [40.696854, -73.935004], [40.696854, -73.935005], [40.696854, -73.935006], [40.696853, -73.935007], [40.696853, -73.935008], [40.696853, -73.935009], [40.696853, -73.93501]]"
de516ec9-edfc-47d8-b0b5-5d1060b885ad,Crime Cluster 114,40.73092,-73.98233,0.174,"[[40.730089, -73.980588], [40.730088, -73.980587], [40.730087, -73.980586], [40.730086, -73.980586], [40.730085, -73.980586], [40.730085, -73.980585], [40.730084, -73.980585], [40.730083, -73.980585], [40.730082, -73.980585], [40.730081, -73.980585], [40.73008, -73.980586], [40.730079, -73.980586], [40.730079, -73.980587], [40.730078, -73.980587], [40.730077, -73.980588], [40.730077, -73.980589], [40.730076, -73.98059], [40.730075, -73.980591], [40.730075, -73.980592], [40.730075, -73.980593], [40.730074, -73.980594], [40.730074, -73.980595], [40.730074, -73.980596], [40.730074, -73.980597], [40.730074, -73.980598], [40.73018, -73.981963], [40.73018, -73.981964], [40.730322, -73.983305], [40.730322, -73.983306], [40.730323, -73.983307], [40.730323, -73.983308], [40.730323, -73.983309], [40.730324, -73.98331], [40.730324, -73.983311], [40.730325, -73.983312], [40.730326, -73.983313], [40.730327, -73.983313], [40.730327, -73.983314], [40.730328, -73.983314], [40.730329, -73.983315], [40.731848, -73.983763], [40.731849, -73.983763], [40.73185, -73.983763], [40.731851, -73.983763], [40.731852, -73.983763], [40.731852, -73.983762], [40.731853, -73.983762], [40.731854, -73.983762], [40.731855, -73.983761], [40.731856, -73.98376], [40.731856, -73.98376], [40.731857, -73.983759], [40.731857, -73.983758], [40.731858, -73.983757], [40.731858, -73.983756], [40.731859, -73.983755], [40.731859, -73.983754], [40.731859, -73.983752], [40.731859, -73.983751], [40.731859, -73.98375], [40.731859, -73.983749], [40.731655, -73.982212], [40.731655, -73.982211], [40.731654, -73.98221], [40.731654, -73.982208], [40.731653, -73.982207], [40.731653, -73.982206], [40.731652, -73.982206], [40.731652, -73.982205], [40.730911, -73.981433], [40.730911, -73.981433]]"
6842ef82-9b00-49e6-9f36-7bc095f08c86,Crime Cluster 75,40.679848,-73.941107,0.341,"[[40.679175, -73.941274], [40.679175, -73.941275], [40.679175, -73.941276], [40.679175, -73.941277], [40.679175, -73.941278], [40.679175, -73.941279], [40.679176, -73.94128], [40.680142, -73.945128], [40.680143, -73.945129], [40.680143, -73.94513], [40.680144, -73.945131], [40.680144, -73.945132], [40.680145, -73.945133], [40.680146, -73.945133], [40.680146, -73.945134], [40.680147, -73.945135], [40.680148, -73.945135], [40.680149, -73.945135], [40.68015, -73.945136], [40.680151, -73.945136], [40.680151, -73.945136], [40.680152, -73.945136], [40.680153, -73.945135], [40.680154, -73.945135], [40.680155, -73.945135], [40.680156, -73.945134], [40.680156, -73.945133], [40.680157, -73.945133], [40.680158, -73.945132], [40.680158, -73.945131], [40.680159, -73.94513], [40.680159, -73.945129], [40.68016, -73.945128], [40.68016, -73.945127], [40.68016, -73.945126], [40.68016, -73.945124], [40.68016, -73.945123], [40.679948, -73.941206], [40.679948, -73.941206], [40.679796, -73.938434], [40.679767, -73.937916], [40.679767, -73.937915], [40.679767, -73.937914], [40.679766, -73.937913], [40.679766, -73.937912], [40.679766, -73.937911], [40.679765, -73.93791], [40.679765, -73.937909], [40.679764, -73.937908], [40.679763, -73.937907], [40.679762, -73.937907], [40.679762, -73.937906], [40.679761, -73.937906], [40.67976, -73.937905], [40.679759, -73.937905], [40.679758, -73.937905], [40.679757, -73.937905], [40.679756, -73.937905], [40.679756, -73.937906], [40.679755, -73.937906], [40.679754, -73.937906], [40.679753, -73.937907], [40.679752, -73.937908], [40.679752, -73.937908], [40.679751, -73.937909], [40.679751, -73.93791], [40.67975, -73.937911], [40.67975, -73.937912], [40.679749, -73.937913], [40.679749, -73.937914]]"
838ac0c4-135d-46bc-b8d0-d8e0d781d8b4,Crime Cluster 115,40.726136,-73.989131,0.199,"[[40.725279, -73.9912], [40.725279, -73.991201], [40.725279, -73.991202], [40.725279, -73.991203], [40.725279, -73.991205], [40.725279, -73.991206], [40.72528, -73.991207], [40.72528, -73.991208], [40.725281, -73.991209], [40.725281, -73.99121], [40.725282, -73.991211], [40.725282, -73.991211], [40.725283, -73.991212], [40.725284, -73.991213], [40.725285, -73.991213], [40.725286, -73.991213], [40.725286, -73.991214], [40.725287, -73.991214], [40.725288, -73.991214], [40.725289, -73.991214], [40.72529, -73.991214], [40.725291, -73.991213], [40.725292, -73.991213], [40.725292, -73.991212], [40.725293, -73.991212], [40.725294, -73.991211], [40.725294, -73.99121], [40.727096, -73.988769], [40.727097, -73.988768], [40.727098, -73.988767], [40.727098, -73.988766], [40.727098, -73.988765], [40.727099, -73.988764], [40.727099, -73.988763], [40.727099, -73.988762], [40.727099, -73.988761], [40.727099, -73.988759], [40.727099, -73.988758], [40.727098, -73.988757], [40.727098, -73.988756], [40.727098, -73.988755], [40.727097, -73.988754], [40.726561, -73.987821], [40.72656, -73.987821], [40.72656, -73.98782], [40.726559, -73.987819], [40.726558, -73.987818], [40.726558, -73.987818], [40.726557, -73.987817], [40.726556, -73.987817], [40.726555, -73.987817], [40.726554, -73.987817], [40.726553, -73.987817], [40.726552, -73.987817], [40.726552, -73.987817], [40.726551, -73.987817], [40.725686, -73.988226], [40.725685, -73.988226], [40.725684, -73.988227], [40.725684, -73.988227], [40.725683, -73.988228], [40.725682, -73.988229], [40.725682, -73.98823], [40.725681, -73.988231], [40.725681, -73.988232], [40.725681, -73.988233], [40.72568, -73.988234], [40.72568, -73.988235]]"
6fdf824b-b3f6-4552-8f36-4b8e11a89b0c,Crime Cluster 121,40.718911,-74.000867,0.226,"[[40.71802, -73.999945], [40.718019, -73.999945], [40.718018, -73.999945], [40.718017, -73.999945], [40.718016, -73.999945], [40.718016, -73.999945], [40.718015, -73.999946], [40.718014, -73.999946], [40.718013, -73.999947], [40.718013, -73.999948], [40.718012, -73.999948], [40.718011, -73.999949], [40.718011, -73.99995], [40.71801, -73.999951], [40.71801, -73.999952], [40.717601, -74.001279], [40.7176, -74.00128], [40.7176, -74.001281], [40.7176, -74.001282], [40.7176, -74.001283], [40.7176, -74.001284], [40.7176, -74.001286], [40.7176, -74.001287], [40.717601, -74.001288], [40.717601, -74.001289], [40.717602, -74.00129], [40.717602, -74.001291], [40.717603, -74.001292], [40.717604, -74.001292], [40.717604, -74.001293], [40.717605, -74.001294], [40.717606, -74.001294], [40.717607, -74.001294], [40.719394, -74.001895], [40.719395, -74.001895], [40.719396, -74.001895], [40.719397, -74.001895], [40.720796, -74.001846], [40.720797, -74.001846], [40.720798, -74.001846], [40.720799, -74.001845], [40.7208, -74.001845], [40.7208, -74.001844], [40.720801, -74.001844], [40.720802, -74.001843], [40.720802, -74.001842], [40.720803, -74.001841], [40.720804, -74.00184], [40.720804, -74.001839], [40.720804, -74.001838], [40.720805, -74.001837], [40.720805, -74.001836], [40.720805, -74.001835], [40.720805, -74.001834], [40.720805, -74.001833], [40.720805, -74.001832], [40.720805, -74.00183], [40.720804, -74.001829], [40.720804, -74.001828], [40.720803, -74.001827], [40.720395, -74.001036], [40.720395, -74.001035], [40.720394, -74.001034], [40.720393, -74.001034], [40.720393, -74.001033], [40.719378, -74.000221], [40.719377, -74.00022], [40.719376, -74.00022], [40.719375, -74.00022], [40.719374, -74.000219]]"
6b48fc91-7be2-4304-8231-f9236d960e58,Crime Cluster 104,40.766734,-73.963393,0.281,"[[40.768131, -73.961783], [40.768131, -73.961782], [40.768131, -73.96178], [40.768131, -73.961779], [40.768131, -73.961778], [40.76813, -73.961777], [40.76813, -73.961776], [40.76813, -73.961775], [40.768129, -73.961774], [40.768129, -73.961773], [40.768128, -73.961772], [40.768127, -73.961772], [40.768127, -73.961771], [40.768126, -73.96177], [40.768125, -73.96177], [40.768124, -73.96177], [40.768124, -73.961769], [40.768123, -73.961769], [40.768122, -73.961769], [40.768121, -73.961769], [40.76812, -73.961769], [40.768119, -73.96177], [40.768118, -73.96177], [40.768118, -73.961771], [40.764366, -73.964517], [40.764365, -73.964517], [40.764364, -73.964518], [40.764364, -73.964519], [40.764363, -73.96452], [40.764362, -73.964521], [40.764362, -73.964522], [40.764362, -73.964523], [40.764361, -73.964524], [40.764361, -73.964525], [40.764361, -73.964526], [40.764361, -73.964527], [40.764361, -73.964528], [40.764361, -73.964529], [40.764361, -73.964531], [40.764362, -73.964532], [40.764362, -73.964533], [40.764363, -73.964534], [40.764363, -73.964535], [40.764364, -73.964535], [40.764364, -73.964536], [40.764365, -73.964537], [40.764366, -73.964537], [40.764367, -73.964538], [40.764367, -73.964538], [40.764368, -73.964539], [40.764369, -73.964539], [40.76437, -73.964539], [40.764371, -73.964539], [40.767861, -73.964087], [40.767862, -73.964087], [40.767863, -73.964087], [40.767864, -73.964087], [40.767865, -73.964086], [40.767865, -73.964085], [40.767866, -73.964085], [40.767867, -73.964084], [40.767867, -73.964083], [40.767868, -73.964082], [40.767868, -73.964081], [40.767869, -73.96408], [40.767869, -73.964079], [40.767869, -73.964077]]"
66bed93f-aec4-44ca-8b3f-7a8b0051d799,Crime Cluster 102,40.820572,-73.891066,0.222,"[[40.822085, -73.890329], [40.822085, -73.890327], [40.822085, -73.890326], [40.822085, -73.890325], [40.822084, -73.890324], [40.822084, -73.890323], [40.822084, -73.890322], [40.822083, -73.890321], [40.822083, -73.89032], [40.822082, -73.890319], [40.822081, -73.890318], [40.82208, -73.890318], [40.82208, -73.890317], [40.822079, -73.890317], [40.822078, -73.890316], [40.819021, -73.889424], [40.81902, -73.889424], [40.819019, -73.889424], [40.819018, -73.889424], [40.819017, -73.889424], [40.819016, -73.889425], [40.819016, -73.889425], [40.819015, -73.889425], [40.819014, -73.889426], [40.819013, -73.889427], [40.819013, -73.889428], [40.819012, -73.889428], [40.819012, -73.889429], [40.819011, -73.88943], [40.819011, -73.889431], [40.81901, -73.889433], [40.81901, -73.889434], [40.81901, -73.889435], [40.81901, -73.889436], [40.81901, -73.889437], [40.81901, -73.889438], [40.81901, -73.88944], [40.819485, -73.891404], [40.819486, -73.891405], [40.819486, -73.891406], [40.819487, -73.891407], [40.819487, -73.891407], [40.819488, -73.891408], [40.820131, -73.892286], [40.820131, -73.892287], [40.820132, -73.892288], [40.820133, -73.892289], [40.820134, -73.892289], [40.820135, -73.892289], [40.821727, -73.892877], [40.821727, -73.892878], [40.821728, -73.892878], [40.821729, -73.892878], [40.82173, -73.892878], [40.821731, -73.892878], [40.821732, -73.892877], [40.821733, -73.892877], [40.821734, -73.892876], [40.821734, -73.892876], [40.821735, -73.892875], [40.821736, -73.892874], [40.821736, -73.892873], [40.821737, -73.892872], [40.821737, -73.892871], [40.821737, -73.89287], [40.822039, -73.891733], [40.82204, -73.891732], [40.82204, -73.891731], [40.82204, -73.89173]]"
3c0a038b-e499-48db-99c9-4f3357d409e2,Crime Cluster 138,40.758202,-73.985609,0.661,"[[40.763708, -73.982647], [40.763708, -73.982645], [40.763708, -73.982644], [40.763708, -73.982643], [40.763708, -73.982642], [40.763708, -73.982641], [40.763707, -73.98264], [40.763707, -73.982639], [40.763707, -73.982638], [40.763706, -73.982637], [40.763706, -73.982636], [40.763705, -73.982635], [40.763705, -73.982635], [40.762973, -73.981884], [40.762973, -73.981883], [40.762972, -73.981882], [40.762971, -73.981882], [40.76297, -73.981882], [40.762969, -73.981881], [40.762969, -73.981881], [40.762968, -73.981881], [40.762967, -73.981881], [40.762966, -73.981881], [40.755177, -73.983859], [40.755176, -73.98386], [40.755176, -73.98386], [40.755175, -73.983861], [40.753862, -73.98481], [40.753861, -73.98481], [40.75386, -73.984811], [40.75386, -73.984812], [40.753859, -73.984813], [40.753858, -73.984814], [40.753858, -73.984815], [40.753858, -73.984816], [40.753857, -73.984817], [40.753196, -73.988045], [40.753196, -73.988046], [40.753196, -73.988047], [40.753196, -73.988048], [40.753196, -73.98805], [40.753196, -73.988051], [40.753196, -73.988052], [40.753197, -73.988053], [40.753197, -73.988054], [40.753198, -73.988055], [40.753198, -73.988056], [40.753199, -73.988057], [40.7532, -73.988057], [40.7532, -73.988058], [40.753819, -73.988571], [40.75382, -73.988572], [40.753821, -73.988572], [40.753821, -73.988572], [40.753822, -73.988573], [40.753823, -73.988573], [40.753824, -73.988573], [40.753825, -73.988573], [40.753826, -73.988573], [40.761351, -73.9868], [40.761352, -73.986799], [40.761352, -73.986799], [40.761353, -73.986798], [40.762295, -73.986116], [40.762295, -73.986116], [40.763233, -73.985429], [40.763234, -73.985429], [40.763235, -73.985428], [40.763235, -73.985427], [40.763236, -73.985427], [40.763236, -73.985426], [40.763237, -73.985425], [40.763237, -73.985424], [40.763238, -73.985423], [40.763238, -73.985422]]"
b603115c-39f5-46e5-bada-24f5a99665b4,Crime Cluster 128,40.740632,-74.006381,0.248,"[[40.742293, -74.004423], [40.742293, -74.004422], [40.742293, -74.004421], [40.742294, -74.00442], [40.742294, -74.004418], [40.742294, -74.004417], [40.742294, -74.004416], [40.742294, -74.004415], [40.742293, -74.004414], [40.742293, -74.004413], [40.742293, -74.004412], [40.742292, -74.004411], [40.742292, -74.00441], [40.742291, -74.004409], [40.742291, -74.004408], [40.74229, -74.004407], [40.742289, -74.004407], [40.742288, -74.004406], [40.742288, -74.004406], [40.742287, -74.004406], [40.740303, -74.003813], [40.740302, -74.003813], [40.740301, -74.003813], [40.7403, -74.003813], [40.740299, -74.003813], [40.740299, -74.003814], [40.740298, -74.003814], [40.740297, -74.003814], [40.740296, -74.003815], [40.740295, -74.003816], [40.740295, -74.003816], [40.740294, -74.003817], [40.740294, -74.003818], [40.740293, -74.003819], [40.740293, -74.00382], [40.740292, -74.003821], [40.740292, -74.003823], [40.739937, -74.006097], [40.739937, -74.006098], [40.739827, -74.007994], [40.739827, -74.007995], [40.739827, -74.007996], [40.739827, -74.007998], [40.739827, -74.007999], [40.739828, -74.008], [40.739828, -74.008001], [40.739829, -74.008002], [40.739829, -74.008003], [40.73983, -74.008004], [40.739831, -74.008005], [40.739831, -74.008005], [40.740533, -74.008557], [40.740534, -74.008558], [40.740535, -74.008558], [40.740536, -74.008559], [40.740537, -74.008559], [40.740538, -74.008559], [40.740539, -74.008559], [40.740539, -74.008559], [40.74054, -74.008558], [40.740541, -74.008558], [40.740542, -74.008558], [40.740543, -74.008557], [40.740544, -74.008556], [40.740544, -74.008556], [40.740545, -74.008555], [40.740545, -74.008554], [40.740546, -74.008553]]"
5235aa96-a6b1-489a-a1c0-fecc3ea186af,Crime Cluster 127,40.743225,-73.999892,0.446,"[[40.742698, -73.998643], [40.742697, -73.998644], [40.742696, -73.998644], [40.742695, -73.998644], [40.742695, -73.998645], [40.742694, -73.998646], [40.742693, -73.998647], [40.739745, -74.002514], [40.739744, -74.002515], [40.739744, -74.002516], [40.739743, -74.002517], [40.739743, -74.002518], [40.739743, -74.002519], [40.739743, -74.00252], [40.739742, -74.002521], [40.739742, -74.002522], [40.739742, -74.002524], [40.739743, -74.002525], [40.739743, -74.002526], [40.739743, -74.002527], [40.739743, -74.002528], [40.739744, -74.002529], [40.739744, -74.00253], [40.739745, -74.002531], [40.739746, -74.002532], [40.739746, -74.002532], [40.739747, -74.002533], [40.739748, -74.002533], [40.739749, -74.002534], [40.73975, -74.002534], [40.739751, -74.002534], [40.739751, -74.002534], [40.739752, -74.002534], [40.739753, -74.002534], [40.739754, -74.002534], [40.739755, -74.002533], [40.739756, -74.002533], [40.740102, -74.002282], [40.740102, -74.002282], [40.742259, -74.000714], [40.74627, -73.99779], [40.746271, -73.99779], [40.746272, -73.997789], [40.746272, -73.997788], [40.746273, -73.997787], [40.746274, -73.997786], [40.746274, -73.997786], [40.746274, -73.997784], [40.746275, -73.997783], [40.746275, -73.997782], [40.746275, -73.997781], [40.746275, -73.99778], [40.746275, -73.997779], [40.746275, -73.997778], [40.746275, -73.997777], [40.746274, -73.997775], [40.746274, -73.997774], [40.746273, -73.997773], [40.746273, -73.997773], [40.746272, -73.997772], [40.746272, -73.997771], [40.746271, -73.99777], [40.74627, -73.99777], [40.746269, -73.997769], [40.746269, -73.997769], [40.746268, -73.997768], [40.746267, -73.997768], [40.746266, -73.997768], [40.746265, -73.997768], [40.746264, -73.997768]]"
05ac8c4e-2ab9-431a-bd49-ed3d29368717,Crime Cluster 105,40.798439,-73.940419,0.406,"[[40.797346, -73.937518], [40.797346, -73.937518], [40.797345, -73.937517], [40.797344, -73.937517], [40.797343, -73.937516], [40.795809, -73.937087], [40.795808, -73.937087], [40.795807, -73.937087], [40.795806, -73.937087], [40.795805, -73.937087], [40.795804, -73.937088], [40.795804, -73.937088], [40.795803, -73.937089], [40.795802, -73.937089], [40.795801, -73.93709], [40.795801, -73.937091], [40.7958, -73.937091], [40.7958, -73.937092], [40.795799, -73.937093], [40.795799, -73.937094], [40.795798, -73.937096], [40.795798, -73.937097], [40.795798, -73.937098], [40.795798, -73.937099], [40.795798, -73.9371], [40.795798, -73.937101], [40.795798, -73.937103], [40.795799, -73.937104], [40.795799, -73.937105], [40.796293, -73.93829], [40.796293, -73.93829], [40.797937, -73.942127], [40.797937, -73.942128], [40.797938, -73.942129], [40.797938, -73.94213], [40.798955, -73.943496], [40.798955, -73.943497], [40.798956, -73.943498], [40.798957, -73.943498], [40.798958, -73.943499], [40.798958, -73.943499], [40.798959, -73.9435], [40.79896, -73.9435], [40.798961, -73.9435], [40.798962, -73.9435], [40.798963, -73.9435], [40.798964, -73.943499], [40.798965, -73.943499], [40.798965, -73.943498], [40.799311, -73.943243], [40.799312, -73.943243], [40.799312, -73.943242], [40.799313, -73.943241], [40.800937, -73.941107], [40.800937, -73.941106], [40.800938, -73.941105], [40.800938, -73.941104], [40.800939, -73.941103], [40.800939, -73.941102], [40.800939, -73.941101], [40.800939, -73.941099], [40.800939, -73.941098], [40.800939, -73.941097], [40.800939, -73.941096], [40.800939, -73.941095], [40.800939, -73.941094], [40.800938, -73.941093], [40.800904, -73.941006], [40.800904, -73.941005], [40.800903, -73.941004], [40.800903, -73.941003], [40.800902, -73.941002], [40.800901, -73.941001]]"
5441efe4-f21a-4f89-b1b6-07832b5d7e20,Crime Cluster 123,40.756868,-73.97115,0.207,"[[40.75661, -73.968718], [40.756609, -73.968717], [40.756608, -73.968717], [40.756608, -73.968716], [40.756607, -73.968716], [40.756606, -73.968715], [40.756605, -73.968715], [40.756604, -73.968715], [40.756603, -73.968715], [40.756602, -73.968715], [40.756601, -73.968716], [40.756601, -73.968716], [40.7566, -73.968717], [40.756599, -73.968717], [40.756598, -73.968718], [40.756598, -73.968719], [40.756597, -73.96872], [40.756596, -73.968721], [40.755501, -73.970982], [40.755501, -73.970983], [40.755501, -73.970984], [40.7555, -73.970985], [40.7555, -73.970986], [40.7555, -73.970987], [40.7555, -73.970988], [40.7555, -73.970989], [40.7555, -73.970991], [40.7555, -73.970992], [40.755501, -73.970993], [40.755501, -73.970994], [40.756176, -73.972597], [40.756177, -73.972598], [40.756177, -73.972599], [40.756178, -73.9726], [40.756178, -73.9726], [40.756179, -73.972601], [40.75618, -73.972602], [40.756181, -73.972602], [40.756182, -73.972602], [40.756182, -73.972603], [40.756183, -73.972603], [40.756184, -73.972603], [40.756185, -73.972603], [40.756186, -73.972603], [40.756187, -73.972602], [40.756188, -73.972602], [40.756188, -73.972601], [40.757129, -73.971917], [40.757129, -73.971917], [40.757441, -73.971689], [40.757441, -73.971689], [40.758378, -73.971004], [40.758379, -73.971003], [40.758379, -73.971002], [40.75838, -73.971001], [40.758381, -73.971001], [40.758381, -73.971], [40.758382, -73.970999], [40.758382, -73.970998], [40.758382, -73.970997], [40.758382, -73.970996], [40.758383, -73.970994], [40.758383, -73.970993], [40.758383, -73.970992], [40.758382, -73.970991], [40.758382, -73.97099], [40.758382, -73.970989], [40.758382, -73.970988], [40.758381, -73.970987], [40.758381, -73.970986], [40.75838, -73.970985], [40.757395, -73.969613], [40.757394, -73.969612]]"
b44308ad-cdce-4361-9443-e220d75b488b,Crime Cluster 81,40.841294,-73.939797,0.218,"[[40.839518, -73.940877], [40.839517, -73.940878], [40.839516, -73.940879], [40.839516, -73.94088], [40.839515, -73.940881], [40.839515, -73.940882], [40.839515, -73.940883], [40.839514, -73.940884], [40.839514, -73.940885], [40.839514, -73.940886], [40.839514, -73.940888], [40.839514, -73.940889], [40.839514, -73.94089], [40.839515, -73.940891], [40.839515, -73.940892], [40.839515, -73.940893], [40.839516, -73.940894], [40.839516, -73.940895], [40.839517, -73.940896], [40.839518, -73.940897], [40.839518, -73.940897], [40.839519, -73.940898], [40.83952, -73.940898], [40.839521, -73.940899], [40.839522, -73.940899], [40.839523, -73.940899], [40.841616, -73.941034], [40.841616, -73.941034], [40.841617, -73.941034], [40.841618, -73.941034], [40.841619, -73.941033], [40.84162, -73.941033], [40.841621, -73.941032], [40.841621, -73.941031], [40.841622, -73.941031], [40.841623, -73.94103], [40.842837, -73.939224], [40.842837, -73.939223], [40.842838, -73.939222], [40.842838, -73.939221], [40.842839, -73.93922], [40.842839, -73.939219], [40.842839, -73.939218], [40.842839, -73.939216], [40.842839, -73.939215], [40.842839, -73.939214], [40.842839, -73.939213], [40.842838, -73.939212], [40.842838, -73.939211], [40.842838, -73.93921], [40.842837, -73.939209], [40.842836, -73.939208], [40.842836, -73.939207], [40.842835, -73.939206], [40.842834, -73.939206], [40.842834, -73.939205], [40.842833, -73.939205], [40.842832, -73.939204], [40.842022, -73.938981], [40.842021, -73.938981], [40.84202, -73.938981], [40.842019, -73.938981], [40.842018, -73.938981], [40.842017, -73.938982], [40.84095, -73.93946], [40.840949, -73.93946], [40.840948, -73.939461], [40.840948, -73.939462]]"
120337c2-5190-4bb6-be2f-f2e4931ed20c,Crime Cluster 97,40.824798,-73.892024,0.176,"[[40.825244, -73.893892], [40.825245, -73.893893], [40.825246, -73.893893], [40.825247, -73.893893], [40.825247, -73.893894], [40.825248, -73.893894], [40.825249, -73.893894], [40.82525, -73.893894], [40.825251, -73.893894], [40.825252, -73.893893], [40.825252, -73.893893], [40.825253, -73.893892], [40.825254, -73.893892], [40.825255, -73.893891], [40.825255, -73.89389], [40.825256, -73.89389], [40.825256, -73.893889], [40.825257, -73.893888], [40.825257, -73.893887], [40.825258, -73.893886], [40.825734, -73.891925], [40.825734, -73.891924], [40.825734, -73.891923], [40.825734, -73.891922], [40.825734, -73.89192], [40.825734, -73.891919], [40.825558, -73.890193], [40.825558, -73.890192], [40.825557, -73.890191], [40.825557, -73.89019], [40.825557, -73.890189], [40.825556, -73.890188], [40.825556, -73.890187], [40.825555, -73.890186], [40.825554, -73.890185], [40.825554, -73.890185], [40.825553, -73.890184], [40.825552, -73.890184], [40.825551, -73.890183], [40.82555, -73.890183], [40.825549, -73.890183], [40.825548, -73.890183], [40.825548, -73.890183], [40.82411, -73.890491], [40.824109, -73.890492], [40.824108, -73.890492], [40.824107, -73.890492], [40.824106, -73.890493], [40.824106, -73.890494], [40.824105, -73.890494], [40.824104, -73.890495], [40.824104, -73.890496], [40.824103, -73.890497], [40.824103, -73.890498], [40.824103, -73.890499], [40.824102, -73.8905], [40.823859, -73.891858], [40.823859, -73.891859], [40.823859, -73.89186], [40.823859, -73.891862], [40.823859, -73.891863], [40.823859, -73.891864], [40.823859, -73.891865], [40.824129, -73.892952], [40.82413, -73.892953], [40.82413, -73.892955], [40.824131, -73.892955], [40.824131, -73.892956], [40.824132, -73.892957], [40.824132, -73.892958], [40.824133, -73.892959]]"
84939937-7755-4ad8-9ead-703db1e3f632,Crime Cluster 106,40.808887,-73.945832,0.269,"[[40.808628, -73.948582], [40.808628, -73.948582], [40.808629, -73.948583], [40.80863, -73.948584], [40.808631, -73.948584], [40.808632, -73.948584], [40.808632, -73.948585], [40.808633, -73.948585], [40.808634, -73.948585], [40.808635, -73.948585], [40.808636, -73.948585], [40.808637, -73.948584], [40.808638, -73.948584], [40.808638, -73.948583], [40.811207, -73.946708], [40.811208, -73.946708], [40.811209, -73.946707], [40.811209, -73.946706], [40.81121, -73.946705], [40.811211, -73.946704], [40.811211, -73.946703], [40.811211, -73.946702], [40.811212, -73.946701], [40.811212, -73.9467], [40.811212, -73.946699], [40.811212, -73.946698], [40.811212, -73.946696], [40.811212, -73.946695], [40.810924, -73.945047], [40.810924, -73.945046], [40.810923, -73.945045], [40.810923, -73.945044], [40.810922, -73.945043], [40.810922, -73.945042], [40.810921, -73.945042], [40.810012, -73.943847], [40.810012, -73.943846], [40.810011, -73.943845], [40.81001, -73.943845], [40.810009, -73.943844], [40.810009, -73.943844], [40.810008, -73.943843], [40.810007, -73.943843], [40.810006, -73.943843], [40.807094, -73.943861], [40.807093, -73.943861], [40.807092, -73.943861], [40.807091, -73.943862], [40.807091, -73.943862], [40.80709, -73.943863], [40.807089, -73.943863], [40.807088, -73.943864], [40.807088, -73.943865], [40.807087, -73.943866], [40.807087, -73.943866], [40.807086, -73.943867], [40.807086, -73.943868], [40.807085, -73.94387], [40.807085, -73.943871], [40.807085, -73.943872], [40.807085, -73.943873], [40.807088, -73.945979], [40.807088, -73.94598], [40.807089, -73.945981], [40.807089, -73.945982], [40.807089, -73.945983], [40.80709, -73.945985], [40.80769, -73.947404], [40.807691, -73.947405], [40.807691, -73.947406], [40.807692, -73.947407]]"
44439fab-a983-4992-9a8d-91bfa26e7639,Crime Cluster 118,40.72012,-73.988077,0.418,"[[40.717721, -73.985754], [40.71772, -73.985755], [40.717719, -73.985755], [40.717718, -73.985756], [40.717718, -73.985757], [40.717717, -73.985757], [40.717717, -73.985758], [40.717716, -73.985759], [40.717716, -73.98576], [40.717715, -73.985761], [40.717715, -73.985763], [40.717715, -73.985764], [40.717715, -73.985765], [40.717653, -73.990468], [40.717653, -73.990469], [40.717653, -73.99047], [40.717653, -73.990471], [40.717654, -73.990472], [40.717837, -73.991079], [40.717837, -73.991079], [40.718113, -73.991988], [40.718113, -73.991989], [40.718114, -73.991991], [40.718114, -73.991991], [40.718115, -73.991992], [40.718115, -73.991993], [40.718116, -73.991994], [40.718117, -73.991995], [40.718118, -73.991995], [40.718119, -73.991995], [40.718119, -73.991996], [40.71812, -73.991996], [40.718121, -73.991996], [40.718122, -73.991996], [40.718123, -73.991996], [40.718124, -73.991995], [40.718125, -73.991995], [40.723057, -73.989027], [40.723058, -73.989026], [40.723058, -73.989025], [40.723059, -73.989025], [40.72306, -73.989024], [40.723594, -73.988209], [40.723594, -73.988208], [40.723595, -73.988207], [40.723595, -73.988206], [40.723595, -73.988205], [40.723596, -73.988204], [40.723596, -73.988203], [40.723596, -73.988202], [40.723596, -73.988201], [40.723596, -73.9882], [40.723338, -73.985518], [40.723338, -73.985516], [40.723337, -73.985515], [40.723337, -73.985514], [40.723337, -73.985513], [40.723336, -73.985512], [40.723336, -73.985511], [40.723335, -73.98551], [40.72252, -73.984589], [40.722519, -73.984588], [40.722518, -73.984588], [40.722518, -73.984587], [40.722517, -73.984587], [40.722516, -73.984586], [40.722515, -73.984586], [40.722514, -73.984586], [40.722514, -73.984586], [40.722513, -73.984586], [40.718402, -73.985406], [40.718401, -73.985407], [40.7184, -73.985407]]"
2aacab8b-2a96-4d36-a515-1ff7b4221e6d,Crime Cluster 68,40.707039,-73.953449,0.532,"[[40.705449, -73.947974], [40.705448, -73.947973], [40.705448, -73.947972], [40.705447, -73.947971], [40.705447, -73.94797], [40.705446, -73.94797], [40.705445, -73.947969], [40.705444, -73.947969], [40.705443, -73.947968], [40.705443, -73.947968], [40.705442, -73.947968], [40.705441, -73.947968], [40.70544, -73.947968], [40.705439, -73.947968], [40.705438, -73.947969], [40.705437, -73.947969], [40.705437, -73.94797], [40.705436, -73.94797], [40.705435, -73.947971], [40.705435, -73.947972], [40.705434, -73.947973], [40.705434, -73.947974], [40.705433, -73.947975], [40.705433, -73.947976], [40.705433, -73.947977], [40.705432, -73.947978], [40.705432, -73.947979], [40.705432, -73.94798], [40.705463, -73.950238], [40.705463, -73.950239], [40.705464, -73.95024], [40.705464, -73.950241], [40.705464, -73.950242], [40.705464, -73.950243], [40.708896, -73.959258], [40.708897, -73.959259], [40.708897, -73.95926], [40.708898, -73.959261], [40.708898, -73.959261], [40.708899, -73.959262], [40.7089, -73.959263], [40.7089, -73.959263], [40.708901, -73.959264], [40.708902, -73.959264], [40.708903, -73.959264], [40.708904, -73.959264], [40.708905, -73.959264], [40.708906, -73.959264], [40.708906, -73.959264], [40.708907, -73.959264], [40.708908, -73.959263], [40.708909, -73.959263], [40.708909, -73.959262], [40.70891, -73.959261], [40.708911, -73.95926], [40.708911, -73.959259], [40.708912, -73.959259], [40.708912, -73.959258], [40.708913, -73.959256], [40.708913, -73.959255], [40.708913, -73.959254], [40.708913, -73.959253], [40.708913, -73.959252], [40.708913, -73.959251], [40.708913, -73.95925], [40.708913, -73.959249], [40.706557, -73.950397], [40.706557, -73.950396], [40.706556, -73.950395]]"
0245410d-570a-4364-af5b-62e2f886433c,Crime Cluster 116,40.73199,-74.001471,0.529,"[[40.727496, -73.999425], [40.727495, -73.999426], [40.727495, -73.999426], [40.727494, -73.999427], [40.727494, -73.999428], [40.727493, -73.999429], [40.727493, -73.99943], [40.727492, -73.999431], [40.727492, -73.999432], [40.727492, -73.999434], [40.727492, -73.999435], [40.727492, -73.999436], [40.727492, -73.999437], [40.727492, -73.999438], [40.727493, -73.999439], [40.727493, -73.99944], [40.727493, -73.999441], [40.727494, -73.999442], [40.727494, -73.999443], [40.727495, -73.999444], [40.733392, -74.00636], [40.733393, -74.006361], [40.733393, -74.006361], [40.733394, -74.006362], [40.733395, -74.006362], [40.733396, -74.006362], [40.733397, -74.006363], [40.733397, -74.006363], [40.733398, -74.006363], [40.733399, -74.006363], [40.734092, -74.00625], [40.734093, -74.00625], [40.734094, -74.006249], [40.734095, -74.006249], [40.734095, -74.006248], [40.734096, -74.006248], [40.734097, -74.006247], [40.734097, -74.006246], [40.734098, -74.006246], [40.734098, -74.006245], [40.734099, -74.006244], [40.734099, -74.006243], [40.7341, -74.006242], [40.7341, -74.00624], [40.734235, -74.005409], [40.734235, -74.005409], [40.734714, -74.002183], [40.734714, -74.002183], [40.735007, -74.000166], [40.735007, -74.000165], [40.735007, -74.000164], [40.735007, -74.000163], [40.735007, -74.000162], [40.735007, -74.000161], [40.735006, -74.00016], [40.735006, -74.000159], [40.735006, -74.000158], [40.734746, -73.999603], [40.734745, -73.999602], [40.734745, -73.999601], [40.734744, -73.9996], [40.734743, -73.999599], [40.734742, -73.999599], [40.734742, -73.999598], [40.733282, -73.99876], [40.733281, -73.99876], [40.73328, -73.998759], [40.733279, -73.998759], [40.733279, -73.998759], [40.72869, -73.998408], [40.728689, -73.998408], [40.728688, -73.998408], [40.728687, -73.998409], [40.728686, -73.998409], [40.728685, -73.998409], [40.728684, -73.99841]]"
64ee4712-3cb3-4e2b-929c-85fa47ae2c1c,Crime Cluster 109,40.844541,-73.914762,0.176,"[[40.845439, -73.913972], [40.845438, -73.913971], [40.845438, -73.91397], [40.845437, -73.913969], [40.845437, -73.913968], [40.845436, -73.913967], [40.845436, -73.913966], [40.845435, -73.913965], [40.845434, -73.913965], [40.845433, -73.913964], [40.845433, -73.913964], [40.845432, -73.913964], [40.845431, -73.913963], [40.84543, -73.913963], [40.845429, -73.913963], [40.845428, -73.913963], [40.842968, -73.914565], [40.842968, -73.914566], [40.842967, -73.914566], [40.842966, -73.914566], [40.842965, -73.914567], [40.842964, -73.914568], [40.842964, -73.914568], [40.842963, -73.914569], [40.842963, -73.91457], [40.842962, -73.914571], [40.842962, -73.914572], [40.842961, -73.914573], [40.842961, -73.914574], [40.842961, -73.914576], [40.842961, -73.914577], [40.842961, -73.914578], [40.842961, -73.914579], [40.842961, -73.91458], [40.842962, -73.914581], [40.842962, -73.914582], [40.842962, -73.914583], [40.842963, -73.914584], [40.842964, -73.914585], [40.842964, -73.914586], [40.842965, -73.914587], [40.842966, -73.914587], [40.842966, -73.914588], [40.843851, -73.915107], [40.843852, -73.915107], [40.84582, -73.915951], [40.845821, -73.915952], [40.845822, -73.915952], [40.845823, -73.915952], [40.845824, -73.915952], [40.845825, -73.915952], [40.845825, -73.915951], [40.845826, -73.915951], [40.845827, -73.915951], [40.845828, -73.91595], [40.845829, -73.915949], [40.845829, -73.915949], [40.84583, -73.915948], [40.84583, -73.915947], [40.845831, -73.915946], [40.845831, -73.915945], [40.845832, -73.915944], [40.845832, -73.915943], [40.845832, -73.915942], [40.845832, -73.91594], [40.845832, -73.915939], [40.845832, -73.915938], [40.845832, -73.915937]]"
35111422-cff8-414e-9e68-838752a7495e,Crime Cluster 132,40.744968,-73.989108,0.177,"[[40.744375, -73.98751], [40.744374, -73.98751], [40.744373, -73.98751], [40.744372, -73.98751], [40.744371, -73.987511], [40.744371, -73.987511], [40.74437, -73.987511], [40.744369, -73.987512], [40.744368, -73.987513], [40.744368, -73.987514], [40.744367, -73.987514], [40.744367, -73.987515], [40.744366, -73.987516], [40.744366, -73.987517], [40.744365, -73.987519], [40.744365, -73.98752], [40.744155, -73.988938], [40.744155, -73.988939], [40.744155, -73.98894], [40.744155, -73.988942], [40.74429, -73.990217], [40.74429, -73.990218], [40.744291, -73.990219], [40.744291, -73.99022], [40.744291, -73.990221], [40.744292, -73.990222], [40.744292, -73.990223], [40.744293, -73.990224], [40.745106, -73.991202], [40.745107, -73.991203], [40.745107, -73.991203], [40.745108, -73.991204], [40.745109, -73.991204], [40.74511, -73.991205], [40.745111, -73.991205], [40.745112, -73.991205], [40.745112, -73.991205], [40.745113, -73.991205], [40.745114, -73.991204], [40.745115, -73.991204], [40.745116, -73.991204], [40.745117, -73.991203], [40.745117, -73.991202], [40.745118, -73.991202], [40.745119, -73.991201], [40.745119, -73.9912], [40.74512, -73.991199], [40.74512, -73.991198], [40.745671, -73.989627], [40.745672, -73.989626], [40.745672, -73.989625], [40.745672, -73.989623], [40.745672, -73.989622], [40.745678, -73.987718], [40.745678, -73.987717], [40.745678, -73.987716], [40.745678, -73.987715], [40.745677, -73.987714], [40.745677, -73.987712], [40.745677, -73.987712], [40.745676, -73.987711], [40.745675, -73.98771], [40.745675, -73.987709], [40.745674, -73.987708], [40.745673, -73.987708], [40.745673, -73.987707], [40.745672, -73.987707], [40.745671, -73.987706], [40.74567, -73.987706]]"
ab992afb-2f24-43ee-8ef8-82eb270261f4,Crime Cluster 107,40.803915,-73.937992,0.455,"[[40.801691, -73.934285], [40.801691, -73.934284], [40.80169, -73.934284], [40.801689, -73.934283], [40.801688, -73.934283], [40.801687, -73.934283], [40.801686, -73.934283], [40.801685, -73.934283], [40.801685, -73.934284], [40.801684, -73.934284], [40.801683, -73.934284], [40.801682, -73.934285], [40.801681, -73.934286], [40.801681, -73.934287], [40.80168, -73.934287], [40.80168, -73.934288], [40.801679, -73.934289], [40.801679, -73.93429], [40.801678, -73.934292], [40.801678, -73.934293], [40.801678, -73.934294], [40.801446, -73.937456], [40.801446, -73.937457], [40.801446, -73.937458], [40.801446, -73.937459], [40.801446, -73.93746], [40.801447, -73.937461], [40.801447, -73.937462], [40.801447, -73.937463], [40.801448, -73.937464], [40.801448, -73.937465], [40.802438, -73.938839], [40.802438, -73.93884], [40.802439, -73.938841], [40.80641, -73.942272], [40.806411, -73.942273], [40.806412, -73.942273], [40.806412, -73.942274], [40.806413, -73.942274], [40.806414, -73.942274], [40.806415, -73.942274], [40.806416, -73.942274], [40.806417, -73.942274], [40.806418, -73.942274], [40.806419, -73.942273], [40.806419, -73.942273], [40.80642, -73.942272], [40.806421, -73.942271], [40.806421, -73.94227], [40.806422, -73.94227], [40.806423, -73.942269], [40.806423, -73.942268], [40.806423, -73.942266], [40.806424, -73.942265], [40.806424, -73.942264], [40.806424, -73.942263], [40.806424, -73.942262], [40.806424, -73.942261], [40.806424, -73.942259], [40.805738, -73.93854], [40.805738, -73.938539], [40.805738, -73.938538], [40.805737, -73.938537], [40.805396, -73.93773], [40.805053, -73.936923], [40.805053, -73.936922], [40.805052, -73.936921], [40.805051, -73.93692], [40.805051, -73.936919], [40.80505, -73.936918], [40.803704, -73.935807], [40.803704, -73.935807]]"
36c73fe1-a50c-4477-8c9b-e9b79afb088f,Crime Cluster 119,40.726444,-73.983357,0.219,"[[40.727364, -73.981061], [40.727363, -73.98106], [40.727363, -73.981059], [40.727362, -73.981058], [40.727362, -73.981058], [40.727361, -73.981057], [40.72736, -73.981056], [40.727359, -73.981056], [40.727358, -73.981056], [40.727358, -73.981055], [40.727357, -73.981055], [40.727356, -73.981055], [40.727355, -73.981055], [40.727354, -73.981055], [40.727353, -73.981056], [40.727352, -73.981056], [40.727352, -73.981057], [40.724978, -73.982785], [40.724977, -73.982785], [40.724976, -73.982786], [40.724976, -73.982787], [40.724975, -73.982788], [40.724975, -73.982788], [40.724974, -73.982789], [40.724974, -73.98279], [40.724973, -73.982791], [40.724973, -73.982793], [40.724973, -73.982794], [40.724973, -73.982795], [40.724973, -73.982796], [40.724973, -73.982797], [40.725159, -73.984182], [40.725159, -73.984183], [40.72516, -73.984184], [40.72516, -73.984185], [40.72516, -73.984186], [40.725161, -73.984187], [40.725161, -73.984188], [40.725162, -73.984189], [40.72593, -73.98507], [40.725931, -73.985071], [40.725932, -73.985071], [40.725932, -73.985072], [40.725933, -73.985072], [40.725934, -73.985073], [40.725935, -73.985073], [40.725936, -73.985073], [40.725937, -73.985073], [40.725938, -73.985073], [40.725939, -73.985072], [40.72594, -73.985072], [40.72594, -73.985071], [40.727133, -73.984202], [40.727134, -73.984202], [40.727135, -73.984201], [40.727136, -73.9842], [40.727136, -73.984199], [40.727137, -73.984198], [40.727137, -73.984197], [40.727854, -73.982232], [40.727854, -73.982231], [40.727855, -73.98223], [40.727855, -73.982229], [40.727855, -73.982228], [40.727855, -73.982227], [40.727855, -73.982226], [40.727855, -73.982225], [40.727855, -73.982223], [40.727854, -73.982222], [40.727854, -73.982221]]"
7d0f3bdb-170b-4c39-b7c7-be575e69d3e2,Crime Cluster 120,40.730054,-73.992847,0.222,"[[40.728604, -73.994652], [40.728604, -73.994653], [40.728603, -73.994654], [40.728603, -73.994655], [40.728603, -73.994656], [40.728603, -73.994657], [40.728603, -73.994658], [40.728603, -73.994659], [40.728603, -73.994661], [40.728604, -73.994662], [40.728604, -73.994663], [40.728605, -73.994664], [40.728605, -73.994665], [40.728606, -73.994665], [40.728606, -73.994666], [40.728607, -73.994667], [40.728608, -73.994668], [40.728609, -73.994668], [40.728609, -73.994668], [40.72861, -73.994669], [40.728611, -73.994669], [40.728612, -73.994669], [40.728613, -73.994669], [40.728614, -73.994669], [40.728615, -73.994668], [40.731114, -73.993653], [40.731114, -73.993653], [40.731115, -73.993652], [40.731116, -73.993652], [40.731117, -73.993651], [40.731117, -73.99365], [40.731118, -73.993649], [40.731118, -73.993649], [40.731119, -73.993648], [40.731119, -73.993646], [40.73112, -73.993645], [40.73112, -73.993644], [40.73112, -73.993643], [40.73112, -73.993642], [40.73112, -73.993641], [40.73112, -73.99364], [40.730888, -73.992162], [40.730888, -73.99216], [40.730887, -73.992159], [40.730887, -73.992158], [40.730886, -73.992157], [40.730886, -73.992156], [40.730885, -73.992156], [40.730885, -73.992155], [40.730884, -73.992154], [40.730883, -73.992154], [40.729866, -73.991424], [40.729865, -73.991424], [40.729864, -73.991423], [40.729864, -73.991423], [40.729863, -73.991423], [40.729862, -73.991423], [40.729861, -73.991423], [40.72986, -73.991423], [40.729859, -73.991423], [40.729858, -73.991424], [40.729857, -73.991424], [40.729857, -73.991425], [40.729856, -73.991425], [40.729855, -73.991426], [40.729855, -73.991427], [40.729854, -73.991428], [40.729854, -73.991429]]"
81095819-2494-49dc-90fc-ddbb16c67d9e,Crime Cluster 44,40.748429,-73.876891,0.268,"[[40.747818, -73.876598], [40.747818, -73.876599], [40.747818, -73.8766], [40.747817, -73.876601], [40.747817, -73.876602], [40.747817, -73.876603], [40.747817, -73.876604], [40.747817, -73.876605], [40.748034, -73.880024], [40.748034, -73.880025], [40.748034, -73.880026], [40.748035, -73.880027], [40.748035, -73.880028], [40.748035, -73.880029], [40.748036, -73.88003], [40.748037, -73.880031], [40.748037, -73.880032], [40.748038, -73.880033], [40.748039, -73.880033], [40.748039, -73.880034], [40.74804, -73.880034], [40.748041, -73.880035], [40.748042, -73.880035], [40.748043, -73.880035], [40.748044, -73.880035], [40.748045, -73.880035], [40.748045, -73.880034], [40.748046, -73.880034], [40.748047, -73.880034], [40.748048, -73.880033], [40.748049, -73.880032], [40.748049, -73.880032], [40.74805, -73.880031], [40.74805, -73.88003], [40.748051, -73.880029], [40.749481, -73.876684], [40.749481, -73.876683], [40.749482, -73.876682], [40.749482, -73.876681], [40.749482, -73.87668], [40.749482, -73.876678], [40.749482, -73.876677], [40.749482, -73.876676], [40.749482, -73.876675], [40.749481, -73.876674], [40.749481, -73.876673], [40.749481, -73.876672], [40.74948, -73.876671], [40.748578, -73.875024], [40.748578, -73.875023], [40.748577, -73.875022], [40.748576, -73.875022], [40.748576, -73.875021], [40.748575, -73.87502], [40.748574, -73.87502], [40.748573, -73.87502], [40.748572, -73.875019], [40.748572, -73.875019], [40.748571, -73.875019], [40.74857, -73.875019], [40.748569, -73.875019], [40.748568, -73.87502], [40.748567, -73.87502], [40.748567, -73.875021], [40.748566, -73.875021], [40.748565, -73.875022], [40.748564, -73.875023], [40.748564, -73.875024], [40.748563, -73.875025]]"
d0baaecc-5ca9-4c1f-b1d5-26b991168a39,Crime Cluster 126,40.763741,-73.973279,0.42,"[[40.76132, -73.974106], [40.76132, -73.974107], [40.761319, -73.974108], [40.761319, -73.974109], [40.761319, -73.974111], [40.761319, -73.974112], [40.761319, -73.974113], [40.761319, -73.974114], [40.761319, -73.974115], [40.76132, -73.974116], [40.76132, -73.974117], [40.76132, -73.974118], [40.761321, -73.974119], [40.761321, -73.97412], [40.761322, -73.974121], [40.764691, -73.978099], [40.764692, -73.9781], [40.764692, -73.9781], [40.764693, -73.978101], [40.764694, -73.978101], [40.764695, -73.978102], [40.764696, -73.978102], [40.764697, -73.978102], [40.764698, -73.978102], [40.764698, -73.978102], [40.764699, -73.978101], [40.7647, -73.978101], [40.764701, -73.978101], [40.764702, -73.9781], [40.764703, -73.978099], [40.764703, -73.978099], [40.764704, -73.978098], [40.764704, -73.978097], [40.765683, -73.976242], [40.765684, -73.976241], [40.765684, -73.97624], [40.765684, -73.976239], [40.765685, -73.976238], [40.765685, -73.976236], [40.765685, -73.976235], [40.765685, -73.976234], [40.765163, -73.970269], [40.765163, -73.970267], [40.765163, -73.970266], [40.765162, -73.970265], [40.765162, -73.970264], [40.765161, -73.970263], [40.765161, -73.970262], [40.76516, -73.970261], [40.76516, -73.970261], [40.765159, -73.97026], [40.765158, -73.970259], [40.765157, -73.970259], [40.765156, -73.970259], [40.765156, -73.970258], [40.765155, -73.970258], [40.763881, -73.970137], [40.76388, -73.970137], [40.763879, -73.970137], [40.763878, -73.970137], [40.763877, -73.970138], [40.763876, -73.970138], [40.763876, -73.970139], [40.762622, -73.971053], [40.762621, -73.971053], [40.76262, -73.971054], [40.76262, -73.971055], [40.762619, -73.971055], [40.762619, -73.971056], [40.762618, -73.971057], [40.761943, -73.972601], [40.761943, -73.972601]]"
ab169494-004d-4510-9038-4c6109c8a735,Crime Cluster 124,40.752333,-73.977732,0.459,"[[40.7516, -73.972373], [40.751599, -73.972372], [40.751598, -73.972372], [40.751598, -73.972371], [40.751597, -73.972371], [40.751596, -73.97237], [40.751595, -73.97237], [40.751594, -73.97237], [40.751593, -73.97237], [40.751592, -73.97237], [40.751592, -73.972371], [40.751591, -73.972371], [40.75159, -73.972371], [40.751589, -73.972372], [40.751589, -73.972373], [40.751588, -73.972373], [40.751587, -73.972374], [40.751587, -73.972375], [40.751586, -73.972376], [40.751586, -73.972377], [40.751585, -73.972378], [40.750457, -73.976756], [40.750457, -73.976757], [40.750457, -73.976758], [40.750457, -73.976759], [40.750457, -73.976761], [40.750457, -73.976762], [40.750457, -73.976763], [40.750457, -73.976764], [40.750458, -73.976765], [40.750458, -73.976766], [40.752497, -73.981603], [40.752498, -73.981604], [40.752498, -73.981605], [40.752499, -73.981606], [40.752499, -73.981606], [40.7525, -73.981607], [40.752501, -73.981608], [40.752502, -73.981608], [40.752503, -73.981608], [40.752503, -73.981609], [40.752504, -73.981609], [40.752505, -73.981609], [40.752506, -73.981609], [40.752507, -73.981609], [40.752508, -73.981608], [40.752509, -73.981608], [40.752509, -73.981607], [40.753486, -73.980899], [40.753486, -73.980899], [40.754473, -73.980176], [40.754474, -73.980176], [40.754475, -73.980175], [40.754475, -73.980174], [40.754476, -73.980173], [40.754477, -73.980173], [40.754477, -73.980172], [40.754477, -73.980171], [40.754478, -73.980169], [40.754478, -73.980168], [40.754478, -73.980167], [40.754478, -73.980166], [40.754478, -73.980165], [40.754478, -73.980164], [40.754478, -73.980163], [40.754477, -73.980162], [40.752386, -73.97327], [40.752386, -73.973269], [40.752386, -73.973268], [40.752385, -73.973267], [40.752384, -73.973266], [40.752384, -73.973265]]"
4b48155b-7222-41d8-b641-dc57c0a046d9,Crime Cluster 37,40.855513,-73.867259,0.215,"[[40.854074, -73.867713], [40.854074, -73.867714], [40.854074, -73.867715], [40.854074, -73.867717], [40.854074, -73.867718], [40.854074, -73.867719], [40.854074, -73.86772], [40.854075, -73.867721], [40.854075, -73.867722], [40.854075, -73.867723], [40.854076, -73.867724], [40.854076, -73.867725], [40.854077, -73.867726], [40.854078, -73.867727], [40.854079, -73.867727], [40.854079, -73.867728], [40.856684, -73.869283], [40.856685, -73.869284], [40.856686, -73.869284], [40.856687, -73.869284], [40.856688, -73.869284], [40.856688, -73.869284], [40.856689, -73.869284], [40.85669, -73.869284], [40.856691, -73.869284], [40.856692, -73.869283], [40.856693, -73.869283], [40.856693, -73.869282], [40.856694, -73.869281], [40.856695, -73.86928], [40.856695, -73.86928], [40.856696, -73.869279], [40.856696, -73.869278], [40.856696, -73.869276], [40.856697, -73.869275], [40.856697, -73.869274], [40.856697, -73.869273], [40.856697, -73.869272], [40.856629, -73.867613], [40.856629, -73.867612], [40.856629, -73.86761], [40.856628, -73.867609], [40.856628, -73.867608], [40.855575, -73.864772], [40.855575, -73.864771], [40.855574, -73.86477], [40.855574, -73.864769], [40.855573, -73.864768], [40.855572, -73.864767], [40.855571, -73.864767], [40.855571, -73.864766], [40.85557, -73.864766], [40.855569, -73.864765], [40.855568, -73.864765], [40.855567, -73.864765], [40.855566, -73.864765], [40.855565, -73.864765], [40.855564, -73.864766], [40.855564, -73.864766], [40.855563, -73.864766], [40.855562, -73.864767], [40.855561, -73.864768], [40.855561, -73.864769], [40.854463, -73.866215], [40.854462, -73.866215], [40.854462, -73.866216], [40.854461, -73.866217], [40.854461, -73.866218], [40.85446, -73.866219]]"
1f151b6f-d53a-420d-b36d-2e4ca32e04cf,Crime Cluster 125,40.736318,-73.990148,0.606,"[[40.741735, -73.989457], [40.741736, -73.989457], [40.741737, -73.989456], [40.741737, -73.989455], [40.741738, -73.989454], [40.741739, -73.989453], [40.741739, -73.989452], [40.741739, -73.989451], [40.74174, -73.98945], [40.74174, -73.989449], [40.74174, -73.989448], [40.74174, -73.989447], [40.74174, -73.989446], [40.74174, -73.989444], [40.74174, -73.989443], [40.741739, -73.989442], [40.741739, -73.989441], [40.741738, -73.98944], [40.740535, -73.987165], [40.740535, -73.987164], [40.740534, -73.987164], [40.740534, -73.987163], [40.740533, -73.987162], [40.740532, -73.987162], [40.740531, -73.987161], [40.740531, -73.987161], [40.74053, -73.98716], [40.740529, -73.98716], [40.732822, -73.986051], [40.732821, -73.986051], [40.73282, -73.986051], [40.732819, -73.986051], [40.732818, -73.986052], [40.732818, -73.986052], [40.732817, -73.986053], [40.732816, -73.986053], [40.732815, -73.986054], [40.732815, -73.986055], [40.732814, -73.986056], [40.732813, -73.986057], [40.732813, -73.986058], [40.732813, -73.986059], [40.732276, -73.987914], [40.732275, -73.987915], [40.732275, -73.987916], [40.732275, -73.987917], [40.732275, -73.987918], [40.732275, -73.987919], [40.732275, -73.987921], [40.732275, -73.987922], [40.732276, -73.987923], [40.732276, -73.987924], [40.733133, -73.989958], [40.733133, -73.989958], [40.733588, -73.991035], [40.733589, -73.991036], [40.735306, -73.994125], [40.735306, -73.994126], [40.735307, -73.994127], [40.735308, -73.994128], [40.735308, -73.994128], [40.735309, -73.994129], [40.73531, -73.994129], [40.735311, -73.99413], [40.735311, -73.99413], [40.735312, -73.99413], [40.735313, -73.99413], [40.735314, -73.99413], [40.735315, -73.99413], [40.735316, -73.99413], [40.735317, -73.994129], [40.735317, -73.994129], [40.737015, -73.992897], [40.737015, -73.992897], [40.740575, -73.990304], [40.740575, -73.990304]]"
3ecf573b-8bb8-4dc7-9d96-335c07fe04a9,Crime Cluster 129,40.743152,-73.993002,0.247,"[[40.741616, -73.993728], [40.741616, -73.993729], [40.741615, -73.99373], [40.741615, -73.993731], [40.741615, -73.993732], [40.741614, -73.993733], [40.741614, -73.993734], [40.741614, -73.993735], [40.741614, -73.993736], [40.741614, -73.993737], [40.741615, -73.993739], [40.741615, -73.99374], [40.741615, -73.993741], [40.741616, -73.993742], [40.741616, -73.993743], [40.741617, -73.993743], [40.741617, -73.993744], [40.741618, -73.993745], [40.741619, -73.993746], [40.744094, -73.995654], [40.744095, -73.995655], [40.744096, -73.995655], [40.744097, -73.995656], [40.744098, -73.995656], [40.744099, -73.995656], [40.7441, -73.995656], [40.7441, -73.995656], [40.744101, -73.995656], [40.744102, -73.995655], [40.744103, -73.995655], [40.744104, -73.995654], [40.744104, -73.995654], [40.744105, -73.995653], [40.744106, -73.995652], [40.744106, -73.995651], [40.744107, -73.99565], [40.744107, -73.995649], [40.744108, -73.995648], [40.744108, -73.995647], [40.744108, -73.995646], [40.744503, -73.991647], [40.744503, -73.991645], [40.744503, -73.991644], [40.744503, -73.991643], [40.744503, -73.991642], [40.744502, -73.991641], [40.744502, -73.991639], [40.744501, -73.991638], [40.744501, -73.991637], [40.7445, -73.991636], [40.743614, -73.990504], [40.743614, -73.990504], [40.743613, -73.990503], [40.743612, -73.990502], [40.743611, -73.990502], [40.74361, -73.990502], [40.74361, -73.990501], [40.743609, -73.990501], [40.743608, -73.990501], [40.743607, -73.990501], [40.743606, -73.990501], [40.743605, -73.990502], [40.743604, -73.990502], [40.743604, -73.990503], [40.743603, -73.990503], [40.743602, -73.990504], [40.743602, -73.990505], [40.743601, -73.990506]]"
f48be636-5f20-4e7c-9b0a-ba447cd0d25c,Crime Cluster 112,40.714636,-73.991793,0.198,"[[40.715, -73.990033], [40.715, -73.990032], [40.715, -73.990031], [40.714999, -73.99003], [40.714998, -73.990029], [40.714998, -73.990028], [40.714997, -73.990027], [40.714996, -73.990027], [40.714996, -73.990026], [40.714995, -73.990026], [40.714994, -73.990025], [40.714095, -73.989751], [40.714094, -73.989751], [40.714093, -73.989751], [40.714092, -73.989751], [40.714091, -73.989751], [40.714091, -73.989752], [40.71409, -73.989752], [40.714089, -73.989752], [40.714088, -73.989753], [40.714087, -73.989754], [40.714087, -73.989754], [40.714086, -73.989755], [40.714086, -73.989756], [40.714085, -73.989757], [40.714085, -73.989758], [40.714084, -73.989759], [40.714084, -73.98976], [40.714084, -73.989762], [40.714046, -73.990187], [40.714046, -73.990187], [40.713935, -73.991454], [40.713935, -73.991454], [40.713788, -73.993333], [40.713788, -73.993334], [40.713788, -73.993335], [40.713788, -73.993336], [40.713788, -73.993337], [40.713789, -73.993338], [40.713789, -73.993339], [40.713789, -73.99334], [40.71379, -73.993341], [40.71379, -73.993342], [40.713791, -73.993343], [40.713792, -73.993344], [40.713792, -73.993344], [40.713793, -73.993345], [40.713794, -73.993345], [40.713795, -73.993345], [40.714821, -73.993687], [40.714821, -73.993688], [40.715486, -73.993848], [40.715487, -73.993848], [40.715488, -73.993848], [40.715489, -73.993848], [40.71549, -73.993848], [40.715491, -73.993847], [40.715492, -73.993847], [40.715492, -73.993846], [40.715493, -73.993846], [40.715494, -73.993845], [40.715494, -73.993844], [40.715495, -73.993843], [40.715496, -73.993842], [40.715496, -73.993841], [40.715496, -73.99384], [40.715497, -73.993839], [40.715497, -73.993838], [40.715497, -73.993837], [40.715497, -73.993836], [40.71547, -73.9916], [40.71547, -73.991599], [40.71547, -73.991598], [40.71547, -73.991597], [40.715469, -73.991596]]"
bb94c3af-a8b5-4754-a8c8-c6cc00ae00c0,Crime Cluster 122,40.723555,-73.999596,0.575,"[[40.725988, -73.996309], [40.725988, -73.996309], [40.725988, -73.996308], [40.72594, -73.994649], [40.72594, -73.994648], [40.72594, -73.994647], [40.72594, -73.994646], [40.72594, -73.994645], [40.725939, -73.994644], [40.725939, -73.994643], [40.725938, -73.994642], [40.725938, -73.994641], [40.725937, -73.99464], [40.725936, -73.99464], [40.725936, -73.994639], [40.725935, -73.994639], [40.725934, -73.994638], [40.725933, -73.994638], [40.725932, -73.994638], [40.725931, -73.994638], [40.72593, -73.994638], [40.72593, -73.994638], [40.725929, -73.994638], [40.722656, -73.995975], [40.722656, -73.995975], [40.722655, -73.995976], [40.722654, -73.995976], [40.722653, -73.995977], [40.722653, -73.995978], [40.72212, -73.996687], [40.722119, -73.996687], [40.722119, -73.996688], [40.722118, -73.996689], [40.721867, -73.997255], [40.721867, -73.997256], [40.721866, -73.997257], [40.721866, -73.997259], [40.72062, -74.005207], [40.72062, -74.005208], [40.72062, -74.005209], [40.72062, -74.00521], [40.72062, -74.005211], [40.72062, -74.005213], [40.72062, -74.005214], [40.720621, -74.005215], [40.720621, -74.005216], [40.720622, -74.005217], [40.720622, -74.005218], [40.720623, -74.005218], [40.720623, -74.005219], [40.720624, -74.00522], [40.720625, -74.00522], [40.720626, -74.005221], [40.720627, -74.005221], [40.720627, -74.005221], [40.720628, -74.005221], [40.720629, -74.005221], [40.72063, -74.005221], [40.720631, -74.005221], [40.720632, -74.00522], [40.720633, -74.00522], [40.720633, -74.005219], [40.721874, -74.004211], [40.721874, -74.004211], [40.723935, -74.002468], [40.723935, -74.002467], [40.723936, -74.002467], [40.725583, -74.000508], [40.725584, -74.000507], [40.725584, -74.000506], [40.725585, -74.000505], [40.725585, -74.000504], [40.725586, -74.000503], [40.725586, -74.000502], [40.725586, -74.0005]]"
df349d36-f71b-4316-aef2-e227842aa2d8,Crime Cluster 117,40.719959,-73.993562,0.268,"[[40.717789, -73.992645], [40.717788, -73.992645], [40.717787, -73.992646], [40.717787, -73.992646], [40.717786, -73.992647], [40.717785, -73.992647], [40.717784, -73.992648], [40.717784, -73.992649], [40.717783, -73.99265], [40.717782, -73.992651], [40.717782, -73.992652], [40.717782, -73.992653], [40.717781, -73.992654], [40.717781, -73.992655], [40.717781, -73.992656], [40.717781, -73.992657], [40.717859, -73.995118], [40.717859, -73.99512], [40.717859, -73.995121], [40.71786, -73.995122], [40.71786, -73.995123], [40.71786, -73.995124], [40.717861, -73.995125], [40.717861, -73.995126], [40.717862, -73.995127], [40.717862, -73.995127], [40.717863, -73.995128], [40.717864, -73.995129], [40.717865, -73.995129], [40.717866, -73.995129], [40.717866, -73.99513], [40.717867, -73.99513], [40.717868, -73.99513], [40.717869, -73.99513], [40.71787, -73.99513], [40.721125, -73.994263], [40.721126, -73.994262], [40.721127, -73.994262], [40.721128, -73.994261], [40.721128, -73.994261], [40.721999, -73.993404], [40.722, -73.993403], [40.722001, -73.993402], [40.722001, -73.993401], [40.722002, -73.9934], [40.722002, -73.993399], [40.722002, -73.993398], [40.722003, -73.993397], [40.722003, -73.993396], [40.722003, -73.993395], [40.722003, -73.993394], [40.722003, -73.993392], [40.722003, -73.993391], [40.722003, -73.99339], [40.722002, -73.993389], [40.722002, -73.993388], [40.722001, -73.993387], [40.722001, -73.993386], [40.721256, -73.992229], [40.721255, -73.992228], [40.721254, -73.992227], [40.721254, -73.992227], [40.721253, -73.992226], [40.721252, -73.992225], [40.721251, -73.992225], [40.72125, -73.992225], [40.72125, -73.992225], [40.721249, -73.992225], [40.721248, -73.992225]]"
7d8038a6-46ed-4f88-b6dc-4d4410fab045,Crime Cluster 96,40.820476,-73.927281,0.425,"[[40.822839, -73.928768], [40.82284, -73.928769], [40.822841, -73.928769], [40.822842, -73.928768], [40.822843, -73.928768], [40.822843, -73.928768], [40.822844, -73.928767], [40.822845, -73.928767], [40.822846, -73.928766], [40.822846, -73.928765], [40.824285, -73.926843], [40.824286, -73.926842], [40.824286, -73.926842], [40.824287, -73.926841], [40.824287, -73.92684], [40.824288, -73.926838], [40.824288, -73.926837], [40.824288, -73.926836], [40.824288, -73.926835], [40.824288, -73.926834], [40.824288, -73.926833], [40.824288, -73.926832], [40.824287, -73.926831], [40.824287, -73.92683], [40.824287, -73.926829], [40.824286, -73.926828], [40.824285, -73.926827], [40.823792, -73.92615], [40.823792, -73.926149], [40.823791, -73.926148], [40.82379, -73.926148], [40.82379, -73.926147], [40.823789, -73.926147], [40.823788, -73.926146], [40.823787, -73.926146], [40.821176, -73.925723], [40.821175, -73.925723], [40.821174, -73.925723], [40.821173, -73.925723], [40.821172, -73.925723], [40.821171, -73.925723], [40.817544, -73.927756], [40.817544, -73.927757], [40.817543, -73.927757], [40.817542, -73.927758], [40.817542, -73.927759], [40.817541, -73.92776], [40.81754, -73.927761], [40.81754, -73.927762], [40.81754, -73.927763], [40.817539, -73.927764], [40.817539, -73.927765], [40.817539, -73.927766], [40.817539, -73.927767], [40.817539, -73.927768], [40.817539, -73.92777], [40.817539, -73.927771], [40.81754, -73.927772], [40.81754, -73.927773], [40.817541, -73.927774], [40.817541, -73.927775], [40.817542, -73.927776], [40.817543, -73.927776], [40.817543, -73.927777], [40.817544, -73.927778], [40.817545, -73.927778], [40.817546, -73.927778], [40.817547, -73.927779], [40.82098, -73.928478], [40.82098, -73.928478]]"
a7e8d843-c050-4b0d-8587-0c776558c15f,Crime Cluster 93,40.81389,-73.956523,0.251,"[[40.811929, -73.957317], [40.811929, -73.957318], [40.811929, -73.957319], [40.811929, -73.95732], [40.811929, -73.957321], [40.81193, -73.957323], [40.81193, -73.957324], [40.811931, -73.957325], [40.811931, -73.957326], [40.811932, -73.957326], [40.811932, -73.957327], [40.811933, -73.957328], [40.811934, -73.957328], [40.811935, -73.957329], [40.811935, -73.957329], [40.811936, -73.95733], [40.815689, -73.958306], [40.81569, -73.958307], [40.815691, -73.958307], [40.815692, -73.958307], [40.815693, -73.958306], [40.815693, -73.958306], [40.815694, -73.958306], [40.815695, -73.958305], [40.815696, -73.958305], [40.815697, -73.958304], [40.815697, -73.958303], [40.815698, -73.958302], [40.815698, -73.958301], [40.815699, -73.9583], [40.815699, -73.958299], [40.815699, -73.958298], [40.8157, -73.958297], [40.8157, -73.958296], [40.8157, -73.958294], [40.8157, -73.958293], [40.815699, -73.958292], [40.815699, -73.958291], [40.815699, -73.95829], [40.815698, -73.958289], [40.814811, -73.956279], [40.814811, -73.956278], [40.81481, -73.956277], [40.81481, -73.956276], [40.813129, -73.954157], [40.813129, -73.954157], [40.813128, -73.954156], [40.813127, -73.954155], [40.813126, -73.954155], [40.813125, -73.954155], [40.813124, -73.954154], [40.813124, -73.954154], [40.813123, -73.954154], [40.813122, -73.954154], [40.813121, -73.954154], [40.81312, -73.954155], [40.813119, -73.954155], [40.813118, -73.954156], [40.813118, -73.954156], [40.812104, -73.955158], [40.812103, -73.955159], [40.812102, -73.95516], [40.812102, -73.955161], [40.812101, -73.955162], [40.812101, -73.955163], [40.8121, -73.955164], [40.8121, -73.955166], [40.8121, -73.955167]]"
4834493d-c46e-4d2e-a2a9-ff9292ca4c30,Crime Cluster 134,40.746519,-73.983978,0.272,"[[40.747028, -73.987133], [40.747029, -73.987134], [40.747029, -73.987135], [40.74703, -73.987136], [40.74703, -73.987136], [40.747031, -73.987137], [40.747032, -73.987138], [40.747033, -73.987138], [40.747033, -73.987138], [40.747034, -73.987139], [40.747035, -73.987139], [40.747036, -73.987139], [40.747037, -73.987139], [40.747038, -73.987139], [40.747039, -73.987138], [40.747039, -73.987138], [40.74704, -73.987137], [40.747041, -73.987137], [40.747042, -73.987136], [40.747042, -73.987135], [40.747043, -73.987134], [40.747043, -73.987134], [40.747044, -73.987133], [40.747044, -73.987132], [40.747045, -73.98713], [40.747472, -73.985274], [40.747472, -73.985273], [40.747472, -73.985272], [40.747472, -73.985271], [40.747431, -73.982148], [40.747431, -73.982147], [40.747431, -73.982145], [40.747431, -73.982144], [40.74743, -73.982143], [40.74743, -73.982142], [40.747429, -73.982141], [40.747429, -73.98214], [40.747428, -73.982139], [40.747427, -73.982138], [40.747427, -73.982138], [40.747426, -73.982137], [40.747425, -73.982137], [40.747424, -73.982136], [40.746419, -73.981821], [40.746418, -73.981821], [40.746417, -73.981821], [40.746417, -73.981821], [40.744839, -73.981906], [40.744838, -73.981906], [40.744837, -73.981906], [40.744836, -73.981907], [40.744835, -73.981907], [40.744834, -73.981908], [40.744834, -73.981908], [40.744833, -73.981909], [40.744832, -73.98191], [40.744832, -73.981911], [40.744831, -73.981912], [40.744831, -73.981913], [40.744831, -73.981914], [40.74483, -73.981915], [40.74483, -73.981916], [40.74483, -73.981917], [40.74483, -73.981918], [40.74483, -73.981919], [40.74483, -73.981921], [40.74483, -73.981922], [40.744831, -73.981923], [40.744831, -73.981924], [40.74619, -73.985153], [40.74619, -73.985153]]"
0eb72cde-b57b-423f-b7cc-644a7969b9c7,Crime Cluster 94,40.816602,-73.89732,0.246,"[[40.81769, -73.898529], [40.817691, -73.898528], [40.817691, -73.898527], [40.817692, -73.898526], [40.817692, -73.898525], [40.817693, -73.898524], [40.817693, -73.898523], [40.817693, -73.898522], [40.817694, -73.898521], [40.817694, -73.89852], [40.817694, -73.898519], [40.817694, -73.898518], [40.817475, -73.896358], [40.817475, -73.896357], [40.817474, -73.896356], [40.817474, -73.896355], [40.817474, -73.896354], [40.817473, -73.896353], [40.817473, -73.896352], [40.817472, -73.896351], [40.817471, -73.896351], [40.816397, -73.895287], [40.816397, -73.895286], [40.816396, -73.895285], [40.816395, -73.895285], [40.816394, -73.895285], [40.816393, -73.895284], [40.816392, -73.895284], [40.816392, -73.895284], [40.816391, -73.895284], [40.81639, -73.895285], [40.816389, -73.895285], [40.816388, -73.895285], [40.816387, -73.895286], [40.816387, -73.895287], [40.816386, -73.895287], [40.816385, -73.895288], [40.816385, -73.895289], [40.816384, -73.89529], [40.815619, -73.896923], [40.815619, -73.896924], [40.814836, -73.89907], [40.814836, -73.899071], [40.814835, -73.899072], [40.814835, -73.899073], [40.814835, -73.899074], [40.814835, -73.899075], [40.814835, -73.899077], [40.814835, -73.899078], [40.814836, -73.899079], [40.814836, -73.89908], [40.814836, -73.899081], [40.814837, -73.899082], [40.814837, -73.899083], [40.814838, -73.899084], [40.814839, -73.899084], [40.814839, -73.899085], [40.81484, -73.899086], [40.814841, -73.899086], [40.814842, -73.899086], [40.814843, -73.899087], [40.814843, -73.899087], [40.816995, -73.899246], [40.816996, -73.899246], [40.816997, -73.899246], [40.816998, -73.899245], [40.816999, -73.899245], [40.817, -73.899245], [40.817001, -73.899244], [40.817002, -73.899243]]"
17d6c4f1-b8a7-4adf-9f7a-1aa834a22911,Crime Cluster 15,40.576662,-73.979969,0.582,"[[40.5753, -73.976581], [40.575299, -73.976581], [40.575298, -73.976582], [40.575297, -73.976583], [40.575297, -73.976583], [40.575296, -73.976584], [40.575296, -73.976585], [40.575296, -73.976586], [40.575295, -73.976587], [40.575295, -73.976588], [40.575295, -73.97659], [40.575295, -73.976591], [40.575295, -73.976592], [40.57555, -73.981477], [40.57555, -73.981478], [40.57555, -73.981479], [40.575551, -73.98148], [40.57656, -73.985307], [40.57656, -73.985308], [40.57656, -73.985309], [40.576561, -73.98531], [40.576561, -73.985311], [40.576562, -73.985312], [40.576563, -73.985312], [40.576563, -73.985313], [40.576564, -73.985314], [40.576565, -73.985314], [40.576566, -73.985314], [40.576567, -73.985315], [40.576568, -73.985315], [40.576569, -73.985315], [40.576569, -73.985315], [40.57657, -73.985314], [40.576571, -73.985314], [40.576572, -73.985314], [40.576573, -73.985313], [40.576573, -73.985312], [40.576574, -73.985312], [40.576575, -73.985311], [40.576575, -73.98531], [40.576576, -73.985309], [40.576576, -73.985308], [40.579908, -73.975437], [40.579909, -73.975436], [40.579909, -73.975435], [40.579909, -73.975433], [40.579981, -73.974654], [40.579981, -73.974653], [40.579981, -73.974652], [40.579981, -73.974651], [40.579981, -73.974649], [40.579981, -73.974648], [40.57998, -73.974647], [40.57998, -73.974646], [40.579979, -73.974645], [40.579979, -73.974644], [40.579978, -73.974644], [40.579978, -73.974643], [40.579977, -73.974642], [40.579976, -73.974642], [40.579975, -73.974641], [40.579974, -73.974641], [40.579973, -73.974641], [40.579973, -73.974641], [40.579972, -73.974641], [40.579971, -73.974641], [40.57997, -73.974641], [40.576155, -73.975972], [40.576154, -73.975973], [40.576153, -73.975973]]"
1baade68-94ea-4d47-ad41-42f27d3a2d8a,Crime Cluster 99,40.816565,-73.917915,0.526,"[[40.814269, -73.912942], [40.814269, -73.912941], [40.814268, -73.912941], [40.814267, -73.912942], [40.814266, -73.912942], [40.814265, -73.912942], [40.814264, -73.912943], [40.814264, -73.912943], [40.814263, -73.912944], [40.814262, -73.912945], [40.814262, -73.912946], [40.814261, -73.912947], [40.814261, -73.912948], [40.81426, -73.912949], [40.813283, -73.915899], [40.813282, -73.9159], [40.813282, -73.915902], [40.813282, -73.915903], [40.813282, -73.915904], [40.813282, -73.915905], [40.813282, -73.915906], [40.813819, -73.919434], [40.813819, -73.919436], [40.81382, -73.919437], [40.81382, -73.919438], [40.813821, -73.919439], [40.813821, -73.91944], [40.813822, -73.919441], [40.815089, -73.920969], [40.815089, -73.920969], [40.817694, -73.923981], [40.817695, -73.923982], [40.817696, -73.923982], [40.817696, -73.923983], [40.817697, -73.923983], [40.817698, -73.923984], [40.817699, -73.923984], [40.8177, -73.923984], [40.817701, -73.923984], [40.817702, -73.923984], [40.817702, -73.923983], [40.817703, -73.923983], [40.817704, -73.923983], [40.817705, -73.923982], [40.817706, -73.923981], [40.817706, -73.923981], [40.817707, -73.92398], [40.817707, -73.923979], [40.817708, -73.923978], [40.817708, -73.923977], [40.817709, -73.923976], [40.819033, -73.91843], [40.819033, -73.918428], [40.819033, -73.918427], [40.819258, -73.913776], [40.819258, -73.913775], [40.819258, -73.913773], [40.819258, -73.913772], [40.819257, -73.913771], [40.819257, -73.91377], [40.819257, -73.913769], [40.819256, -73.913768], [40.819256, -73.913767], [40.819255, -73.913766], [40.819254, -73.913765], [40.819254, -73.913765], [40.819253, -73.913764], [40.819252, -73.913764], [40.819251, -73.913763], [40.81925, -73.913763]]"
5571d8ec-d7d0-4b7d-a523-f39157000297,Crime Cluster 43,40.750207,-73.870611,0.362,"[[40.748565, -73.869041], [40.748564, -73.869041], [40.748563, -73.869042], [40.748562, -73.869042], [40.748561, -73.869043], [40.748561, -73.869043], [40.74856, -73.869044], [40.748559, -73.869045], [40.748559, -73.869046], [40.748558, -73.869047], [40.748558, -73.869048], [40.748558, -73.869049], [40.748557, -73.86905], [40.748557, -73.869051], [40.748557, -73.869052], [40.748557, -73.869054], [40.748729, -73.873503], [40.748729, -73.873504], [40.748729, -73.873505], [40.74873, -73.873506], [40.74873, -73.873507], [40.74873, -73.873508], [40.748731, -73.873509], [40.748731, -73.87351], [40.748732, -73.873511], [40.748733, -73.873511], [40.748733, -73.873512], [40.748734, -73.873513], [40.748735, -73.873513], [40.748736, -73.873513], [40.748737, -73.873514], [40.748737, -73.873514], [40.748738, -73.873514], [40.751938, -73.873356], [40.751939, -73.873356], [40.75194, -73.873356], [40.751941, -73.873355], [40.751942, -73.873355], [40.751942, -73.873354], [40.751943, -73.873354], [40.751944, -73.873353], [40.753333, -73.871802], [40.753333, -73.871801], [40.753334, -73.8718], [40.753334, -73.871799], [40.753335, -73.871798], [40.753335, -73.871797], [40.753336, -73.871796], [40.753336, -73.871795], [40.753336, -73.871794], [40.753336, -73.871793], [40.753336, -73.871791], [40.753336, -73.87179], [40.753336, -73.871789], [40.753335, -73.871788], [40.753335, -73.871787], [40.753334, -73.871786], [40.753334, -73.871785], [40.751919, -73.869504], [40.751918, -73.869504], [40.751918, -73.869503], [40.751917, -73.869502], [40.751916, -73.869501], [40.751915, -73.869501], [40.751914, -73.869501], [40.751913, -73.8695], [40.749211, -73.868929], [40.749211, -73.868929], [40.74921, -73.868929], [40.749209, -73.868929]]"
d47eccb5-ffbe-48ea-b907-3954f950b6df,Crime Cluster 90,40.823083,-73.942104,0.439,"[[40.821042, -73.937642], [40.821042, -73.937641], [40.821041, -73.937641], [40.82104, -73.93764], [40.821039, -73.93764], [40.821038, -73.93764], [40.821037, -73.93764], [40.821037, -73.93764], [40.821036, -73.937641], [40.821035, -73.937641], [40.821034, -73.937641], [40.821033, -73.937642], [40.821033, -73.937643], [40.821032, -73.937643], [40.821031, -73.937644], [40.821031, -73.937645], [40.82103, -73.937646], [40.82103, -73.937647], [40.821029, -73.937648], [40.821029, -73.937649], [40.821029, -73.937651], [40.821029, -73.937652], [40.821029, -73.937653], [40.821029, -73.937654], [40.821029, -73.937655], [40.822638, -73.94542], [40.822639, -73.945421], [40.822639, -73.945422], [40.822639, -73.945423], [40.82264, -73.945424], [40.82264, -73.945425], [40.822641, -73.945426], [40.822642, -73.945427], [40.822642, -73.945427], [40.822643, -73.945428], [40.822644, -73.945428], [40.822645, -73.945429], [40.822646, -73.945429], [40.822647, -73.945429], [40.822647, -73.945429], [40.822648, -73.945429], [40.822649, -73.945429], [40.82265, -73.945428], [40.824035, -73.944769], [40.824036, -73.944769], [40.824036, -73.944768], [40.824037, -73.944768], [40.824038, -73.944767], [40.824039, -73.944766], [40.824039, -73.944765], [40.82404, -73.944764], [40.82404, -73.944763], [40.82404, -73.944762], [40.824041, -73.944761], [40.824041, -73.944759], [40.824241, -73.942194], [40.824241, -73.942193], [40.824241, -73.942192], [40.824241, -73.94219], [40.82424, -73.942189], [40.823541, -73.939547], [40.823541, -73.939546], [40.823541, -73.939545], [40.82354, -73.939544], [40.82354, -73.939543], [40.823539, -73.939542], [40.823538, -73.939541], [40.823537, -73.939541]]"
9aaa7577-a869-446e-8a8a-7fec00ffac1f,Crime Cluster 103,40.827195,-73.922577,0.498,"[[40.828692, -73.927987], [40.828693, -73.927988], [40.828694, -73.927988], [40.828694, -73.927989], [40.828695, -73.927989], [40.828696, -73.92799], [40.828697, -73.92799], [40.828698, -73.92799], [40.828699, -73.92799], [40.8287, -73.92799], [40.8287, -73.927989], [40.828701, -73.927989], [40.828702, -73.927989], [40.828703, -73.927988], [40.828704, -73.927987], [40.828704, -73.927987], [40.828705, -73.927986], [40.828705, -73.927985], [40.830689, -73.924267], [40.830689, -73.924266], [40.83069, -73.924265], [40.83069, -73.924264], [40.83069, -73.924263], [40.83069, -73.924262], [40.83069, -73.92426], [40.83069, -73.924259], [40.83069, -73.924258], [40.83069, -73.924257], [40.83069, -73.924256], [40.830689, -73.924255], [40.830689, -73.924254], [40.827259, -73.917526], [40.827258, -73.917525], [40.827258, -73.917524], [40.827257, -73.917523], [40.827256, -73.917522], [40.827255, -73.917522], [40.826167, -73.916819], [40.826166, -73.916819], [40.826165, -73.916819], [40.826164, -73.916818], [40.826163, -73.916818], [40.826163, -73.916818], [40.826162, -73.916818], [40.826161, -73.916818], [40.82616, -73.916819], [40.826159, -73.916819], [40.826158, -73.91682], [40.82528, -73.917528], [40.82528, -73.917528], [40.825279, -73.917529], [40.825278, -73.91753], [40.825278, -73.917531], [40.825277, -73.917532], [40.825277, -73.917533], [40.825277, -73.917534], [40.825276, -73.917535], [40.825276, -73.917536], [40.825276, -73.917537], [40.825276, -73.917538], [40.825276, -73.917539], [40.825745, -73.923269], [40.825745, -73.92327], [40.825745, -73.923271], [40.825746, -73.923272], [40.825746, -73.923273], [40.825746, -73.923274], [40.827202, -73.926285], [40.827203, -73.926286], [40.827203, -73.926287], [40.827204, -73.926288]]"
49dec2a2-237f-4ddd-b85c-226854e33441,Crime Cluster 67,40.691737,-73.926092,0.508,"[[40.69405, -73.931282], [40.694051, -73.931282], [40.694051, -73.931283], [40.694052, -73.931284], [40.694053, -73.931284], [40.694054, -73.931285], [40.694054, -73.931285], [40.694055, -73.931286], [40.694056, -73.931286], [40.694057, -73.931286], [40.694058, -73.931286], [40.694059, -73.931286], [40.694059, -73.931285], [40.69406, -73.931285], [40.694061, -73.931285], [40.694062, -73.931284], [40.694062, -73.931283], [40.6945, -73.930837], [40.694501, -73.930837], [40.694502, -73.930836], [40.694502, -73.930835], [40.694503, -73.930834], [40.694503, -73.930833], [40.694503, -73.930832], [40.694504, -73.930831], [40.694504, -73.93083], [40.694504, -73.930829], [40.694504, -73.930827], [40.694504, -73.930826], [40.694504, -73.930825], [40.694503, -73.930824], [40.694503, -73.930823], [40.694503, -73.930822], [40.690646, -73.922103], [40.690645, -73.922102], [40.690645, -73.922101], [40.690644, -73.9221], [40.690643, -73.922099], [40.690643, -73.922099], [40.690642, -73.922098], [40.690641, -73.922098], [40.69064, -73.922097], [40.689283, -73.921677], [40.689282, -73.921677], [40.689281, -73.921677], [40.68928, -73.921677], [40.689279, -73.921677], [40.689279, -73.921678], [40.689278, -73.921678], [40.689277, -73.921678], [40.689276, -73.921679], [40.689275, -73.92168], [40.689275, -73.921681], [40.689274, -73.921681], [40.689274, -73.921682], [40.689273, -73.921683], [40.689273, -73.921684], [40.689272, -73.921686], [40.689272, -73.921687], [40.689272, -73.921688], [40.689272, -73.921689], [40.689272, -73.92169], [40.689455, -73.92403], [40.689455, -73.924031], [40.689456, -73.924033], [40.689456, -73.924034], [40.689456, -73.924035], [40.689457, -73.924036], [40.689457, -73.924037]]"
6e830d40-33e4-435d-a5cd-b33ff96096dc,Crime Cluster 101,40.821286,-73.899015,0.447,"[[40.822799, -73.900336], [40.822799, -73.900335], [40.8228, -73.900335], [40.822801, -73.900334], [40.822801, -73.900333], [40.822802, -73.900332], [40.822803, -73.900331], [40.822803, -73.90033], [40.822803, -73.900329], [40.822804, -73.900328], [40.822804, -73.900327], [40.822804, -73.900326], [40.822992, -73.89687], [40.822992, -73.896869], [40.822992, -73.896868], [40.822892, -73.89537], [40.822892, -73.895369], [40.822892, -73.895368], [40.822891, -73.895367], [40.822891, -73.895366], [40.822319, -73.893883], [40.822319, -73.893882], [40.822318, -73.893881], [40.822317, -73.89388], [40.822317, -73.893879], [40.822316, -73.893878], [40.822315, -73.893878], [40.822315, -73.893877], [40.822314, -73.893877], [40.822313, -73.893876], [40.822312, -73.893876], [40.822311, -73.893876], [40.82231, -73.893876], [40.822309, -73.893876], [40.822309, -73.893877], [40.822308, -73.893877], [40.822307, -73.893877], [40.822306, -73.893878], [40.822305, -73.893879], [40.822305, -73.893879], [40.822304, -73.89388], [40.822304, -73.893881], [40.820989, -73.89638], [40.820988, -73.896381], [40.819065, -73.900837], [40.819065, -73.900838], [40.819065, -73.900839], [40.819064, -73.90084], [40.819064, -73.900841], [40.819064, -73.900842], [40.819019, -73.901884], [40.819019, -73.901886], [40.819019, -73.901887], [40.819019, -73.901888], [40.81902, -73.901889], [40.81902, -73.90189], [40.81902, -73.901891], [40.819021, -73.901892], [40.819291, -73.902359], [40.819291, -73.90236], [40.819292, -73.902361], [40.819293, -73.902362], [40.819293, -73.902362], [40.819294, -73.902363], [40.819295, -73.902363], [40.819296, -73.902363], [40.819297, -73.902364], [40.819297, -73.902364], [40.819298, -73.902364], [40.819299, -73.902364], [40.8193, -73.902364], [40.819301, -73.902363], [40.819302, -73.902363]]"
70cbdf70-5d93-49c7-9850-61194590365d,Crime Cluster 85,40.779911,-73.980913,0.681,"[[40.784843, -73.979246], [40.784844, -73.979246], [40.784845, -73.979245], [40.784846, -73.979244], [40.784846, -73.979243], [40.784847, -73.979242], [40.784847, -73.979241], [40.784847, -73.97924], [40.784848, -73.979239], [40.784848, -73.979238], [40.784848, -73.979237], [40.784848, -73.979236], [40.78479, -73.977134], [40.78479, -73.977132], [40.78479, -73.977131], [40.784789, -73.97713], [40.784789, -73.977129], [40.784789, -73.977128], [40.784788, -73.977127], [40.784788, -73.977126], [40.784787, -73.977125], [40.784786, -73.977125], [40.784786, -73.977124], [40.784785, -73.977123], [40.784784, -73.977123], [40.784783, -73.977123], [40.784782, -73.977122], [40.784782, -73.977122], [40.784781, -73.977122], [40.78478, -73.977122], [40.784779, -73.977122], [40.775794, -73.979965], [40.775793, -73.979966], [40.775792, -73.979966], [40.775791, -73.979967], [40.775791, -73.979967], [40.77579, -73.979968], [40.773869, -73.982217], [40.773869, -73.982218], [40.773868, -73.982219], [40.773868, -73.98222], [40.773867, -73.982221], [40.773867, -73.982222], [40.773867, -73.982223], [40.773867, -73.982224], [40.773866, -73.982225], [40.773866, -73.982226], [40.773867, -73.982228], [40.773867, -73.982229], [40.773867, -73.98223], [40.773867, -73.982231], [40.773868, -73.982232], [40.773868, -73.982233], [40.773869, -73.982234], [40.773869, -73.982235], [40.77387, -73.982235], [40.773871, -73.982236], [40.773872, -73.982237], [40.773873, -73.982237], [40.773873, -73.982237], [40.773874, -73.982238], [40.773875, -73.982238], [40.777638, -73.982381], [40.777639, -73.982381], [40.77764, -73.982381], [40.779191, -73.981964], [40.779191, -73.981963], [40.782114, -73.980948], [40.782115, -73.980948], [40.78282, -73.980653], [40.782821, -73.980653], [40.783507, -73.980241], [40.783507, -73.98024], [40.783848, -73.979998], [40.783848, -73.979998]]"
65a17bf0-48d5-4a33-a5ce-0072b70e0a6f,Crime Cluster 110,40.838784,-73.914898,0.617,"[[40.837312, -73.907837], [40.837312, -73.907836], [40.837311, -73.907836], [40.83731, -73.907835], [40.837309, -73.907835], [40.837309, -73.907834], [40.837308, -73.907834], [40.837307, -73.907834], [40.837306, -73.907834], [40.837305, -73.907834], [40.837304, -73.907834], [40.837303, -73.907834], [40.837302, -73.907835], [40.837302, -73.907835], [40.837301, -73.907836], [40.8373, -73.907837], [40.8373, -73.907838], [40.837299, -73.907839], [40.83582, -73.910547], [40.835819, -73.910548], [40.835819, -73.910549], [40.835819, -73.91055], [40.835818, -73.910551], [40.835818, -73.910552], [40.835818, -73.910553], [40.835818, -73.910554], [40.835818, -73.910555], [40.835818, -73.910556], [40.837315, -73.919833], [40.837315, -73.919834], [40.837315, -73.919835], [40.837316, -73.919836], [40.837316, -73.919837], [40.837317, -73.919838], [40.837317, -73.919839], [40.837318, -73.91984], [40.837318, -73.91984], [40.837319, -73.919841], [40.83732, -73.919841], [40.837321, -73.919842], [40.837321, -73.919842], [40.839514, -73.920501], [40.839515, -73.920501], [40.841185, -73.920796], [40.841186, -73.920796], [40.841187, -73.920796], [40.841187, -73.920796], [40.841188, -73.920795], [40.841189, -73.920795], [40.84119, -73.920795], [40.841191, -73.920794], [40.841191, -73.920793], [40.841192, -73.920793], [40.841193, -73.920792], [40.841193, -73.920791], [40.841194, -73.92079], [40.841194, -73.920789], [40.841194, -73.920788], [40.841195, -73.920787], [40.841195, -73.920786], [40.841195, -73.920785], [40.841195, -73.920783], [40.841066, -73.917094], [40.841066, -73.917094], [40.840797, -73.913998], [40.840797, -73.913997], [40.840797, -73.913996], [40.840796, -73.913995], [40.840796, -73.913994], [40.840375, -73.912892], [40.840374, -73.91289], [40.83855, -73.909389], [40.83855, -73.909388], [40.838549, -73.909387]]"
0ac305ec-768e-463a-b566-73c89f4ce0b6,Crime Cluster 56,40.663483,-73.950151,0.349,"[[40.661954, -73.95076], [40.661953, -73.950761], [40.661953, -73.950762], [40.661953, -73.950763], [40.661952, -73.950764], [40.661952, -73.950765], [40.661952, -73.950766], [40.661952, -73.950768], [40.661952, -73.950769], [40.661952, -73.95077], [40.661953, -73.950771], [40.661953, -73.950772], [40.661953, -73.950773], [40.661954, -73.950774], [40.661954, -73.950775], [40.661955, -73.950776], [40.661956, -73.950777], [40.665027, -73.953748], [40.665027, -73.953748], [40.665028, -73.953749], [40.665029, -73.953749], [40.66503, -73.95375], [40.665031, -73.95375], [40.665032, -73.95375], [40.665033, -73.95375], [40.665033, -73.95375], [40.665034, -73.953749], [40.665035, -73.953749], [40.665036, -73.953749], [40.665037, -73.953748], [40.665037, -73.953747], [40.665038, -73.953747], [40.665039, -73.953746], [40.665039, -73.953745], [40.66504, -73.953744], [40.66504, -73.953743], [40.665041, -73.953742], [40.665041, -73.953741], [40.665041, -73.95374], [40.665041, -73.953738], [40.665041, -73.953737], [40.665041, -73.953736], [40.664163, -73.946812], [40.664163, -73.946811], [40.664162, -73.94681], [40.664162, -73.946809], [40.664162, -73.946808], [40.664161, -73.946807], [40.664161, -73.946806], [40.66416, -73.946805], [40.664159, -73.946804], [40.664159, -73.946804], [40.664158, -73.946803], [40.664157, -73.946803], [40.664156, -73.946802], [40.664155, -73.946802], [40.664154, -73.946802], [40.664153, -73.946802], [40.664153, -73.946802], [40.664152, -73.946803], [40.664151, -73.946803], [40.66415, -73.946803], [40.664149, -73.946804], [40.664149, -73.946805], [40.664148, -73.946805], [40.664147, -73.946806], [40.664147, -73.946807]]"
482408c3-bc72-4a44-9dfd-51dee03a4d92,Crime Cluster 73,40.836661,-73.886777,0.404,"[[40.83504, -73.883888], [40.835039, -73.883889], [40.835039, -73.88389], [40.835038, -73.883891], [40.835038, -73.883892], [40.835038, -73.883893], [40.835038, -73.883895], [40.834873, -73.889236], [40.834873, -73.889237], [40.834873, -73.889238], [40.834873, -73.889239], [40.834874, -73.88924], [40.834874, -73.889241], [40.834874, -73.889242], [40.834875, -73.889243], [40.834875, -73.889244], [40.834876, -73.889245], [40.834876, -73.889245], [40.835927, -73.890331], [40.835928, -73.890332], [40.835929, -73.890333], [40.83593, -73.890333], [40.835931, -73.890333], [40.835931, -73.890334], [40.835932, -73.890334], [40.835933, -73.890334], [40.835934, -73.890334], [40.835935, -73.890334], [40.835936, -73.890333], [40.835937, -73.890333], [40.837607, -73.889379], [40.837607, -73.889378], [40.837608, -73.889378], [40.837609, -73.889377], [40.837609, -73.889376], [40.83761, -73.889375], [40.837611, -73.889374], [40.837611, -73.889373], [40.837611, -73.889372], [40.837612, -73.889371], [40.837612, -73.88937], [40.837887, -73.887461], [40.837887, -73.88746], [40.837971, -73.88526], [40.837971, -73.885258], [40.837971, -73.885257], [40.837971, -73.885256], [40.83797, -73.885255], [40.83797, -73.885254], [40.83797, -73.885253], [40.836883, -73.882793], [40.836882, -73.882792], [40.836882, -73.882791], [40.836881, -73.88279], [40.836881, -73.88279], [40.83688, -73.882789], [40.836025, -73.88205], [40.836024, -73.882049], [40.836023, -73.882049], [40.836023, -73.882049], [40.836022, -73.882048], [40.836021, -73.882048], [40.83602, -73.882048], [40.836019, -73.882048], [40.836018, -73.882048], [40.836017, -73.882049], [40.836017, -73.882049], [40.836016, -73.882049], [40.836015, -73.88205], [40.836014, -73.882051], [40.836014, -73.882051], [40.836013, -73.882052], [40.836013, -73.882053]]"
0bee98fb-a88a-425a-9ffb-acac90653010,Crime Cluster 42,40.750496,-73.861963,0.588,"[[40.751778, -73.85519], [40.751778, -73.855189], [40.751777, -73.855188], [40.751777, -73.855187], [40.751776, -73.855186], [40.751775, -73.855186], [40.751775, -73.855185], [40.751774, -73.855184], [40.751773, -73.855184], [40.751772, -73.855184], [40.751771, -73.855183], [40.75177, -73.855183], [40.75177, -73.855183], [40.751769, -73.855183], [40.751768, -73.855184], [40.751767, -73.855184], [40.751766, -73.855184], [40.751765, -73.855185], [40.751765, -73.855186], [40.751764, -73.855186], [40.751763, -73.855187], [40.747481, -73.861741], [40.747481, -73.861742], [40.74748, -73.861743], [40.74748, -73.861744], [40.747479, -73.861745], [40.747479, -73.861746], [40.747479, -73.861747], [40.747479, -73.861749], [40.747479, -73.86175], [40.747479, -73.861751], [40.747479, -73.861752], [40.74748, -73.861753], [40.74748, -73.861754], [40.74748, -73.861755], [40.747481, -73.861756], [40.748324, -73.863247], [40.748324, -73.863247], [40.749585, -73.865378], [40.749585, -73.865379], [40.749586, -73.86538], [40.749587, -73.865381], [40.749588, -73.865381], [40.749588, -73.865382], [40.749589, -73.865382], [40.752643, -73.866777], [40.752644, -73.866778], [40.752645, -73.866778], [40.752646, -73.866778], [40.752647, -73.866778], [40.752647, -73.866778], [40.752648, -73.866777], [40.752649, -73.866777], [40.75265, -73.866777], [40.752651, -73.866776], [40.752651, -73.866776], [40.752652, -73.866775], [40.752653, -73.866774], [40.754004, -73.864801], [40.754004, -73.8648], [40.754005, -73.864799], [40.754005, -73.864798], [40.754005, -73.864797], [40.754006, -73.864796], [40.754006, -73.864795], [40.754006, -73.864794], [40.754006, -73.864792], [40.754006, -73.864791], [40.754006, -73.86479], [40.752765, -73.858121], [40.752764, -73.85812], [40.752764, -73.858119]]"
db142390-7a6c-4aa5-8e43-c7278890c1bd,Crime Cluster 76,40.679546,-73.95073,0.526,"[[40.675643, -73.949951], [40.675642, -73.949952], [40.675642, -73.949953], [40.675642, -73.949954], [40.675641, -73.949955], [40.675641, -73.949956], [40.675641, -73.949957], [40.675641, -73.949959], [40.675641, -73.94996], [40.675641, -73.949961], [40.675642, -73.949962], [40.675642, -73.949963], [40.675642, -73.949964], [40.675643, -73.949965], [40.675643, -73.949966], [40.675644, -73.949967], [40.681305, -73.956518], [40.681306, -73.956519], [40.681306, -73.956519], [40.681307, -73.95652], [40.681308, -73.95652], [40.681309, -73.956521], [40.68131, -73.956521], [40.681311, -73.956521], [40.681312, -73.956521], [40.681312, -73.956521], [40.681313, -73.95652], [40.681314, -73.95652], [40.681315, -73.95652], [40.681316, -73.956519], [40.681316, -73.956518], [40.681317, -73.956518], [40.681318, -73.956517], [40.681318, -73.956516], [40.681319, -73.956515], [40.681319, -73.956514], [40.681319, -73.956513], [40.68132, -73.956512], [40.68132, -73.956511], [40.68132, -73.95651], [40.68132, -73.956508], [40.68108, -73.949715], [40.68108, -73.949713], [40.68108, -73.949712], [40.68108, -73.949711], [40.681079, -73.94971], [40.681079, -73.949709], [40.681078, -73.949708], [40.681078, -73.949707], [40.678245, -73.945527], [40.678244, -73.945526], [40.678243, -73.945526], [40.678243, -73.945525], [40.678242, -73.945524], [40.678241, -73.945524], [40.67824, -73.945524], [40.678239, -73.945523], [40.678239, -73.945523], [40.678238, -73.945523], [40.678237, -73.945523], [40.678236, -73.945523], [40.678235, -73.945524], [40.678234, -73.945524], [40.678234, -73.945525], [40.678233, -73.945525], [40.678232, -73.945526], [40.678231, -73.945527], [40.678231, -73.945528]]"
fdc89eeb-a50c-4e9b-b173-94a882cebe55,Crime Cluster 80,40.664245,-73.923479,0.331,"[[40.661935, -73.921017], [40.661934, -73.921017], [40.661934, -73.921017], [40.661933, -73.921017], [40.661932, -73.921017], [40.661931, -73.921018], [40.66193, -73.921018], [40.661929, -73.921019], [40.661929, -73.921019], [40.661928, -73.92102], [40.661927, -73.921021], [40.661927, -73.921022], [40.661926, -73.921023], [40.661926, -73.921024], [40.661926, -73.921025], [40.661925, -73.921026], [40.661925, -73.921027], [40.661925, -73.921028], [40.661925, -73.921029], [40.661925, -73.92103], [40.661925, -73.921031], [40.661925, -73.921033], [40.663055, -73.925785], [40.663056, -73.925786], [40.663056, -73.925787], [40.663057, -73.925788], [40.663057, -73.925789], [40.663058, -73.925789], [40.663058, -73.92579], [40.663059, -73.925791], [40.66306, -73.925791], [40.663061, -73.925792], [40.663061, -73.925792], [40.663062, -73.925793], [40.663063, -73.925793], [40.663064, -73.925793], [40.663065, -73.925793], [40.665919, -73.925476], [40.665919, -73.925476], [40.66592, -73.925475], [40.665921, -73.925475], [40.665922, -73.925474], [40.665923, -73.925474], [40.665923, -73.925473], [40.665924, -73.925472], [40.665925, -73.925472], [40.665925, -73.925471], [40.665926, -73.92547], [40.666157, -73.924933], [40.666157, -73.924932], [40.666158, -73.924931], [40.666158, -73.92493], [40.666158, -73.924928], [40.666158, -73.924927], [40.666158, -73.924926], [40.666158, -73.924925], [40.666158, -73.924924], [40.666157, -73.924923], [40.666157, -73.924922], [40.665295, -73.922746], [40.665295, -73.922745], [40.665294, -73.922744], [40.665293, -73.922743], [40.665293, -73.922742], [40.664806, -73.922201], [40.664805, -73.9222], [40.664804, -73.9222], [40.663583, -73.921343], [40.663582, -73.921342], [40.663581, -73.921342], [40.66358, -73.921341]]"
49e612a0-9479-42ad-b0ec-5ae747018884,Crime Cluster 55,40.635406,-73.947859,0.748,"[[40.630365, -73.947432], [40.630365, -73.947433], [40.630365, -73.947434], [40.630364, -73.947435], [40.630364, -73.947436], [40.630364, -73.947437], [40.630364, -73.947438], [40.630364, -73.947439], [40.630364, -73.94744], [40.630364, -73.947441], [40.630365, -73.947442], [40.630365, -73.947443], [40.630365, -73.947444], [40.630366, -73.947445], [40.630367, -73.947446], [40.630367, -73.947447], [40.630368, -73.947448], [40.630369, -73.947448], [40.630369, -73.947449], [40.635441, -73.950444], [40.635442, -73.950444], [40.635443, -73.950445], [40.635444, -73.950445], [40.635445, -73.950445], [40.635446, -73.950445], [40.635447, -73.950445], [40.642097, -73.94865], [40.642098, -73.948649], [40.642098, -73.948649], [40.642099, -73.948648], [40.6421, -73.948648], [40.642101, -73.948647], [40.642101, -73.948646], [40.642102, -73.948645], [40.642102, -73.948645], [40.642103, -73.948644], [40.642103, -73.948642], [40.642104, -73.948641], [40.642104, -73.94864], [40.642104, -73.948639], [40.642104, -73.948638], [40.642104, -73.948637], [40.642104, -73.948636], [40.642104, -73.948634], [40.642103, -73.948633], [40.642103, -73.948632], [40.642102, -73.948631], [40.642102, -73.94863], [40.642101, -73.94863], [40.642101, -73.948629], [40.6421, -73.948628], [40.642099, -73.948628], [40.642098, -73.948627], [40.638701, -73.946808], [40.638701, -73.946808], [40.6387, -73.946807], [40.638699, -73.946807], [40.631285, -73.945552], [40.631284, -73.945552], [40.631283, -73.945552], [40.631282, -73.945552], [40.631281, -73.945553], [40.631281, -73.945553], [40.63128, -73.945554], [40.631279, -73.945554], [40.631278, -73.945555], [40.631278, -73.945556], [40.631277, -73.945557], [40.631276, -73.945558]]"
c64e583d-3995-4594-9d04-4a77bf3ce76b,Crime Cluster 82,40.848661,-73.93519,0.578,"[[40.851492, -73.935469], [40.851493, -73.935468], [40.851494, -73.935467], [40.851494, -73.935467], [40.851495, -73.935466], [40.851495, -73.935465], [40.851496, -73.935464], [40.851496, -73.935463], [40.851497, -73.935462], [40.851497, -73.935461], [40.851497, -73.93546], [40.851497, -73.935458], [40.851497, -73.935457], [40.851497, -73.935456], [40.851105, -73.932433], [40.851105, -73.932432], [40.851105, -73.932431], [40.851104, -73.93243], [40.851104, -73.932429], [40.851103, -73.932428], [40.851103, -73.932427], [40.851102, -73.932426], [40.851101, -73.932425], [40.851101, -73.932425], [40.8511, -73.932424], [40.851099, -73.932424], [40.851098, -73.932423], [40.848429, -73.931599], [40.848428, -73.931599], [40.848427, -73.931599], [40.848426, -73.931599], [40.848426, -73.931599], [40.848425, -73.9316], [40.848424, -73.9316], [40.848423, -73.9316], [40.848422, -73.931601], [40.848422, -73.931601], [40.848421, -73.931602], [40.844489, -73.936339], [40.844488, -73.93634], [40.844488, -73.936341], [40.844487, -73.936342], [40.844487, -73.936343], [40.844487, -73.936344], [40.844486, -73.936345], [40.844486, -73.936346], [40.844486, -73.936347], [40.844302, -73.938939], [40.844302, -73.93894], [40.844302, -73.938941], [40.844302, -73.938942], [40.844302, -73.938943], [40.844303, -73.938945], [40.844303, -73.938946], [40.844304, -73.938947], [40.844304, -73.938948], [40.844305, -73.938948], [40.844305, -73.938949], [40.844306, -73.93895], [40.844307, -73.93895], [40.844308, -73.938951], [40.844308, -73.938951], [40.844309, -73.938952], [40.84431, -73.938952], [40.844311, -73.938952], [40.844312, -73.938952], [40.844313, -73.938952], [40.845818, -73.938578], [40.845818, -73.938578], [40.847236, -73.938147], [40.847237, -73.938146], [40.847237, -73.938146], [40.848669, -73.937382], [40.84867, -73.937382]]"
c664bdbc-e026-41b8-ae53-f11c077a028c,Crime Cluster 88,40.82849,-73.938056,0.35,"[[40.83037, -73.940154], [40.830371, -73.940154], [40.830372, -73.940154], [40.830373, -73.940154], [40.830374, -73.940154], [40.830375, -73.940154], [40.830375, -73.940153], [40.830376, -73.940153], [40.830377, -73.940152], [40.830378, -73.940152], [40.830378, -73.940151], [40.830379, -73.94015], [40.83038, -73.940149], [40.83038, -73.940148], [40.830381, -73.940147], [40.830381, -73.940146], [40.830381, -73.940145], [40.830381, -73.940144], [40.830381, -73.940143], [40.830381, -73.940141], [40.830381, -73.94014], [40.829965, -73.936697], [40.829965, -73.936696], [40.829964, -73.936695], [40.829964, -73.936694], [40.829964, -73.936693], [40.829963, -73.936692], [40.829962, -73.936691], [40.829962, -73.93669], [40.829961, -73.936689], [40.82996, -73.936689], [40.829959, -73.936688], [40.829959, -73.936688], [40.829958, -73.936687], [40.829957, -73.936687], [40.829956, -73.936687], [40.829955, -73.936687], [40.826981, -73.937116], [40.82698, -73.937116], [40.826979, -73.937117], [40.826978, -73.937117], [40.825351, -73.938057], [40.825351, -73.938058], [40.82535, -73.938058], [40.825349, -73.938059], [40.825349, -73.93806], [40.825348, -73.938061], [40.825347, -73.938062], [40.825347, -73.938063], [40.825347, -73.938064], [40.825346, -73.938065], [40.825346, -73.938066], [40.825346, -73.938067], [40.825346, -73.938068], [40.825346, -73.938069], [40.825346, -73.93807], [40.825346, -73.938072], [40.825347, -73.938073], [40.825347, -73.938074], [40.825348, -73.938075], [40.825348, -73.938076], [40.825349, -73.938076], [40.825349, -73.938077], [40.82535, -73.938078], [40.825351, -73.938079], [40.825352, -73.938079], [40.826936, -73.938931], [40.826937, -73.938931]]"
9f873ce9-a22f-4add-bb35-824ce5d85c67,Crime Cluster 92,40.814949,-73.94258,0.465,"[[40.81679, -73.947251], [40.816791, -73.947251], [40.816791, -73.947252], [40.816792, -73.947252], [40.816793, -73.947252], [40.816794, -73.947252], [40.816795, -73.947252], [40.816796, -73.947251], [40.816796, -73.947251], [40.816797, -73.94725], [40.816798, -73.94725], [40.816799, -73.947249], [40.816799, -73.947248], [40.8168, -73.947248], [40.8168, -73.947247], [40.816801, -73.947246], [40.816801, -73.947245], [40.816802, -73.947244], [40.816802, -73.947243], [40.816802, -73.947241], [40.8176, -73.938314], [40.8176, -73.938313], [40.8176, -73.938312], [40.8176, -73.938311], [40.8176, -73.93831], [40.817599, -73.938309], [40.817599, -73.938308], [40.817599, -73.938307], [40.817598, -73.938306], [40.817598, -73.938305], [40.817597, -73.938304], [40.817596, -73.938303], [40.817595, -73.938303], [40.817595, -73.938302], [40.815998, -73.937362], [40.815997, -73.937362], [40.815996, -73.937361], [40.815995, -73.937361], [40.815994, -73.937361], [40.815993, -73.937361], [40.815992, -73.937361], [40.815992, -73.937362], [40.815991, -73.937362], [40.81599, -73.937362], [40.815989, -73.937363], [40.815988, -73.937364], [40.815988, -73.937364], [40.812194, -73.942242], [40.812194, -73.942242], [40.812193, -73.942243], [40.812193, -73.942244], [40.812193, -73.942245], [40.812192, -73.942246], [40.812192, -73.942247], [40.812192, -73.942249], [40.812192, -73.94225], [40.812192, -73.942251], [40.812192, -73.942252], [40.812192, -73.942253], [40.812192, -73.942254], [40.813061, -73.945339], [40.813061, -73.94534], [40.813061, -73.945341], [40.813062, -73.945342], [40.813062, -73.945343], [40.813063, -73.945344], [40.813064, -73.945344], [40.813064, -73.945345], [40.813065, -73.945346], [40.813066, -73.945346]]"
981e42b6-3953-4623-b490-6f561cd1c222,Crime Cluster 62,40.778237,-73.954247,0.517,"[[40.777874, -73.948643], [40.777873, -73.948642], [40.777873, -73.948642], [40.777872, -73.948641], [40.777871, -73.948641], [40.77787, -73.94864], [40.777869, -73.94864], [40.777868, -73.94864], [40.777867, -73.94864], [40.777867, -73.94864], [40.777866, -73.948641], [40.777865, -73.948641], [40.777864, -73.948641], [40.777863, -73.948642], [40.777863, -73.948643], [40.777862, -73.948643], [40.777861, -73.948644], [40.773672, -73.954798], [40.773672, -73.954799], [40.773671, -73.9548], [40.773671, -73.954801], [40.773671, -73.954802], [40.77367, -73.954803], [40.77367, -73.954804], [40.77367, -73.954806], [40.77367, -73.954807], [40.77367, -73.954808], [40.77367, -73.954809], [40.773671, -73.95481], [40.773671, -73.954811], [40.773671, -73.954812], [40.773672, -73.954813], [40.773672, -73.954814], [40.773673, -73.954815], [40.773674, -73.954816], [40.773674, -73.954816], [40.779853, -73.959552], [40.779854, -73.959553], [40.779855, -73.959553], [40.779856, -73.959554], [40.779857, -73.959554], [40.779858, -73.959554], [40.779859, -73.959554], [40.77986, -73.959554], [40.779861, -73.959553], [40.779862, -73.959553], [40.779862, -73.959552], [40.781853, -73.958103], [40.781854, -73.958103], [40.781855, -73.958102], [40.781855, -73.958101], [40.781856, -73.9581], [40.781857, -73.9581], [40.781857, -73.958099], [40.781857, -73.958097], [40.781858, -73.958096], [40.781858, -73.958095], [40.781858, -73.958094], [40.781858, -73.958093], [40.781858, -73.958092], [40.781858, -73.958091], [40.781858, -73.95809], [40.781857, -73.958088], [40.779503, -73.950559], [40.779503, -73.950559], [40.779503, -73.950558], [40.779502, -73.950557], [40.779502, -73.950556], [40.779501, -73.950555]]"
27b5f6a8-09e2-4e8a-9e61-64c94cf353e3,Crime Cluster 8,40.641092,-74.076358,0.461,"[[40.643737, -74.072794], [40.643737, -74.072793], [40.643737, -74.072792], [40.643736, -74.072791], [40.643736, -74.07279], [40.643735, -74.072789], [40.643734, -74.072788], [40.643733, -74.072788], [40.643733, -74.072787], [40.643732, -74.072787], [40.643731, -74.072786], [40.64373, -74.072786], [40.643729, -74.072786], [40.643728, -74.072786], [40.643727, -74.072786], [40.643727, -74.072787], [40.643726, -74.072787], [40.637064, -74.076193], [40.637063, -74.076193], [40.637062, -74.076194], [40.637061, -74.076195], [40.637061, -74.076195], [40.63706, -74.076196], [40.63706, -74.076197], [40.637059, -74.076198], [40.637059, -74.076199], [40.637058, -74.0762], [40.637058, -74.076201], [40.637058, -74.076203], [40.637058, -74.076204], [40.637058, -74.076205], [40.637058, -74.076206], [40.637058, -74.076207], [40.637804, -74.079691], [40.637805, -74.079692], [40.637805, -74.079693], [40.637805, -74.079694], [40.637806, -74.079695], [40.637806, -74.079696], [40.637807, -74.079697], [40.637808, -74.079698], [40.637808, -74.079698], [40.637809, -74.079699], [40.63781, -74.079699], [40.637811, -74.079699], [40.637812, -74.0797], [40.637813, -74.0797], [40.637813, -74.0797], [40.637814, -74.0797], [40.637815, -74.0797], [40.644728, -74.077494], [40.644729, -74.077494], [40.64473, -74.077494], [40.644731, -74.077493], [40.645001, -74.077273], [40.645001, -74.077272], [40.645002, -74.077272], [40.645003, -74.077271], [40.645003, -74.07727], [40.645004, -74.077269], [40.645004, -74.077268], [40.645004, -74.077267], [40.645005, -74.077266], [40.645005, -74.077265], [40.645005, -74.077263], [40.645005, -74.077262], [40.645005, -74.077261], [40.645005, -74.07726], [40.645004, -74.077259]]"
d8aa4912-b7ff-4003-8d31-a4d901d57383,Crime Cluster 77,40.65407,-73.931015,0.768,"[[40.650918, -73.930283], [40.650917, -73.930283], [40.650916, -73.930284], [40.650916, -73.930284], [40.650915, -73.930285], [40.650914, -73.930286], [40.650914, -73.930287], [40.650913, -73.930288], [40.650913, -73.930289], [40.650913, -73.93029], [40.650912, -73.930291], [40.650912, -73.930292], [40.650912, -73.930293], [40.650912, -73.930295], [40.650912, -73.930296], [40.650912, -73.930297], [40.650913, -73.930298], [40.651619, -73.932814], [40.651619, -73.932815], [40.651619, -73.932816], [40.65162, -73.932817], [40.65162, -73.932818], [40.651621, -73.932819], [40.651622, -73.932819], [40.651622, -73.93282], [40.651623, -73.932821], [40.651624, -73.932821], [40.651625, -73.932821], [40.651625, -73.932822], [40.651626, -73.932822], [40.651627, -73.932822], [40.651628, -73.932822], [40.660963, -73.931378], [40.660964, -73.931378], [40.660965, -73.931377], [40.660966, -73.931377], [40.660966, -73.931376], [40.660967, -73.931376], [40.660968, -73.931375], [40.660968, -73.931374], [40.660969, -73.931373], [40.66097, -73.931372], [40.66097, -73.931371], [40.66097, -73.93137], [40.660971, -73.931369], [40.660971, -73.931368], [40.660971, -73.931367], [40.660971, -73.931366], [40.660971, -73.931365], [40.660971, -73.931363], [40.660971, -73.931362], [40.66097, -73.931361], [40.66097, -73.93136], [40.660969, -73.931359], [40.660969, -73.931358], [40.660968, -73.931357], [40.660968, -73.931357], [40.660967, -73.931356], [40.660966, -73.931355], [40.660965, -73.931355], [40.660964, -73.931355], [40.660964, -73.931354], [40.656649, -73.930389], [40.656648, -73.930389], [40.651838, -73.929875], [40.651837, -73.929875], [40.651836, -73.929875], [40.651835, -73.929875], [40.651834, -73.929876]]"
b05e9390-eff2-4cd9-9fb3-cee1c7de2b1d,Crime Cluster 89,40.834574,-73.942189,0.373,"[[40.836249, -73.943293], [40.83625, -73.943293], [40.836251, -73.943292], [40.836251, -73.943291], [40.836252, -73.94329], [40.836253, -73.943289], [40.836253, -73.943288], [40.836253, -73.943287], [40.836254, -73.943286], [40.836955, -73.940107], [40.836955, -73.940106], [40.836955, -73.940104], [40.836955, -73.940103], [40.836927, -73.93907], [40.836927, -73.939068], [40.836927, -73.939067], [40.836927, -73.939066], [40.836926, -73.939065], [40.836926, -73.939064], [40.836925, -73.939063], [40.836925, -73.939062], [40.836924, -73.939061], [40.836924, -73.939061], [40.836923, -73.93906], [40.836922, -73.939059], [40.836921, -73.939059], [40.836921, -73.939059], [40.83692, -73.939058], [40.836919, -73.939058], [40.836918, -73.939058], [40.836917, -73.939058], [40.836916, -73.939058], [40.836915, -73.939059], [40.836915, -73.939059], [40.831226, -73.942163], [40.831225, -73.942164], [40.831224, -73.942164], [40.831223, -73.942165], [40.831223, -73.942166], [40.831222, -73.942167], [40.831222, -73.942167], [40.831221, -73.942168], [40.831221, -73.94217], [40.83122, -73.942171], [40.83122, -73.942172], [40.83122, -73.942173], [40.83122, -73.942174], [40.83122, -73.942175], [40.83122, -73.942176], [40.83122, -73.942178], [40.831221, -73.942179], [40.831221, -73.94218], [40.83156, -73.942987], [40.83156, -73.942988], [40.831561, -73.942989], [40.831561, -73.94299], [40.831562, -73.94299], [40.831563, -73.942991], [40.833816, -73.945064], [40.833817, -73.945064], [40.833817, -73.945065], [40.833818, -73.945065], [40.833819, -73.945066], [40.83382, -73.945066], [40.833821, -73.945066], [40.833822, -73.945066], [40.833823, -73.945066], [40.833824, -73.945065], [40.833825, -73.945065], [40.833825, -73.945064], [40.834065, -73.94489], [40.834065, -73.94489], [40.834999, -73.944207]]"
a6e43646-a6d8-43b6-ae21-2d56bda3ca42,Crime Cluster 108,40.844873,-73.909949,0.357,"[[40.841784, -73.911083], [40.841783, -73.911084], [40.841782, -73.911085], [40.841782, -73.911086], [40.841782, -73.911087], [40.841781, -73.911088], [40.841781, -73.911089], [40.841781, -73.91109], [40.841781, -73.911091], [40.841781, -73.911093], [40.841781, -73.911094], [40.841782, -73.911095], [40.841782, -73.911096], [40.841782, -73.911097], [40.841783, -73.911098], [40.841783, -73.911099], [40.841784, -73.9111], [40.841785, -73.911101], [40.841785, -73.911101], [40.841786, -73.911102], [40.843171, -73.911958], [40.843172, -73.911958], [40.843173, -73.911958], [40.843174, -73.911959], [40.843175, -73.911959], [40.843175, -73.911959], [40.843176, -73.911959], [40.843177, -73.911958], [40.843539, -73.911832], [40.84354, -73.911832], [40.844771, -73.911327], [40.844771, -73.911327], [40.844772, -73.911327], [40.846724, -73.910035], [40.846725, -73.910034], [40.846725, -73.910033], [40.846726, -73.910033], [40.846727, -73.910032], [40.846727, -73.910031], [40.846728, -73.91003], [40.846728, -73.910029], [40.846728, -73.910028], [40.846729, -73.910027], [40.846729, -73.910026], [40.846729, -73.910025], [40.846729, -73.910024], [40.846729, -73.910022], [40.846729, -73.910021], [40.846729, -73.91002], [40.846536, -73.909245], [40.846535, -73.909245], [40.845983, -73.907456], [40.845983, -73.907454], [40.845982, -73.907453], [40.845982, -73.907453], [40.845981, -73.907452], [40.845981, -73.907451], [40.84598, -73.90745], [40.845979, -73.90745], [40.845979, -73.907449], [40.845978, -73.907449], [40.845977, -73.907448], [40.845976, -73.907448], [40.845975, -73.907448], [40.845974, -73.907448], [40.845973, -73.907448], [40.845972, -73.907449], [40.845972, -73.907449], [40.845971, -73.907449], [40.842919, -73.909548], [40.842918, -73.909548], [40.842918, -73.909549], [40.842917, -73.90955]]"
cf557c47-dc77-4902-8498-5946c1e0d0d5,Crime Cluster 83,40.708689,-74.009718,0.849,"[[40.715919, -74.01011], [40.71592, -74.010109], [40.71592, -74.010108], [40.71592, -74.010107], [40.715921, -74.010106], [40.715921, -74.010105], [40.715921, -74.010104], [40.715921, -74.010103], [40.715921, -74.010102], [40.715507, -74.005197], [40.715507, -74.005196], [40.715507, -74.005194], [40.715506, -74.005193], [40.715506, -74.005192], [40.715505, -74.005191], [40.715505, -74.00519], [40.715504, -74.005189], [40.715504, -74.005189], [40.715503, -74.005188], [40.715502, -74.005187], [40.715501, -74.005187], [40.7155, -74.005187], [40.715499, -74.005186], [40.715499, -74.005186], [40.708108, -74.004561], [40.708107, -74.004561], [40.707145, -74.004517], [40.707144, -74.004517], [40.707144, -74.004517], [40.707143, -74.004518], [40.707142, -74.004518], [40.707141, -74.004518], [40.70714, -74.004519], [40.70714, -74.00452], [40.707139, -74.00452], [40.704997, -74.007137], [40.704997, -74.007138], [40.70168, -74.01162], [40.701679, -74.011621], [40.701678, -74.011622], [40.701678, -74.011623], [40.701678, -74.011624], [40.701677, -74.011625], [40.701497, -74.012548], [40.701496, -74.012549], [40.701496, -74.01255], [40.701496, -74.012551], [40.701496, -74.012553], [40.701497, -74.012554], [40.701497, -74.012555], [40.701497, -74.012556], [40.701498, -74.012557], [40.701498, -74.012558], [40.701499, -74.012559], [40.701499, -74.01256], [40.7015, -74.01256], [40.701501, -74.012561], [40.701502, -74.012562], [40.704545, -74.014301], [40.704546, -74.014301], [40.704547, -74.014301], [40.704548, -74.014302], [40.704549, -74.014302], [40.70455, -74.014301], [40.70754, -74.013788], [40.707541, -74.013787], [40.71526, -74.01125], [40.715261, -74.01125], [40.715262, -74.01125], [40.715263, -74.011249], [40.715263, -74.011249], [40.715264, -74.011248], [40.715265, -74.011247], [40.715265, -74.011246]]"
be0a7017-c9ef-40e1-913d-8131a52058a0,Crime Cluster 111,40.834654,-73.91959,0.444,"[[40.831837, -73.921358], [40.831837, -73.921359], [40.831837, -73.921361], [40.831837, -73.921362], [40.831837, -73.921363], [40.831965, -73.92349], [40.831965, -73.923491], [40.831965, -73.923492], [40.831965, -73.923494], [40.831966, -73.923495], [40.831966, -73.923496], [40.831967, -73.923497], [40.831967, -73.923498], [40.831968, -73.923498], [40.831969, -73.923499], [40.83197, -73.9235], [40.83197, -73.9235], [40.831971, -73.923501], [40.831972, -73.923501], [40.831973, -73.923501], [40.831974, -73.923501], [40.836539, -73.923341], [40.83654, -73.923341], [40.836541, -73.923341], [40.836542, -73.92334], [40.836543, -73.92334], [40.836544, -73.923339], [40.836544, -73.923338], [40.836545, -73.923338], [40.836546, -73.923337], [40.837238, -73.922295], [40.837238, -73.922294], [40.837239, -73.922293], [40.837239, -73.922292], [40.83724, -73.922291], [40.83724, -73.92229], [40.83724, -73.922288], [40.83724, -73.922287], [40.83724, -73.922286], [40.83724, -73.922285], [40.83724, -73.922284], [40.837239, -73.922283], [40.837239, -73.922282], [40.834784, -73.916012], [40.834784, -73.916011], [40.834783, -73.91601], [40.834782, -73.916009], [40.834782, -73.916008], [40.834781, -73.916007], [40.83478, -73.916007], [40.83478, -73.916006], [40.834779, -73.916006], [40.834778, -73.916005], [40.834777, -73.916005], [40.833839, -73.915847], [40.833838, -73.915847], [40.833837, -73.915847], [40.833836, -73.915847], [40.833835, -73.915847], [40.833834, -73.915847], [40.833834, -73.915848], [40.833833, -73.915848], [40.833832, -73.915849], [40.833831, -73.91585], [40.833831, -73.915851], [40.83383, -73.915852], [40.832707, -73.917918], [40.832706, -73.917919], [40.832706, -73.91792], [40.832705, -73.917921]]"
eed2299e-ae8c-463f-b8a4-11716aa5f9f5,Crime Cluster 78,40.808753,-73.920811,0.721,"[[40.811985, -73.914286], [40.811985, -73.914284], [40.811985, -73.914283], [40.811984, -73.914282], [40.811984, -73.914281], [40.811984, -73.91428], [40.811983, -73.914279], [40.811983, -73.914278], [40.811982, -73.914277], [40.811981, -73.914277], [40.811981, -73.914276], [40.81198, -73.914275], [40.811979, -73.914275], [40.811978, -73.914275], [40.811977, -73.914274], [40.811977, -73.914274], [40.805197, -73.913645], [40.805196, -73.913645], [40.805195, -73.913645], [40.805194, -73.913645], [40.805193, -73.913646], [40.805192, -73.913646], [40.805191, -73.913647], [40.805191, -73.913647], [40.80519, -73.913648], [40.805189, -73.913649], [40.805189, -73.91365], [40.805188, -73.913651], [40.805188, -73.913652], [40.805188, -73.913653], [40.805187, -73.913654], [40.805187, -73.913655], [40.805187, -73.913656], [40.805187, -73.913658], [40.805187, -73.913659], [40.805187, -73.91366], [40.807178, -73.924283], [40.807178, -73.924284], [40.807179, -73.924285], [40.807179, -73.924286], [40.807179, -73.924287], [40.809725, -73.929019], [40.809725, -73.92902], [40.809726, -73.929021], [40.809727, -73.929021], [40.809727, -73.929022], [40.809728, -73.929023], [40.809729, -73.929023], [40.80973, -73.929023], [40.809731, -73.929024], [40.809731, -73.929024], [40.809732, -73.929024], [40.809733, -73.929024], [40.809734, -73.929024], [40.809735, -73.929023], [40.809736, -73.929023], [40.809737, -73.929022], [40.811407, -73.92772], [40.811407, -73.927719], [40.811408, -73.927719], [40.811409, -73.927718], [40.812347, -73.926257], [40.812347, -73.926256], [40.812348, -73.926255], [40.812348, -73.926254], [40.812348, -73.926253], [40.812349, -73.926252], [40.812349, -73.926251], [40.812349, -73.92625], [40.812349, -73.926249]]"
f3445552-e10e-494d-ab1e-12cfaf16c18d,Crime Cluster 91,40.824139,-73.950988,0.729,"[[40.818822, -73.954141], [40.818822, -73.954142], [40.818822, -73.954143], [40.818822, -73.954145], [40.818822, -73.954146], [40.818823, -73.954147], [40.818823, -73.954148], [40.818824, -73.954149], [40.818824, -73.95415], [40.818825, -73.954151], [40.820614, -73.956309], [40.820615, -73.95631], [40.820615, -73.95631], [40.820616, -73.956311], [40.820617, -73.956311], [40.820618, -73.956312], [40.820619, -73.956312], [40.82062, -73.956312], [40.820621, -73.956312], [40.820621, -73.956312], [40.820622, -73.956311], [40.820623, -73.956311], [40.820624, -73.956311], [40.827064, -73.952022], [40.827065, -73.952021], [40.827065, -73.95202], [40.827066, -73.95202], [40.827067, -73.952019], [40.829293, -73.948371], [40.829293, -73.948371], [40.829294, -73.94837], [40.829294, -73.948369], [40.829295, -73.948368], [40.829295, -73.948366], [40.829632, -73.946262], [40.829632, -73.946261], [40.829632, -73.94626], [40.829632, -73.946259], [40.829632, -73.946258], [40.829632, -73.946257], [40.829631, -73.946256], [40.829631, -73.946254], [40.82963, -73.946253], [40.82963, -73.946252], [40.829629, -73.946252], [40.829629, -73.946251], [40.829628, -73.94625], [40.829627, -73.94625], [40.829626, -73.946249], [40.829626, -73.946249], [40.829625, -73.946248], [40.829624, -73.946248], [40.829623, -73.946248], [40.829622, -73.946248], [40.824941, -73.946902], [40.82494, -73.946902], [40.824939, -73.946903], [40.824939, -73.946903], [40.824938, -73.946904], [40.824937, -73.946904], [40.818944, -73.952191], [40.818943, -73.952192], [40.818943, -73.952193], [40.818942, -73.952194], [40.818942, -73.952195], [40.818941, -73.952196], [40.818941, -73.952197], [40.81894, -73.952198], [40.81894, -73.952199], [40.81894, -73.9522]]"
025dda38-ca84-44d5-ba4b-904622b73721,Crime Cluster 87,40.791235,-73.944332,0.552,"[[40.786741, -73.942149], [40.78674, -73.942149], [40.786739, -73.94215], [40.786739, -73.942151], [40.786738, -73.942152], [40.786737, -73.942153], [40.786737, -73.942154], [40.786737, -73.942155], [40.786736, -73.942156], [40.786736, -73.942157], [40.786736, -73.942158], [40.786736, -73.942159], [40.786736, -73.942161], [40.786736, -73.942162], [40.786737, -73.942163], [40.78806, -73.947236], [40.78806, -73.947237], [40.78806, -73.947238], [40.788061, -73.947239], [40.788061, -73.94724], [40.788062, -73.947241], [40.788063, -73.947241], [40.788063, -73.947242], [40.788064, -73.947243], [40.788065, -73.947243], [40.790653, -73.948506], [40.790654, -73.948506], [40.790655, -73.948507], [40.790655, -73.948507], [40.790656, -73.948507], [40.790657, -73.948507], [40.790658, -73.948507], [40.795811, -73.946849], [40.795812, -73.946848], [40.795813, -73.946848], [40.795814, -73.946847], [40.795814, -73.946847], [40.795815, -73.946846], [40.795816, -73.946845], [40.795816, -73.946844], [40.795817, -73.946843], [40.795817, -73.946842], [40.795817, -73.946841], [40.795818, -73.94684], [40.795818, -73.946839], [40.795818, -73.946838], [40.795818, -73.946837], [40.795784, -73.944753], [40.795784, -73.944752], [40.795784, -73.94475], [40.795783, -73.944749], [40.795089, -73.942109], [40.795089, -73.942108], [40.795089, -73.942107], [40.79415, -73.939862], [40.794149, -73.939861], [40.794149, -73.93986], [40.794148, -73.939859], [40.794148, -73.939859], [40.794147, -73.939858], [40.794146, -73.939857], [40.794145, -73.939857], [40.794144, -73.939857], [40.794143, -73.939856], [40.794143, -73.939856], [40.794142, -73.939856], [40.789624, -73.940055], [40.789623, -73.940055], [40.789622, -73.940055], [40.789621, -73.940055], [40.789621, -73.940056], [40.78962, -73.940056]]"
041ef083-cd34-4e43-8871-71ba2bf59478,Crime Cluster 69,40.828486,-73.877336,0.648,"[[40.830443, -73.871343], [40.830442, -73.871342], [40.830442, -73.871341], [40.830441, -73.87134], [40.83044, -73.871339], [40.830439, -73.871339], [40.830439, -73.871338], [40.830438, -73.871338], [40.830437, -73.871337], [40.830436, -73.871337], [40.830435, -73.871337], [40.830434, -73.871337], [40.830433, -73.871337], [40.830433, -73.871338], [40.830432, -73.871338], [40.830431, -73.871338], [40.823706, -73.87585], [40.823705, -73.875851], [40.823704, -73.875852], [40.823704, -73.875852], [40.823703, -73.875853], [40.823703, -73.875854], [40.823702, -73.875855], [40.823702, -73.875856], [40.823701, -73.875857], [40.823701, -73.875859], [40.823701, -73.87586], [40.823701, -73.875861], [40.823701, -73.875862], [40.823701, -73.875863], [40.823701, -73.875864], [40.823702, -73.875865], [40.823702, -73.875867], [40.823702, -73.875868], [40.824924, -73.878328], [40.824925, -73.878329], [40.826999, -73.881674], [40.827, -73.881674], [40.827, -73.881675], [40.827001, -73.881676], [40.827002, -73.881676], [40.827002, -73.881677], [40.827003, -73.881677], [40.827004, -73.881678], [40.827005, -73.881678], [40.827006, -73.881678], [40.827007, -73.881678], [40.828395, -73.881525], [40.828396, -73.881525], [40.828396, -73.881524], [40.834064, -73.879556], [40.834065, -73.879556], [40.834066, -73.879556], [40.834067, -73.879555], [40.834067, -73.879554], [40.834068, -73.879554], [40.834069, -73.879553], [40.834069, -73.879552], [40.83407, -73.879551], [40.83407, -73.87955], [40.834071, -73.879549], [40.834071, -73.879547], [40.834071, -73.879546], [40.834071, -73.879545], [40.834071, -73.879544], [40.834071, -73.879543], [40.834071, -73.879542], [40.83407, -73.87954], [40.83407, -73.879539], [40.83277, -73.876325], [40.83277, -73.876325]]"
ad65d110-4a79-4648-833c-184855dfd490,Crime Cluster 51,40.727299,-73.952793,0.649,"[[40.721703, -73.950636], [40.721703, -73.950636], [40.721702, -73.950637], [40.721701, -73.950637], [40.7217, -73.950638], [40.721699, -73.950638], [40.721699, -73.950639], [40.721698, -73.95064], [40.721698, -73.950641], [40.721697, -73.950642], [40.721697, -73.950643], [40.721697, -73.950644], [40.721696, -73.950645], [40.721696, -73.950646], [40.721696, -73.950647], [40.721696, -73.950648], [40.721696, -73.95065], [40.721696, -73.950651], [40.721697, -73.950652], [40.721697, -73.950653], [40.721697, -73.950654], [40.721698, -73.950655], [40.721698, -73.950656], [40.721699, -73.950656], [40.7217, -73.950657], [40.7217, -73.950658], [40.721701, -73.950658], [40.730034, -73.955931], [40.730035, -73.955931], [40.730036, -73.955932], [40.730037, -73.955932], [40.730038, -73.955932], [40.730039, -73.955932], [40.730039, -73.955932], [40.73004, -73.955931], [40.730041, -73.955931], [40.730042, -73.955931], [40.730043, -73.95593], [40.730044, -73.955929], [40.730044, -73.955929], [40.730045, -73.955928], [40.730045, -73.955927], [40.730046, -73.955926], [40.730046, -73.955925], [40.73056, -73.954317], [40.730561, -73.954315], [40.730561, -73.954314], [40.730561, -73.954313], [40.730561, -73.954312], [40.730561, -73.954311], [40.730561, -73.954309], [40.730561, -73.954308], [40.729739, -73.951067], [40.729738, -73.951066], [40.729738, -73.951065], [40.729737, -73.951064], [40.729737, -73.951063], [40.729736, -73.951062], [40.729736, -73.951062], [40.729735, -73.951061], [40.729734, -73.95106], [40.729733, -73.95106], [40.729732, -73.95106], [40.729732, -73.951059], [40.729731, -73.951059], [40.722976, -73.950315], [40.722975, -73.950315], [40.722974, -73.950315], [40.722973, -73.950315]]"
df68e231-6854-4e26-a4ce-bc1f0fd4629d,Crime Cluster 49,40.879651,-73.904336,0.758,"[[40.882436, -73.899312], [40.882436, -73.899311], [40.882435, -73.899311], [40.882434, -73.899311], [40.882433, -73.899311], [40.882432, -73.899311], [40.882431, -73.899312], [40.88243, -73.899312], [40.872875, -73.905185], [40.872874, -73.905186], [40.872874, -73.905186], [40.872873, -73.905187], [40.872872, -73.905188], [40.872872, -73.905189], [40.872871, -73.90519], [40.872871, -73.905191], [40.872871, -73.905192], [40.87287, -73.905193], [40.87287, -73.905194], [40.87287, -73.905196], [40.87287, -73.905197], [40.87287, -73.905198], [40.87287, -73.905199], [40.872871, -73.9052], [40.873936, -73.908792], [40.873936, -73.908794], [40.874447, -73.910008], [40.874448, -73.910009], [40.874448, -73.91001], [40.874449, -73.910011], [40.874449, -73.910011], [40.87445, -73.910012], [40.874451, -73.910013], [40.874452, -73.910013], [40.874453, -73.910013], [40.874453, -73.910014], [40.874454, -73.910014], [40.874455, -73.910014], [40.874456, -73.910014], [40.874457, -73.910014], [40.874458, -73.910013], [40.874459, -73.910013], [40.874459, -73.910012], [40.882867, -73.903585], [40.882868, -73.903584], [40.883116, -73.903329], [40.883117, -73.903329], [40.885495, -73.900452], [40.885496, -73.900451], [40.885496, -73.90045], [40.885497, -73.900449], [40.885497, -73.900448], [40.885497, -73.900447], [40.885498, -73.900446], [40.885498, -73.900445], [40.885498, -73.900444], [40.885498, -73.900443], [40.885498, -73.900441], [40.885498, -73.90044], [40.885497, -73.900439], [40.885497, -73.900438], [40.885497, -73.900437], [40.885496, -73.900436], [40.885496, -73.900435], [40.885495, -73.900434], [40.885494, -73.900434], [40.885494, -73.900433], [40.885493, -73.900432], [40.885492, -73.900432], [40.885491, -73.900432]]"
66ecbf96-e291-43eb-9009-c45f11db1a2b,Crime Cluster 12,40.680667,-73.778684,1.13,"[[40.684287, -73.783015], [40.684287, -73.783014], [40.683787, -73.769744], [40.683787, -73.769742], [40.683786, -73.769741], [40.683786, -73.76974], [40.683786, -73.769739], [40.683785, -73.769738], [40.683785, -73.769737], [40.683784, -73.769736], [40.683784, -73.769735], [40.683783, -73.769735], [40.683782, -73.769734], [40.683781, -73.769733], [40.683781, -73.769733], [40.68378, -73.769733], [40.683779, -73.769732], [40.683778, -73.769732], [40.683777, -73.769732], [40.683776, -73.769732], [40.683775, -73.769733], [40.683774, -73.769733], [40.683774, -73.769734], [40.683773, -73.769734], [40.683772, -73.769735], [40.683771, -73.769736], [40.683771, -73.769736], [40.679694, -73.77604], [40.679693, -73.776041], [40.678111, -73.779274], [40.678111, -73.779275], [40.678111, -73.779276], [40.67811, -73.779277], [40.67811, -73.779278], [40.67811, -73.779279], [40.67811, -73.77928], [40.67811, -73.779281], [40.67811, -73.779282], [40.67811, -73.779283], [40.678111, -73.779284], [40.678111, -73.779285], [40.678111, -73.779286], [40.683879, -73.791382], [40.68388, -73.791383], [40.68388, -73.791384], [40.683881, -73.791385], [40.683882, -73.791386], [40.683882, -73.791386], [40.683883, -73.791387], [40.683884, -73.791387], [40.683885, -73.791388], [40.683886, -73.791388], [40.683887, -73.791388], [40.683888, -73.791388], [40.683888, -73.791388], [40.683889, -73.791387], [40.68389, -73.791387], [40.683891, -73.791387], [40.683892, -73.791386], [40.683892, -73.791386], [40.683893, -73.791385], [40.683894, -73.791384], [40.683894, -73.791383], [40.683895, -73.791382], [40.683895, -73.791381], [40.683895, -73.79138], [40.683896, -73.791379], [40.683896, -73.791378], [40.683896, -73.791377]]"
edae6350-621b-4133-a1df-a9ef99100129,Crime Cluster 86,40.801826,-73.952279,0.579,"[[40.802659, -73.947112], [40.802658, -73.947111], [40.802658, -73.94711], [40.802657, -73.947109], [40.802656, -73.947108], [40.802655, -73.947108], [40.802655, -73.947107], [40.802654, -73.947107], [40.802653, -73.947106], [40.802652, -73.947106], [40.802651, -73.947106], [40.80265, -73.947106], [40.80265, -73.947106], [40.802649, -73.947107], [40.79729, -73.948915], [40.797289, -73.948915], [40.797288, -73.948915], [40.797287, -73.948916], [40.797287, -73.948916], [40.797286, -73.948917], [40.797285, -73.948918], [40.797285, -73.948919], [40.797284, -73.94892], [40.797284, -73.948921], [40.797284, -73.948922], [40.797283, -73.948923], [40.797283, -73.948924], [40.797283, -73.948925], [40.797283, -73.948926], [40.797283, -73.948928], [40.797283, -73.948929], [40.797662, -73.951106], [40.797662, -73.951107], [40.797663, -73.951108], [40.797663, -73.951109], [40.798235, -73.952468], [40.798834, -73.953888], [40.798835, -73.953889], [40.798835, -73.95389], [40.798836, -73.953891], [40.798837, -73.953891], [40.798837, -73.953892], [40.798838, -73.953893], [40.798839, -73.953893], [40.803427, -73.956103], [40.803428, -73.956103], [40.803428, -73.956104], [40.803429, -73.956104], [40.80343, -73.956104], [40.804726, -73.956107], [40.804727, -73.956107], [40.804728, -73.956107], [40.804728, -73.956106], [40.804729, -73.956106], [40.80473, -73.956106], [40.804731, -73.956105], [40.804731, -73.956104], [40.804732, -73.956104], [40.804733, -73.956103], [40.806046, -73.954194], [40.806046, -73.954193], [40.806047, -73.954192], [40.806047, -73.954191], [40.806047, -73.95419], [40.806048, -73.954189], [40.806048, -73.954188], [40.806048, -73.954186], [40.806048, -73.954185], [40.806048, -73.954184], [40.806048, -73.954183], [40.806047, -73.954182], [40.806047, -73.954181], [40.806047, -73.95418]]"
5d336167-b56f-4739-be91-878b4f4535d3,Crime Cluster 29,40.637105,-74.008698,0.527,"[[40.641609, -74.006798], [40.64161, -74.006798], [40.641611, -74.006797], [40.641611, -74.006796], [40.641612, -74.006795], [40.641613, -74.006794], [40.641613, -74.006793], [40.641613, -74.006792], [40.641614, -74.006791], [40.641614, -74.00679], [40.641614, -74.006789], [40.641614, -74.006788], [40.641614, -74.006787], [40.641614, -74.006786], [40.641614, -74.006785], [40.641613, -74.006783], [40.641613, -74.006782], [40.641612, -74.006781], [40.641612, -74.006781], [40.641611, -74.00678], [40.641611, -74.006779], [40.64161, -74.006778], [40.641609, -74.006778], [40.641609, -74.006777], [40.641608, -74.006777], [40.641607, -74.006776], [40.641606, -74.006776], [40.638597, -74.00632], [40.638596, -74.00632], [40.638595, -74.00632], [40.638594, -74.00632], [40.638594, -74.006321], [40.638593, -74.006321], [40.638592, -74.006321], [40.638591, -74.006322], [40.63859, -74.006323], [40.638029, -74.006905], [40.638029, -74.006905], [40.633508, -74.011608], [40.633508, -74.011608], [40.633507, -74.011609], [40.633507, -74.01161], [40.633506, -74.011611], [40.633506, -74.011612], [40.633505, -74.011613], [40.633505, -74.011614], [40.633505, -74.011615], [40.633505, -74.011617], [40.633505, -74.011618], [40.633505, -74.011619], [40.633505, -74.01162], [40.633506, -74.011621], [40.633506, -74.011622], [40.633506, -74.011623], [40.633507, -74.011624], [40.633507, -74.011625], [40.633508, -74.011626], [40.633509, -74.011626], [40.633509, -74.011627], [40.63351, -74.011628], [40.633511, -74.011628], [40.633512, -74.011628], [40.633513, -74.011629], [40.633513, -74.011629], [40.633514, -74.011629], [40.633515, -74.011629], [40.635578, -74.011274], [40.635579, -74.011274], [40.63558, -74.011273], [40.635581, -74.011273], [40.635581, -74.011272]]"
9f41efa2-db7d-48c4-9535-700f271f90fa,Crime Cluster 24,40.823477,-73.857209,0.415,"[[40.820939, -73.858009], [40.820938, -73.85801], [40.820938, -73.858011], [40.820937, -73.858012], [40.820937, -73.858013], [40.820937, -73.858015], [40.820937, -73.858016], [40.820937, -73.858017], [40.820937, -73.858018], [40.820937, -73.858019], [40.820938, -73.85802], [40.820938, -73.858021], [40.820938, -73.858022], [40.820939, -73.858023], [40.820939, -73.858024], [40.82094, -73.858025], [40.820941, -73.858026], [40.820941, -73.858026], [40.820942, -73.858027], [40.820943, -73.858027], [40.820944, -73.858028], [40.826274, -73.859714], [40.826275, -73.859715], [40.826276, -73.859715], [40.826277, -73.859715], [40.826278, -73.859715], [40.826278, -73.859714], [40.826279, -73.859714], [40.82628, -73.859714], [40.826281, -73.859713], [40.826282, -73.859712], [40.826282, -73.859712], [40.826283, -73.859711], [40.826283, -73.85971], [40.826284, -73.859709], [40.826284, -73.859708], [40.826285, -73.859707], [40.826285, -73.859705], [40.826285, -73.859704], [40.826285, -73.859703], [40.826285, -73.859702], [40.826285, -73.859701], [40.826285, -73.8597], [40.825856, -73.857687], [40.825855, -73.857686], [40.825855, -73.857685], [40.823973, -73.852332], [40.823973, -73.852331], [40.823972, -73.85233], [40.823972, -73.852329], [40.823971, -73.852328], [40.82397, -73.852327], [40.82397, -73.852327], [40.823969, -73.852326], [40.823968, -73.852326], [40.823967, -73.852325], [40.823966, -73.852325], [40.823965, -73.852325], [40.823964, -73.852325], [40.823964, -73.852325], [40.823963, -73.852326], [40.823962, -73.852326], [40.823961, -73.852326], [40.82396, -73.852327], [40.823959, -73.852328], [40.823959, -73.852328], [40.823958, -73.852329], [40.823958, -73.85233]]"
6eb9ad7d-5829-425e-85a2-9e5761fe0882,Crime Cluster 58,40.651993,-73.950689,0.648,"[[40.648842, -73.951016], [40.648842, -73.951017], [40.648842, -73.951018], [40.648842, -73.951019], [40.648842, -73.95102], [40.648843, -73.951021], [40.648843, -73.951022], [40.648843, -73.951023], [40.648844, -73.951024], [40.648844, -73.951025], [40.648845, -73.951026], [40.648846, -73.951026], [40.648847, -73.951027], [40.653873, -73.954506], [40.653874, -73.954507], [40.653874, -73.954507], [40.653875, -73.954508], [40.653876, -73.954508], [40.653877, -73.954508], [40.653878, -73.954508], [40.653879, -73.954508], [40.65388, -73.954507], [40.65388, -73.954507], [40.653881, -73.954506], [40.657753, -73.951782], [40.657754, -73.951782], [40.657755, -73.951781], [40.657755, -73.95178], [40.657756, -73.95178], [40.657756, -73.951779], [40.657757, -73.951778], [40.657757, -73.951777], [40.657758, -73.951775], [40.657758, -73.951774], [40.657758, -73.951773], [40.657758, -73.951772], [40.657758, -73.951771], [40.657758, -73.95177], [40.657758, -73.951769], [40.657757, -73.951767], [40.657757, -73.951766], [40.657756, -73.951765], [40.657756, -73.951764], [40.657755, -73.951764], [40.657755, -73.951763], [40.657754, -73.951762], [40.655847, -73.950103], [40.655846, -73.950103], [40.655845, -73.950102], [40.655845, -73.950102], [40.65088, -73.948113], [40.650879, -73.948112], [40.650878, -73.948112], [40.650877, -73.948112], [40.650876, -73.948112], [40.650875, -73.948112], [40.650874, -73.948113], [40.650874, -73.948113], [40.650873, -73.948114], [40.650872, -73.948114], [40.650871, -73.948115], [40.650871, -73.948116], [40.648853, -73.950812], [40.648852, -73.950813], [40.648851, -73.950814], [40.648851, -73.950815], [40.648851, -73.950816], [40.64885, -73.950817], [40.64885, -73.950818], [40.64885, -73.950819]]"
c20f64a8-8e14-4d05-91da-379b4aadb8c7,Crime Cluster 63,40.79706,-73.968882,1.208,"[[40.807026, -73.964629], [40.807027, -73.964629], [40.807028, -73.964628], [40.807028, -73.964627], [40.807029, -73.964626], [40.80703, -73.964625], [40.80703, -73.964624], [40.80703, -73.964623], [40.807031, -73.964622], [40.807031, -73.964621], [40.807031, -73.96462], [40.807031, -73.964619], [40.807031, -73.964617], [40.807031, -73.964616], [40.807031, -73.964615], [40.80703, -73.964614], [40.80703, -73.964613], [40.807029, -73.964612], [40.807029, -73.964611], [40.807028, -73.96461], [40.807027, -73.96461], [40.807027, -73.964609], [40.807026, -73.964608], [40.807025, -73.964608], [40.807024, -73.964607], [40.801774, -73.962867], [40.801773, -73.962867], [40.801772, -73.962867], [40.801771, -73.962867], [40.798897, -73.963098], [40.798897, -73.963098], [40.798896, -73.963098], [40.798895, -73.963099], [40.798894, -73.963099], [40.798894, -73.9631], [40.790612, -73.969143], [40.790611, -73.969143], [40.79061, -73.969144], [40.79061, -73.969145], [40.790609, -73.969145], [40.790609, -73.969146], [40.787337, -73.975256], [40.787336, -73.975257], [40.787336, -73.975258], [40.787335, -73.975259], [40.787335, -73.97526], [40.787335, -73.975261], [40.787335, -73.975263], [40.787335, -73.975264], [40.787335, -73.975265], [40.787335, -73.975266], [40.787336, -73.975267], [40.787336, -73.975268], [40.787336, -73.975269], [40.787337, -73.97527], [40.787337, -73.975271], [40.787338, -73.975272], [40.787339, -73.975273], [40.787339, -73.975273], [40.78734, -73.975274], [40.787341, -73.975274], [40.787342, -73.975274], [40.787343, -73.975275], [40.787343, -73.975275], [40.787344, -73.975275], [40.787345, -73.975275], [40.787346, -73.975275], [40.791783, -73.973889], [40.791784, -73.973888], [40.791785, -73.973888], [40.803872, -73.966932], [40.803872, -73.966931]]"
ebaf0014-2c65-4e5b-9796-4d2a5e4b82ec,Crime Cluster 79,40.668328,-73.929908,0.762,"[[40.670811, -73.935119], [40.670811, -73.935119], [40.670812, -73.935118], [40.670813, -73.935118], [40.670814, -73.935118], [40.670815, -73.935117], [40.670815, -73.935116], [40.670816, -73.935116], [40.670817, -73.935115], [40.670817, -73.935114], [40.670818, -73.935113], [40.670818, -73.935112], [40.670819, -73.935111], [40.671928, -73.930834], [40.671928, -73.930833], [40.671928, -73.930832], [40.671928, -73.930831], [40.671928, -73.93083], [40.671928, -73.930829], [40.671928, -73.930828], [40.671254, -73.926711], [40.671254, -73.92671], [40.670056, -73.921169], [40.670055, -73.921168], [40.670055, -73.921167], [40.670055, -73.921166], [40.670054, -73.921165], [40.670053, -73.921164], [40.670053, -73.921163], [40.670052, -73.921162], [40.670051, -73.921162], [40.670051, -73.921161], [40.67005, -73.921161], [40.670049, -73.92116], [40.670048, -73.92116], [40.670047, -73.92116], [40.670046, -73.92116], [40.670045, -73.92116], [40.670044, -73.921161], [40.670044, -73.921161], [40.670043, -73.921162], [40.670042, -73.921162], [40.668368, -73.922622], [40.668367, -73.922622], [40.668366, -73.922623], [40.668366, -73.922624], [40.668365, -73.922624], [40.662658, -73.933005], [40.662657, -73.933006], [40.662657, -73.933007], [40.662657, -73.933008], [40.662656, -73.933009], [40.662656, -73.93301], [40.662656, -73.933011], [40.662656, -73.933013], [40.662656, -73.933014], [40.662656, -73.933015], [40.662657, -73.933016], [40.662657, -73.933017], [40.662657, -73.933018], [40.662658, -73.933019], [40.662658, -73.93302], [40.662659, -73.933021], [40.66266, -73.933021], [40.66266, -73.933022], [40.662661, -73.933023], [40.662662, -73.933023], [40.662663, -73.933023], [40.669024, -73.935283], [40.669025, -73.935284], [40.669026, -73.935284], [40.669027, -73.935284]]"
8787eb64-d7d8-4ab6-99df-c6622885f5c9,Crime Cluster 100,40.857742,-73.901234,1.723,"[[40.846246, -73.901747], [40.846246, -73.901748], [40.846245, -73.901749], [40.846245, -73.90175], [40.846244, -73.901751], [40.846244, -73.901752], [40.846244, -73.901754], [40.846244, -73.901755], [40.846244, -73.901756], [40.846244, -73.901757], [40.848295, -73.916895], [40.848295, -73.916896], [40.848296, -73.916898], [40.848296, -73.916899], [40.848725, -73.917888], [40.848726, -73.917889], [40.848726, -73.91789], [40.848727, -73.917891], [40.848728, -73.917891], [40.848728, -73.917892], [40.848729, -73.917893], [40.84873, -73.917893], [40.848731, -73.917893], [40.848732, -73.917894], [40.848732, -73.917894], [40.848733, -73.917894], [40.848734, -73.917894], [40.848735, -73.917894], [40.848736, -73.917893], [40.848737, -73.917893], [40.863158, -73.909075], [40.863159, -73.909075], [40.863159, -73.909074], [40.86316, -73.909073], [40.863161, -73.909072], [40.863161, -73.909072], [40.863162, -73.909071], [40.863162, -73.90907], [40.867484, -73.897407], [40.867484, -73.897406], [40.867484, -73.897406], [40.867903, -73.895642], [40.867903, -73.89564], [40.867903, -73.895639], [40.867903, -73.895638], [40.867903, -73.895637], [40.867903, -73.895636], [40.867903, -73.895635], [40.867902, -73.895634], [40.867902, -73.895633], [40.867902, -73.895632], [40.866526, -73.892616], [40.866525, -73.892615], [40.866525, -73.892614], [40.865662, -73.891294], [40.865661, -73.891293], [40.865661, -73.891293], [40.86566, -73.891292], [40.865659, -73.891291], [40.864721, -73.890672], [40.86472, -73.890672], [40.86472, -73.890672], [40.864719, -73.890671], [40.860747, -73.889569], [40.860746, -73.889569], [40.860745, -73.889569], [40.860744, -73.889569], [40.860743, -73.889569], [40.860742, -73.88957], [40.860741, -73.88957], [40.860741, -73.889571], [40.848057, -73.899087], [40.848056, -73.899087], [40.848055, -73.899088], [40.848054, -73.899089]]"
8987da47-ee9c-46e0-a268-3ca2a0bee919,Crime Cluster 39,40.864795,-73.923144,0.717,"[[40.869884, -73.920903], [40.869884, -73.920902], [40.869885, -73.920901], [40.869885, -73.920899], [40.869885, -73.920898], [40.869885, -73.920897], [40.869885, -73.920896], [40.869885, -73.920895], [40.869885, -73.920894], [40.869885, -73.920893], [40.869885, -73.920892], [40.869884, -73.920891], [40.869884, -73.92089], [40.869883, -73.920889], [40.867337, -73.916808], [40.867336, -73.916808], [40.867336, -73.916807], [40.867335, -73.916806], [40.867334, -73.916805], [40.867333, -73.916805], [40.867332, -73.916805], [40.867331, -73.916804], [40.86733, -73.916804], [40.86733, -73.916804], [40.863689, -73.917052], [40.863689, -73.917053], [40.863688, -73.917053], [40.863687, -73.917053], [40.863686, -73.917054], [40.863685, -73.917054], [40.863685, -73.917055], [40.863684, -73.917055], [40.860913, -73.920297], [40.860912, -73.920298], [40.860912, -73.920299], [40.860911, -73.9203], [40.860911, -73.920301], [40.860911, -73.920302], [40.86091, -73.920303], [40.86091, -73.920305], [40.86091, -73.920306], [40.860792, -73.926916], [40.860792, -73.926917], [40.860792, -73.926918], [40.861349, -73.930348], [40.861349, -73.93035], [40.86135, -73.930351], [40.86135, -73.930352], [40.861351, -73.930353], [40.861351, -73.930354], [40.861352, -73.930354], [40.861352, -73.930355], [40.861353, -73.930356], [40.861354, -73.930356], [40.861355, -73.930357], [40.861355, -73.930357], [40.861356, -73.930358], [40.861357, -73.930358], [40.861358, -73.930358], [40.861359, -73.930358], [40.86136, -73.930358], [40.86136, -73.930357], [40.866472, -73.928403], [40.866473, -73.928403], [40.866474, -73.928403], [40.866475, -73.928402], [40.866475, -73.928401], [40.866476, -73.928401], [40.866477, -73.9284], [40.866477, -73.928399], [40.866478, -73.928398]]"
930fbe85-8708-4566-aa17-b0bd682d43b3,Crime Cluster 57,40.650711,-73.959781,0.837,"[[40.64335, -73.957754], [40.643349, -73.957754], [40.643348, -73.957755], [40.643347, -73.957756], [40.643347, -73.957756], [40.643346, -73.957757], [40.643346, -73.957758], [40.643345, -73.957759], [40.643345, -73.95776], [40.643344, -73.957761], [40.643344, -73.957762], [40.643344, -73.957763], [40.643344, -73.957765], [40.643344, -73.957766], [40.643344, -73.957767], [40.643344, -73.957768], [40.643345, -73.957769], [40.643345, -73.95777], [40.643345, -73.957771], [40.643346, -73.957772], [40.643346, -73.957773], [40.643347, -73.957774], [40.648897, -73.964453], [40.648898, -73.964454], [40.648898, -73.964454], [40.648899, -73.964455], [40.6489, -73.964455], [40.648901, -73.964456], [40.648902, -73.964456], [40.648903, -73.964456], [40.648904, -73.964456], [40.648905, -73.964456], [40.657696, -73.962367], [40.657696, -73.962366], [40.657697, -73.962366], [40.657698, -73.962366], [40.657699, -73.962365], [40.6577, -73.962364], [40.6577, -73.962363], [40.657701, -73.962363], [40.657701, -73.962362], [40.657702, -73.962361], [40.657702, -73.962359], [40.657703, -73.962358], [40.657703, -73.962357], [40.657703, -73.962356], [40.657703, -73.962355], [40.657703, -73.962354], [40.657352, -73.958399], [40.657352, -73.958397], [40.657352, -73.958396], [40.657351, -73.958395], [40.657351, -73.958394], [40.65735, -73.958393], [40.65735, -73.958392], [40.657349, -73.958392], [40.657349, -73.958391], [40.657348, -73.95839], [40.657347, -73.95839], [40.657346, -73.958389], [40.657346, -73.958389], [40.657345, -73.958388], [40.647252, -73.955682], [40.647251, -73.955682], [40.64725, -73.955682], [40.647249, -73.955682], [40.647248, -73.955682], [40.647247, -73.955683], [40.647247, -73.955683]]"
