latitude,longitude,crime_count
40.51180398,-74.25003446,24
40.51203825352,-74.24975495245,31
40.518508,-74.234606,20
40.52255,-74.234952,17
40.527799,-74.232402,52
40.527884,-74.227217,32
40.528088,-74.237076,24
40.53277,-74.192222,21
40.540629,-74.17661,36
40.5449,-74.161376,22
40.559688,-74.169605,18
40.564361,-74.115914,20
40.566222,-74.114033,19
40.566793,-74.113458,17
40.567358,-74.112884,54
40.569057,-74.111184,19
40.56962,-74.108185,25
40.570191,-74.110036,24
40.5704668,-74.10976191,25
40.572404,-74.169965,31
40.57283,-73.995433,27
40.57384997,-74.10549598,17
40.57428568819,-74.10591440512,55
40.574818,-73.990926,18
40.575042,-73.999086,29
40.57521831,-73.99749819,18
40.575277,-73.996968,44
40.57530379,-73.97659102,36
40.575316,-74.169838,45
40.575463,-73.978324,55
40.575512,-73.994848,20
40.575545,-73.980141,30
40.575559,-73.981476,16
40.57556814,-73.98121659,203
40.57556814654,-73.98121659126,35
40.575635,-73.993789,25
40.57592616,-73.9911338,21
40.575984,-73.990604,36
40.57615688,-73.97598385,368
40.576275,-73.981391,24
40.57630372,-73.96853078,25
40.576309,-73.967943,21
40.576568,-73.985303,17
40.57664597804,-73.97648039607,109
40.576685,-73.984242,22
40.576707,-73.961289,20
40.5767433,-73.98371091,24
40.576801,-73.983181,20
40.576921,-73.982107,39
40.576947,-74.002691,23
40.57698177,-73.98156537,42
40.577183,-74.000569,20
40.577258,-73.976436,48
40.577312,-73.962821,19
40.577511,-73.961903,18
40.57761083,-73.96144207,44
40.577705,-73.961003,20
40.577896,-73.960099,62
40.57794503,-74.10231528,24
40.578004,-73.993693,16
40.578185,-74.169648,38
40.578282,-74.167223,17
40.579154,-74.00037,16
40.57981308,-73.83719881,18
40.579889,-73.973243,36
40.5799,-73.975432,18
40.57997229,-73.9746526,29
40.580277,-74.163175,17
40.58037949,-73.96760006,23
40.580496,-73.966902,32
40.580649,-73.837685,33
40.580675,-73.834152,17
40.582305,-74.169067,219
40.582307,-73.836412,41
40.582435,-73.967126,21
40.58262,-73.986223,89
40.58291,-73.955204,16
40.58369,-73.947904,25
40.583733,-73.946122,30
40.583873,-73.939482,17
40.584173,-73.932515,27
40.584301,-73.982908,16
40.584619,-74.072022,17
40.585621,-73.966393,17
40.58594334498,-73.81610192287,51
40.586222,-73.816011,16
40.58646531,-73.81652185,58
40.587178,-74.164527,78
40.58738242,-73.95421409,25
40.587384,-74.191042,27
40.587391,-73.812603,42
40.587505,-74.168164,37
40.587506,-73.811705,46
40.587534,-73.95472,34
40.588159,-74.166217,18
40.588379,-73.960433,17
40.58862006,-73.98372242,25
40.588814,-73.816632,17
40.589043,-74.101787,17
40.589528,-73.799755,30
40.590241,-73.95334,35
40.590346,-73.952376,16
40.590491,-73.970687,20
40.590625,-73.939999,41
40.59107783,-73.79596994,24
40.591579,-74.164607,17
40.592384,-73.978048,16
40.59241019,-73.78899501,20
40.592746,-73.940405,38
40.592877,-73.795651,59
40.59305673,-73.77531756,18
40.593716,-73.77496,16
40.593761,-73.784418,17
40.59401905866,-73.96085431584,87
40.594054,-73.960866,17
40.594115,-73.997577,92
40.594864,-73.940815,21
40.59497,-74.001062,121
40.59535,-74.086097,22
40.59570279,-74.00027726,26
40.595889,-73.973391,19
40.595944,-73.907243,27
40.596228,-73.754124,35
40.596406,-73.984697,16
40.597113,-73.941249,42
40.597236,-73.961106,20
40.59726,-73.986102,20
40.59726732,-73.99865686,20
40.597484,-73.763267,16
40.59792537,-73.98719146,34
40.59893852,-73.95547731,20
40.599028,-73.989026,17
40.599199,-73.953079,16
40.599438,-73.95089,19
40.59945,-73.961273,21
40.59971,-73.761425,19
40.59987182,-73.7615602,28
40.599883,-73.936954,19
40.600845,-73.754648,22
40.601493,-73.753555,24
40.601713,-73.993431,20
40.601727,-74.192701,18
40.60194979,-73.99380961,39
40.602186,-73.994198,25
40.60221616571,-74.00295079884,107
40.60277623008,-73.75011736483,62
40.60295162,-73.74997673,57
40.603052,-73.995688,23
40.603083,-73.750703,19
40.603406,-73.753843,28
40.604001,-73.754742,22
40.60419457,-73.97217653,31
40.60425884,-73.75285101,41
40.60456773,-73.75353771,22
40.60460965,-73.99825336,26
40.60478281,-73.75399789,86
40.60478281509,-73.75399789248,17
40.604832,-73.998625,29
40.605156,-73.754846,52
40.60517887,-73.98017107,19
40.605232,-73.980652,29
40.6053345,-73.75527433,22
40.605664,-73.984521,32
40.605839,-73.754896,16
40.606129,-73.819572,16
40.606728,-74.001776,30
40.606815,-73.959806,24
40.60704,-73.958904,32
40.607134,-73.957028,16
40.607178,-73.962385,22
40.607597,-74.121045,24
40.607743,-73.972792,18
40.60793187,-73.81604355,22
40.608157,-74.145595,16
40.608202,-74.162164,23
40.608565,-73.958719,20
40.608938,-73.957842,16
40.60913068,-73.95740454,59
40.609335,-73.956954,31
40.609575,-73.958437,50
40.609741,-73.95605,25
40.60980962,-73.92249759,16
40.610023,-73.922165,378
40.610028,-73.753587,25
40.61046,-73.954119,17
40.61074,-74.008409,19
40.610931,-73.920761,199
40.611268,-73.96262,53
40.612038,-73.981464,20
40.61235,-73.918649,28
40.612606,-74.083121,21
40.61261622,-74.0008428,19
40.61273366,-74.01171285,21
40.612965,-73.982359,29
40.613297,-73.917184,44
40.6135535,-73.98174977,16
40.613663,-74.158142,30
40.613717,-74.084818,29
40.614616,-74.084716,30
40.614774,-74.083046,16
40.61547,-74.081663,19
40.6159936,-74.03112773,22
40.616325,-74.172339,19
40.616997,-73.978153,19
40.617611,-74.033451,18
40.61811226,-73.95910617,20
40.618165,-73.958627,20
40.618243,-73.991083,18
40.618488,-73.992697,22
40.61894572,-73.99903464,21
40.618981,-73.926377,17
40.619435,-73.989874,34
40.620107,-73.99794,19
40.620584,-74.026995,17
40.62091383,-73.97529625,21
40.621234,-74.025789,18
40.62149264,-74.02621328,19
40.622145,-74.027282,125
40.6225,-74.025503,16
40.62279866,-74.02834994,50
40.622829,-73.917612,19
40.6231883776,-74.14923769473,88
40.623238,-74.149217,73
40.62358756,-74.08277059,27
40.6236888,-74.15065779,37
40.623796,-74.073767,17
40.623977,-74.081548,70
40.624236,-74.079408,17
40.624418,-74.139774,47
40.62460263,-74.07959815,21
40.625009,-74.147734,37
40.62510485,-74.14876859,17
40.625263,-74.150059,58
40.62528214,-73.9604671,28
40.625311,-73.917874,47
40.625819,-74.078759,34
40.62583754528,-73.99094489423,125
40.62606293,-73.99701716,18
40.626133,-74.157252,62
40.626157,-74.13411,40
40.626237,-74.175155,40
40.626335,-74.075445,17
40.626342,-74.130688,26
40.626492,-73.976342,30
40.62666389,-74.07564507,19
40.626851,-74.163438,83
40.627259,-74.165999,19
40.62797,-73.947101,23
40.6281697437,-73.94135878348,53
40.62887,-74.073928,25
40.62894118,-74.11618787,23
40.629112,-74.114774,39
40.629283,-73.918299,20
40.629309,-74.074579,20
40.629316,-73.884696,21
40.629337,-73.927989,37
40.629876,-74.076705,23
40.63036667,-73.97371311,32
40.630373,-73.947438,23
40.63059985044,-73.97370531603,120
40.630863,-74.103205,17
40.630932,-73.918479,18
40.631011,-73.976607,17
40.63125,-73.945995,29
40.631284,-73.945564,137
40.631338,-74.02188,16
40.63162,-74.076166,25
40.631677,-73.928239,28
40.631944,-73.887623,23
40.632233,-73.947621,51
40.632421,-73.947222,64
40.632495,-74.027368,20
40.63263331,-74.01253418,18
40.63288559,-73.94769778,83
40.633098,-74.086445,17
40.633119,-73.888933,40
40.633176,-74.02709,17
40.633409,-73.948237,30
40.633441,-73.947736,28
40.633514,-74.011617,20
40.633675,-73.928953,23
40.633819,-74.020867,23
40.633857,-74.026815,21
40.63401,-74.16626,30
40.634028,-73.947289,17
40.634036,-74.123607,21
40.634085,-73.88926,26
40.63417,-74.023701,18
40.634174,-73.919331,20
40.63422,-73.949112,17
40.63435721,-74.01074386,24
40.63456698,-74.11719928,30
40.63461607,-74.02351985,36
40.634782,-73.914405,24
40.634967,-74.023377,16
40.635011,-73.962763,16
40.635133,-73.947894,29
40.635188,-73.918929,18
40.635309,-73.963782,20
40.635445,-73.950433,37
40.635577,-74.011262,19
40.635685,-74.134992,54
40.63593259,-73.96248206,24
40.63602442,-74.13477006,27
40.636292,-73.892466,19
40.636356,-74.008664,28
40.63638,-74.134526,19
40.636916,-74.008082,24
40.63695459,-74.11754937,22
40.637067,-74.076204,19
40.637085,-73.926319,63
40.637257,-74.076649,26
40.637301,-74.009474,16
40.637427,-73.897225,20
40.637437,-73.94814,24
40.637475,-74.007497,28
40.63776,-74.076476,33
40.63778217,-74.07694038,50
40.637813,-74.079688,42
40.638005,-74.133351,18
40.638035,-74.006914,21
40.638142,-74.075912,17
40.638158,-73.968473,40
40.63842,-74.008307,18
40.638596,-74.006332,31
40.63860599,-73.9482662,39
40.638626,-73.928981,17
40.638698,-73.946819,23
40.638805,-74.08747,24
40.63886517059,-74.02271208766,86
40.638977,-74.171252,16
40.63902183,-74.02246402,16
40.639191,-74.016468,16
40.639297,-73.948339,66
40.63998668,-73.94841286,65
40.64005,-73.743654,37
40.640064,-73.955203,21
40.640284,-73.994332,38
40.640321,-73.969083,22
40.640346,-74.015271,22
40.640466,-73.948464,66
40.640746,-74.076747,31
40.640863,-74.075747,17
40.640965,-73.92923,25
40.641137,-74.018123,16
40.641272,-73.956393,29
40.64143514,-74.01781464,69
40.641564,-73.979195,23
40.641605,-74.006788,16
40.64160916,-73.96355626,31
40.641712,-74.017525,32
40.641955,-74.002835,20
40.642095,-73.948638,43
40.64213395,-73.92935321,17
40.64234,-74.004227,21
40.6427961,-73.97944282,39
40.642827,-74.016361,17
40.642909,-73.978634,32
40.643145,-74.012357,18
40.64322,-74.075921,29
40.643284,-73.929477,33
40.643353,-73.957765,20
40.643566,-74.074001,281
40.643706,-74.011775,38
40.643729,-74.072798,27
40.643836,-73.948825,23
40.643996,-74.076502,51
40.644267,-74.011193,30
40.64436,-73.957948,24
40.64440626,-73.96408804,22
40.64451,-74.014616,23
40.644716,-73.901847,25
40.64472094387,-74.0770327199,92
40.64472591,-74.07748283,34
40.64478976,-74.01432378,37
40.644823,-73.958,24
40.644942,-73.92145,18
40.644996,-74.077263,29
40.64507119,-73.95802302,18
40.64513066,-73.94896382,27
40.64513343,-73.90231306,95
40.645376,-73.929702,19
40.645387,-74.010027,24
40.645639,-73.902874,38
40.645863,-73.951951,16
40.64591,-73.958072,58
40.6459461,-73.99509559,25
40.645947,-74.009444,21
40.646349,-74.010864,17
40.646352,-73.912782,29
40.646386,-73.903709,16
40.646439,-73.998174,17
40.646574,-73.956879,19
40.646648,-74.001542,27
40.647011,-73.958124,61
40.64713186,-74.00462341,39
40.64725,-73.955694,21
40.647269,-73.913807,23
40.6474,-74.014873,17
40.647608,-73.892353,20
40.647944,-73.960604,16
40.64802,-73.881947,22
40.64815,-73.958205,23
40.64842146,-73.90489687,17
40.64846571,-74.00682174,29
40.648588,-73.957012,19
40.64861355106,-73.90525720323,50
40.648698,-73.905128,27
40.64885074699,-73.95101651062,97
40.648859,-73.95082,28
40.648903,-73.964444,21
40.649262,-73.963529,17
40.64926973,-74.00966514,31
40.649363,-73.960873,31
40.64943987,-73.96307629,58
40.64946,-73.958482,64
40.649614,-73.96263,22
40.649936,-73.961597,27
40.649967,-73.837596,16
40.65008147,-73.96100738,17
40.65014561,-74.00507409,26
40.650146,-73.960492,21
40.650294,-73.949518,19
40.650298,-73.959342,40
40.65038808,-73.95870799,32
40.650402,-73.963258,23
40.650426,-74.004782,36
40.650459,-73.957267,58
40.650466,-73.869986,602
40.65049297,-73.89797708,27
40.650603,-74.002809,28
40.650693,-73.951924,18
40.650762,-74.011387,24
40.650762,-73.950475,38
40.650799,-73.958817,21
40.65080714,-73.94957212,84
40.650831,-73.949081,61
40.650877,-73.948124,20
40.650921,-73.930294,26
40.651252,-73.940491,25
40.651253,-73.94962,37
40.651412,-73.875681,223
40.651538,-73.934736,16
40.651627,-73.93281,21
40.65164642,-73.93232351,19
40.651669,-73.931858,24
40.651678,-73.959038,38
40.651712,-73.930886,18
40.65173309,-73.93038095,54
40.651837,-73.929887,39
40.651946,-74.005036,20
40.652419,-73.926078,17
40.65246389,-73.92284807,17
40.652566,-73.951216,18
40.65277,-73.930493,49
40.65292723,-73.9593299,19
40.653039,-73.919573,16
40.653207,-73.92043,19
40.653233,-73.952743,17
40.653252,-73.959391,20
40.653396,-73.949849,17
40.653454,-73.886801,59
40.653667,-73.962786,19
40.653676,-73.957808,18
40.653877,-73.954496,17
40.65413341,-73.91232974,16
40.65414182,-73.88731094,16
40.654153,-73.911632,21
40.654207,-73.959574,25
40.65430947,-74.00441848,110
40.65430947546,-74.00441848199,32
40.654312,-73.886921,16
40.65457,-73.930686,19
40.654648,-73.96024,20
40.654754,-74.007225,80
40.654818,-73.887814,38
40.65484047,-73.95969634,24
40.65488239,-73.96188035,71
40.654897,-73.867685,18
40.655111,-73.961289,70
40.655146,-74.00355,17
40.655237,-73.959779,70
40.655416,-73.915892,26
40.65563377,-73.95986165,23
40.655711,-73.945257,36
40.655842,-73.950113,20
40.655857,-73.942878,31
40.655973,-73.930835,41
40.655978,-73.954721,17
40.65606,-73.959967,35
40.656238,-73.888867,18
40.65661089,-73.93090206,21
40.656647,-73.930401,20
40.656665,-73.839255,21
40.656678,-73.950203,38
40.656742,-73.900954,18
40.656813,-73.954809,25
40.656915,-73.939645,33
40.656953,-73.876507,16
40.65709573,-73.95024855,30
40.65713749,-73.90364343,18
40.657337,-73.903194,28
40.657343,-73.9584,17
40.65768305,-73.88778431,17
40.657688,-73.940965,16
40.657694,-73.962355,20
40.657749,-73.951772,22
40.657778,-73.890019,61
40.658126,-73.916026,23
40.65815775355,-74.00044115489,160
40.65829629,-73.93108413,17
40.658317,-74.003519,22
40.658489,-73.900608,26
40.658571,-73.90887,16
40.65857784,-73.89062293,16
40.65875,-73.942432,16
40.65911269,-73.89921817,35
40.6592762,-73.88899626,29
40.659445,-73.931204,54
40.659859,-73.885184,27
40.659996,-73.961186,22
40.66007428,-73.9397326,21
40.660192,-73.998305,28
40.660429,-73.939773,17
40.66047157,-73.99801402,37
40.66050603,-73.83058619,29
40.660675,-73.768016,20
40.660703,-73.961845,39
40.660808,-73.915282,22
40.660842,-73.885356,24
40.660861,-73.920518,21
40.660884,-73.892375,17
40.660894,-73.895225,18
40.660962,-73.931366,32
40.661085,-73.908054,19
40.661353,-73.879259,24
40.66157413,-73.9154774,39
40.661648,-73.915002,19
40.661686,-73.840497,31
40.661934,-73.921029,42
40.661961,-73.950767,56
40.662204,-73.886375,24
40.66223179,-73.93996494,19
40.662315,-73.938653,19
40.662337,-73.904977,21
40.66239,-73.961909,30
40.662442,-73.981979,16
40.662486,-73.935904,23
40.6625545,-73.9089197,77
40.662665,-73.933012,16
40.662677,-73.888299,18
40.66274,-73.950852,26
40.662761,-73.907529,32
40.662804,-73.943518,22
40.66296,-73.880438,18
40.663047,-73.923639,20
40.663064,-73.925781,16
40.66308945,-73.96238749,80
40.66312629,-73.95089285,46
40.663216,-73.949445,18
40.663326,-73.909113,53
40.663332,-73.960177,42
40.663358,-73.84091,24
40.663374,-73.886664,28
40.663515,-73.950934,20
40.6635556,-73.93160855,27
40.663561,-73.922839,19
40.663578,-73.924986,21
40.663579,-73.921353,20
40.66380731,-73.90041498,28
40.66395,-73.931573,20
40.66404851,-73.88810882,28
40.66412128263,-73.94776484038,87
40.664154,-73.946814,27
40.6642,-73.88775,16
40.66437684,-73.92374984,16
40.664419,-73.932923,17
40.66443,-73.901644,32
40.66457,-73.935691,28
40.664638,-73.734781,31
40.664665,-73.923314,64
40.664676,-73.894529,26
40.6647513,-73.89404073,55
40.664788,-73.931497,27
40.6648,-73.92221,24
40.664819,-73.888303,18
40.664984,-73.884624,16
40.665018,-73.957111,33
40.665032,-73.953738,27
40.665118,-73.958987,17
40.66522734,-73.92318295,48
40.665287,-73.922751,18
40.665306,-73.93284,18
40.665501,-73.756326,21
40.665503,-73.7849,34
40.66550803,-73.99276919,30
40.665524,-73.894241,23
40.665566,-73.784014,29
40.66559146,-73.88849913,32
40.66562652,-73.9096977,16
40.66568,-73.931418,24
40.665835,-73.913669,18
40.66591778,-73.92546388,32
40.665969,-73.902034,17
40.666074,-73.930421,16
40.666149,-73.924927,16
40.66618177,-73.88315248,21
40.666325,-73.882829,21
40.6663767,-73.883199,43
40.666412,-73.756572,18
40.666427,-73.784558,31
40.66646931,-73.88250675,23
40.66647,-73.988558,21
40.666547,-73.782802,28
40.666571,-73.931336,37
40.66688741,-73.98158017,29
40.666982,-73.99631,19
40.66701658,-73.9312914,16
40.667072,-73.988055,17
40.667091,-73.932674,19
40.667193,-73.981326,16
40.66742,-73.931252,48
40.667421,-73.798027,43
40.66754,-73.786865,54
40.66770714,-73.90635332,37
40.667761,-73.895318,17
40.667776,-73.78085,24
40.667785,-73.910253,18
40.668042,-73.942322,16
40.66807228,-73.95066932,42
40.668101,-73.965923,27
40.6682,-73.9031,20
40.66827221,-73.90262523,50
40.668287,-73.91134,16
40.668312,-73.931166,46
40.668319,-73.781371,18
40.668341,-73.906514,51
40.66837249,-73.92263141,20
40.668403,-73.996494,24
40.668438,-73.92412,17
40.668443,-73.996515,44
40.6685062,-73.92560517,41
40.668519,-73.950626,22
40.668602,-73.985124,32
40.668602,-73.895026,30
40.668611,-73.868785,22
40.668628,-73.909016,21
40.668639,-73.917783,25
40.66864793,-73.92834824,27
40.668723,-73.929735,73
40.668739,-73.781802,19
40.66879784,-73.93112014,220
40.66879784312,-73.93112014525,31
40.668825,-73.922588,20
40.668875,-73.932504,60
40.668876,-73.986552,26
40.66895043,-73.93388845,33
40.66897548,-73.90667237,24
40.669026,-73.935272,20
40.66905,-73.910579,26
40.669056,-73.914969,16
40.66916,-73.896649,36
40.669175,-73.938042,25
40.669258,-73.960283,17
40.669268,-73.931076,19
40.669299,-73.895709,16
40.669326,-73.940812,23
40.669328,-73.90872,21
40.669334,-73.913079,27
40.669339,-73.95845,21
40.66936911,-73.89522298,18
40.6694023,-73.94219706,37
40.669415,-73.950543,16
40.669476,-73.912132,34
40.66948,-73.94358,24
40.669608,-73.906836,33
40.669616,-73.911203,28
40.66968412,-73.91074121,19
40.669696,-73.922506,23
40.66972531,-73.86096222,16
40.669765,-73.987509,41
40.669789,-73.949116,18
40.669791,-73.860504,23
40.66986455,-73.95050217,40
40.669867,-73.88112,27
40.66995989,-73.90888435,17
40.670029,-73.908427,34
40.670047,-73.921172,46
40.67016,-73.930992,34
40.670198,-73.92394,37
40.670218,-73.958132,42
40.670313,-73.906515,32
40.670355,-73.926797,22
40.67035772,-73.98871321,74
40.670507,-73.929566,21
40.67058184,-73.93095247,19
40.67065507,-73.91339093,28
40.670658,-73.932338,23
40.67065802,-73.95797447,166
40.67065802223,-73.95797447717,33
40.67081,-73.935107,27
40.671008,-73.959655,18
40.671028,-73.930909,20
40.671097,-73.994639,41
40.671104,-73.913562,26
40.67110661,-73.88143309,90
40.67113000169,-73.9135020552,115
40.67118,-73.93368,17
40.671245,-73.926713,20
40.671261,-73.943413,19
40.67135982034,-73.88181102317,210
40.671404,-73.881509,30
40.671597,-73.856604,32
40.67164498,-73.96257373,28
40.671645,-73.844073,17
40.671683,-73.918326,17
40.671919,-73.93083,33
40.67195,-73.891047,17
40.671975,-73.957498,41
40.67204219,-73.89486189,16
40.672084,-73.950293,20
40.672136,-73.926629,25
40.67217585,-73.89395683,27
40.672373,-73.964967,22
40.672382,-73.892576,17
40.672515,-73.89167,18
40.672577,-73.873261,26
40.672608,-73.775084,26
40.672688,-74.011724,58
40.67271591,-73.89031495,37
40.672777,-73.866472,16
40.672841,-73.969072,42
40.67296759,-73.94185871,18
40.67300945,-73.78808751,20
40.673082,-73.896678,20
40.673181,-73.962871,16
40.673237,-73.964989,18
40.673484,-73.934866,19
40.673496,-73.871451,21
40.673732,-73.956861,17
40.673773,-73.89635,22
40.673836,-73.916731,17
40.67401,-73.730447,20
40.67412275,-73.8808025,38
40.674129,-73.92209,16
40.674254,-73.904151,30
40.674258,-73.735572,23
40.67436,-73.863046,23
40.674386,-74.006858,24
40.67439596,-73.8965093,49
40.67441774,-73.80208156,18
40.67449568653,-73.9305713256,94
40.674581,-73.803937,18
40.674593,-73.930572,29
40.67474166,-73.99776845,53
40.674759,-73.950042,35
40.674985,-73.915233,19
40.675197,-73.961628,19
40.675207,-73.90438882,17
40.675358,-73.738213,22
40.67540324,-73.87191357,138
40.67540324752,-73.87191357758,21
40.67547,-73.871455,18
40.675575,-73.989033,18
40.67565,-73.949958,18
40.67574,-73.921938,23
40.675763,-73.915161,17
40.67598,-73.904348,39
40.67598376,-73.90437689,31
40.676006,-73.904794,18
40.676032,-73.941572,18
40.676041,-73.818665,32
40.676081,-73.961311,16
40.676281,-73.95775,21
40.6763291,-73.86546213,50
40.676388,-74.004922,23
40.676514,-73.890823,20
40.676733,-73.900419,35
40.676778,-73.972165,22
40.67680075,-73.90002424,19
40.67689409,-73.90004573,32
40.676913,-73.921385,24
40.676965,-73.922323,32
40.67697,-73.8696,16
40.677093,-73.983261,30
40.677251,-73.826039,112
40.677263,-73.949807,17
40.677285,-73.90652,30
40.677298,-73.883472,22
40.67740561,-73.9830482,26
40.67741321,-73.93031809,17
40.677488,-73.931699,43
40.677576,-73.948385,16
40.677639,-73.93447,44
40.677689,-73.924723,20
40.677738,-73.745195,16
40.677748,-73.951291,17
40.67786853,-73.90331424,57
40.677876,-73.984238,16
40.677893,-73.897998,23
40.677941,-73.904643,16
40.677962,-73.88464,21
40.677976,-73.896377,28
40.67799932,-73.97305426,31
40.67803108,-73.8916726,28
40.678119,-73.77928,20
40.678238,-73.945535,26
40.678269,-73.831596,22
40.67827803,-73.91075494,78
40.678319,-73.973281,56
40.67836481,-73.77947908,24
40.678399,-73.948296,18
40.67842838,-73.91355966,21
40.67845534,-73.9496774,18
40.678512,-73.983807,20
40.678522,-73.95087,24
40.67858725,-73.90612894,260
40.67858725342,-73.90612894099,93
40.678687,-73.778936,21
40.678768,-73.866637,23
40.6788,-73.920349,56
40.67887059,-73.9216458,46
40.678925,-73.759252,50
40.679053,-73.924929,25
40.679144,-73.983379,16
40.67918421,-73.94127644,23
40.679236,-73.886871,17
40.67927614,-73.92905788,153
40.67927614499,-73.92905788851,18
40.679284,-73.92924,18
40.6793,-73.949616,21
40.679426,-73.932112,24
40.67945442,-73.85779447,28
40.679481,-73.753709,42
40.679515,-73.885996,17
40.67951644,-73.90457012,198
40.67951644988,-73.90457012341,77
40.679623,-73.820928,17
40.67963555,-73.94958277,31
40.67965556,-73.88555528,25
40.679662,-73.936135,19
40.67970059,-73.77604735,960
40.679736,-73.861928,16
40.679758,-73.937917,29
40.67978658,-73.93843488,19
40.679794,-73.776796,32
40.679838,-73.939382,62
40.67989278,-73.85065851,20
40.679914,-73.940768,42
40.67993899,-73.94120727,61
40.67998073847,-73.7762339072,206
40.679994,-73.942235,29
40.680001,-73.752339,31
40.680013,-73.949571,47
40.680069,-73.943618,24
40.680077,-73.775929,24
40.680096,-73.840455,18
40.68011759,-73.75323687,31
40.680151,-73.945124,73
40.680332,-73.930038,34
40.680341,-73.948644,64
40.680389,-73.842547,31
40.68039035,-73.94955696,144
40.68039035689,-73.94955696439,30
40.680435,-73.950358,94
40.680554,-73.952265,54
40.680569,-73.974917,30
40.68057934,-73.97431601,134
40.68064174,-73.95337129,22
40.68066,-73.907645,20
40.6806672,-73.84271766,36
40.680672,-73.9271,21
40.68073,-73.949636,16
40.680749,-73.953886,30
40.68078561263,-73.97447511622,138
40.68087083,-73.97514425,25
40.680883,-73.944867,25
40.680997,-73.955034,23
40.68100512,-73.99434308,23
40.68107112,-73.94971508,17
40.6811367,-73.9556676,93
40.68117,-73.977239,23
40.681178,-73.972673,17
40.681261,-73.984692,39
40.681311,-73.956509,67
40.681323,-73.994128,25
40.681354,-73.975489,23
40.681458,-74.005345,19
40.681613,-73.957968,35
40.681667,-73.967052,24
40.68167463,-73.87912688,29
40.681803,-73.97681,16
40.681857,-73.878496,51
40.681899,-73.908688,19
40.68203835,-73.8778679,19
40.68218654,-73.83969047,25
40.682239,-73.877145,28
40.68238287,-73.90564046,22
40.68239827933,-73.84007215775,121
40.68265812,-73.91002437,20
40.682738,-73.976498,26
40.682923,-73.964221,30
40.682997,-73.939495,17
40.68303923,-73.96477753,42
40.683082,-73.968861,23
40.683291,-73.974852,336
40.683299,-73.911141,24
40.683447,-73.978972,21
40.68353,-73.872609,32
40.683563,-73.834042,29
40.683605,-73.967425,19
40.68365124069,-74.00030431202,36
40.6836516,-73.87218617,52
40.68372,-73.911892,17
40.68376454,-73.97875956,163
40.68376454457,-73.97875956362,31
40.68377767,-73.76974413,21
40.68387924,-74.00032571,18
40.683887,-73.791376,18
40.683918,-73.833237,17
40.68405249,-73.97745785,168
40.68405249798,-73.97745785404,26
40.684095,-73.978576,20
40.684186,-73.916084,17
40.684237,-73.832419,29
40.6842783,-73.78301466,17
40.684368,-73.950373,16
40.684454,-73.97775,476
40.684463,-73.939786,18
40.68466,-73.913552,19
40.68474872,-73.83111952,16
40.684873,-73.979545,31
40.68499,-73.938444,28
40.685131,-73.991547,18
40.685136,-73.977461,16
40.685238,-73.82987,20
40.685343,-73.919074,20
40.685528,-73.829044,16
40.685631,-73.916601,29
40.685705,-73.981681,17
40.685744,-73.978685,49
40.68576112,-73.91550083,32
40.685765,-73.991118,57
40.685774,-73.864751,16
40.685791,-73.827292,23
40.685871,-73.793581,30
40.685917,-73.915773,32
40.685948,-73.978046,38
40.685982,-73.825494,16
40.686097,-73.973907,22
40.686103,-73.824601,31
40.68620429,-73.95073523,17
40.68623422,-73.82417476,74
40.68630476,-73.79390816,19
40.68631081,-73.9744391,35
40.686404,-73.823735,48
40.686405,-73.990685,19
40.686458,-73.938732,19
40.686596,-73.934274,24
40.686598,-73.823238,25
40.68661971,-73.82317856,19
40.68672771,-73.99046643,39
40.686741,-73.946039,24
40.686762,-73.822817,18
40.686807,-73.919369,19
40.686944,-73.947529,17
40.686988,-73.980814,16
40.68702483,-73.97620565,26
40.687046,-73.990251,16
40.687066,-73.943203,32
40.687121,-73.949243,18
40.687139,-73.975103,25
40.687166,-73.835804,19
40.687192,-73.794575,18
40.687311,-73.8214,22
40.687392,-73.940368,45
40.687471,-73.820989,21
40.687624,-73.925328,17
40.687637,-73.981609,17
40.687663,-73.834064,20
40.687724,-73.937489,31
40.687752,-73.982902,18
40.687784,-73.85013,23
40.68787,-73.984194,16
40.6882107,-73.96582048,26
40.688251,-73.980496,51
40.688596,-73.985072,48
40.688718,-73.96142,26
40.688733,-73.928717,16
40.688736,-73.944984,31
40.688776,-73.992807,24
40.688832,-73.957177,30
40.68888129,-73.9600039,32
40.68890313,-73.98092864,90
40.68893141,-73.90504343,20
40.68900139556,-73.94502653287,86
40.689007,-73.984135,27
40.68901916,-73.98615711,163
40.68901916412,-73.98615711072,17
40.689077,-73.955049,19
40.689123,-73.777296,20
40.68913,-73.981513,18
40.689281,-73.921689,48
40.689325,-73.985947,18
40.689413,-73.991535,44
40.689417,-73.981201,145
40.689425,-73.992493,36
40.689444,-73.987228,19
40.68944491,-73.9551212,28
40.689451,-73.815915,16
40.68946429526,-73.92402908995,61
40.68949041,-73.92206963,52
40.689578,-73.906168,16
40.689592,-73.827269,22
40.689707,-73.922439,43
40.689811,-73.983233,16
40.68986338,-73.95146453,20
40.68993251,-73.98147284,120
40.68993251374,-73.9814728472,16
40.689965,-73.993362,23
40.69,-73.943784,16
40.690018,-73.992208,29
40.69008134,-73.96055944,46
40.690112,-73.841943,20
40.690115,-73.989019,75
40.690218,-73.984251,21
40.6902236042,-73.960278586,62
40.690304,-73.814449,23
40.690404,-73.946767,26
40.690427,-73.984768,130
40.69056159,-73.98510385,33
40.690614,-73.985234,18
40.690638,-73.922109,19
40.690733,-73.988599,30
40.690859,-73.985848,297
40.691005,-73.983456,212
40.691099,-73.92487,27
40.6911,-73.868547,17
40.69118409,-73.86805731,16
40.691207,-73.984387,63
40.691281,-73.986906,50
40.691295,-73.991595,39
40.691387,-73.938219,16
40.691429,-73.925455,24
40.69145665,-73.98734658,29
40.691519,-73.81229,17
40.691623,-73.986302,37
40.691632,-73.987779,22
40.691846,-73.987323,34
40.691871,-73.94706,20
40.691965,-73.98862,26
40.692176,-73.985776,19
40.69219487,-73.98627184,41
40.692214,-73.986786,51
40.69223342,-73.98729955,243
40.6922334211,-73.98729955552,35
40.692382,-73.809306,17
40.692396,-73.990069,49
40.692419,-73.859996,19
40.692428,-73.951976,70
40.692475,-73.927289,39
40.6925184,-73.85909724,19
40.692521,-73.941389,33
40.692547,-73.858635,22
40.69254941,-73.99097045,87
40.692852,-73.938509,16
40.69293,-73.808457,29
40.693035,-73.928275,39
40.693036,-73.90166,17
40.69305,-73.940044,17
40.693127,-73.969321,24
40.693191,-73.971366,42
40.693265,-73.973593,17
40.693326,-73.991736,16
40.69335968,-73.97584638,17
40.693384,-73.990591,18
40.693387,-73.966393,16
40.69343693,-73.9778261,21
40.693462,-73.987241,41
40.693552,-73.929172,27
40.693599,-73.982132,22
40.69366251,-73.85216387,37
40.693664,-73.988913,54
40.693719,-73.985282,18
40.693722,-73.934201,16
40.69386225,-73.92970228,36
40.693998,-73.991438,25
40.694057,-73.931274,17
40.694181,-73.73708,16
40.69427598,-73.99242349,24
40.694306,-73.801765,20
40.694381,-73.987194,86
40.694495,-73.930828,67
40.694534,-73.993361,25
40.694806,-73.98286,19
40.694844,-73.998786,31
40.694948,-73.952951,21
40.695043,-73.917792,24
40.695172,-73.844419,22
40.695191,-73.950848,37
40.69537665,-73.94920664,41
40.695404,-73.983239,25
40.69543880812,-73.9832253756,159
40.69546884,-73.98282462,57
40.695541,-73.947786,26
40.695773,-73.790667,31
40.69578342,-73.91707126,20
40.69586,-73.981891,25
40.69593301,-73.90466563,17
40.696025,-73.904834,24
40.696086,-73.743164,26
40.696104,-73.952707,24
40.69613097,-73.98710407,29
40.69617667,-73.98035678,19
40.696192,-73.942116,33
40.69619701,-73.98876293,16
40.69621661,-73.74359184,17
40.696276,-73.804358,16
40.696767,-73.983165,23
40.696831,-73.783824,18
40.696838,-73.936507,60
40.696862,-73.93501,37
40.6969863,-73.93522383,144
40.69698630037,-73.93522383122,25
40.697052,-73.934615,16
40.697196,-73.935615,57
40.697341,-73.911427,19
40.697369,-73.931803,19
40.69746269,-73.99301817,18
40.69751,-73.936197,20
40.697699,-73.907796,17
40.697909,-73.926939,42
40.69796329,-73.91808358,20
40.698008,-73.937075,19
40.698026,-73.975285,16
40.69818,-73.979038,22
40.698251,-73.997158,20
40.698295,-73.937582,29
40.698323,-73.917495,17
40.69843,-73.831128,20
40.698465,-73.909153,35
40.6984738177,-73.91776898122,126
40.698512,-73.819452,24
40.698669,-73.830247,42
40.698695,-73.939859,19
40.69873702,-73.8315691,21
40.69880633,-73.9183658,19
40.69885,-73.917944,32
40.698961,-73.916873,58
40.69901649,-73.80695652,17
40.699104,-73.910284,27
40.699179,-73.919004,20
40.699245,-73.914143,30
40.699256,-73.996675,16
40.69932415739,-73.83157088767,122
40.699477,-73.811037,29
40.699486,-73.911662,21
40.69952102,-73.98980463,43
40.69953101,-73.91103665,106
40.69953101467,-73.91103665226,21
40.699606,-73.919752,43
40.699629,-73.910369,44
40.699665,-73.940055,25
40.699735,-73.911422,43
40.699795,-73.807364,68
40.69993783,-73.91180788,29
40.699958,-73.907638,24
40.700034,-73.920503,32
40.700077,-73.940785,39
40.700078,-73.906594,33
40.700148,-73.912188,33
40.70016911,-73.90920371,22
40.70031,-73.809958,16
40.70041793,-73.82878611,18
40.700421,-73.808208,18
40.700447,-73.903083,38
40.700488,-73.901952,28
40.700492,-73.911244,16
40.700503,-73.94154,59
40.700568,-73.912948,17
40.700568,-73.897341,25
40.70058232,-73.80774181,174
40.70058232907,-73.80774181592,36
40.7007255,-73.94193187,84
40.700885,-73.807811,50
40.700889,-73.922007,23
40.700901,-73.941176,40
40.700949,-73.942295,17
40.701022,-73.942212,16
40.701075,-73.891196,16
40.70118915,-73.80788072,16
40.701216,-73.942727,31
40.701316,-73.922758,17
40.701395,-73.942245,55
40.701399,-73.983806,32
40.701477,-73.807904,58
40.70150526,-74.01255073,66
40.70152714,-73.98674959,31
40.701642,-73.995486,16
40.701686,-74.011628,19
40.701691,-73.943526,42
40.701717,-73.941406,22
40.701744,-73.92351,18
40.70176563,-73.80792594,33
40.701768,-73.807458,21
40.70179,-73.808401,33
40.701832,-73.805923,26
40.70188235,-73.80551642,16
40.70195836,-73.92388719,25
40.701991,-73.942324,27
40.702007,-73.804979,29
40.70213305,-73.80444093,23
40.702272,-73.915962,23
40.70237,-74.011336,84
40.702396,-73.808183,27
40.70240825,-74.012825,17
40.702418,-73.812474,26
40.702435,-73.803364,59
40.70244443,-73.81686112,40
40.70247387,-73.79992086,189
40.70247387178,-73.7999208697,37
40.702537,-73.81414,18
40.7027,-73.942438,26
40.702726,-73.916688,16
40.70273871,-73.80228601,25
40.70281023,-73.92539017,73
40.702942,-73.81904,28
40.703025,-73.925765,16
40.70303,-73.90806,34
40.70304,-73.801244,22
40.703241,-73.944274,40
40.703275,-73.991609,34
40.70334171,-73.80020318,65
40.703348,-73.81483,28
40.703425,-73.808614,36
40.703453,-73.926516,34
40.703499,-73.920029,31
40.703546,-73.799675,152
40.70358847,-74.01311376,25
40.703604,-73.924612,21
40.70375159,-73.79914881,20
40.703786,-73.932875,30
40.703815,-74.013151,45
40.703871,-73.798848,64
40.703952,-73.796548,16
40.704031,-74.012382,17
40.704084,-73.918867,25
40.70411264,-73.94785469,35
40.704166,-74.009975,29
40.704218,-73.930018,19
40.70426737,-73.89355415,48
40.704298,-74.013229,19
40.7043102,-73.91923188,40
40.704317,-74.010359,16
40.704425,-73.917927,23
40.70443502967,-73.89378071416,118
40.704469,-73.797355,47
40.704511,-73.929269,17
40.704549,-74.01428973,77
40.70484741,-73.80111117,19
40.704923,-73.796244,35
40.705003,-74.007146,44
40.705261,-73.922985,22
40.705297,-73.809479,21
40.705305,-73.801384,29
40.705305,-73.795293,38
40.70544116,-73.94797989,19
40.70545957,-73.7948949,30
40.705462,-74.017942,17
40.70547235,-73.95023769,30
40.705506,-73.798424,32
40.705535,-73.942908,21
40.705608,-73.79209,52
40.705622,-74.011453,21
40.705644,-73.794427,37
40.70576236,-73.80165667,17
40.705779,-74.008381,16
40.705857,-73.797529,16
40.706012,-74.003515,28
40.70608685,-73.80849418,26
40.706094,-73.793243,17
40.70622201,-73.95097462,27
40.706243,-73.943026,25
40.70627854,-74.01118826,25
40.706283,-73.950348,24
40.706319,-74.012881,25
40.70635501,-73.93189647,26
40.70636,-73.807541,16
40.70637976,-73.79997046,16
40.70638025,-74.00950391,27
40.706495,-74.008229,17
40.706519,-73.791995,46
40.70654839478,-73.95040063356,125
40.706592,-73.795606,45
40.706698,-74.010933,16
40.70670038,-73.95291303,20
40.706748,-74.01009,34
40.706774,-73.79113,22
40.706795,-73.897085,19
40.706802,-73.923227,72
40.706814,-73.750993,28
40.706972,-74.00712,18
40.70702775,-73.92358924,33
40.70704756,-73.79261229,32
40.707114,-73.922315,18
40.707123,-73.966611,19
40.707145,-74.004529,59
40.707218,-73.797703,20
40.70722033,-73.78956938,23
40.707233,-73.802508,39
40.70723981617,-73.79272672559,203
40.707312,-74.010965,22
40.707337,-73.954779,16
40.707345,-73.78913,44
40.70752,-73.788365,16
40.707539,-74.013776,17
40.707626,-73.795152,25
40.70765496,-73.93983746,45
40.70771584,-73.80278703,73
40.707722,-73.955906,31
40.70775518,-74.01170429,19
40.70789305,-73.78672142,40
40.70789305466,-73.78672142438,17
40.707914,-73.786203,44
40.70803,-74.011475,25
40.70804883,-73.79542437,18
40.708107,-74.004573,16
40.708316,-73.818128,18
40.70842603,-73.95790377,90
40.708572,-73.799763,27
40.708587,-73.937922,25
40.708651,-74.014218,24
40.708658,-74.005033,24
40.708666,-73.958578,92
40.708791,-73.935773,16
40.708877,-73.859436,42
40.7089041,-73.95925246,22
40.708972,-73.776671,41
40.709199,-73.923334,27
40.709264,-73.775467,25
40.709379,-73.869788,42
40.709415,-74.011121,20
40.70948,-74.010265,68
40.70955616,-74.00643483,53
40.709715,-74.006744,46
40.709929,-74.008981,39
40.710046,-74.007399,57
40.710067,-74.009765,23
40.710086,-74.010609,76
40.710136,-73.859597,50
40.710182,-73.794313,16
40.71018863,-73.82111776,17
40.71022031,-74.00774423,137
40.71022031224,-74.00774423969,21
40.71032722,-74.00954415,77
40.710554,-74.008404,20
40.710622,-73.926559,122
40.710638,-73.923061,25
40.71065,-74.009268,38
40.71066214,-73.79870236,20
40.71070974,-73.79303916,50
40.710742,-73.964604,20
40.710774,-73.996631,50
40.71088719,-74.00906088,31
40.710931,-73.951379,18
40.711003,-73.966612,19
40.711062,-73.950004,39
40.711237,-73.957769,27
40.711246,-73.948068,22
40.711251,-73.791521,19
40.711276,-74.010633,25
40.711319,-74.015147,56
40.711458,-74.012216,146
40.71153483,-74.01046412,80
40.711561,-73.944754,21
40.711692,-74.008347,22
40.711721,-73.943069,35
40.711722,-73.858973,44
40.71181191,-73.78784512,22
40.711881,-73.941458,28
40.71196194,-73.94068846,35
40.711972,-73.786578,35
40.712206,-73.825952,26
40.712318,-73.890025,45
40.712389,-73.784907,18
40.7125314,-74.00766515,27
40.712552,-73.991187,44
40.712708,-73.989228,31
40.712729,-73.901419,17
40.712794,-74.007445,49
40.712824,-73.783093,35
40.71300389,-73.78236564,67
40.713021,-74.004174,19
40.71308,-73.966599,28
40.71313543,-74.00405805,146
40.71313543862,-74.00405805807,17
40.713275,-73.872323,22
40.713284,-73.781186,30
40.713373,-73.82874,20
40.713476,-73.997763,17
40.713579,-73.995942,36
40.713694,-73.949309,33
40.713705,-73.96632,27
40.713769,-73.737389,23
40.713797,-73.993334,28
40.71379779,-73.95159139,20
40.713944,-73.991455,35
40.713973,-73.987144,16
40.713983,-73.998714,16
40.71405458,-73.99018838,59
40.714064,-73.952267,28
40.71406583,-73.94937276,36
40.714067,-73.950498,22
40.714084,-73.982461,17
40.714093,-73.989763,28
40.714128,-73.996141,22
40.714141,-73.948546,25
40.71416462,-74.00630902,30
40.714249,-73.987934,24
40.71440591,-73.99022079,17
40.71444186,-73.83125712,50
40.71453288,-73.9443872,25
40.714534,-74.015669,92
40.71458,-73.982052,21
40.714608,-74.011443,47
40.714657,-74.009038,18
40.714658,-73.913865,42
40.714725,-73.992665,18
40.71478,-73.951739,16
40.714823,-73.993676,29
40.714837,-73.831845,26
40.71488,-73.944444,17
40.71492756,-74.00793957,16
40.71493,-74.016075,18
40.714987,-73.93371,19
40.714992,-73.990037,25
40.715156,-73.98709,16
40.71521,-73.860332,19
40.715218,-73.992946,17
40.715221,-73.999629,16
40.715258,-74.011239,55
40.715461,-73.9916,16
40.715488,-73.993836,32
40.715498,-74.005198,42
40.71552033,-74.00923827,69
40.715631,-73.832899,21
40.715638,-73.996442,25
40.715824,-73.986294,33
40.715878,-73.959825,110
40.715912,-74.010103,32
40.716012012,-73.9973320301,193
40.71602,-74.004755,16
40.716074,-73.987128,61
40.71613,-73.989454,19
40.71618332,-73.98074408,19
40.71619611,-73.99749024,29
40.716223,-73.998127,19
40.71630999173,-73.98316601369,87
40.716337,-74.001251,89
40.716347,-73.962652,18
40.716401,-73.807971,20
40.716456,-74.002318,37
40.71650763,-73.98392046,17
40.716573,-73.960151,21
40.716613,-73.993261,17
40.716735,-73.742308,16
40.716742,-74.01466,24
40.716828,-73.962137,16
40.71686,-73.980359,24
40.7169248,-73.98321491,18
40.717004,-73.958617,24
40.71709893,-73.99858951,23
40.717342,-73.997436,17
40.717438,-73.995878,22
40.717439,-73.940281,26
40.717557,-73.958022,22
40.717588,-73.98535,59
40.717609,-74.001283,34
40.717612,-73.98286,30
40.717629,-73.99826,18
40.717662,-73.990468,29
40.717681,-73.958963,59
40.71772387,-73.98576515,23
40.71779,-73.992657,18
40.71783501,-73.95772467,70
40.717845,-73.991075,20
40.717864,-73.986176,40
40.717868,-73.995118,37
40.717995,-73.736692,18
40.718009,-73.989853,23
40.71801843,-73.99995671,40
40.718103,-73.988436,16
40.718111,-73.957428,27
40.718121,-73.991984,16
40.71814453,-73.99382768,94
40.718153,-73.98699,60
40.718181,-74.00076,77
40.718224,-74.000244,18
40.718301,-73.994318,20
40.718326,-74.002792,18
40.718344,-73.989242,58
40.718403,-73.985418,74
40.71843,-73.987798,30
40.71843,-73.982936,27
40.71843015,-74.00053029,55
40.718446,-73.996756,22
40.718524,-73.960317,41
40.7185558,-73.98820001,216
40.7185558077,-73.9882000111,34
40.718575,-73.990001,16
40.71864786,-73.83769662,23
40.71867,-73.986245,23
40.718676,-73.988606,119
40.718696,-74.000902,54
40.718733,-73.813309,18
40.718734,-73.997592,23
40.718756,-73.990604,18
40.71879468,-73.98901164,24
40.71886109,-73.97491363,16
40.718875,-73.982204,22
40.718911,-73.98939,123
40.718913,-73.958712,20
40.718948,-73.987072,19
40.718949,-73.963195,16
40.718957,-73.994603,28
40.719115,-73.990066,39
40.719127,-74.010347,18
40.71912711,-74.00693719,26
40.719147,-73.983099,17
40.719194,-73.987872,30
40.71920377,-73.99036439,18
40.719211,-73.985492,20
40.719259,-73.733766,22
40.719373,-74.000231,27
40.71939629,-74.00188311,108
40.719421,-74.00518,27
40.719436,-73.988682,63
40.719522,-73.993129,32
40.719619,-73.999451,22
40.719659,-73.984775,35
40.719667,-73.989441,52
40.719713,-73.987147,36
40.71983205,-73.98754321,18
40.719841,-73.990041,21
40.71993506,-73.97875164,18
40.719936,-73.844933,18
40.719955,-73.987948,26
40.719963,-73.844234,44
40.71997248,-73.99289676,27
40.719993,-74.000245,22
40.720068,-73.808562,20
40.720075,-73.962789,58
40.720084,-73.981619,34
40.720138,-73.979416,23
40.72025484,-74.00708983,52
40.72032113,-73.99404032,33
40.720357,-73.950413,34
40.720388,-74.001043,39
40.720408,-73.987246,45
40.72044188847,-74.00674397419,301
40.72061,-73.992566,16
40.72062858,-74.00520932,56
40.720629,-73.993919,17
40.720656,-73.988061,252
40.720763,-73.846429,46
40.720796,-74.001834,20
40.720809,-73.844383,34
40.720854,-73.984151,22
40.720884,-73.988818,128
40.720999,-74.002734,18
40.721062,-73.989425,25
40.721104,-74.004282,17
40.721109,-73.987359,37
40.721122,-73.956334,23
40.721123,-73.994251,26
40.721176,-73.979419,17
40.721211,-73.843435,16
40.72123464,-73.98777023,19
40.72124875,-73.99223644,16
40.721285,-73.993662,40
40.721316,-74.000257,35
40.721348,-73.988146,52
40.721348,-73.983413,16
40.721351,-73.980847,19
40.72145346,-73.84397787,133
40.72145346398,-73.84397787334,18
40.721456,-73.958352,81
40.72146254,-73.98852418,16
40.721549,-74.004931,19
40.721612,-73.986618,17
40.72170505,-73.95064766,21
40.721709,-73.844579,22
40.721718,-74.001052,18
40.721825,-73.991943,62
40.721842,-73.956749,27
40.721853,-73.987456,72
40.721858,-73.985097,26
40.721869,-74.004201,40
40.721875,-73.997261,33
40.721994,-73.993394,60
40.722009,-73.957759,25
40.722079,-73.988194,139
40.722088,-74.001806,19
40.722126,-73.996695,41
40.722133,-73.958701,29
40.722189,-74.003369,19
40.7222418,-73.9862873,18
40.722291,-73.988894,42
40.72230022,-73.99712108,30
40.722345,-73.983204,25
40.722369,-74.00103,20
40.72240151,-73.99164825,17
40.722407,-73.999333,162
40.722482,-73.997552,33
40.722514,-73.984598,46
40.72254986,-74.00629899,16
40.722583,-73.9875,48
40.722629,-73.986027,111
40.72264099648,-73.85154182168,104
40.722659,-73.995986,19
40.722743,-74.001789,16
40.722803,-74.000133,16
40.722842,-73.998396,16
40.722846,-74.003374,22
40.722879,-73.994531,22
40.722937,-73.987683,29
40.722975,-73.950327,18
40.723024,-73.99133,62
40.723053,-73.989016,18
40.723175,-74.000886,77
40.72326034,-73.98843007,24
40.723329,-73.985519,17
40.723548,-74.00165,94
40.72358,-73.977668,17
40.723587,-73.988201,73
40.723609,-73.999989,19
40.723628,-73.998298,138
40.723629,-73.84872,22
40.72365033,-73.99102396,94
40.72377191,-73.95079044,32
40.72393,-74.002458,28
40.723933,-73.991938,56
40.723952,-73.985065,24
40.723981,-74.000747,35
40.723987,-73.975813,18
40.724028,-73.999097,33
40.724044,-73.996179,29
40.72423529,-73.99778483,52
40.724244,-73.987731,21
40.724281,-74.003127,16
40.724359,-74.00153,41
40.724372,-73.983243,21
40.724401,-73.999856,148
40.724521,-73.992465,16
40.724577,-73.980035,18
40.724743,-73.995606,20
40.724767,-73.951357,24
40.724774,-74.000614,24
40.724782,-73.981421,21
40.724786,-73.976785,18
40.72482,-73.998965,72
40.724833,-73.997278,128
40.72487765,-73.97516391,18
40.724883,-73.987268,25
40.724982,-73.982795,30
40.725168,-73.98418,61
40.725195,-73.999723,34
40.725201,-73.878784,20
40.725214,-73.998096,72
40.725288,-73.991202,22
40.725398,-73.994687,23
40.72543198,-73.99677099,88
40.725508,-73.994988,16
40.72551155,-74.00402994,28
40.725577,-74.000499,24
40.72558254,-73.98986919,16
40.725616,-74.005167,33
40.725689,-73.988237,29
40.725763,-73.983746,94
40.725881,-74.00388,40
40.725885,-73.989649,21
40.72593145,-73.99464955,51
40.725936,-73.985061,19
40.725979,-73.996308,72
40.726018,-73.991928,47
40.72605391,-73.98353371,33
40.72618682,-73.73523412,50
40.726267,-73.95221,32
40.726284,-73.73476,20
40.726354,-74.000407,16
40.726359,-73.983313,55
40.726364,-73.997135,25
40.726401,-73.908469,28
40.726483,-73.989207,24
40.726514,-73.984637,17
40.7265156408,-73.98829024376,158
40.72652937698,-73.73486453789,83
40.72655378,-73.98782858,38
40.726678,-73.907247,24
40.726686,-73.985951,21
40.726743,-73.99167,34
40.72677,-73.853194,18
40.726777,-73.976865,19
40.72686578,-73.97990757,21
40.726869,-73.995557,38
40.72688302,-73.95287147,24
40.726956,-73.953115,40
40.726963,-73.982874,32
40.72696953,-73.85374602,19
40.72700069402,-73.95298311124,90
40.72709,-73.988761,26
40.727111,-74.000274,17
40.727129,-73.984192,52
40.727167,-73.979688,20
40.72726147,-73.98265669,23
40.727356,-73.981067,36
40.727423,-73.92547,16
40.727426,-73.993915,24
40.727475,-73.892779,21
40.727476,-73.986929,17
40.727501,-73.999435,75
40.727501,-73.997805,28
40.727515,-73.99501,26
40.727616,-73.952979,25
40.72784135,-73.83283234,18
40.72784604,-73.98222719,21
40.727885,-73.985076,34
40.728094,-73.986483,44
40.728116,-73.994502,16
40.72813437,-73.95327311,16
40.728146,-73.982009,24
40.728241,-74.00537,22
40.728245,-73.999316,117
40.728473,-73.984645,20
40.728478,-73.953466,22
40.72860484,-74.00531458,19
40.728609,-74.000056,102
40.728612,-73.994657,38
40.728689,-73.99842,26
40.728891,-73.987461,27
40.728981,-74.000813,43
40.729024,-73.890429,24
40.729048,-74.002506,18
40.729054,-73.999141,26
40.729069,-73.984214,24
40.729074,-73.988786,23
40.729077,-73.988801,86
40.729163,-73.953808,17
40.72916763,-74.00119065,17
40.72924,-73.815189,35
40.72926,-73.743495,37
40.729273,-73.98562,17
40.729294,-73.993504,28
40.729405,-73.98109,16
40.729427,-73.999901,29
40.72947,-74.010636,129
40.729482,-73.987029,65
40.72949,-73.987951,30
40.729547,-73.98243,16
40.729578,-74.000844,125
40.729652,-74.004563,17
40.729711,-73.862586,24
40.729719,-73.990328,32
40.72973,-73.951071,16
40.72980957,-73.74468211,17
40.729829,-73.993051,17
40.72985,-73.954101,27
40.72986175,-73.99143444,34
40.729872,-73.998986,16
40.72987816,-73.99072365,16
40.7299397,-73.81043304,20
40.729942,-73.97918,51
40.729971,-73.992138,46
40.730038,-73.95592,16
40.730083,-73.980597,35
40.730091,-74.003212,16
40.73011306687,-73.81090891488,102
40.73011735,-73.86231192,37
40.730148,-73.862392,93
40.730189,-73.981962,19
40.73019881,-73.95424585,37
40.73021,-74.000311,45
40.730331,-73.983303,16
40.730335,-73.992624,46
40.730453,-74.002077,27
40.730492,-73.886518,27
40.730552,-73.954312,31
40.73059192,-73.99240854,25
40.73066902,-73.99885262,283
40.73066902111,-73.99885262043,72
40.730748,-74.000768,117
40.730823,-74.001549,28
40.730879,-73.992164,17
40.730905,-73.981442,113
40.730962,-73.995341,20
40.731003,-73.982813,26
40.73106426,-74.00141078,33
40.731111,-73.993642,22
40.731308,-74.006681,26
40.73135114,-73.9825546,95
40.731375,-74.000279,18
40.731386,-74.001183,38
40.731646,-73.982214,53
40.731659,-73.989412,43
40.73170654,-74.00095616,247
40.73170654022,-74.00095616453,37
40.73185,-73.983751,53
40.731881,-73.994543,20
40.732003,-74.003437,17
40.732011,-74.000733,19
40.732047,-74.001415,27
40.732284,-73.987918,59
40.73235057,-73.98494657,18
40.732572,-73.999339,16
40.732579,-74.001892,69
40.732599,-73.99717,41
40.73261,-73.849434,19
40.732619,-74.003794,30
40.732622,-74.000289,42
40.732785,-74.003276,48
40.732821,-73.986063,80
40.73283,-73.991197,35
40.732847,-73.863882,131
40.732894,-74.001964,18
40.732914,-73.981276,22
40.73292795,-74.00006494,23
40.732948,-73.987432,23
40.732953,-74.006965,17
40.733017,-73.993568,23
40.733065,-74.003504,21
40.733141,-73.989952,17
40.733146,-73.869345,16
40.733269,-74.00507,36
40.73327,-73.999811,59
40.733278,-73.998771,42
40.73329229,-73.98717987,49
40.733398,-74.006351,34
40.733424,-74.002909,26
40.73349726,-73.87036942,58
40.733512,-74.003532,78
40.733525,-73.997531,18
40.733539,-74.002113,46
40.733596,-73.991029,30
40.733613,-73.993057,36
40.733629,-73.98798,54
40.73363332,-74.00278558,57
40.733635,-73.98693,21
40.733729,-73.871197,686
40.733736,-74.001995,79
40.733875,-73.999371,26
40.733876,-74.005428,22
40.73389675845,-74.00539583734,188
40.733942,-74.002878,18
40.733981,-73.989886,44
40.734021,-74.000005,28
40.734091,-74.006238,40
40.7342,-73.989341,23
40.73422627,-74.005407,30
40.734255,-73.991605,17
40.734408,-73.990849,37
40.73443438,-73.98990393,457
40.73443438732,-73.98990393254,68
40.734478,-73.868013,75
40.734637,-73.990328,102
40.734705,-74.002181,31
40.734738,-73.999609,25
40.734874,-73.99199,36
40.734878,-73.989955,99
40.734955,-73.874983,140
40.734976,-73.988051,16
40.734998,-74.000164,18
40.735027,-73.991235,265
40.735116,-73.861747,20
40.73521404,-73.99171521,160
40.73521404189,-73.99171521011,21
40.735256,-73.979566,16
40.735313,-73.99411836,17
40.73539005,-73.97510948,17
40.73542566,-73.97474863,29
40.735489,-74.006014,21
40.735514,-73.955132,22
40.735552,-73.991463,37
40.73561,-73.992666,93
40.735617,-74.000539,34
40.73564,-73.988636,32
40.735659,-73.993868,60
40.735696,-73.974777,16
40.735698,-73.989664,149
40.735714,-73.998041,40
40.73577805,-73.74653922,18
40.735948,-73.933717,16
40.73599,-73.99573,24
40.73600465,-73.99361673,18
40.73621,-73.990982,28
40.73624,-73.93627,18
40.736348,-73.977475,21
40.736352,-73.997574,47
40.73653145,-73.99075159,17
40.736683,-73.995228,141
40.73669795,-73.98331594,32
40.7367523,-73.87767019,43
40.736769,-73.86538,25
40.736831,-73.990542,37
40.736847,-73.989672,36
40.736851,-73.988804,30
40.73688663,-73.97854055,24
40.736931,-73.955365,22
40.737011,-73.992887,36
40.737014,-73.997091,94
40.737029,-73.864489,20
40.737074,-73.982962,23
40.73713251,-73.99032932,17
40.737201,-73.877388,21
40.73720309857,-73.98327259815,372
40.737254,-73.984295,20
40.737293,-73.86361,23
40.73736069,-73.99683897,134
40.73736069337,-73.99683897659,23
40.737387,-73.979723,47
40.737464,-73.990226,31
40.737524,-73.991278,17
40.737609,-74.002817,20
40.737624,-73.99244,64
40.7376829,-73.85204816,17
40.737703,-73.996591,35
40.737957,-73.998262,56
40.738021,-73.98796,32
40.738103,-73.989068,16
40.738144,-74.008902,48
40.73821,-73.992011,68
40.738331,-74.001281,16
40.738359,-73.982026,40
40.7384,-73.885988,17
40.73853,-73.985453,20
40.73855195,-73.99968244,139
40.73855195884,-73.99968244859,22
40.738575,-74.003653,17
40.738744,-73.988753,17
40.738796,-73.991586,36
40.738898,-73.999435,31
40.738985,-73.889067,18
40.739026,-73.981546,18
40.739103,-73.976924,32
40.739153,-74.001104,181
40.739171,-73.983944,17
40.739197,-73.89015,17
40.739198,-73.785572,23
40.739221,-73.884524,32
40.73923333,-73.97819337,16
40.739381,-73.99116,51
40.73939,-74.00725,69
40.739415,-74.004628,34
40.739564,-73.995233,42
40.739664,-73.878203,42
40.73975138,-74.00252241,191
40.73975138823,-74.00252241398,32
40.739806,-73.982439,18
40.739836,-74.007995,20
40.739839,-73.9845,27
40.739848,-73.985552,31
40.739853,-73.986605,33
40.739869,-73.996867,16
40.739946,-74.006099,89
40.739964,-74.007137,26
40.739968,-73.990732,44
40.740029,-73.786296,62
40.740088,-73.97929,23
40.740098,-74.002272,43
40.740148,-73.790383,18
40.740151,-73.994805,96
40.740175,-73.9985,34
40.74018427,-73.98636299,59
40.740301,-74.003825,47
40.740351,-73.992553,45
40.740407,-73.975972,37
40.740437,-74.005209,29
40.740499,-74.00845,64
40.740528,-73.987172,29
40.740538,-74.008547,17
40.740571,-73.990294,17
40.740602,-74.006673,16
40.740605,-74.005613,18
40.740619,-74.007711,121
40.740687,-73.758757,21
40.740708,-73.978847,31
40.740735,-73.994377,17
40.740762,-74.001787,16
40.740763,-73.998074,18
40.740836,-73.879655,16
40.74087339,-73.98798314,37
40.740942,-73.992126,146
40.740952,-73.900088,29
40.74102299,-73.978615,18
40.74105515,-73.99786005,23
40.74107986,-74.00155533,25
40.741101,-73.983585,18
40.741115,-73.988554,33
40.741206,-74.008108,32
40.741288,-74.006167,124
40.741297,-74.00511,29
40.74129761,-73.88027814,21
40.741327,-73.99395,17
40.741332,-73.978392,42
40.74135658,-73.98912701,20
40.741374,-74.001342,31
40.74154875,-73.98957446,42
40.741557,-73.99168,17
40.741569,-73.880641,47
40.74162316,-73.99373528,27
40.741629,-73.995584,29
40.74166,-73.981086,45
40.741682,-74.002985,180
40.741731,-73.989447,37
40.74184182,-73.88100252,59
40.7418418249,-73.88100252317,24
40.741928,-73.993512,81
40.741961,-74.000916,30
40.741965,-74.004638,43
40.742025,-73.874287,16
40.742188,-73.974679,23
40.742223,-73.868706,26
40.742229,-73.99119,95
40.742237,-74.006279,25
40.742241,-73.998854,24
40.74225462,-74.0007037,25
40.742266,-74.002549,18
40.742278,-73.980635,64
40.74228473,-74.00441709,20
40.742329,-73.911493,37
40.742336,-73.982684,20
40.742349,-73.918386,26
40.742398,-73.984752,18
40.7425234,-73.94923204,17
40.742546,-74.000489,32
40.742555,-73.977444,24
40.742572,-73.993047,67
40.742574,-74.004192,52
40.74266360845,-73.99804910848,152
40.74269955,-73.99865494,48
40.74272856,-73.95410733,26
40.742827,-73.998428,25
40.742851,-74.002122,23
40.742876,-74.005824,21
40.742884,-73.99071,24
40.74291039,-73.9928041,58
40.74291039953,-73.99280410305,16
40.743016,-73.984301,66
40.743034,-73.935329,17
40.74308015,-73.9547366,75
40.743101,-73.918227,27
40.743121,-73.996355,19
40.7431245995,-73.95606807268,237
40.743132,-74.000062,27
40.743156,-74.003756,22
40.7431564,-73.9187012,43
40.743163,-73.976983,17
40.74332398,-73.98407437,51
40.743428,-73.921019,17
40.743462,-74.00539,46
40.74348126388,-73.8740035374,281
40.743499,-73.855503,20
40.743504,-73.994224,43
40.743515,-73.979733,24
40.743608,-73.990513,27
40.743613,-73.914333,17
40.743634,-73.98385,38
40.743646,-73.922875,23
40.743666,-73.984886,18
40.743698,-73.985921,21
40.7437003,-73.92333787,20
40.743716,-73.999632,53
40.743741,-74.003329,29
40.743758,-73.98797,50
40.74378315,-73.97350763,16
40.74380795,-73.924258,34
40.743876,-73.992096,50
40.743958,-73.977909,23
40.74400577,-73.99941536,19
40.74409901,-73.99564413,55
40.744164,-73.993738,29
40.744164,-73.98894,26
40.7441674,-73.91247832,22
40.74419,-73.981334,49
40.744195,-73.885607,38
40.744252,-73.9834,26
40.7442824,-73.86177741,17
40.744299,-73.990215,29
40.744319,-73.999194,17
40.744345,-73.986497,33
40.744351,-73.867756,16
40.744354,-74.006598,48
40.744374,-73.987522,29
40.744429,-73.995399,24
40.744494,-73.991645,34
40.74453223,-73.98887026,16
40.74466896,-73.93168408,31
40.744696,-73.997066,57
40.744751,-73.978833,30
40.744784,-73.99329,91
40.744839,-73.981918,16
40.744856,-73.903471,24
40.74487,-73.98295,27
40.74491,-73.988799,24
40.744962,-73.998729,20
40.744964,-73.986044,26
40.744977,-73.989919,51
40.744981,-73.870144,22
40.74505777,-73.97860649,17
40.745073,-73.994935,53
40.745112,-73.991193,32
40.74525277,-73.87006259,44
40.745253,-73.977003,33
40.74528702,-73.98872939,23
40.74529305,-73.99848786,81
40.74529305739,-73.99848786928,24
40.745403,-73.992841,63
40.745457,-73.981469,17
40.745489,-73.982503,19
40.745517,-74.002038,17
40.745535,-73.903919,16
40.745552,-73.984569,22
40.74559564,-73.90338918,70
40.745623,-73.998247,40
40.745661,-73.98866,17
40.745663,-73.989622,31
40.745669,-73.987718,40
40.745677,-73.902756,17
40.745731,-73.990742,43
40.745885,-73.900575,18
40.745893,-73.999906,34
40.745922,-73.891251,30
40.74595178,-73.99800786,16
40.745957,-73.868175,23
40.746008,-73.889848,18
40.746019,-73.992391,27
40.746059,-73.97788,20
40.746065,-73.978924,34
40.746138,-73.983088,17
40.74617,-73.984121,16
40.746198,-73.985147,30
40.746266,-73.99778,37
40.746311,-73.994038,17
40.746319,-73.883696,16
40.74633332,-73.89632537,32
40.746412,-73.988522,21
40.74641698,-73.98183247,71
40.74647891,-73.94401768,48
40.746529,-73.894505,16
40.746605,-73.995681,22
40.746638,-73.991937,68
40.74664168,-73.89139142,19
40.746713,-73.884707,16
40.746748,-73.981587,79
40.746757,-73.98264,18
40.74681219,-73.89175204,168
40.74681219683,-73.89175204187,40
40.746815,-73.984696,23
40.74682447,-73.85325491,100
40.74682447771,-73.85325491847,30
40.746844,-73.985722,30
40.74684483,-73.89143078,106
40.74684483147,-73.89143078867,20
40.746865,-73.861426,17
40.746893,-73.997325,27
40.746893,-73.890966,21
40.746926,-73.993586,20
40.74694276,-73.8904995,23
40.746968,-73.989842,26
40.74699,-73.890036,50
40.747036,-73.987127,51
40.74703794,-73.88957183,28
40.747042,-73.891468,25
40.747087,-73.889124,80
40.7471,-73.883841,55
40.74713669,-73.89240835,25
40.74715309,-73.98549541,26
40.74716,-73.85343,31
40.747162,-73.988379,17
40.747187,-73.891957,40
40.74723615,-73.99335942,41
40.74724468,-73.88764789,24
40.747257,-73.991488,35
40.747293,-73.887182,90
40.74734258,-73.8867166,21
40.747391,-73.886252,74
40.747413,-73.893103,36
40.747422,-73.982148,18
40.747422,-73.972418,19
40.747431,-73.983201,16
40.74744047,-73.88578891,18
40.74744047568,-73.88578891484,20
40.747457,-74.000623,26
40.747463,-73.985271,43
40.747463,-73.882946,20
40.747487,-73.885321,97
40.747488,-73.861749,20
40.747514,-73.996873,26
40.74753561,-73.88485401,31
40.74753561114,-73.88485401338,16
40.747545,-73.993134,32
40.747583,-73.884396,102
40.747586,-73.989392,97
40.74763075,-73.88393715,102
40.747682,-73.883467,79
40.747721,-73.986837,357
40.7477341,-73.88299862,29
40.747804,-73.88232,28
40.747826,-73.876604,19
40.747837,-73.994778,41
40.747873,-73.99104,22
40.747912,-73.988241,21
40.747976,-73.880672,44
40.747999,-73.892559,53
40.748043,-73.880023,34
40.748061,-73.861657,20
40.748093,-73.879558,16
40.748101,-73.891676,40
40.748106,-73.984803,59
40.74810812,-73.94735469,25
40.74815944,-73.85405319,16
40.748162,-73.992686,29
40.748201,-73.89074,16
40.748204,-73.98894,23
40.748204,-73.756249,42
40.748271,-73.87788,56
40.74828972,-73.98817669,102
40.74828972632,-73.98817669912,16
40.748331,-73.86324,27
40.748344,-73.87717,16
40.748371,-74.001817,18
40.748398,-73.986542,62
40.748398,-73.886907,19
40.74841623,-73.87647943,24
40.74843751,-73.98456038,19
40.74843794,-73.87625202,36
40.748454,-73.994329,36
40.748476,-73.875904,44
40.748498,-73.990586,57
40.7485121,-73.98871441,33
40.748566,-73.869053,27
40.748571,-73.875031,22
40.748593,-73.885048,20
40.748618,-73.869604,22
40.748656,-73.988108,33
40.748666,-74.003463,17
40.748688,-73.884123,112
40.748738,-73.873502,33
40.748768,-73.870197,22
40.74877,-73.984319,18
40.748786,-73.992234,72
40.74880182,-73.86308174,21
40.74880182086,-73.86308174761,17
40.748822,-73.988476,39
40.74884283,-73.86295173,27
40.74884283751,-73.86295173569,17
40.74886342,-73.89270872,26
40.748914,-73.89223,32
40.74891559,-73.93739654,93
40.74891559128,-73.93739654435,20
40.749011,-73.870868,31
40.74902255,-73.98803942,20
40.749071,-73.99388,25
40.7491025,-73.99200582,31
40.74911,-73.990139,50
40.74911,-73.869902,23
40.749113,-73.986165,250
40.74912962,-73.9882379,23
40.74915777,-73.86942584,102
40.74915777082,-73.86942584447,30
40.74921,-73.868941,40
40.74929877,-73.89757673,24
40.74930759,-73.86140607,38
40.7493075958,-73.86140607373,19
40.749311,-73.821857,32
40.749335,-73.862903,56
40.749362,-73.995523,44
40.749385,-73.869555,31
40.749404,-73.991784,255
40.749413,-73.983849,28
40.749473,-73.876678,26
40.749592,-73.865371,16
40.749673,-73.987955,74
40.74970631,-73.99156182,30
40.749725,-73.989674,86
40.749747,-73.985615,61
40.74978831,-73.98776859,205
40.74978831616,-73.98776859949,48
40.749794,-73.863456,35
40.749795,-73.883845,17
40.7498542,-73.98793821,36
40.7498691,-73.86272585,88
40.74986910552,-73.86272585672,32
40.7499,-74.002558,82
40.749918,-73.862239,161
40.74996675,-73.86175118,25
40.749982,-73.995071,57
40.749999,-73.939424,30
40.750012,-73.991337,91
40.750015,-73.865313,20
40.750089,-73.881057,28
40.750119,-73.987531,27
40.750163,-73.871021,19
40.75017673,-73.93984237,106
40.75017673422,-73.93984237598,17
40.750258,-73.987858,90
40.75027,-73.862912,27
40.750286,-73.860228,54
40.750287,-73.996709,18
40.75029388,-73.99484248,53
40.75029388369,-73.99484248925,16
40.750294,-73.973324,21
40.750311,-73.861928,25
40.75031835,-73.99111059,40
40.750403,-73.985236,78
40.750423,-73.98928,1523
40.750432,-73.97469,40
40.750438,-73.968667,17
40.75045249,-73.98729206,17
40.750466,-73.97676,25
40.750579,-73.870264,139
40.750651,-73.982949,18
40.750655,-73.990866,49
40.75066114,-73.98777926,20
40.75067101,-73.86309595,17
40.750767,-73.987072,30
40.750796,-73.862669,24
40.7508292,-74.001884,16
40.75089,-73.996262,33
40.750908,-73.994396,44
40.75091976,-73.86224005,23
40.750967,-73.972836,17
40.75099078,-73.99062326,222
40.75099078335,-73.99062326583,32
40.751021,-73.984787,38
40.75104,-73.987712,93
40.751103,-73.975246,49
40.751122,-73.858971,19
40.751147,-73.857299,33
40.751184,-73.862377,47
40.751214,-73.980447,17
40.751268,-73.982499,60
40.751325,-73.990378,28
40.751367,-73.944941,20
40.751391,-73.986625,16
40.751426,-74.003302,40
40.75144155,-73.9760491,336
40.75144155823,-73.9760491033,69
40.75152348,-73.9939473,48
40.75154455,-73.8708432,20
40.75157615,-73.85583589,48
40.751591,-73.992043,79
40.751594,-73.972382,18
40.751638,-73.984335,49
40.75165771,-73.99013231,20
40.751659,-73.833943,21
40.751662,-73.976578,93
40.751753,-73.973731,24
40.75177,-73.855195,56
40.751831,-73.979995,16
40.751856,-73.993706,82
40.751887,-73.982049,40
40.751912,-73.869512,18
40.751924,-73.859382,24
40.751938,-73.873344,23
40.751962,-73.857716,25
40.751967,-73.863772,115
40.75197,-73.989914,39
40.752001,-73.977392,107
40.752003,-73.935872,75
40.75200525,-73.83599839,22
40.752008,-73.986173,18
40.752102,-73.872425,30
40.75211983,-73.97767664,16
40.752123,-73.995369,18
40.75219043,-73.99346359,177
40.75219043401,-73.9934635984,30
40.75222,-73.971924,20
40.752252,-73.85358,52
40.752256,-73.991557,91
40.752256,-73.983882,76
40.75228073,-73.98969188,17
40.752294,-73.834218,76
40.752378,-73.973274,60
40.752387,-73.867736,23
40.752425,-73.91494,108
40.752429,-73.97533,20
40.752435,-73.871317,61
40.752471,-73.979528,49
40.752505,-73.981597,47
40.752522,-73.993222,167
40.752526,-73.987401,24
40.752588,-73.989468,86
40.752605,-73.978818,16
40.752626,-73.985717,24
40.752646,-73.866766,16
40.752707,-73.821384,18
40.752756,-73.858124,18
40.752789,-73.994884,54
40.75280083,-73.97928616,41
40.75285463,-73.99297988,42
40.752876,-73.983433,219
40.752877,-73.991111,34
40.752899,-74.002967,27
40.753054,-73.974875,29
40.753056,-73.996546,38
40.753099,-73.908913,42
40.753136,-73.864924,30
40.753141,-73.980087,29
40.75315,-73.911622,76
40.753156,-73.921049,24
40.753164,-73.992754,68
40.753205,-73.988048,24
40.753206,-73.989015,37
40.75324,-73.932466,26
40.75325,-73.987199,26
40.75326365,-73.86444773,16
40.753303,-74.000079,122
40.75332696,-73.87179261,17
40.753455,-73.994398,57
40.753471,-73.971011,22
40.75347491,-73.99252865,27
40.7534818,-73.9808885,59
40.75348180968,-73.98088850486,19
40.753493,-73.990661,27
40.753526,-73.822361,35
40.75353270126,-73.99453689202,823
40.75354,-73.877422,16
40.75355378,-73.98504284,20
40.753558,-73.90442,25
40.753573,-73.914003,36
40.75368,-73.974419,21
40.753783,-73.992304,81
40.753818,-73.980641,56
40.753824,-73.988561,21
40.753866,-73.98482,16
40.753936,-73.985955,29
40.753937,-73.969205,30
40.75393917,-73.99484365,108
40.753962,-73.986977,65
40.753996,-73.94243045,62
40.753997,-73.864793,17
40.754081,-73.993941,55
40.754089,-73.940828,17
40.754112,-73.99021,48
40.75413056,-73.98833447,19
40.754162,-73.982502,40
40.754191,-73.832962,28
40.754208,-74.00032,16
40.754256,-73.971907,22
40.754281,-73.972935,19
40.754306,-73.973962,16
40.75431704,-73.98686541,30
40.754399,-73.991856,46
40.75444,-73.988114,38
40.754469,-73.980166,41
40.754509,-73.984357,62
40.754534,-73.987379,17
40.754539,-73.977424,34
40.75458403,-73.99914457,27
40.754606,-73.985617,67
40.754616,-73.941834,27
40.754632,-73.894198,21
40.754676,-73.986752,104
40.754692,-73.9935,58
40.75470724,-73.99163337,24
40.75473,-73.989757,38
40.75474808,-73.9878904,40
40.754817,-73.965469,23
40.754821,-73.828053,28
40.75484094,-73.98411854,166
40.75484094961,-73.9841185469,34
40.754931,-73.973505,24
40.754979,-73.928847,20
40.754981,-73.844435,52
40.754997,-73.862305,16
40.755018,-73.991405,127
40.7550297,-73.8726917,17
40.755061,-73.987669,53
40.755094,-73.97971,60
40.755179,-73.983871,28
40.75519,-73.968293,36
40.75523327,-73.94123827,25
40.755308,-73.99305,43
40.755325,-73.985261,37
40.75533027,-73.9911785,20
40.75533648,-73.84324519,33
40.75535,-73.989309,110
40.75537384,-73.98744633,22
40.755412,-73.886763,16
40.755421,-73.986522,58
40.755442,-73.941645,20
40.755461,-73.981552,56
40.755483,-73.925129,17
40.755509,-73.970988,19
40.75551608,-73.98362389,17
40.755584,-73.974081,18
40.755607,-73.884903,35
40.75564,-73.990952,73
40.755704,-73.987198,37
40.755706,-73.883973,31
40.755718,-73.979254,38
40.75578073,-74.0019852,45
40.755804,-73.883043,71
40.75580739,-73.98640311,124
40.75580739237,-73.98640311325,27
40.75585265,-73.8825801,26
40.755867,-73.91239,20
40.75589,-73.99634,34
40.755903,-73.882114,66
40.755909,-73.921492,40
40.755921,-73.833539,19
40.755929,-73.992598,113
40.75595054,-73.99072724,52
40.75597,-73.988861,36
40.755979,-73.96919,32
40.756,-73.881184,60
40.756032,-73.828536,39
40.75603526,-73.98694809,373
40.75603526928,-73.9869480991,86
40.756039,-73.984865,26
40.756088,-73.981098,32
40.756098,-73.880254,16
40.756161,-73.971561,31
40.756184,-73.986256,82
40.756184,-73.972591,16
40.756218,-73.994244,20
40.75624129,-73.87886163,17
40.756259,-73.990501,597
40.75629,-73.878395,48
40.756343,-73.978795,27
40.756373,-73.986703,38
40.75641,-73.835247,27
40.756449,-73.967379,27
40.75652716,-73.99401903,16
40.756547,-73.992144,112
40.75655941,-73.98610697,60
40.75656758464,-73.87593153413,367
40.75656807,-73.99027596,32
40.75658,-73.9297516,16
40.756604,-73.968727,29
40.756635,-73.98837,358
40.75667854,-73.92086485,44
40.756699,-73.984494,76
40.75671,-73.98064,36
40.75671041,-73.98645707,35
40.75672044,-73.91421245,29
40.756729,-73.941036,39
40.75673036,-73.87420806,16
40.756811,-73.972135,28
40.75682016831,-73.97114326335,172
40.756836,-73.993791,81
40.75686084,-73.87565627,827
40.75687464,-73.97054389,24
40.756897,-73.872665,18
40.7569,-73.990034,17
40.756909,-73.985964,40
40.75697,-73.978341,124
40.757002,-73.830242,19
40.757025,-73.986236,147
40.757079,-73.982484,19
40.757085,-73.941842,38
40.757097,-73.908048,18
40.757098,-73.828963,39
40.75712499,-73.97190691,60
40.75712499169,-73.97190691152,19
40.7571447,-73.99356056,25
40.75718,-73.869958,17
40.757232,-73.968273,34
40.75723226,-73.98979219,363
40.75723226526,-73.98979219055,109
40.75725654,-73.98582167,22
40.757257,-73.831574,28
40.757281,-73.868993,27
40.757308,-73.987878,71
40.757338,-73.98018,32
40.75733891,-73.98601296,31
40.757372,-73.984125,76
40.757388,-73.969621,34
40.757388,-73.867974,16
40.75742,-73.942605,23
40.757437,-73.971679,19
40.757486,-73.993318,16
40.757546,-73.975818,31
40.75757,-73.989544,77
40.757581,-73.986589,71
40.757598,-73.977885,49
40.757615,-73.985679,49
40.757656,-73.985776,215
40.757686,-73.874126,16
40.757691,-73.834115,266
40.757704,-73.982025,39
40.757826,-73.919931,65
40.757831,-73.991212,142
40.757858,-73.829302,64
40.75790742,-73.98929757,46
40.75797289,-73.98553636,49
40.757981,-73.983652,65
40.75802176,-73.98179321,71
40.758036,-73.917004,30
40.75809,-73.828808,43
40.758124,-73.979137,17
40.758129,-73.992852,24
40.758173,-73.975363,17
40.758178,-73.988003,36
40.75822,-73.98907,64
40.758225,-73.977428,822
40.758229,-73.980352,34
40.758273,-73.985293,296
40.758333,-73.981568,30
40.758334,-73.985438,61
40.75837362,-73.97099315,54
40.75842919,-73.99263277,25
40.758506,-73.990717,47
40.75853318,-73.98884266,51
40.75853695,-73.97720163,23
40.75855048,-73.82963655,44
40.758557,-73.833072,30
40.75857392,-73.98504893,49
40.75858014,-73.82561174,18
40.758598,-73.892069,21
40.75861,-73.983207,39
40.758642,-73.834418,16
40.758645,-73.962679,16
40.758663,-73.830689,44
40.758679,-73.99516,25
40.758687,-73.970764,24
40.75869473,-73.98533768,36
40.758704,-73.993285,40
40.75872,-73.952418,19
40.758751,-73.978681,87
40.758756,-73.829738,54
40.758767,-73.992385,18
40.75877,-73.824563,17
40.758849,-73.988616,139
40.758851,-73.976972,48
40.758887,-73.984834,57
40.75894,-73.827802,51
40.75894906,-73.83190961,16
40.758958,-73.981113,18
40.75896249,-73.82984125,19
40.7589746,-73.91899955,24
40.759049,-73.985221,113
40.75910436,-73.99213817,20
40.759131,-73.990264,85
40.759141,-73.960844,59
40.759162,-73.919399,21
40.75916443,-73.98839134,28
40.75919967,-73.98461925,49
40.759242,-73.986633,45
40.759243,-73.982757,28
40.75926,-73.831025,35
40.759266,-73.829991,88
40.75927047,-73.98088684,16
40.759302,-73.984862,17
40.759303,-73.994706,22
40.759304,-73.995708,56
40.759336,-73.833439,43
40.759341,-73.971345,29
40.759377,-73.978219,54
40.75940559,-73.98510289,39
40.759417,-73.991911,41
40.759476,-73.976517,145
40.759477,-73.988158,34
40.759521,-73.984396,40
40.75956952,-73.8301393,246
40.75956952596,-73.83013930521,42
40.759585,-73.980656,31
40.759701,-73.993561,32
40.759731,-73.84121,28
40.759759,-73.989811,70
40.75976,-73.98497,32
40.759778,-73.966407,20
40.75979018,-73.98792558,31
40.75984188,-73.9841751,16
40.759861,-73.828967,254
40.759905,-73.98629,124
40.759909,-73.967762,38
40.759921,-73.830311,83
40.760016,-73.854675,38
40.760042,-73.991458,64
40.760052,-73.973995,38
40.760098,-73.987701,35
40.760103,-73.976059,75
40.760107,-73.97898,26
40.76011644,-73.98483562,19
40.760147,-73.918044,83
40.760149,-73.983952,55
40.760212,-73.980199,17
40.760224,-73.996893,78
40.76026994,-73.83048405,20
40.760288,-73.921796,21
40.760308,-73.827168,20
40.760328,-73.993105,20
40.760346,-73.829802,31
40.760378,-73.915094,18
40.760392,-73.989344,146
40.76039613927,-73.76750253495,21
40.76040496,-73.98747426,22
40.76041957,-73.97582929,50
40.760453,-73.965919,19
40.760454,-73.984674,45
40.76045664,-73.98373096,45
40.760525,-73.83394,26
40.760532,-73.830613,24
40.760576,-73.985926,46
40.760614,-73.994755,36
40.760674,-73.990996,32
40.760721,-73.987245,39
40.760729,-73.975602,30
40.760745,-73.962692,20
40.76079435,-73.98451058,24
40.76082,-73.926313,24
40.760861,-73.769647,16
40.7609,-73.996402,26
40.76099264,-73.99075902,22
40.761006,-73.988895,26
40.76109335,-73.98326154,25
40.761095,-73.977444,34
40.761108,-73.984281,53
40.761171,-73.830931,28
40.761227,-73.985536,20
40.76123438,-73.96388427,19
40.761235,-73.832834,19
40.761237,-73.96681,24
40.761241,-73.994297,35
40.761258,-73.983656,19
40.761265,-73.968887,43
40.761269,-73.969942,40
40.7613,-73.990538,26
40.76131999,-73.91709073,16
40.761328,-73.974112,24
40.761349,-73.986788,57
40.76142,-73.999734,44
40.76142283,-73.98404839,95
40.761477,-73.982234,20
40.761587,-73.992186,23
40.761636,-73.988439,40
40.7616592,-73.98656074,20
40.761675,-73.902144,16
40.761706,-73.965005,17
40.761718,-73.976988,17
40.761785,-73.924984,20
40.761857,-73.985077,24
40.761865,-73.966355,456
40.761869,-73.993839,19
40.761913,-73.968415,46
40.761951,-73.972607,18
40.76197068,-73.92538165,25
40.761975,-73.986333,37
40.762015,-73.896482,37
40.762031,-73.982579,68
40.762083,-73.97883,113
40.762149,-73.995493,18
40.762213,-73.815335,18
40.7622265,-73.96818664,225
40.76222650346,-73.96818664354,42
40.762251,-73.831538,43
40.762261,-73.987985,36
40.76229044,-73.98610578,86
40.76229044249,-73.98610578414,21
40.762291,-73.803977,18
40.762302,-73.949525,38
40.76231580042,-73.82744800186,193
40.76233451,-73.8269171,46
40.762346,-73.976527,29
40.762386,-73.983422,49
40.762492,-73.965899,43
40.762539,-73.967957,68
40.762546,-73.989637,27
40.76257,-73.968994,16
40.762602,-73.985875,26
40.762606,-73.916041,71
40.762626,-73.972115,26
40.762626,-73.971063,97
40.762627,-73.973165,119
40.76263,-73.974213,90
40.762656,-73.982122,67
40.762739,-73.805079,22
40.762888,-73.987525,45
40.76291618,-73.9856472,21
40.76296305,-73.97186835,16
40.7629678,-73.98189293,73
40.762969,-73.976072,37
40.76297677,-73.82531505,20
40.763036,-73.983016,16
40.763094,-73.875825,35
40.763121,-73.992933,21
40.763125,-73.984203,42
40.763159,-73.924419,26
40.763166,-73.967499,25
40.763172,-73.98918,23
40.763229,-73.985419,24
40.763256,-73.830772,16
40.763275,-73.97164,35
40.763313,-73.973717,443
40.763334,-73.977913,35
40.76337,-73.980903,20
40.763398,-73.979025,18
40.763457,-73.990828,18
40.76348471,-73.98894651,17
40.763514,-73.987071,47
40.763554,-73.771443,21
40.763645,-73.975582,56
40.763699,-73.982644,17
40.763744,-73.992473,19
40.763784,-73.997415,56
40.763792,-73.831511,17
40.763799,-73.988722,43
40.763856,-73.984963,37
40.76388,-73.970149,18
40.76389304,-73.91499378,28
40.763902,-73.971184,52
40.763933,-73.771149,57
40.763969,-73.97324,75
40.76405,-73.961836,26
40.76414,-73.986612,104
40.764248,-73.973871,28
40.76427805,-73.97301575,37
40.764313,-73.995773,16
40.76432287,-73.97719604,34
40.76437,-73.992016,28
40.76437,-73.964527,18
40.764384,-73.982343,25
40.764413,-73.983376,53
40.764419,-73.966586,18
40.764425,-73.988264,32
40.764456,-73.91619,17
40.76446,-73.975405,17
40.764478,-73.981598,49
40.76448,-73.984508,31
40.764528,-73.970727,180
40.764533,-73.980754,40
40.76465102,-73.82348401,16
40.76466,-73.97695,20
40.7646844,-73.99178735,20
40.764686,-73.914346,113
40.764697,-73.97809,32
40.764711,-73.989914,46
40.76473193,-73.9663588,80
40.764767,-73.986155,16
40.764793,-73.771613,26
40.76481845,-73.98518947,313
40.764821,-73.822075,43
40.764857,-73.931029,18
40.764997,-73.99156,35
40.76502407883,-73.98483594971,387
40.765051,-73.987805,27
40.765079,-73.996609,29
40.765119,-73.813526,22
40.765122,-73.974935,47
40.765154,-73.97027,26
40.765179,-73.971298,19
40.765246,-73.81838,16
40.765282,-73.99321,20
40.765296,-73.979509,16
40.76539,-73.985702,23
40.76548128,-73.91369937,24
40.76552011,-73.9800367,68
40.765556,-73.95764,17
40.765583,-73.918588,17
40.7656,-73.832243,20
40.76561,-73.963622,75
40.76567584,-73.97623531,23
40.765677,-73.987349,22
40.765732,-73.983594,66
40.765779,-73.969813,35
40.765904,-73.980942,124
40.765962,-73.919382,27
40.766235,-73.963165,25
40.766275,-73.977655,26
40.766303,-73.986891,21
40.766331,-73.995697,22
40.766501,-73.982362,202
40.766533,-73.9923,23
40.76671453,-73.98287746,20
40.766722,-73.912691,135
40.7668866,-73.92139062,20
40.766929,-73.986432,37
40.76699564239,-73.96392230354,184
40.767029,-73.9689,53
40.76708,-73.921797,21
40.767136,-73.937727,33
40.76717714,-73.96380658,31
40.767268,-73.921081,26
40.767316,-73.984297,27
40.767379,-73.980284,24
40.767408,-73.981684,98
40.767499,-73.962242,30
40.767501,-73.989734,21
40.767842,-73.987627,19
40.76786024,-73.96407562,43
40.76788083,-73.98149087,22
40.76791711,-73.98571471,16
40.767993,-73.983791,37
40.768081,-73.98239,224
40.768122,-73.961781,22
40.768144,-73.95575,21
40.768408,-73.911311,25
40.768517,-73.987138,39
40.768671,-73.868118,20
40.768762,-73.833528,24
40.768775,-73.910461,22
40.76879702,-73.95836382,31
40.768831,-73.981351,17
40.76889099,-73.98209349,116
40.76889099202,-73.98209349414,27
40.768911,-73.98499,19
40.76901544,-73.97286581,24
40.769141,-73.958116,18
40.769306,-73.91550846,96
40.769453,-73.988311,20
40.769483,-73.834612,18
40.76949511844,-73.91502417039,229
40.769534,-73.967076,29
40.769538,-73.844831,17
40.769552,-73.915361,17
40.76976514,-73.97454426,21
40.77006271,-73.91807989,28
40.770091,-73.960356,16
40.770157,-73.982129,67
40.770162,-73.966617,26
40.770185,-73.918539,16
40.770379,-73.8758,20
40.770735,-73.98738,20
40.770765,-73.96196,17
40.770788,-73.966161,25
40.770982,-73.98215,29
40.77107,-73.95671,45
40.771077,-73.903548,19
40.771441,-73.965685,32
40.77153755,-73.87608995,17
40.77153884,-73.97740657,23
40.771562,-73.982558,16
40.771732,-73.950184,37
40.771801,-73.982168,32
40.772337,-73.955784,17
40.77335115,-73.96900089,20
40.773416,-73.964243,45
40.77364202,-73.95985551,47
40.773679,-73.954806,28
40.77387545,-73.98222574,89
40.77396,-73.959625,16
40.774278,-73.982214,65
40.77470844,-73.97468318,33
40.775083,-73.982182,67
40.775245,-73.911779,66
40.77534,-73.963887,28
40.775598,-73.909939,17
40.775607,-73.953397,19
40.775796,-73.979977,74
40.775919,-73.956102,20
40.775981,-73.91048,23
40.77613133,-73.91069962,38
40.77622107,-73.97595353,27
40.776242,-73.952935,18
40.776403,-73.948248,37
40.776552,-73.955638,22
40.776695,-73.951057,18
40.776697,-73.98212,19
40.776878,-73.952472,30
40.777247,-73.986346,46
40.777375,-73.950558,47
40.777534,-73.951991,24
40.77761,-73.982348,30
40.777638,-73.982369,16
40.777821,-73.954714,28
40.777863,-73.956778,20
40.777868,-73.948652,17
40.77787404,-73.95174339,28
40.778009,-73.980211,32
40.77818667,-73.96646033,20
40.778285,-73.777239,20
40.778348,-73.952863,38
40.778351,-73.982126,56
40.77848,-73.954233,75
40.778497,-73.956314,38
40.778794,-73.98205472,175
40.77879400107,-73.98205472389,26
40.779159,-73.954784,245
40.779159,-73.953738,77
40.779189,-73.981952,21
40.779495,-73.950564,20
40.77949772,-73.95558406,160
40.77949772523,-73.95558406795,22
40.779811,-73.953263,60
40.779834,-73.955339,44
40.779858,-73.959542,18
40.77994454,-73.97102708,30
40.779954,-73.981612,61
40.780486,-73.954862,32
40.780516,-73.959063,17
40.780654,-73.981415,45
40.780747,-73.949651,19
40.780923,-73.841453,16
40.780998,-73.77549,17
40.781388,-73.981187,26
40.781517,-73.979516,22
40.78159453,-73.96285496,25
40.781659,-73.832201,199
40.781849,-73.958093,16
40.78202248,-73.97172308,38
40.782112,-73.980937,21
40.78245186001,-73.96587826895,45
40.782454,-73.845897,18
40.782806,-73.978574,22
40.782817,-73.980642,37
40.783141,-73.836514,25
40.78347707,-73.96475737,188
40.783503,-73.98023,18
40.78384397,-73.97998787,44
40.783906,-73.947334,20
40.78405972,-73.97502,42
40.784206,-73.82504,17
40.78424527,-73.94708779,56
40.78425197866,-73.97489766642,136
40.78447508,-73.96721547,32
40.784593,-73.946839,36
40.784781,-73.977134,22
40.784839,-73.979236,16
40.7849422,-73.94658891,17
40.78529359,-73.96933477,25
40.78586636,-73.95092871,54
40.786116,-73.942614,28
40.786203,-73.950681,35
40.786247,-73.835448,23
40.786745,-73.942159,18
40.786856,-73.950208,19
40.787344,-73.975263,20
40.78756,-73.943129,22
40.787749,-73.944545,31
40.787986,-73.97678,18
40.788022,-73.974768,29
40.788068,-73.947232,16
40.78831448,-73.97649807,44
40.788634,-73.940789,26
40.788737,-73.970531,29
40.788814,-73.942208,16
40.789018,-73.972185,16
40.78925998,-73.94770949,37
40.789287,-73.940313,18
40.789323,-73.946316,23
40.789341,-73.947351,28
40.78946329956,-73.94763400394,78
40.789593,-73.929984,264
40.78962425,-73.94006674,23
40.78964918,-73.94607594,22
40.789951,-73.945855,37
40.789982,-73.946882,44
40.790125,-73.941251,38
40.79031415,-73.94768606,83
40.79031415148,-73.94768606337,18
40.790574,-73.945401,62
40.790616,-73.969153,29
40.790627,-73.947458,74
40.790656,-73.948495,24
40.791097,-73.943556,18
40.791232,-73.944922,61
40.791406,-73.940318,22
40.791526,-73.970348,18
40.79156983,-73.94467676,17
40.79163467,-73.96256406,16
40.79166278,-73.96468394,30
40.791781,-73.973877,22
40.791907,-73.945478,38
40.791907,-73.944429,24
40.792408,-73.973418,40
40.79244,-73.971544,18
40.792559,-73.943953,19
40.792583,-73.946032,19
40.792617,-73.95023,24
40.792867,-73.940799,19
40.793017,-73.942154,23
40.793036,-73.972961,19
40.79305,-73.972025,27
40.793502,-73.940335,19
40.793665,-73.972507,41
40.793716,-73.970613,27
40.793778,-73.937034,25
40.794142,-73.939868,33
40.794316,-73.972033,45
40.794351,-73.971076,16
40.79447,-73.943608,33
40.794494,-73.944636,33
40.794507,-73.966322,156
40.794651,-73.97178272,218
40.79465100966,-73.9717827284,42
40.79480848,-73.94440682,69
40.794989,-73.971536,34
40.795081,-73.942113,36
40.795122,-73.944177,40
40.795223,-73.94832,20
40.795572,-73.932295,182
40.795642,-73.971057,26
40.795659,-73.935662,38
40.795775,-73.944753,18
40.795807,-73.937099,18
40.795809,-73.946837,16
40.795849,-73.94787,20
40.79600598,-73.93540919,24
40.79607431283,-73.96706674581,93
40.79611095,-73.96144192,23
40.796278,-73.970598,23
40.79630124,-73.93828379,18
40.796316,-73.968716,16
40.796343,-73.935162,27
40.79637833,-73.96712761,77
40.796652,-73.93803,64
40.796781,-73.939402,16
40.79700362,-73.93777389,25
40.797292,-73.948926,16
40.797341,-73.937528,31
40.797475,-73.938898,73
40.797602,-73.941319,32
40.797604,-73.94027,41
40.797671,-73.951103,30
40.797809,-73.935639,16
40.79794458,-73.94212156,16
40.79794625,-73.94002313,26
40.798116,-73.932393,17
40.798155,-73.969229,23
40.798239,-73.963599,26
40.79824299,-73.95246182,39
40.798258,-73.933757,24
40.798284,-73.94187,61
40.798285,-73.94082,91
40.798286,-73.939772,40
40.79858495,-73.93352494,16
40.79862228,-73.94161894,131
40.798788,-73.968773,28
40.798819,-73.966891,53
40.79883293,-73.95201714,81
40.798842,-73.953882,47
40.798898,-73.96311,27
40.798941,-73.939286,27
40.798961,-73.943488,22
40.798962,-73.941373,23
40.798965,-73.942427,69
40.79910212,-73.96854103,63
40.79913178,-73.96666287,19
40.799146,-73.951772,38
40.79929997,-73.94112713,17
40.79930652,-73.94323283,23
40.799414,-73.937472,28
40.79944083,-73.95530348,21
40.799443,-73.96837,23
40.799647,-73.944041,27
40.800144,-73.968085,54
40.800201,-73.938364,37
40.800244,-73.940436,31
40.800251,-73.953426,42
40.800264,-73.952483,19
40.800269,-73.941469,25
40.800314,-73.946718,33
40.800477,-73.935145,26
40.80069461,-73.94110936,116
40.800774,-73.965464,21
40.80079251,-73.93491693,18
40.800825,-73.937915,16
40.800896,-73.941011,23
40.800913,-73.959064,23
40.80093037274,-73.94109824101,166
40.801108,-73.952532,22
40.801143,-73.963338,17
40.8013326,-73.9501877,16
40.801344,-73.948071,54
40.801455,-73.937457,21
40.801545,-73.957466,16
40.801678,-73.949933,21
40.801687,-73.934295,26
40.80175375,-73.93120289,21
40.801772,-73.962879,16
40.80178,-73.967838,43
40.801847,-73.951388,17
40.801908,-73.935612,19
40.80202405,-73.9496815,95
40.802057,-73.96453,30
40.802083,-73.936999,41
40.802107,-73.938028,16
40.802173,-73.957008,22
40.802284,-73.94528,32
40.802361,-73.949434,62
40.80239646,-73.93676832,18
40.802415,-73.933819,17
40.80244423,-73.93883073,20
40.80256165,-73.94299166,20
40.802621,-73.951104,53
40.802651,-73.947118,23
40.80275148,-73.93357496,38
40.802758,-73.9386,19
40.80307253,-73.93837142,27
40.80321647,-73.95253051,34
40.803226,-73.934696,40
40.8033,-73.963624,19
40.803385,-73.938143,21
40.80343,-73.956092,19
40.80369808,-73.93791211,27
40.80369968,-73.93581711,28
40.80382927,-73.942102,16
40.803868,-73.966921,19
40.803881,-73.954092,53
40.804037,-73.937666,34
40.804037,-73.936617,71
40.804082,-73.955616,27
40.80416836,-73.96670008,34
40.80437576,-73.93742023,424
40.80437576971,-73.93742023722,62
40.80441979,-73.95536877,57
40.80445511,-73.9118464,20
40.804498,-73.966458,42
40.804711,-73.937173,64
40.804715,-73.938227,113
40.804726,-73.956095,21
40.804758,-73.955121,30
40.80484,-73.951342,21
40.80504521,-73.93692835,35
40.80505732,-73.93903422,57
40.805141,-73.96599,34
40.805196,-73.913657,31
40.805388,-73.937736,37
40.805396,-73.93984,49
40.8054,-73.940906,22
40.805411,-73.954645,21
40.80555776,-73.91452156,45
40.8056394,-73.93439204,30
40.80572952,-73.93854235,21
40.80573611,-73.94064463,25
40.80574267,-73.94275414,27
40.806039,-73.954186,18
40.806076,-73.941454,19
40.806195,-73.916003,61
40.806411,-73.926462,21
40.80641488,-73.9422623,21
40.806469,-73.917725,16
40.8065,-73.918838,26
40.806635,-73.936826,16
40.806726,-73.949968,21
40.80681427,-73.91749643,20
40.80689,-73.915557,21
40.806981,-73.95155,20
40.807022,-73.964619,52
40.807094,-73.943873,188
40.80709737,-73.94597872,17
40.80716,-73.917257,23
40.807184,-73.918356,108
40.80718672,-73.9242798,39
40.807215,-73.919468,27
40.807272,-73.928518,18
40.807354,-73.949509,19
40.807435,-73.94573,33
40.80750559,-73.91701514,17
40.80755382,-73.91921496,121
40.807594,-73.898867,19
40.807639,-73.951162,21
40.80767,-73.964144,29
40.807698,-73.947398,28
40.80773,-73.91963,51
40.807768,-73.943382,19
40.80777234,-73.94548329,190
40.80777234465,-73.94548329253,19
40.807884,-73.91791,18
40.807908,-73.919009,42
40.8080019,-73.96389863,42
40.808109,-73.945238,75
40.80812,-73.923605,27
40.80820676,-73.90783898,19
40.808372,-73.946904,369
40.808392,-73.942928,16
40.808417746,-73.95247406035,80
40.808476,-73.912937,17
40.808506,-73.921466,96
40.80855,-73.952355,17
40.808634,-73.948573,17
40.80875018,-73.95258531,29
40.808758,-73.944766,58
40.808769,-73.92313,28
40.80897309,-73.94832523,31
40.809014,-73.942472,19
40.80907014,-73.9445394,18
40.8091071,-73.92288685,43
40.809182,-73.917117,19
40.809243,-73.915909,18
40.809382,-73.944311,18
40.809443,-73.922643,34
40.809573,-73.949746,167
40.80957585,-73.91804932,17
40.809579,-73.924015,78
40.809638,-73.942015,38
40.809674,-73.945955,21
40.809732,-73.929012,24
40.80977923,-73.9223984,19
40.80985,-73.937644,18
40.810006,-73.943855,19
40.810024,-73.916616,30
40.81005277,-73.92514352,20
40.81006553,-73.95496762,34
40.81017378,-73.95116727,22
40.81017536,-73.93740755,17
40.810187,-73.928404,17
40.810294,-73.945503,17
40.81035186346,-73.92494232564,194
40.81035229,-73.91760042,17
40.810391,-73.924895,48
40.81039618,-73.92531074,93
40.81043,-73.952835,85
40.810469,-73.951878,121
40.810587,-73.947147,24
40.81063,-73.943399,30
40.810665,-73.956388,19
40.81076448,-73.95259015,217
40.81076448996,-73.95259015218,26
40.810915,-73.94505,17
40.81094883,-73.92714381,102
40.81094883779,-73.92714381875,20
40.811068,-73.953301,64
40.811104,-73.952346,28
40.81116,-73.950448,38
40.811203,-73.946698,20
40.811402,-73.92771,31
40.81150837,-73.94647728,25
40.811743,-73.950861,21
40.811802,-73.938326,17
40.811938,-73.957318,22
40.811957,-73.920811,22
40.811976,-73.914286,29
40.812109,-73.955168,16
40.81212599,-73.90418129,58
40.81220075,-73.94225006,23
40.81228268,-73.90446645,21
40.81230123,-73.91409746,17
40.81234,-73.926249,23
40.812379,-73.90494,35
40.812415,-73.949529,22
40.812505,-73.909335,34
40.812508,-73.942026,51
40.812511,-73.902811,126
40.812794,-73.943676,19
40.812941,-73.95588,36
40.813069,-73.945335,16
40.81307,-73.923353,23
40.81308,-73.888027,29
40.813099,-73.938471,33
40.813123,-73.954166,18
40.813126,-73.941575,38
40.813138,-73.908617,18
40.813193,-73.900391,16
40.81322,-73.887103,17
40.813291,-73.915904,25
40.81330307,-73.93039618,64
40.813343,-73.946995,19
40.81338989,-73.95625868,32
40.81343816,-73.94134583,19
40.813528,-73.884787,19
40.813698,-73.944875,33
40.813767,-73.955983,28
40.813828,-73.919432,17
40.81386,-73.956684,45
40.813928,-73.908827,24
40.81401,-73.929683,18
40.814036,-73.94277,22
40.81410488,-73.94085393,117
40.81410488267,-73.94085393111,19
40.81426834,-73.91295332,41
40.814322,-73.94442,74
40.814358,-73.936449,16
40.81443,-73.858847,26
40.81444,-73.940612,24
40.81445,-73.959195,32
40.814603,-73.915148,17
40.814603,-73.913955,68
40.81463353,-73.94419156,21
40.814673,-73.916564,28
40.814706,-73.942277,23
40.81478,-73.957499,32
40.81480347863,-73.95628448405,77
40.814816,-73.886541,25
40.814844,-73.899075,20
40.81485035,-73.95668219,38
40.814856,-73.919899,23
40.814867,-73.886161,18
40.8149368,-73.91495387,24
40.815079,-73.918502,17
40.815089,-73.940139,29
40.815095,-73.92096,34
40.81530575,-73.94369967,17
40.815318,-73.915863,80
40.815355,-73.924534,21
40.815372,-73.887653,18
40.815423,-73.958062,19
40.81556,-73.908245,19
40.815585,-73.901557,17
40.815591,-73.903267,16
40.815627,-73.896929,23
40.815641,-73.943455,21
40.81566,-73.917992,29
40.81569,-73.924932,20
40.81569072,-73.95829474,54
40.81569841,-73.9167701,32
40.815708,-73.928537,24
40.815715,-73.939683,27
40.81573216,-73.94541995,17
40.815786,-73.885865,18
40.815882,-73.917208,31
40.815904,-73.945123,29
40.81591307653,-73.94514930665,82
40.815954,-73.910573,30
40.815994,-73.937373,20
40.816002,-73.941332,19
40.81603216,-73.90808104,34
40.81606683,-73.91764392,253
40.81606683945,-73.91764392675,60
40.81609988,-73.917792,21
40.81620584392,-73.89600119326,103
40.81630661,-73.90804814,35
40.816312,-73.917204,120
40.81631852,-73.89621273,29
40.816328,-73.918668,132
40.816344,-73.939224,22
40.81639196,-73.89529618,40
40.816431,-73.917625,23
40.816482,-73.916243,18
40.81650105,-73.94654552,17
40.81655399,-73.91954364,18
40.81655751,-73.9167618,18
40.816695,-73.865226,29
40.816793,-73.94724,28
40.81680582,-73.86574536,16
40.816839,-73.946301,16
40.816884,-73.916377,74
40.816972,-73.938765,16
40.816972,-73.921152,184
40.81698,-73.953637,18
40.816996,-73.899234,22
40.817024,-73.897415,17
40.817043,-73.922926,22
40.81711654,-73.94800821,66
40.817209,-73.888326,19
40.817348,-73.90933,19
40.81738784,-73.92275803,49
40.817396,-73.91576,24
40.817401,-73.890196,47
40.817466,-73.898153,21
40.817466,-73.89636,18
40.817536,-73.942071,29
40.817548,-73.927767,18
40.817553,-73.905974,30
40.817591,-73.938313,19
40.8176,-73.919079,23
40.817633,-73.920847,24
40.8176847,-73.8985192,31
40.8177,-73.923972,67
40.817703,-73.915395,123
40.817717,-73.922607,26
40.817721,-73.904293,19
40.817871,-73.916954,17
40.81798081,-73.91891689,22
40.81815,-73.903538,18
40.818159,-73.941617,21
40.8182407,-73.87000564,21
40.818335,-73.918744,35
40.818388,-73.920521,18
40.81856005,-73.92731612,270
40.81856005891,-73.92731612997,34
40.81867,-73.915687,31
40.818685,-73.927796,47
40.81869144,-73.91856919,16
40.81878,-73.914719,32
40.818784,-73.941161,16
40.818831,-73.954142,17
40.81894908,-73.95220135,17
40.819019,-73.927097,55
40.819019,-73.889436,25
40.819024,-73.918426,28
40.819028,-73.901885,16
40.819073,-73.900843,47
40.81914224,-73.93717873,17
40.819249,-73.913775,30
40.819261,-73.951972,26
40.819298,-73.902352,60
40.819402,-73.957444,16
40.81943323,-73.88971183,21
40.81947926,-73.92687796,16
40.81949,-73.921801,18
40.819494,-73.8914,20
40.819523,-73.953639,22
40.819689,-73.848185,22
40.81969376,-73.90160159,87
40.819753,-73.926751,44
40.819837,-73.913292,41
40.819877,-73.901226,25
40.819984,-73.944004,18
40.820006,-73.886973,29
40.820085,-73.901447,65
40.82009753,-73.95507644,21
40.820137,-73.892278,52
40.820171,-73.953165,22
40.82018895,-73.89067524,117
40.82018895115,-73.89067524723,16
40.820276,-73.896006,19
40.82032,-73.91786,28
40.820433,-73.954831,33
40.82043723,-73.9362273,45
40.820585,-73.891149,78
40.820606,-73.943549,18
40.82062,-73.9563,20
40.820725,-73.876382,16
40.820743,-73.848431,36
40.820772,-73.935986,17
40.820946,-73.866221,18
40.820946,-73.858016,28
40.820981,-73.928466,21
40.8209858,-73.89161332,63
40.820996,-73.896387,21
40.820996,-73.890925,44
40.821008,-73.901069,41
40.821038,-73.937652,40
40.821076,-73.95436,22
40.82117476,-73.92573438,20
40.821226,-73.87273,20
40.821262,-73.95187,19
40.821301,-73.939321,22
40.82138169,-73.95413257,67
40.821409,-73.86616,17
40.821419,-73.914367,16
40.821529,-73.927786,20
40.821558,-73.896886,20
40.8217,-73.953903,26
40.821729,-73.892866,24
40.82176,-73.911992,23
40.821812,-73.895871,19
40.821825,-73.900729,22
40.821858,-73.897371,19
40.821903,-73.903466,34
40.821923,-73.866938,22
40.821924,-73.899777,17
40.821974,-73.938831,16
40.821988,-73.915012,21
40.82201184,-73.85826303,22
40.82201828,-73.95366966,17
40.822031,-73.891729,162
40.82206049,-73.9204005,16
40.822076,-73.890328,28
40.82210826,-73.90061165,17
40.82211871,-73.89687933,37
40.822237,-73.940497,27
40.82227104113,-73.91169778028,101
40.822273,-73.924961,19
40.82229,-73.867138,21
40.822296,-73.856169,29
40.822311,-73.893888,25
40.822331,-73.953444,39
40.822355,-73.911463,17
40.822476,-73.898915,20
40.822517,-73.916746,17
40.8225697,-73.91130764,37
40.822578,-73.902564,49
40.822622,-73.930942,463
40.822647,-73.945417,32
40.822795,-73.900325,53
40.82283637,-73.94191565,31
40.82283997,-73.92875669,29
40.822883,-73.895371,18
40.82291230848,-73.87004130432,138
40.822953,-73.95299,22
40.822983,-73.896869,28
40.822983,-73.856878,61
40.823049,-73.94242,48
40.8231016,-73.86969021,57
40.823173,-73.941672,27
40.823278,-73.909167,27
40.823378,-73.870168,27
40.823454,-73.943383,27
40.823492,-73.858616,98
40.823533,-73.939551,16
40.82356699,-73.93767317,36
40.823575,-73.952534,18
40.823657,-73.836407,113
40.82371,-73.875861,22
40.823722,-73.90891,23
40.823786,-73.926158,31
40.823825,-73.868694,35
40.82384,-73.9443,18
40.823868,-73.891861,112
40.823883,-73.914003,27
40.823924,-73.912947,22
40.823965,-73.852337,20
40.824025,-73.873758,37
40.82403172,-73.94475817,174
40.82403172341,-73.94475817615,36
40.824058,-73.950772,19
40.82406645,-73.90870947,50
40.824111,-73.890503,18
40.82413799,-73.89294867,84
40.82418842,-73.91384003,42
40.824199,-73.952078,21
40.824232,-73.942193,42
40.824259,-73.909295,35
40.824279,-73.926835,20
40.824398,-73.892438,65
40.824405,-73.908558,16
40.824448,-73.914678,25
40.82446,-73.924026,19
40.824613,-73.950157,25
40.82465579,-73.89192891,36
40.824739,-73.898854,27
40.824741,-73.910948,39
40.824819,-73.89162,16
40.824824,-73.951624,29
40.824877,-73.89946,53
40.824898,-73.947852,38
40.824919,-73.89685,16
40.824932,-73.878321,16
40.824942,-73.946914,16
40.825029,-73.908311,37
40.825055,-73.877396,20
40.82516,-73.949519,25
40.825181,-73.876469,20
40.82523249,-73.94760441,29
40.825234,-73.94269,19
40.825249,-73.893882,16
40.825285,-73.917538,38
40.825355,-73.938068,18
40.825448,-73.951168,32
40.825463,-73.89294,16
40.825549,-73.890195,25
40.825569,-73.947361,22
40.82557787,-73.91845959,26
40.825655,-73.908071,19
40.82572367,-73.92715293,27
40.825725,-73.891921,20
40.825754,-73.923268,18
40.825831,-73.949027,104
40.825847,-73.85769,48
40.825869,-73.919357,156
40.825898,-73.821327,35
40.826047,-73.9182,20
40.826091,-73.878116,18
40.826093,-73.950695,62
40.826163,-73.91683,29
40.826217,-73.946889,16
40.826275,-73.920705,88
40.82627615,-73.85970288,20
40.826315,-73.939375,28
40.826342,-73.906206,19
40.82639766,-73.92115411,26
40.8264277,-73.95045075,74
40.82642770243,-73.95045075559,16
40.826503,-73.948536,19
40.82665759,-73.8738952,24
40.826741,-73.908513,18
40.826765,-73.950203,74
40.826804,-73.920923,51
40.82683507,-73.9226206,49
40.826939,-73.93892,21
40.826982,-73.937128,43
40.827006,-73.881666,16
40.82705964,-73.95201124,16
40.827106,-73.880736,19
40.827123,-73.887147,38
40.827124,-73.89852,22
40.8272,-73.897722,18
40.827208,-73.879807,46
40.82721,-73.926279,25
40.82724498,-73.9240474,25
40.82725148,-73.91753252,23
40.827306,-73.878874,35
40.827333,-73.82297,39
40.827359,-73.906858,24
40.827377,-73.924495,50
40.827406,-73.877945,33
40.827413,-73.912901,17
40.827415,-73.949731,26
40.82751,-73.877012,23
40.8275118,-73.92494321,32
40.827558,-73.845285,19
40.827607,-73.908945,17
40.82765564,-73.88609567,44
40.827661,-73.925436,86
40.827671,-73.891902,28
40.82769,-73.876101,24
40.827709,-73.890892,16
40.827736,-73.904381,21
40.827751,-73.947626,16
40.827787,-73.899001,19
40.82781161,-73.92592932,289
40.82781161941,-73.92592932593,51
40.827851,-73.874178,53
40.827881,-73.875191,29
40.827907,-73.924705,19
40.828008,-73.914323,16
40.82806,-73.839493,24
40.828101,-73.887225,19
40.828144,-73.840015,63
40.82827825,-73.90703069,16
40.828375,-73.947169,17
40.828394,-73.881513,26
40.828405,-73.940382,18
40.828466,-73.918981,16
40.828472,-73.880579,46
40.828485,-73.905546,25
40.82851141,-73.88011038,35
40.828547,-73.879641,44
40.82858179,-73.87917076,58
40.828621,-73.878703,32
40.82862324005,-73.94384883699,91
40.828648,-73.92323,54
40.82866041,-73.87823474,22
40.828661,-73.94882,27
40.828667,-73.92545,25
40.828682,-73.908354,17
40.828698,-73.927978,42
40.828701,-73.877767,47
40.828832,-73.937525,30
40.82885096,-73.94383379,21
40.82886,-73.87685,20
40.828866,-73.906801,19
40.828897,-73.903043,24
40.82897684,-73.87640215,25
40.829106,-73.875954,55
40.82916325,-73.93726683,76
40.82923388,-73.87550553,24
40.829286,-73.948364,26
40.829337,-73.944608,25
40.829342,-73.891884,25
40.829363,-73.9388,21
40.829369,-73.875058,44
40.829371,-73.824999,22
40.829451,-73.937954,22
40.82945262,-73.90657013,20
40.82950189,-73.87460889,88
40.82950189783,-73.87460889175,20
40.829623,-73.94626,22
40.829628,-73.874169,57
40.829779,-73.880406,17
40.829861,-73.87947,31
40.829896,-73.897371,20
40.829956,-73.936699,20
40.82995783,-73.93008607,25
40.829963,-73.87854,20
40.83012,-73.91442,20
40.83013694,-73.89187665,72
40.830204,-73.91182,19
40.830246,-73.876697,38
40.830256,-73.906205,33
40.830329,-73.89183,16
40.83037245,-73.94014206,20
40.830435,-73.871349,42
40.830438,-73.875788,68
40.830535,-73.947455,25
40.83053558,-73.9157,16
40.830633,-73.874876,39
40.8306815,-73.92426029,22
40.83072232777,-73.82712605886,90
40.83073751,-73.91048902,25
40.830828,-73.902913,17
40.830863,-73.910937,24
40.8308903,-73.82728416,100
40.83089183,-73.94136658,21
40.83091225,-73.92046218,29
40.831107,-73.93041,26
40.83113,-73.915354,32
40.831158,-73.946997,16
40.831204,-73.892215,38
40.831229,-73.942174,19
40.831239,-73.909232,19
40.831262,-73.914266,18
40.83130042,-73.90073162,45
40.831323,-73.88478,23
40.831334,-73.900249,20
40.831421,-73.903971,16
40.831467,-73.89126,50
40.831492,-73.867704,18
40.831509,-73.910056,33
40.831534,-73.862079,39
40.831553,-73.901485,16
40.831555,-73.899636,69
40.83156784,-73.94298126,18
40.831575,-73.927705,18
40.83162357,-73.86725846,50
40.831731,-73.88588,26
40.831749,-73.866807,29
40.831846,-73.921362,20
40.831899,-73.905435,27
40.83197375,-73.92348912,27
40.832003,-73.865908,18
40.832218,-73.906377,29
40.832259,-73.900091,16
40.832507,-73.896583,17
40.832525,-73.919464,27
40.832542,-73.864116,45
40.83262823,-73.92537469,23
40.83266,-73.901219,17
40.832714,-73.917925,19
40.832733,-73.92187,20
40.83273678,-73.90502972,29
40.832762,-73.876331,16
40.832839,-73.943917,17
40.83286562,-73.94203337,16
40.832887,-73.926715,28
40.83289949,-73.86226545,24
40.83300293,-73.8615425,74
40.833007,-73.851295,21
40.833028,-73.897383,20
40.83311,-73.909156,61
40.833231,-73.890222,39
40.83328733,-73.91407759,24
40.833385,-73.884888,27
40.833419,-73.902646,27
40.833485,-73.858394,23
40.833567,-73.861118,23
40.833668,-73.928961,23
40.833723,-73.856192,59
40.833784,-73.851532,20
40.833801,-73.941348,38
40.833821,-73.945054,20
40.83383759,-73.91585843,23
40.833867,-73.904257,39
40.83392,-73.911672,21
40.833951,-73.854061,19
40.833971,-73.91626,17
40.833978,-73.877971,25
40.83406096,-73.94487994,40
40.834062,-73.879545,29
40.834084,-73.943001,26
40.83413,-73.85235,16
40.83413459,-73.91664224,19
40.8342,-73.853671,17
40.83420109,-73.85168536,52
40.834324,-73.917174,26
40.83437,-73.944652,23
40.83441704,-73.92853831,20
40.834423,-73.940891,16
40.83442538,-73.87925411,25
40.834495,-73.913372,29
40.83451412,-73.9177042,98
40.83451412452,-73.91770420805,16
40.834711,-73.942543,27
40.834716,-73.894326,16
40.834776,-73.916017,24
40.834816,-73.902689,16
40.834882,-73.889236,25
40.834976,-73.863058,17
40.834995,-73.944197,29
40.835019,-73.928198,56
40.835047,-73.883895,18
40.835058,-73.861063,28
40.835085,-73.908047,35
40.83509998,-73.91945616,16
40.835146,-73.917086,19
40.835248,-73.919879,22
40.835285,-73.922767,18
40.835332,-73.942089,25
40.835342,-73.856848,18
40.835397,-73.92030504,20
40.835469,-73.903213,30
40.83556,-73.920794,37
40.835576,-73.940052,18
40.83560091,-73.91379272,20
40.835679,-73.925652,16
40.83572429,-73.92128399,87
40.835758,-73.928271,17
40.835827,-73.910554,20
40.835827,-73.833238,26
40.835916,-73.921828,19
40.835933,-73.890322,27
40.835933,-73.886463,25
40.83596882,-73.86999268,21
40.835986,-73.852139,17
40.835997,-73.861028,75
40.83602,-73.88206,19
40.83610929,-73.9223713,29
40.836245,-73.943283,17
40.836258,-73.911326,28
40.83628,-73.927488,33
40.836291,-73.888409,34
40.836327,-73.884678,157
40.83647982,-73.89772801,23
40.836511,-73.940026,18
40.836539,-73.923329,17
40.836551,-73.90244,29
40.83658,-73.912146,20
40.836593,-73.889069,33
40.836604,-73.864315,17
40.836608,-73.93930164,17
40.836798,-73.860143,21
40.836875,-73.882799,17
40.836917,-73.886392,23
40.836918,-73.93907,25
40.836941,-73.860737,28
40.83694602,-73.94010362,16
40.83706523,-73.88682041,22
40.83712653,-73.90963478,22
40.837154,-73.846243,26
40.837218,-73.887292,30
40.837231,-73.922287,20
40.83730627,-73.90784565,24
40.837314,-73.910115,18
40.83732348,-73.9198306,116
40.837326,-73.887927,22
40.837345,-73.91635,21
40.837369,-73.906691,25
40.83737082,-73.88776673,85
40.83749,-73.942368,27
40.837493,-73.925513,16
40.83750331,-73.91059556,20
40.837603,-73.889368,31
40.837683,-73.910994,25
40.83771013,-73.9276313,23
40.837774,-73.919455,33
40.83784212093,-73.91962775174,188
40.83786348,-73.91139376,20
40.83787,-73.834734,18
40.837878,-73.887459,37
40.837962,-73.885259,18
40.837969,-73.907149,24
40.838063,-73.9182,17
40.83819352,-73.91226789,20
40.83819827,-73.90117669,35
40.838252,-73.860592,17
40.83832287,-73.91273754,17
40.838415,-73.914003,20
40.838415,-73.866529,21
40.838493,-73.899499,17
40.83852165,-73.92618483,16
40.838525,-73.913252,30
40.838528,-73.915334,24
40.838543,-73.909396,16
40.838682,-73.918804,20
40.83872163,-73.91377061,115
40.838802,-73.941412,26
40.838853,-73.910303,21
40.838937,-73.900641,16
40.838955,-73.863746,36
40.838974,-73.914429,39
40.839198,-73.901329,16
40.839265,-73.913449,35
40.839278,-73.917283,16
40.839294,-73.918365,32
40.839343,-73.858657,26
40.839368,-73.895999,86
40.839374,-73.861573,17
40.839389,-73.915514,29
40.839516,-73.920489,23
40.839523,-73.940887,21
40.83955214,-73.91594156,36
40.839684,-73.918383,23
40.839717,-73.916361,50
40.839759,-73.914719,18
40.83976903,-73.9053847,55
40.839898,-73.880989,32
40.839908,-73.93608339,58
40.839916,-73.91791,38
40.839953,-73.8765,29
40.840005,-73.89865,30
40.840053,-73.917233,35
40.84009,-73.879386,27
40.840127,-73.882095,24
40.84016705,-73.84261162,28
40.84022585,-73.91768268,122
40.84022585337,-73.91768268616,29
40.84023133,-73.8801001,80
40.840285,-73.843304,19
40.84028887,-73.92146291,19
40.840323,-73.905074,23
40.840366,-73.856081,21
40.840367,-73.912897,34
40.840407,-73.910828,16
40.840408,-73.842329,18
40.840462,-73.891171,18
40.840548,-73.928416,58
40.840591,-73.879737,17
40.8406466,-73.84204308,32
40.84064947,-73.91901214,18
40.840667,-73.921704,19
40.840752,-73.838736,20
40.84078110886,-73.93624538182,62
40.840788,-73.913999,16
40.84086852,-73.87280571,106
40.84095296,-73.93947116,63
40.84095296978,-73.93947116181,19
40.84105164,-73.94467898,20
40.841057,-73.917095,33
40.84107663,-73.9397674,65
40.841186,-73.920784,25
40.841322,-73.843099,34
40.841374,-73.89788,20
40.841379,-73.93955,25
40.841424,-73.90446,40
40.841564,-73.883332,50
40.841616,-73.941022,32
40.841689,-73.852273,17
40.84179,-73.911091,25
40.841829,-73.858973,24
40.841841,-73.916538,16
40.841981,-73.924492,25
40.84202,-73.938993,18
40.84205,-73.884312,20
40.842353,-73.844951,35
40.842401,-73.885022,17
40.84253668,-73.88529675,16
40.842617,-73.852055,21
40.84261721,-73.87817667,26
40.84270996,-73.88566149,36
40.84283,-73.939216,55
40.8429233,-73.90955823,19
40.84297,-73.914577,20
40.843004,-73.886251,66
40.843049,-73.846398,17
40.843093,-73.836844,19
40.843139,-73.881974,17
40.84317492,-73.91194689,19
40.843263,-73.934442,20
40.843341,-73.92375,35
40.843537,-73.911821,37
40.843564,-73.887381,31
40.843855,-73.915096,23
40.8439015,-73.90050426,44
40.84398151,-73.92295485,17
40.84399739,-73.89751767,16
40.8441,-73.888469,37
40.84415660002,-73.90060544897,92
40.844161,-73.914301,19
40.84424,-73.839868,22
40.844251,-73.881062,23
40.844311,-73.93894,16
40.84434352,-73.91474279,63
40.84437104,-73.8890163,20
40.844463,-73.93728,16
40.844495,-73.936348,24
40.844568,-73.915305,38
40.84459429,-73.88166084,31
40.844636,-73.889556,39
40.844768,-73.911316,16
40.844788,-73.882045,17
40.844809,-73.908918,21
40.845156,-73.89061,27
40.84517748,-73.91415982,19
40.845188,-73.922462,35
40.8452223,-73.86611811,16
40.845319,-73.865657,18
40.84541055,-73.89112534,29
40.84542986,-73.91397516,16
40.845486,-73.893443,20
40.845658,-73.883806,19
40.845769,-73.936324,18
40.845816,-73.938566,25
40.845823,-73.91594,16
40.845855,-73.910181,20
40.845975,-73.90746,18
40.84598595,-73.88446673,28
40.846012,-73.908369,16
40.846117,-73.892569,23
40.846157,-73.831705,48
40.846169,-73.91868,28
40.846253,-73.901755,30
40.846265,-73.885034,30
40.846363,-73.866533,30
40.84638155,-73.90945594,39
40.846384,-73.884128,16
40.846391,-73.917196,18
40.84640075,-73.89337187,33
40.84646,-73.925119,28
40.846474,-73.893852,18
40.84651954,-73.94006247,21
40.846525,-73.848479,18
40.846527,-73.909249,20
40.846588,-73.895768,30
40.84665856,-73.89617624,36
40.84672,-73.910024,18
40.84687833,-73.92060574,25
40.84700604,-73.83227986,22
40.847042,-73.935397,18
40.847129,-73.844753,32
40.847234,-73.938135,27
40.847284,-73.919966,24
40.847551,-73.900224,40
40.847618,-73.903652,25
40.84770027,-73.90096016,23
40.848011,-73.884351,16
40.848052,-73.937824,54
40.848061,-73.899097,18
40.84812006,-73.93088385,52
40.84813386,-73.88883653,16
40.848152,-73.904804,20
40.8483,-73.903423,20
40.848304,-73.916893,18
40.848312,-73.934466,19
40.848387,-73.932593,20
40.848427,-73.931611,37
40.848495,-73.902353,91
40.84863943,-73.91167941,41
40.848666,-73.937371,55
40.84869307,-73.9032792,29
40.848733,-73.917882,29
40.848794,-73.937229,24
40.84887703,-73.86743729,27
40.848885,-73.934855,21
40.848936,-73.90452,72
40.848974,-73.933985,41
40.849029,-73.911401,17
40.849118,-73.923363,16
40.8492,-73.891002,17
40.849249,-73.910286,19
40.849308,-73.91236,21
40.84932117,-73.93373087,79
40.84942,-73.898329,20
40.84945286,-73.90599986,84
40.84945286686,-73.90599986315,19
40.849581,-73.934348,118
40.849604,-73.916692,87
40.849619,-73.887294,19
40.849656,-73.899811,23
40.849719,-73.910908,21
40.849855,-73.936075,44
40.849909,-73.894509,18
40.85016768,-73.9357542,21
40.850201,-73.933085,36
40.850226,-73.905375,16
40.850266,-73.91574,40
40.850281,-73.899416,19
40.85047844,-73.91542532,21
40.85050638,-73.93286218,16
40.85071333,-73.89407343,30
40.850763,-73.91515,16
40.85078,-73.919448,20
40.850801,-73.932647,31
40.850861,-73.893934,16
40.85090739,-73.93828373,33
40.850991,-73.909899,32
40.851044,-73.93876,16
40.85109624,-73.93243506,21
40.851104,-73.935254,16
40.851186,-73.898838,38
40.85121316769,-73.93521605199,79
40.851284,-73.852132,19
40.851308,-73.902116,59
40.85131846,-73.90841181,17
40.85148801,-73.93545809,36
40.851622,-73.889235,17
40.85175832,-73.88471696,20
40.851763,-73.91136,17
40.851957,-73.90968,16
40.851986,-73.903964,33
40.852004,-73.922496,141
40.852038,-73.931745,18
40.85230889,-73.8981049,22
40.852367,-73.913523,33
40.85238226,-73.90364254,22
40.852403,-73.904359,22
40.852479,-73.906211,16
40.852676,-73.914647,27
40.85281759,-73.82737807,73
40.852834,-73.884172,31
40.852859,-73.920037,25
40.8529,-73.909338,20
40.852951,-73.903178,26
40.852985,-73.905179,25
40.85304,-73.898762,20
40.85323,-73.907875,44
40.853232,-73.853652,26
40.853312,-73.906025,55
40.85334716,-73.88166696,16
40.853443,-73.891534,21
40.853578,-73.900591,19
40.85359836738,-73.90057688073,124
40.853645,-73.906891,51
40.85371674,-73.92680055,35
40.85381528,-73.90733117,108
40.85381528005,-73.90733117172,22
40.853817,-73.907917,34
40.853828,-73.908975,29
40.85390908,-73.88362879,25
40.85396031,-73.90012137,38
40.853983,-73.917587,23
40.853997,-73.930311,27
40.854012,-73.897014,17
40.85403,-73.884044,22
40.854055,-73.904783,21
40.854056,-73.902295,26
40.854083,-73.867717,30
40.854112,-73.888808,22
40.85411655,-73.89090143,19
40.854188,-73.909787,23
40.854253,-73.8848,20
40.85433,-73.911806,30
40.854402,-73.88233,22
40.854422,-73.905587,18
40.854427,-73.88528,17
40.854469,-73.866223,21
40.854491,-73.867198,23
40.85449824,-73.88542072,16
40.854545,-73.913334,31
40.8545875,-73.90186084,18
40.854684,-73.885804,37
40.854717,-73.899046,16
40.854737,-73.914371,18
40.854802,-73.906451,60
40.85482287,-73.91119404,30
40.854868,-73.890416,18
40.854881,-73.901128,32
40.85490664,-73.89644171,17
40.85501,-73.883074,22
40.855122,-73.889239,18
40.855228,-73.881138,50
40.855233,-73.929406,38
40.855379,-73.88722,17
40.85555717,-73.9291699,58
40.855563,-73.867658,147
40.855567,-73.864777,21
40.85558,-73.902376,21
40.855675,-73.90104,36
40.85579,-73.888008,17
40.85604676,-73.90077783,55
40.8560936,-73.88611565,17
40.85616378,-73.84439751,23
40.8565767276,-73.84389367793,87
40.85662005,-73.86761344,100
40.85662005365,-73.86761344965,25
40.85668781,-73.86927257,17
40.856734,-73.900366,49
40.85682,-73.882163,29
40.856903,-73.886417,28
40.85711845,-73.89906635,16
40.85712847,-73.88079263,35
40.85713645,-73.84379333,22
40.857279,-73.932337,36
40.857385,-73.916011,24
40.857414,-73.902346,28
40.85742114,-73.89995518,37
40.857424,-73.846572,16
40.857427,-73.89677,16
40.857639,-73.891109,34
40.85775959,-73.90093795,18
40.857762,-73.894606,32
40.857782,-73.898787,19
40.857926,-73.901426,54
40.857985,-73.89302,18
40.858038,-73.9041,16
40.858051,-73.899585,58
40.85809253,-73.90191351,18
40.85811652,-73.85663523,27
40.858242,-73.902346,37
40.85836868,-73.90390861,51
40.85853,-73.904388,35
40.858538,-73.9038,39
40.858546,-73.935809,16
40.858547,-73.908721,18
40.858634,-73.885543,23
40.858721,-73.901537,16
40.858843,-73.905296,25
40.85898562,-73.89381081,16
40.858993,-73.899026,37
40.85915,-73.915864,23
40.859183,-73.90626,28
40.85930853,-73.89883889,18
40.85931338,-73.89207504,19
40.859328,-73.903314,29
40.859328,-73.902206,16
40.85937287,-73.90679562,16
40.85943,-73.893513,27
40.859588,-73.866056,28
40.85959296,-73.86558668,17
40.85964,-73.897947,17
40.85982,-73.898563,31
40.85987436,-73.89321651,21
40.860077,-73.893629,30
40.860096,-73.868536,19
40.860115,-73.902827,31
40.86015,-73.870732,17
40.860198,-73.89289,17
40.860572,-73.890714,33
40.860707,-73.899247,54
40.860745,-73.889581,122
40.860801,-73.926916,22
40.860842,-73.898013,26
40.860919,-73.920306,49
40.861107,-73.926086,31
40.86110946,-73.89027538,47
40.861112,-73.891972,29
40.861174,-73.897082,20
40.86118,-73.906354,54
40.861248,-73.894178,17
40.861318,-73.89067,22
40.86135236,-73.89773676,76
40.86135236106,-73.89773676352,22
40.861358,-73.930346,16
40.861369,-73.900958,23
40.86141,-73.907384,23
40.861496,-73.909763,21
40.86156,-73.908517,23
40.861561,-73.898206,21
40.86159271,-73.92474206,72
40.861615,-73.891222,89
40.861693,-73.901881,48
40.86170061,-73.89138066,62
40.86170061882,-73.89138066536,18
40.861721,-73.857639,29
40.861832,-73.843317,23
40.861852,-73.892312,87
40.861879,-73.893205,33
40.861898,-73.897441,61
40.861903,-73.866551,21
40.86192497,-73.89356028,30
40.862003,-73.923618,20
40.862005,-73.894275,28
40.862037,-73.911398,34
40.862087,-73.925057,76
40.862158,-73.890743,81
40.862162,-73.895354,64
40.862207,-73.898924,34
40.8622592,-73.89588435,29
40.86228,-73.899802,17
40.86229713,-73.89841136,16
40.862314,-73.893354,22
40.86235,-73.898196,16
40.862368,-73.896509,125
40.86241188,-73.92249244,16
40.862423,-73.897562,22
40.86244422,-73.89714218,71
40.86244422325,-73.89714218131,18
40.862614,-73.900682,47
40.8627,-73.902805,47
40.86273501,-73.90332024,16
40.862742,-73.904126,59
40.86275007,-73.90493263,78
40.86275507,-73.90107874,81
40.862763,-73.921553,43
40.86277,-73.928182,16
40.862785,-73.901688,60
40.862797,-73.906854,33
40.862912,-73.922814,19
40.863077,-73.925692,44
40.86315413,-73.90906434,26
40.863272,-73.900678,21
40.86333,-73.896468,100
40.863499,-73.904463,25
40.863534,-73.894236,28
40.86357246,-73.92601241,18
40.863673,-73.888788,22
40.86368988,-73.91706434,20
40.863714,-73.905676,23
40.86378638,-73.9002746,23
40.86383,-73.83369,85
40.863989,-73.924889,27
40.864049,-73.926315,55
40.864058,-73.89338,47
40.864128,-73.919179,49
40.86413235,-73.89131161,18
40.864158,-73.927516,18
40.86421608,-73.89579452,21
40.864321,-73.867391,41
40.864322,-73.866377,22
40.864393,-73.829709,334
40.864461,-73.920306,21
40.86446248,-73.91894337,57
40.864612,-73.919204,27
40.864686,-73.899574,48
40.864717,-73.890683,26
40.864752,-73.922825,23
40.86502025,-73.89275994,29
40.865029,-73.926944,47
40.865303,-73.919679,34
40.8653832,-73.89346798,18
40.865401,-73.868748,17
40.865419,-73.867865,27
40.86543025,-73.8673609,65
40.865439,-73.866851,21
40.86546,-73.865871,28
40.86553571,-73.9272684,51
40.865655,-73.891302,24
40.865714,-73.923441,16
40.865743,-73.901862,16
40.86578,-73.926571,26
40.865867,-73.927663,27
40.866003,-73.867339,32
40.866026,-73.891935,30
40.866056,-73.919296,31
40.86607022,-73.89438159,83
40.866155,-73.902698,19
40.866278,-73.920304,45
40.866347,-73.806384,32
40.866412,-73.921555,23
40.86644,-73.861153,27
40.86647,-73.928392,24
40.866518,-73.892622,29
40.866664,-73.864423,18
40.866665,-73.863482,19
40.866676,-73.924057,22
40.86672669,-73.89797796,16
40.86682,-73.895878,23
40.866974,-73.893689,26
40.86701515,-73.92310894,16
40.867029,-73.884027,19
40.867101,-73.897691,40
40.867226,-73.920912,36
40.867234,-73.867297,26
40.867256,-73.896858,54
40.86733,-73.916816,49
40.867354,-73.922162,50
40.86747548,-73.89740194,84
40.86747548738,-73.89740194886,19
40.867497,-73.883234,16
40.867632,-73.883932,16
40.867644,-73.907306,24
40.86769182,-73.92121361,77
40.867837,-73.831294,70
40.867894,-73.895638,20
40.867904,-73.920484,25
40.868095,-73.92147,19
40.86811349,-73.91975242,16
40.868151,-73.900516,34
40.868462,-73.901727,27
40.868923,-73.902772,17
40.868944,-73.831103,18
40.86905806,-73.87963207,82
40.869104,-73.823835,180
40.86947047705,-73.87986080373,157
40.869482,-73.828348,52
40.86952159,-73.8898927,18
40.869841,-73.89044,16
40.86987638,-73.92089646,16
40.870034,-73.903111,17
40.870151,-73.845632,25
40.870258,-73.898354,17
40.870541,-73.865237,26
40.87055332,-73.84640851,22
40.870989,-73.889554,16
40.87111952,-73.8768264,53
40.871152,-73.878751,16
40.871415,-73.865677,19
40.87142327,-73.8661449,17
40.87144091,-73.86715728,48
40.871477,-73.877161,37
40.87166973,-73.89779682,16
40.87183386,-73.87749761,19
40.872039,-73.875883,18
40.87211337,-73.88785272,43
40.872142,-73.87778,22
40.872327,-73.867127,34
40.872511,-73.833714,19
40.872755,-73.878348,24
40.872879,-73.905196,24
40.873074,-73.889002,22
40.873134,-73.853117,21
40.87338288,-73.88937285,32
40.873627,-73.853208,31
40.87367189,-73.87922984,30
40.873742,-73.855013,40
40.873775,-73.881226,19
40.873944,-73.908788,187
40.874324,-73.879342,23
40.87439,-73.825706,17
40.874455,-73.910002,16
40.87463847,-73.90973566,51
40.874743,-73.849272,23
40.87497585,-73.87945528,24
40.875161,-73.909056,32
40.875239,-73.859714,34
40.875353,-73.879507,23
40.87567676,-73.90067983,18
40.875681,-73.850287,17
40.87568312,-73.90837825,20
40.875755,-73.86132,29
40.876097,-73.878048,57
40.876592,-73.847732,31
40.876683,-73.905048,28
40.87674392,-73.90663386,23
40.87683414,-73.86471652,16
40.8770335,-73.84636823,20
40.877191,-73.845914,22
40.877215,-73.849597,16
40.87739338,-73.86649088,142
40.877405,-73.905904,34
40.877548,-73.848766,16
40.877561,-73.872933,22
40.877669,-73.866322,44
40.877795,-73.873827,22
40.87792,-73.882371,26
40.877995,-73.846889,16
40.87801,-73.905437,65
40.87805696,-73.89212779,17
40.878248,-73.903015,18
40.878253,-73.865963,27
40.878618,-73.905002,44
40.87864527,-73.87159798,35
40.878696,-73.872071,21
40.878716,-73.843758,24
40.878801,-73.873014,17
40.8789,-73.86556,49
40.87892444,-73.90478656,57
40.879171,-73.90529,23
40.879178,-73.904607,19
40.879317,-73.874875,17
40.879647,-73.883361,20
40.879727,-73.824438,43
40.87974871,-73.8846612,52
40.879783,-73.904182,17
40.879851,-73.863418,17
40.880179,-73.86476,26
40.880193,-73.83814,17
40.880625,-73.883647,20
40.880998,-73.864255,20
40.881254,-73.903128,32
40.881437,-73.838285,22
40.88159915,-73.8296431,20
40.88168671,-73.90282256,16
40.881746,-73.882354,79
40.881802,-73.863791,43
40.881863,-73.879905,18
40.882434,-73.899323,49
40.882465,-73.880851,19
40.882577,-73.90221,42
40.88270951,-73.88124583,36
40.88286213132,-73.9035744897,71
40.883111,-73.90332,17
40.883228,-73.862998,25
40.88338277,-73.9023336,101
40.8835756,-73.86280418,62
40.883595,-73.827157,20
40.883919,-73.90132,21
40.884165,-73.900366,44
40.88428052,-73.86241577,18
40.884422,-73.833002,35
40.884735,-73.900845,18
40.88509925,-73.90064767,22
40.885284,-73.827327,24
40.885489,-73.900443,25
40.885573,-73.909508,35
40.885759,-73.910456,29
40.885953,-73.848134,27
40.886045,-73.861444,43
40.886154,-73.909821,16
40.886289,-73.878578,38
40.886644,-73.859424,16
40.886747,-73.861055,24
40.887049,-73.867793,72
40.887218,-73.904736,16
40.88731363447,-73.84727175776,129
40.887325,-73.847247,24
40.887348,-73.859023,17
40.8874462,-73.87800049,87
40.88745,-73.860657,36
40.8874515,-73.84760727,37
40.88780234,-73.86045187,53
40.88781281,-73.83129083,22
40.888157,-73.860266,18
40.88845645,-73.84196203,19
40.888503,-73.831295,28
40.888639,-73.842503,18
40.88931,-73.842285,16
40.88945849,-73.8982722,52
40.889573,-73.859492,19
40.889867,-73.898076,23
40.88992533,-73.8593009,27
40.890927,-73.849571,18
40.891691,-73.858323,20
40.892399,-73.85793,46
40.893068,-73.896621,30
40.893083,-73.857547,31
40.893132,-73.856513,16
40.89341145,-73.85736207,37
40.893855,-73.858817,28
40.8953759,-73.86355749,29
40.896059,-73.844863,26
40.896424,-73.855704,23
40.897539,-73.85389,17
40.897851,-73.854774,54
40.89844961,-73.85429832,46
40.89919,-73.858227,17
40.899221,-73.853651,35
40.902003,-73.896656,20
40.902763,-73.850945,40
40.90348104,-73.8503406,99
40.903687,-73.850861,30
40.903785,-73.850098,54
40.904557,-73.849717,23
