listing_id,date,reviewer_id,comments,name,neighbourhood_group,neighbourhood,latitude,longitude
2595,2009-11-21,50679,"Notre séjour de trois nuits.<br/>Nous avons apprécier L'appartement qui est très bien situé. Agréable, propre et bien soigné. C'est idéal pour une famille de 3 ou 4 personnes.<br/>Petits soucis en arrivant il y avait personne pour nous recevoir, et il manquait le savon pour la douche, le liquide vaisselle, nous les avons reçu de surlendemain. Il y a aussi le bruit du Métro de NY, donc une première nuit difficile si on est pas habitué. Jennifer est correcte le remboursement de la caution était très rapide.  A part ces petits détails notre court séjour c'est bien passé. <br/>Si j'ai la possibilité de revenir sur NY pour les vacances, je reprendrai à ""The Midtown Castle""<br/>Jean<br/>Possession - Ile de La Réunion<br/>",Skylit Midtown Castle,Manhattan,Midtown,40.75356,-73.98559
2595,2009-12-05,53267,Great experience.,Skylit Midtown Castle,Manhattan,Midtown,40.75356,-73.98559
2595,2009-12-10,38960,"I've stayed with my friend at the Midtown Castle for six days and it was a lovely place to be. A big spacious room with a pointy roof, which really makes you feel like staying in a castle. The location is perfect. It is just a few steps from Macy's Time Square and Theatre District. Everything worked just perfect with the keys etc. Thank you so much Jennifer, we had a great time in New York.<br/>Attention: it's on the 4th floor without a lift :-) but definetely worth it!",Skylit Midtown Castle,Manhattan,Midtown,40.75356,-73.98559
2595,2010-04-09,71130,"We've been staying here for about 9 nights, enjoying to be in the center of the city, that never sleeps...short ways to everywhere in Manhattan, by subway or by walk. Midtown castle is a beauftiful and tastful place, Jennifer and Tori relaxed and friendly hosts - thats why we - the three Berliners - recommand that place! Good to have WiFi and a little kitchen too!",Skylit Midtown Castle,Manhattan,Midtown,40.75356,-73.98559
2595,2010-05-25,117113,We had a wonderful stay at Jennifer's charming apartment! They were very organized and helpful; I would definitely recommend staying at the Midtown Castle!,Skylit Midtown Castle,Manhattan,Midtown,40.75356,-73.98559
2595,2012-05-07,1783688,"Hi to everyone!<br/>Would say our greatest compliments to Jennifer, the host of Midtown Castle. We spent in this lovely apartment in the heart of Manhattan one month (April, 2012) and will remember this time as ours best.<br/>The apartment is pretty spacious and great located - the 5-th Ave right around the corner. There is everything you can need during your short or long stay. Jennifer is very friendly, vigorous and very responsible host. Thanks her and highly recomend this apartment for everyone who are looking for a quiet place right in the center of the boiling Midtown!",Skylit Midtown Castle,Manhattan,Midtown,40.75356,-73.98559
2595,2012-05-17,1870771,"Jennifer was very friendly and helpful, and her place is exactly as advertised. The location is very convenient, and it was a pleasure to stay at the Midtown Castle. I definitely recommend it :)<br/><br/>Thanks !",Skylit Midtown Castle,Manhattan,Midtown,40.75356,-73.98559
2595,2012-08-18,2124102,"This apartment is like a real castle old and unique. The age- related stains on the bathroom floor and dark discolorations in the carpet too indeed indicate that the building was built a long, long time ago. <br/>We weren’t happy with the way the apartment was cleaned. Jennifer, the host sent in a cleaning lady right the next morning and therefore did everything she thought was appropriate to make our stay comfortable. She let us know that guest satisfaction is important to her.   <br/>After we found out that the key for the main entrance was missing by locking ourselves out in the middle of the night she was so kind to bring us the missing key within an hour. <br/>We had to leave the apartment a few days earlier because we suffered from an allergic reaction (which has never happened before and never after) related to the air conditioner as our doctor told us. <br/>The apartment is located in a great area! Subway stations are just two minutes away! The area seems quite safe although there are “special” adult video stores located in the same street nearby.  <br/>A deli/grocery store is next to the building, a 24 hours open pharmacy is across the end of the street! <br/>",Skylit Midtown Castle,Manhattan,Midtown,40.75356,-73.98559
2595,2013-05-20,496053,"Jennifer's place was in a great midtown location, close to the subway, Bryant Park and Times Square.  She met us after midnight to give us keys to the place, which we appreciated.<br/><br/>The apartment is spacious for two people; a deli next door is perfect for last minute toiletries.<br/><br/>Thanks for allowing us to stay!",Skylit Midtown Castle,Manhattan,Midtown,40.75356,-73.98559
2595,2014-05-21,13685934,Jennifer is a very nice host. Everything is clean and she really takes care of her guests. We can only recommend her apartment to others.,Skylit Midtown Castle,Manhattan,Midtown,40.75356,-73.98559
2595,2014-07-10,10781357,"This is a cute studio in a wonderful location with some quirky and interesting traits including a giant translucent skylight (makes the neatest noise when rain falls on it, sounds like clapping!), warm couch, and trinkets that are fun (hoola hoops, juggling pins? sure, why not!?). <br/><br/>Great place, great location!",Skylit Midtown Castle,Manhattan,Midtown,40.75356,-73.98559
2595,2014-09-28,4212558,"A great location, a very comfortable space and a helpful host. Everything that makes Airbnb great!",Skylit Midtown Castle,Manhattan,Midtown,40.75356,-73.98559
2595,2014-10-07,13460520,"Jennifer's place is cozy and a short walking distance from Time Square. The place was big enough for two. <br/>Jennifer left detailed instructions and was also helpful in terms of recommending great places in NY.<br/><br/>Everything was great:)",Skylit Midtown Castle,Manhattan,Midtown,40.75356,-73.98559
2595,2014-10-18,16584002,"We hebben genoten van ons verblijf in het appartement van Jennifer. Prima en centraal gelegen, ook t.o.v. openbaar vervoer. Het daklicht maakt dat het prettig licht is en ruim aanvoelt. Enige minpuntje is de vier trappen. ",Skylit Midtown Castle,Manhattan,Midtown,40.75356,-73.98559
2595,2015-03-30,27436102,"Jennifer was very good at communicating with us prior to our arrival. Although she could not meet with us herself, she had a friend meet with us to give us the keys and more information when we arrived. She was also very accommodating with our flight schedule and check out. <br/><br/>The apartment was great overall, although just a little smaller than we expected from the pictures. Our favorite part was of course the skylight and dart board she had hanging. The apartment was in clean condition when we arrived, which is always a good thing!<br/><br/>The location was amazing, close to everything, a great place to stay for our first visit to New York.  It is on the top floor, so we definitely got our workout in going up and down those stairs each day! <br/><br/>We had a blast! <br/><br/>Thanks Jennifer! <br/>",Skylit Midtown Castle,Manhattan,Midtown,40.75356,-73.98559
2595,2015-04-21,6429364,"I love this space.  It is truly a gem in the heart of Manhattan.  The location could not be better.  Very clean, comfy, and great warm inviting energy.  Jennifer was very clear and responsive.",Skylit Midtown Castle,Manhattan,Midtown,40.75356,-73.98559
2595,2015-05-19,12146524,"This was our first Airbnb experience, and Jennifer really made it great! No more hotels for us in the future ;) The communication was friendly and she replied very fast. Just great!!",Skylit Midtown Castle,Manhattan,Midtown,40.75356,-73.98559
2595,2015-09-21,12885233,"Great location, in the middle of everything. The apartment is well maintained and clean. Jennifer is very responsive to texts/messages. I had a great time there.",Skylit Midtown Castle,Manhattan,Midtown,40.75356,-73.98559
2595,2015-09-28,18636130,"Jennifer was without doubt an amazing host, she was incredibly kind and welcoming and made sure we had a great weekend. She supplied books and notes with all sorts of information about NY, the flat and the area. The flat is in the perfect location, not more than a 10 minute walk from Times Square and about the same distance from Penn station. The apartment itself is just as described, great for one or two people. I highly recommend the apartment and will surely use it again next time I'm in NY!",Skylit Midtown Castle,Manhattan,Midtown,40.75356,-73.98559
2595,2016-04-11,16512817,"Jennifer was an unbelievable host! Great communication and made sure I was all set for my big weekend with my college age daughter.<br/><br/>I love all parts of NYC, but if you want Midtown, this is just about perfect. The place is sunny and bright and surpisingly little noise from the street on Friday and Saturday night. Plus, we felt very safe.<br/><br/>Size wise, 1-2 people is probably perfect. Any more may feel a little cramped.<br/><br/>Lastly, most Airnb places I stay feel liked they have been furnished by a recent college grad. It's clear that Jennifer lives here and was so accomodating opening up her home to us.",Skylit Midtown Castle,Manhattan,Midtown,40.75356,-73.98559
2595,2017-07-22,134977148,"The Midtown Castle was a great choice for our weekend stay. It is centrally located, and walking distance for most of our stops. The apartment was clean, nicely decorated, and the perfect size for our trip. Jennifer was a great host, and made our self check-in very easy! She gave us all of the information we needed for a smooth trip.  I would highly recommend this place to other visitors, and would consider staying there again when we are back in NYC!",Skylit Midtown Castle,Manhattan,Midtown,40.75356,-73.98559
2595,2017-09-16,81450805,Tiene una ubicación excelente. Buen equipamiento del apartamento. Tal cual se ve en las fotos,Skylit Midtown Castle,Manhattan,Midtown,40.75356,-73.98559
2595,2017-10-16,11918986,"Jennifer is a gracious host with an amazing one of a kind space you won't find anywhere in Mid Manhattan.<br/><br/>The perfect home away from home esp. if you're on business.<br/><br/>Note, the stair climb is LEGIT, not fake news. Jennifer is an excellent communicator with very helpful and clear directions,<br/><br/>The 4 flights of stairs will definitely let you know you're in NYC :)",Skylit Midtown Castle,Manhattan,Midtown,40.75356,-73.98559
2595,2017-10-29,28067322,"Jennifer was super friendly and helpful. Great host with an amazing studio apartment right in the middle of NYC. Everything is walking distance! The Empire State Building, Times Square, and New York library were all around the corner or less than 15 minutes walk. Best location ever and great relaxing place to stay.<br/><br/>Quick note: Apartment is located on the 4th floor with no elevator so make sure you don’t have very heavy luggage. In any case it’s a good workout :)",Skylit Midtown Castle,Manhattan,Midtown,40.75356,-73.98559
2595,2017-11-04,18840128,"Jennifer's space was such a lovely experience. PreCheckin and checkin was detailed and seamless, she made it easier on us and answered all questions so quickly. The space itself is such a unique, clear & zen energy- we loved it. Not to mention it was very clean & close to everything! Definitely be prepared for the 4flight workout (we appreciated that)! We enjoyed the space and location & would recommend this to anyone coming to explore the city!!",Skylit Midtown Castle,Manhattan,Midtown,40.75356,-73.98559
2595,2017-12-03,2888785,"This is a nice apartment and it looks like in the photo. It is well located and Jennifer was very nice and super responsive! She also let me have a late check out at no extra cost, which was very kind of her. 5 stars for that! On the negative side, it was rather cold in the room. I stayed there for 6 nights end of November, beginning of December so the central heating should be on, but it only worked occasionally (this is a building from 1890 and the amenities are a bit worn and probably never have been updated). There is an extra heater but it is not sufficient to heat up the room cause the ceiling is high and the glas roof is not a good insulation. Consequently for the majority of the time the temperature inside was between 64-68F (17-20 C) which was disagreeable. Second point was the noise from 3 construction sites in the street, one just opposite the building. They started work early and the clearing of rubble was sometimes done past midnight and very loud. Once the heating problem is sorted out and the construction is done it will be a nice place to stay.",Skylit Midtown Castle,Manhattan,Midtown,40.75356,-73.98559
2595,2017-12-10,2548115,Beautiful and stylish spot in a very unique building! Jennifer is a wonderful host and was kind enough to meet us for out late-night check-in. We loved the apartment!,Skylit Midtown Castle,Manhattan,Midtown,40.75356,-73.98559
2595,2017-12-31,110636080,"Location Location Location.<br/>Outstanding location near to everything walking, by train or bus.<br/>We enjoy our rent there.<br/><br/>Alonso",Skylit Midtown Castle,Manhattan,Midtown,40.75356,-73.98559
2595,2018-01-01,66056138,Great place. Would definitely recommend! Jennifer is really sweet and easy going.,Skylit Midtown Castle,Manhattan,Midtown,40.75356,-73.98559
2595,2018-04-29,128182033,"We really enjoyed our stay at Jennifer’s apartment. She was very hospitable and answered any questions we had promptly. The hike up the four flights of stairs with the luggage was a challenge. <br/>The location was amazing. Central to everything, 5 min walk to the subway, close to time square. There was a bit of noise at night from all the construction happening around the apartment but Jennifer supplied us with ear plugs which worked a treat. Would highly recommend her apartment",Skylit Midtown Castle,Manhattan,Midtown,40.75356,-73.98559
2595,2018-05-18,11496712,This apartment is convenient and functional.  The huge skylight makes it feel open and airy. And it is located smack dab in the middle of Manhattan.  Highly recommended.,Skylit Midtown Castle,Manhattan,Midtown,40.75356,-73.98559
2595,2018-05-27,76998885,The Midtown Castle is a beautiful place to stay in the center of the city.  Truly a sanctuary with everything you need. Little touches of nature and beauty throughout. Waking up with the sun from the skylight was amazing. ,Skylit Midtown Castle,Manhattan,Midtown,40.75356,-73.98559
2595,2018-06-06,115721479,Jennifer is very nice and responsive. The location of the apt is great. However <br/>- the bed was small and smelly. The apt also smelled weird. We had to sleep on a mattress on the floor<br/>- the building is very old. <br/>- the apt is not clean and due to construction it was very noisy. <br/><br/>However. We do appreciate the stay and the location,Skylit Midtown Castle,Manhattan,Midtown,40.75356,-73.98559
2595,2018-06-29,51923495,"Jennifer es un anfitrión increíble. Siempre estuvo comunicada y dejó listos todos los detalles para que mi estancia fuera perfecta. Me sentí como en casa.<br/>El departamento es maravilloso, con mucha luz y una sensación de tranquilidad, además de una ubicación inmejorable, justo en el centro de Manhattan!! A unos pasos del Empire State. Totalmente recomendable!!",Skylit Midtown Castle,Manhattan,Midtown,40.75356,-73.98559
2595,2018-09-27,203936538,"Awesome location, spotless, wonderfully accommodating host. I will definitely stay here next time I am in NYC",Skylit Midtown Castle,Manhattan,Midtown,40.75356,-73.98559
2595,2018-10-01,174975601,The location made getting to Time Square easily accessible. Apartment was quiet and no disturbances from neighbors at all.,Skylit Midtown Castle,Manhattan,Midtown,40.75356,-73.98559
2595,2018-10-08,56872516,Jennifer’s place is a wonderful retreat in the middle of the busy city. The bed was super comfy- and the whole space/energy of the place felt very calm and cozy. You can hear some noise in the street (I expected this because you are literally in the heart of the city) but I slept like the proverbial baby every night. Jennifer was kind enough to leave ear plugs in case we needed them but we never did. I definitely recommend her place!,Skylit Midtown Castle,Manhattan,Midtown,40.75356,-73.98559
2595,2018-10-21,121426385,"Great place to stay, very good host",Skylit Midtown Castle,Manhattan,Midtown,40.75356,-73.98559
2595,2018-11-04,22065057,"Jennifer’s place is beautiful, cozy and very well located. We were able to walk to every key point of the city from here.  The studio is very clean and spacious.  Thank you for your hospitality. We had an amazing time in NYC!<br/><br/>Best regards,<br/><br/>Lili & Tad",Skylit Midtown Castle,Manhattan,Midtown,40.75356,-73.98559
2595,2018-11-14,30834468,"Fantastic location, great communication and a really special space. We would definitely stay again.",Skylit Midtown Castle,Manhattan,Midtown,40.75356,-73.98559
2595,2018-12-02,92312766,Jennifer’s place was amazing! My husband and I spent a weekend in NYC for our anniversary and it was an absolute blast! Jennifer’s place is gorgeous and we really felt at home there. We will definitely stay again!<br/><br/>Make sure you like stairs! 😜,Skylit Midtown Castle,Manhattan,Midtown,40.75356,-73.98559
2595,2018-12-16,126136892,Great space in a fun old building in NYC. Loved the lighting options for the space and the skylight.,Skylit Midtown Castle,Manhattan,Midtown,40.75356,-73.98559
2595,2019-01-02,165354250,"The apartment met expectations to how it was insinuated on the ad. Jennifer is very welcoming and friendly. A little pricey for a <500 sq ft space, but it is a convenient location. If you don't want to walk up a 4 story stair case after an already long day of walking, this place is not for you.",Skylit Midtown Castle,Manhattan,Midtown,40.75356,-73.98559
2595,2019-05-07,168460710,10 / 10 would stay again,Skylit Midtown Castle,Manhattan,Midtown,40.75356,-73.98559
2595,2019-05-21,119626931,Place was so cute and comfy! Host was great and was quick to communicate when I had questions. Quick walk to the subway and only about 5 min walk to the Empire State Building. Overall great stay and host was amazing!,Skylit Midtown Castle,Manhattan,Midtown,40.75356,-73.98559
2595,2019-07-14,60181725,"I'm glad I stayed here. I liked everything.<br/>The apartment is quite spacious and comfortable with an extraordinary glass roof.<br/>A beautiful reflection of the Empire State Building can be seen in the window.<br/>Excellent location in the center of Manhattan, a few minutes walk to the excellent Bryant Park and to the Whole Foods Market.<br/>Jeniffer is very friendly, on the last day when my flight was delayed  she was not against my late check out. I appreciate it.",Skylit Midtown Castle,Manhattan,Midtown,40.75356,-73.98559
2595,2019-08-21,33952280,"First of all I have to say, that Jennifer is not allowed to sublet her apartment by her landlord. I was instructed by her to not mention airbnb to anybody beforehand, which was fine, but one evening I was stopped by her landlord in the hallway and questioned about where I am staying, how long, where Jennifer is etc. Afterwards, although I didn’t say anything wrong, Jennifer freaked out about it, and I really thought for a few hours that I would have to move out and find another place to stay right away. From that point on I felt really unsafe there and always tried to hide from the landlord. <br/><br/>For my stay the apartment was also not ideal, there is no couch, only cushions on the floor and there is no real table and chairs. I had to work from home sometimes and could not really do it anywhere. <br/>The place was really clean in general, only the bathroom and the shower were really not okay. Especially the shower curtain was mildewed. <br/>The kitchen was clean and well equipped. <br/>Apartment has an AC, which is definitely a pro. <br/><br/>Also, what should be mentioned , the hallway is really narrow and the stairs are quite steep, so with a huge suitcase not ideal, as the apartment is walk-up to the 4th floor.<br/><br/>The location of the apartment is alright, in my opinion it is a bit busy in that area and there are nicer places to live, bit that is just my personal opinion.",Skylit Midtown Castle,Manhattan,Midtown,40.75356,-73.98559
2595,2019-11-04,61580757,"Great location, convenient to everything. Very cool space and building.",Skylit Midtown Castle,Manhattan,Midtown,40.75356,-73.98559
2595,2022-06-21,61404619,"Jennifer's apartment is a well-cared for studio in the heart of midtown Garment District, just a few blocks from Bryant Park. The huge skylight is so nice. The quality of light in the early afternoon is idyllic. It has a casual vibe with sound healing instruments, a bean bag chair, and eclectic decór. The A.C. works great. Jennifer was very friendly and inviting.<br/><br/>Midtown is well-known for its business + tourist vibe. The theatre district is a short walk away. Restaurants are plentiful, though the food is geared towards fast and American. I ate better when I just went for the higher end restaurants, as the quality of the others is questionable. Google reviews of restaurants in the area are inflated. Korea town is a few blocks away and has some better options. Check out Tonchin (best ramen), Fine & Rare (live jazz), and further north, Tao (cavernous Asian Fusion restaurant with a colossal Buddha statue), for unforgettable dining experiences. Culture on 38th is the best coffee shop around.<br/><br/>The apartment has no blackout curtains so expect a good amount of light 24/7. If you're light sensitive like me, this can be a problem. I slept with a sleep mask every night. Thankfully it wasn't noisy at night, other than the occasional garbage truck.<br/><br/>Lastly, something that Jennifer worked valorously to correct, but you should be aware of, is that there is a light odor from the pipes in the bathroom sometimes. The only way to tame the beast is to keep the fan on continuously, otherwise it becomes overwhelming. Hopefully she can get to the root of the problem, and it may be completely fixed soon after I write this review.<br/><br/>Overall, Jennifer's apartment is a unique find that will be a welcome escape from busy, touristy midtown. I especially recommend it for those who are not light- and smell-sensitive, and who like a casual space instilled with positive intentions.",Skylit Midtown Castle,Manhattan,Midtown,40.75356,-73.98559
5121,2009-05-28,2995,"Simple place, super nice guy.",BlissArtsSpace!,Brooklyn,Bedford-Stuyvesant,40.68535,-73.95512
5121,2009-07-04,23868,"Great guy with a basic room. Clean sheets and towels. No hangs-ups, come and go as you please. The neighborhood was fine, mix of everybody. Came back around 3am one night without any problems. The place is not immaculate, but neat.",BlissArtsSpace!,Brooklyn,Bedford-Stuyvesant,40.68535,-73.95512
5121,2009-10-27,39813,"Garon gave me the opportunity to share some of his creative,artistic way of living and being open for assistance getting around in Brooklyn.Also with his room mate I had fine conversations. To find out about busy lifes of my hosts was important during my stay.Creative travelers will anjoy his company.<br/>Gisela from Bremen, Germay",BlissArtsSpace!,Brooklyn,Bedford-Stuyvesant,40.68535,-73.95512
5121,2009-11-21,52256,garon is a sweet person with a lot of knowledge about brooklyn. ,BlissArtsSpace!,Brooklyn,Bedford-Stuyvesant,40.68535,-73.95512
5121,2009-12-14,62040,"Garon - your home was very cozy and comfortable, and your cats very sweet!",BlissArtsSpace!,Brooklyn,Bedford-Stuyvesant,40.68535,-73.95512
5121,2009-12-28,53299,"We had a lovely stay at Garon's although he wasn't there because he had to work in Italy...<br/>He was very nice, sending us emails to let us know about stuff to do in Brooklin...We discovered some great places and met very nice people for new year's eve thanks to Garon!<br/>Nice home and sweet cats as well!<br/>Cheers and happy new year!",BlissArtsSpace!,Brooklyn,Bedford-Stuyvesant,40.68535,-73.95512
5121,2010-02-07,68126,"was my first time with airbnb, I enjoy the stay with Garon. He is a happy go lucky livin guy. Would like to come there often...came as a guest, gone as a friend!<br/>thx Garon!<br/><br/>...good place!<br/><br/>",BlissArtsSpace!,Brooklyn,Bedford-Stuyvesant,40.68535,-73.95512
5121,2010-02-25,81438,"Garon is a really great guy. I can't recommend his well enough. Super pleasant and friendly. Garon, I owe you some coffee!... Friendly neighbourhood and close to G train. Very warm room (in winter) and lovely cats. Cheers mate. Sean.",BlissArtsSpace!,Brooklyn,Bedford-Stuyvesant,40.68535,-73.95512
5121,2010-03-28,83361,"I can definately recommend Garon's place. he's a great host- always willing to help and to share experiences, at the same time he gives you enough space for yourself, in a way that gives you the feeling of being totally respected and welcome.<br/>two cute cats and very friendly neighbours that'll help you if you have problems with new yorker doors and keys.<br/>Franzi",BlissArtsSpace!,Brooklyn,Bedford-Stuyvesant,40.68535,-73.95512
5121,2010-06-14,93061,Where do I start with Garon?  We stayed with him for 3 months and enjoyed every minute of our stay.  We felt more than welcome and treated the place as our own.  He did more for us than I imagined and we became great friend. He gave us advice as people who had never spent long periods in the city and help us out any way he could.  The apartment is clean and cosy with a laid back feel. WeI will stay with him again the next time I am in NY.  Thanks Garon!,BlissArtsSpace!,Brooklyn,Bedford-Stuyvesant,40.68535,-73.95512
5121,2010-07-19,138152,"Garon is a very warm and friendly guy, willing to help and with a very open personality. The cats are cute, they leave some hair but if you're OK with that, you'll have a pleasant stay. The neighborhood is really cool and kind of hip-hop, with friendly people sitting in front of their houses. If you're lucky Garon can take you to some cool and incrowd places. All in all: Go to BedStuy and enjoy your stay.",BlissArtsSpace!,Brooklyn,Bedford-Stuyvesant,40.68535,-73.95512
5121,2010-07-25,146471,"Garon was very open and helpful, we felt very welcome and right at home.",BlissArtsSpace!,Brooklyn,Bedford-Stuyvesant,40.68535,-73.95512
5121,2010-07-27,175725,"Garon was like an angel! He got back to us quickly when we were really in need of a room. When we arrived he made us buckwheat pancakes and made us feel very much at home. He had lots of advice to give as far as what the city had to offer. Highly recommend him, we will surely be back to visit again.",BlissArtsSpace!,Brooklyn,Bedford-Stuyvesant,40.68535,-73.95512
5121,2010-08-01,178070,We had a great time here!  Garon was extremely friendly.  We felt comfortable and had lots of privacy.  The only downfall was that the subway can be a pain sometimes (not the fault of the apartment or Garon)!  I would stay here again.,BlissArtsSpace!,Brooklyn,Bedford-Stuyvesant,40.68535,-73.95512
5121,2010-08-31,181782,"Many thanks to Garon for a wonderful stay. He was very accommodating throughout the entire week that I stayed in his home which has a cosy and creative vibe.  I am so happy that I had the opportunity to stay in such an interesting area.  The subway is close and there are a few little cafes nearby that I loved. You must go to Mrs Daliah's Cafe for cucumber lemonade! I got to meet another traveler staying there, who I hung out with, so that was cool. Also Garon's cats are so adorable. All in all, I highly recommend the Bliss Art Space. Cheers!",BlissArtsSpace!,Brooklyn,Bedford-Stuyvesant,40.68535,-73.95512
5121,2010-09-14,26218,"WELLL... Firstly Garon is a gemmm... Full of spirit and good sense... I felt welcomed, and definitely at home, i settled in with space in the cuboards,fridge and freezer... The cats, well i loved them to... Probably the only cats i will like that much i certainly miss them, The room was perfect for my end of summer stay, air con, cool, and  cosy =] The place is very typically New York, which i loved. I felt the area Bedford Nostrand was perfect for location, Train like 3 minutes walk and it was great for everywhere i wanted to get to...local shops were fine and i felt perfectly safe and enjoyed my three weeks... I MISSS ITTT and want to be back!!! Garon, Thank you... =]",BlissArtsSpace!,Brooklyn,Bedford-Stuyvesant,40.68535,-73.95512
5121,2011-01-31,350747,"Wonderfully, nice guy and a great host! This is definetly a space for a more creative person and would highly recommend this for a real New York Experience!!",BlissArtsSpace!,Brooklyn,Bedford-Stuyvesant,40.68535,-73.95512
5136,2014-01-02,3585271,"My family had a wonderful stay at Rebecca and Henoch's beautiful home in Brooklyn over the holidays.  The condo is spacious and well appointed, with plenty of room for four of us to relax after a day of exploring the city.  We loved the comfortable living room for relaxing, large dining room table for work/meals and a gorgeous, well equipped kitchen, and we were surprised to have so much space to spread out in NYC!  The king size bed in the master bedroom and deluxe air mattress were both very comfortable and we were thrilled to get a good night's sleep each night in a very quiet neighborhood.  Lastly, we happily opted to take care of their delightful and easygoing cat, which added to the feeling of being at home in their condo.  <br/><br/>Rebecca was a fantastic host--easy to communicate with, responsive, and left a folder full of instructions, personalized restaurant recommendations, and takeout menus.  We really appreciated the personal touch and attention to making our Brooklyn experience an authentic one!   We would stay there again in a heartbeat--highly recommended!","Large Sunny Brooklyn Duplex, Patio + Garden",Brooklyn,Sunset Park,40.66265,-73.99454
5136,2021-08-08,9458653,"If you have to stay in Brooklyn than only at Rebecca's appartment!<br/> We enjoyed our stay a lot!!!  The apartment is really huge . With a terrace and backyard and full of flowers . There is everything you might even need. Full kitchen to prapere anything you like, washing machine and laundry corner. Two restroom on 1 and second floor which is a big plus as well. Cable TV you may watch Netflix, HBO and etc. Location is perfect , street is so calm and there is no noise at all so you can sleep as a baby. Subway locates  3 blocks away , very easy connection to Manhatten . There are many groceries , caffes, bars, pharmacy , everything is in a walking distance. The apartment is perfect for a family stay . I want to thank Rebecca for everything, comunication is easy, check in and check out is very convinient. <br/>Highly recommend !!! ❤️❤️❤️","Large Sunny Brooklyn Duplex, Patio + Garden",Brooklyn,Sunset Park,40.66265,-73.99454
5136,2022-08-10,9105377,"Great place for my family while doing renovations in our apartment.  Easy access, clean, everything you could need.  We loved exploring the neighborhood and would definitely stay here again and recommend it to anyone looking for a family friendly place to stay","Large Sunny Brooklyn Duplex, Patio + Garden",Brooklyn,Sunset Park,40.66265,-73.99454
5121,2011-04-02,406850,"I stayed at Garons for almost three months and had a wonderful time. His house felt like home, the room really was my place. Garon is very relaxed and a great roommate. We both led our lives and just saw each other when we both were at home. We had some great talks and he's a very inspiring person. His cats were also a great addition to me feeling very at home there. <br/>There are a lot of nice nieghbors, and in the neighborhood, there are new cafes and restaurants popping up. It's close to the G-train which connects you to anywhere in Brooklyn and Manhattan. <br/>I wish I didn't had to leave!<br/>",BlissArtsSpace!,Brooklyn,Bedford-Stuyvesant,40.68535,-73.95512
5121,2011-04-18,466719,"Garon is very sweet, relaxed and laid back. I felt like an additional room mate! I felt safe walking home to the flat at night, and the flat is easy accessible to JFK. Thanks Garon, I had a lovely time! x",BlissArtsSpace!,Brooklyn,Bedford-Stuyvesant,40.68535,-73.95512
5121,2011-07-12,693011,"Garon was a very nice host and he let us feel like home in his place, despite we didn't see him during our 6 days stay.<br/>But unfortunately the apartment was absolutely not like pictures and description on the website: not very clean, and most of all very old, cheap and untidy. The room was too small and a lot of stuffs inside (closet was full) for a 2 persons 6 days stay.<br/>In our opinion it's not really a rentable place, even if Garon's neighboor was very nice and helpfull, and even if Garon warned us about the possible untidyness in the place because of his absence.",BlissArtsSpace!,Brooklyn,Bedford-Stuyvesant,40.68535,-73.95512
5121,2011-07-28,809854,"i really enjoyed NY. Garon was so welcoming and tried to give me infos. <br/>his house is not brand new but he always keeping clean and tidy. <br/>this room has enough space and so brighten.  <br/>and i miss cute cats too. :)<br/>",BlissArtsSpace!,Brooklyn,Bedford-Stuyvesant,40.68535,-73.95512
5121,2011-09-12,599217,Garon is the best. Period.,BlissArtsSpace!,Brooklyn,Bedford-Stuyvesant,40.68535,-73.95512
5121,2011-11-08,1303360,"Everything was perfectly fine! Me and my friend have stayed at Garon's place for 10 days and we really enjoyed that. The apartment is full of interesting stuff and Garon's stories. Garon himself is one of the most laid back persons I have ever met. And cats gave the place a lot of charm and a ""warm touch"". Each of us had his own key and we were free to come and go as we wish - no hassle at all!<br/><br/>A neighbourhood is nice. Manhattan is approx. 20min away - close to nothing! A lot of places to eat out -  I could recommend to anyone who plans to stay there to visit a food place right on the right of McDo, close to the A/C subway station - a great deal of specialities straight from Trynidad! =)",BlissArtsSpace!,Brooklyn,Bedford-Stuyvesant,40.68535,-73.95512
5121,2012-05-03,2046833,"Thanks Garon! - I stayed for just over 2 weeks everything was fine, easy going, free reign of the flat pretty much.<br/><br/>Whilst at first I thought the neighbourhood was not so good, It is safe and I was out a fair amount at night. The G and C are close by (the G's a little closer and you can easily change to the L to get to lower manhattan)<br/><br/>Anyway, if you are considering this then you should defo go for it, for the price I don't think there would be anything better!",BlissArtsSpace!,Brooklyn,Bedford-Stuyvesant,40.68535,-73.95512
5121,2012-10-02,3495996,"Garon is great! He s a really nice and interesting guy!<br/>The neighbourhood is great. The apartment is close to subway. Its really safety and nice. Just go there!!<br/>",BlissArtsSpace!,Brooklyn,Bedford-Stuyvesant,40.68535,-73.95512
5121,2012-10-30,3588281,"I had the most beautiful stay, <br/>Garon is a very special person and an absolute angel, made me feel totally at home in a highly peaceful and relaxed environment, <br/>I throughly recommend Bliss Art Space!<br/><br/><br/>Aleesha :) ",BlissArtsSpace!,Brooklyn,Bedford-Stuyvesant,40.68535,-73.95512
5121,2013-01-27,2556663,"It was so nice staying at Garon's! For the first glance it didn't look very fancy or something, but this place is gorgeous from inside out. It's pretty easy to get to subway G train or if you walk a little more you can get to A train which goes directly to JFK airport. Garon is a very kind person, very open-minded and friendly! We also have a lot in common in area of culture! I'll recommend this place to everyone who is open-minded and want to feel how people live there in NYC. Neighborhood looked safe. Despite it was one of the coldest weeks for last year in town, but heating worked well and the room was warm!",BlissArtsSpace!,Brooklyn,Bedford-Stuyvesant,40.68535,-73.95512
5121,2013-03-01,4729917,"Garon is one of the coolest individuals I've met in a long time. The room is great close to both the G and A C trains, and the neighborhood has an  organic market right around the corner. Laundry is close by also. There are two beautiful cats that lounge around all day adding to the chillness of the place. There is a sage like wisdom that Garon  imparts with any newbie to NY, and I am a far better New Yorker and individual for meeting this cool cat. <br/>",BlissArtsSpace!,Brooklyn,Bedford-Stuyvesant,40.68535,-73.95512
5121,2013-04-04,1387678,"Garon is undoubtedly the most welcoming and nice host ever. You feel at home right away, he is exciting and passionate, discussions are super interesting and he is extremely friendly. A stay at his place is a good mood cure. I highly recommend!",BlissArtsSpace!,Brooklyn,Bedford-Stuyvesant,40.68535,-73.95512
5121,2013-07-04,1523322,"Had a great stay with Garon! You'll have a super cool and helpful roommate for the length of your stay, who just might cook you breakfast and make you tea in the morning. The neighborhood is really interesting and beautiful, worth spending some time just wandering around. I stayed for almost two weeks, often coming back late at night, and never felt unsafe in the area. The room itself has everything you need. And the apartment has two friendly cats :). If I were to come back to Brooklyn, I would definitely stay with Garon again.",BlissArtsSpace!,Brooklyn,Bedford-Stuyvesant,40.68535,-73.95512
5121,2013-11-13,1387678,"Great, perfect ;) ",BlissArtsSpace!,Brooklyn,Bedford-Stuyvesant,40.68535,-73.95512
5121,2014-01-01,10393975,"I had a good feeling about Garon before I arrived and was not disappointed at all.  I tried to keep busy and didn't want to be in his way. My stay was quite lengthy so we did have a lot of time to sit and chat about so many things and had a lot of laughs.<br/><br/>I'm already planning to go back and I will try to stay with Garon again and again, the space, location and host are all a perfect match for me.",BlissArtsSpace!,Brooklyn,Bedford-Stuyvesant,40.68535,-73.95512
5121,2014-01-22,5347699,"Garon è davvero una persona meravigliosa! Grazie per le chiacchere, il the allo zenzero e i tanti consigli che mi sono stati dati! davvero una persona speciale da incontrare e dove alloggiare a NYC! ",BlissArtsSpace!,Brooklyn,Bedford-Stuyvesant,40.68535,-73.95512
5121,2014-03-02,989362,"Garon is an accommodating, friendly, and helpful host. The room seemed smaller than the pictures indicated. The bed is on the floor.",BlissArtsSpace!,Brooklyn,Bedford-Stuyvesant,40.68535,-73.95512
5121,2014-08-10,19096223,"Garon is a great guy, very friendly and easygoing, as well as trustworthy!!! I really liked staying at his place for five nights. He gave me useful advices about what I should visit in NY and we had cool conversations about everyday life! Furthermore, his place is located very close to 2 metro stations and it takes only 20-30 minutes to reach Manhattan! I strongly recommend staying at his place!",BlissArtsSpace!,Brooklyn,Bedford-Stuyvesant,40.68535,-73.95512
5121,2014-11-11,23305942,Garon was a generous and helpful host. His accommodations are clean and cozy. He even invited me to dance at his second reception! It was truly a pleasure to meet him and stay in his home.,BlissArtsSpace!,Brooklyn,Bedford-Stuyvesant,40.68535,-73.95512
5121,2015-05-03,1019051,"Best choice ever made, really confortable bed, quite room and in really brooklyn astmosfer...close to metro!<br/>But most important, meet Garon :) ",BlissArtsSpace!,Brooklyn,Bedford-Stuyvesant,40.68535,-73.95512
5121,2015-06-01,9989751,Garon is one of the best hostes I eber had! He is such a easygoing person. He welcomed me very warm  and friendly. He recommended me local spots to visit and helpt and was there for any questions. I definitive recommend to stay at Garons place. <br/><br/>Thank you so much Garon!  ,BlissArtsSpace!,Brooklyn,Bedford-Stuyvesant,40.68535,-73.95512
5121,2015-07-20,35481629,"I enjoyed my stay with Garon! He is a kind and considerate host, the room and apartment are very comfortable, and his cats are very friendly.",BlissArtsSpace!,Brooklyn,Bedford-Stuyvesant,40.68535,-73.95512
5121,2015-08-24,20106592,"Garon is an amazing host, very welcoming. He showed me the house and gave me tips for my stay in NYC. The room was nice and the bed comfortable. The area is very safe, even at night, full of nice restaurants, pubs and cafe. There are two subway stations very close. If you are visiting NYC this is a good place where you can stay. ",BlissArtsSpace!,Brooklyn,Bedford-Stuyvesant,40.68535,-73.95512
5121,2015-09-24,13718313,"Meeting Garon was the best part of my stay.I felt home from my first night at GAron s place.Thank you again,hope to meet soon!",BlissArtsSpace!,Brooklyn,Bedford-Stuyvesant,40.68535,-73.95512
5121,2015-09-28,30663960,"Had a great stay at Garon's place. I left it right to the last minute to sort out accommodation and even though he wasn't actually around, he went out of his way to sort everything out for me. Really thankful!! Area is nice and has a few hidden gems. Would recommend :)",BlissArtsSpace!,Brooklyn,Bedford-Stuyvesant,40.68535,-73.95512
5121,2015-10-25,6154262,"Garon is a really nice guy, interesting to talk to and knows a lot about the area. He's one of the more personable hosts I've met. His cats are super friendly. I was worried about the futon but it honestly feels like a regular bed, I had a great nights sleep. I was happy to be in that part of brooklyn again, it's much more relaxed and the G train is really close. Would recommend.",BlissArtsSpace!,Brooklyn,Bedford-Stuyvesant,40.68535,-73.95512
5121,2015-11-01,267281,"Garon was the nicest host I've ever dealt with on AirBnB, which is saying a lot because I've met some really nice hosts. I ended up having to adjust my pickup time for the key, which he graciously accommodated by having another wonderful person (Christian) meet me at the apartment. These are true gentlemen.<br/><br/>The bed was very comfortable and cozy. I slept very well. Commutes to the Javits Center and other parts of Manhattan were a cinch, often as short as 30 minutes.<br/><br/>This place is a really good value for someone needing a thrifty bed and a quiet place work or chill out. I hope to visit again.",BlissArtsSpace!,Brooklyn,Bedford-Stuyvesant,40.68535,-73.95512
5121,2016-05-19,36463277,Garon is amazing!<br/>I felt like I was visiting my friend's apartment.<br/>He made me fell like home,BlissArtsSpace!,Brooklyn,Bedford-Stuyvesant,40.68535,-73.95512
5121,2016-05-23,62839520,Garon welcomed me when I arrived and we had a very chat.  He reviewed the house and rules with me.  The place was very quiet and comfortable.  Garon is a pleasant and gracious host!,BlissArtsSpace!,Brooklyn,Bedford-Stuyvesant,40.68535,-73.95512
5121,2016-05-28,63235573,Excellent! Great place and attention.,BlissArtsSpace!,Brooklyn,Bedford-Stuyvesant,40.68535,-73.95512
5121,2016-06-05,32901053,"Great quiet space in a great location, only a short ride away from Manhattan. Garon is an extremely helpful and gracious host. Overall a great experience in the city! ",BlissArtsSpace!,Brooklyn,Bedford-Stuyvesant,40.68535,-73.95512
5121,2017-10-05,150488133,Well connected to Manhattan and easy to reach from JKF. Safe neighborhood. Great communication with Garon.,BlissArtsSpace!,Brooklyn,Bedford-Stuyvesant,40.68535,-73.95512
5121,2019-12-02,12822342,"Garón is a very welcoming, friendly and helpful host. The neighborhood in Bed Stuy is very nice and I really enjoyed my stay. I would go back to staying at Garón's and definitely recommend the place!",BlissArtsSpace!,Brooklyn,Bedford-Stuyvesant,40.68535,-73.95512
5586,2009-04-13,11399,"My 2 daughters (2 and 3), my wife and I stayed at Susan's for four nights during easter holiday. The apartment and the location are both perfect. Very convenient kitchen, clean bathroom, with towels and everything we needed. Susan answered every question I asked and was always ready to help. I'd go back anytime.",Rooftop Deck/City Views. Great Apt,Manhattan,Upper East Side,40.76076,-73.96156
5178,2009-05-06,8443,"MR. Kasai was a grreat host , very helpful and hospitable , this room is really great value considering comfort and location , the only drawback is the street noise ;",Large Furnished Room Near B'way　,Manhattan,Midtown,40.76457,-73.98317
5178,2009-05-23,15642,The room is great and the hosts are superb!!,Large Furnished Room Near B'way　,Manhattan,Midtown,40.76457,-73.98317
5178,2009-06-14,19644,"Very good experience. The room is clean, quiet (separated from the main living area) and centrally located in midtown Manhattan. I would recommend this room.",Large Furnished Room Near B'way　,Manhattan,Midtown,40.76457,-73.98317
5178,2009-07-06,18347,"i agree with other reviewers in that the location is superb and the host is nice (total privacy is guaranteed), but i would not recommend this room if you're sensitive to noises (i felt as if i was sleeping in the center of the 8th avenue) and smell of smoking like myself. Especially, i barely slept due to the noises (construction, buses, fights of drunken men and women all night) ... i think that it might be because of the way air conditioner is attached to the window.",Large Furnished Room Near B'way　,Manhattan,Midtown,40.76457,-73.98317
5178,2009-08-24,32936,"Absolutely excellent. Couldnt have found a better room. Quiet, centrally located, clean and with more than enough personal space. Shun is a gracious host, and any person who chooses to stay here will not regret it!",Large Furnished Room Near B'way　,Manhattan,Midtown,40.76457,-73.98317
5178,2009-08-27,29676,"nice and clean, good location",Large Furnished Room Near B'way　,Manhattan,Midtown,40.76457,-73.98317
5178,2009-10-09,31242,"Can't say enough positive things about this place and about Shunichi (Shun) and Akiko, especially for the VERY REASONABLE price.   Shun is a gracious and unobtrusive host.  He even offered to connect his extra laptop for me to have web access to look up theater times, museum info, etc.  The microwave, refrigerator, and flat panel TV (with cable) are all great amenities.  The street noise is really no big deal considering the very, very convenient 2nd floor location.  The noise is typical for New York.  Bring ear plugs and a sleeping pill if you really want to be assured a good night's sleep.  (Shun and Akiko, here is my one important suggestion:  Go to IKEA or Bed, Bath & Beyond (or even JCPenney) and get a set of matching sheets, duvet / comforter cover and 2-4 matching pillows and pillowcases.  The sheets,  and especially the pillows,  were sub-standard even at your very competitive rate.  If you do this, you would definitely earn 5-stars from me!  Thanks again for a fantastic stay overall!  You guys were wonderful!!",Large Furnished Room Near B'way　,Manhattan,Midtown,40.76457,-73.98317
5586,2009-04-24,9537,"My partner and I had a fabulous time staying at Susan's place. It is in a fantastic location within very easy access to everything including some great restaurants. The apartment itself is clean, tidy and quiet with a very comfortable bed for a great nights rest. Susan was also kind enough to leave her number if we had any queries and was flexible with our checkout time which was much appreciated.Highly recommend.",Rooftop Deck/City Views. Great Apt,Manhattan,Upper East Side,40.76076,-73.96156
5586,2009-04-30,9341,"I stayed at Susan's Place for four days with my mother and my aunt. The apartment is very comfortable and extremely well furnished with a nice taste in details. The view from the level patio is really spectacular!! There is everything you could possibly need: internet, TV, functioning kitchen and dishwasher. Susan is a very kind person, she was always available to help me everytime I called her and she made my staying in New York very easy. I would rent again Susan's Place and I would definately recommend it to everyone. This place is also in a good location and the most important thing is that you can feel the sensation of living in the real NY, walking to the Central Park in the heart of the city. I had really a good time.",Rooftop Deck/City Views. Great Apt,Manhattan,Upper East Side,40.76076,-73.96156
5586,2009-06-06,17976,"My husband, daughter and I stayed in Susan's lovely apartment so our daughter could visit two(2) theater/film schools in NY.  We were so thrilled with the apartment's close proximity to shopping, the subway, a large number of diverse restaurants and laundry & cleaners services (one right across the street!).  We had an amazing, wonderful, memorable visit to the Big Apple and our daughter did not want to leave.  We all fell in love with New York City, and Susan's beautiful rooftop garden was Eden in the middle of Gotham. We hope to go back soon and we hope we can stay at Susan's again!<br/>",Rooftop Deck/City Views. Great Apt,Manhattan,Upper East Side,40.76076,-73.96156
5586,2009-06-10,19848,"We had a great time. Very convenient and comfortable place.<br/>We loved to have breakfast on the roof terrace.<br/>j.",Rooftop Deck/City Views. Great Apt,Manhattan,Upper East Side,40.76076,-73.96156
5178,2009-11-04,23681,"What a wonderful experience.  WOW!  The host, the apartment, the location, the price.  I could not have asked for a nicer, cleaner, more hospitable place and host.  If and when I return to NYC, I do hope this is still available.  If not, how sad for me.  Thank you for making my trip such a positive and enjoyable experience.  ",Large Furnished Room Near B'way　,Manhattan,Midtown,40.76457,-73.98317
5178,2009-12-05,56221,Had a nice quiet time at the apartment.  I got lots of privacy and the LOCATION was fabulous!  Can't beat it!,Large Furnished Room Near B'way　,Manhattan,Midtown,40.76457,-73.98317
5178,2009-12-09,57415,"My three nights at the 55th Street room were perfect.  Shun met me as soon as I arrived on his doorstep. He showed me in and left me alone.  He seemed to understand from the moment I got there what I wanted and needed.  The room is clean and comfortable.  The down comforter and flat screen were more than I ever expected.  The tea and cocoa were perfect for the times I came in for a rest from my long walks on the sidewalks of my favorite city. The apartment is just three blocks from Columbus Circle,  and just a few blocks to the Theatre District.  There are good places to eat very near by. The bakery around the corner on Eighth Ave was very good and Luigi’s Pizza across the avenue was a favorite of my teenage son’s last time we were there as a family.  I was able to live like a New Yorker for those three days and it was exactly what I needed.  I will definitely stay with Shun and Akiko again when I come to NYC. I recommend this accommodation to anyone who wants to experience living in NYC, not just visiting.  I know this neighborhood well, having lived there in the 80’s, and I could not have asked for more. It was like being home, only a lot better, because I was unfettered and able to do exactly what I wanted.  I can’t wait to go back again. Thank you, Shun!  ",Large Furnished Room Near B'way　,Manhattan,Midtown,40.76457,-73.98317
5178,2010-01-07,64742,"the room is very nice and warm. the hosts are realy nice and friendly. the location of the place is great, close to all the places we wanted to visit in n.y and to the subway. highly recomended ",Large Furnished Room Near B'way　,Manhattan,Midtown,40.76457,-73.98317
5178,2010-01-24,66519,"My hosts were the best. Very clean, great location and made certain to meet me on arrival to insure I had what I needed and provided complete privacy, service and more than what I'd hoped to find. As a frequent business traveler for years it is now my preferred location and choice in NY. I will stay here again and highly recommend this to all of my contacts, friends and family.<br/><br/>",Large Furnished Room Near B'way　,Manhattan,Midtown,40.76457,-73.98317
5178,2010-03-14,35310,"The apartment is not the place shown in the pictures, it was not clean, never met Akiko only her friend Shun...so unfortunetly I have nothing positive to say about my stay.  Sorry, but I feel cheated!! ",Large Furnished Room Near B'way　,Manhattan,Midtown,40.76457,-73.98317
5178,2010-04-06,37224,"It was very pleasant stay in New York. Shun is a great host and I would come back anytime. The Appartement is a nice one and equipped with everything you need (microwave, fast internet, cable tv etc.) Thank you Shun, it was a nice week in New York!",Large Furnished Room Near B'way　,Manhattan,Midtown,40.76457,-73.98317
5178,2010-04-10,103590,"I also had a great time in NYC and the apartment is well situated near the center (Times Square  / Central Park) and Columbus subway station.<br/>Shun and Akika were pleasant and although I came in late every night they hadn't an issue and even allowed me a late checkout.<br/>Apart from what Steffen F. mentioned you also have a working window Air Conditioner (AC) in the room - much needed for the upcoming summer.<br/>One comment is that the bed is a standard ""Double"" Width - 55"" / 1.4meter which is nice and large for a Single.<br/>Thanks Shun for a great ""In Manhattan"" option and allowing me in so late at night, I do hope to stay again ;).",Large Furnished Room Near B'way　,Manhattan,Midtown,40.76457,-73.98317
5178,2010-04-13,49565,I also had a great time in NYC and the apartment gave me what I wanted and needed.  Thank you Shun.,Large Furnished Room Near B'way　,Manhattan,Midtown,40.76457,-73.98317
5178,2010-04-22,78096,"My friend and I had an amazing time in NYC thanks to the hospitality of Mr. Shun and Akiko. We were given more than ample privacy, the house rules were VERY reasonable. The room, bed, linens, and shared bathroom was clean. They were very kind and welcoming and we would recommend them to anyone who's looking for a great place, in a great location, at a very reasonable price.",Large Furnished Room Near B'way　,Manhattan,Midtown,40.76457,-73.98317
5178,2010-04-30,100740,"Great location in Manhattan, next to everything. Apartment a little bit old, and noisy, but it is Manhattan, so what do you expect? For the price I found it perfect!<br/>Shun is very nice, he also helped us with our baggage, he purt water for us in the fridge (there is a little fridge and microwave in the bedroom)<br/>We loved our stay in Shun apartment.",Large Furnished Room Near B'way　,Manhattan,Midtown,40.76457,-73.98317
5178,2010-06-08,104290,"Really excellent location. Only a few blocks from Columbus Circle metro station and the 51st St station. Tons of great restaurants near by and even closer to the attractions than I expected. The room is very spacious and didn't feel like I was living out of a hotel room and it had a tea pot, microwave, and fridge.Provides towels and toiletries. I only saw Shun twice in 6 days so it was very private. Shun was very nice and I will stay here again on my next trip to NY. High recommend! ",Large Furnished Room Near B'way　,Manhattan,Midtown,40.76457,-73.98317
5178,2010-06-10,105878,"Very kind and hospitable. Of course the location is great for everything.<br/>the room was spacious and included internet, and cooking possibilities.<br/>i would definitely return.",Large Furnished Room Near B'way　,Manhattan,Midtown,40.76457,-73.98317
5178,2010-06-18,409,"Fantastic location, very private, I came and went as I pleased. Aircon was a blessing, and the internet fast as well. I would stay there again!",Large Furnished Room Near B'way　,Manhattan,Midtown,40.76457,-73.98317
5178,2010-07-27,106633,"We stayed at Shun's place for a week in july. His flat is EXTREMELY well located (5minutes walking from Times square and central park). It's also very close to the metro (didn't have to make any transfer in the subway during the week). Shun is nice, very discreet. Privacy garanteed. <br/>The bad point of being so well located is that it's very noisy, even during the night. The room was ok but not perfectly clean (dirty dishes, earings in the sheets, dust, ...). <br/>We do still recommand this place because of the price, and also of the location. ",Large Furnished Room Near B'way　,Manhattan,Midtown,40.76457,-73.98317
5178,2010-08-05,122207,"It is a perfect place to visit NY; all interesting places are near by, or you can use the subway. The room is ok, the bed is for one people very big :-)<br/>The only thing I did`nt like; the bathroom was dirty.",Large Furnished Room Near B'way　,Manhattan,Midtown,40.76457,-73.98317
5178,2010-08-18,118953,"chambre tres bien située, du bruit mais c'est normal on est en plein Manhatan. Le propriétaire est tres discret je vous le recommande tres bonne adresse",Large Furnished Room Near B'way　,Manhattan,Midtown,40.76457,-73.98317
5178,2010-08-24,157885,"Host promptly and politely replied to all of our inquiries, and the room was simply furnished, but clean and comfortable.  The Midtown location is superb and we highly recommend this apartment.  Thanks Shun!",Large Furnished Room Near B'way　,Manhattan,Midtown,40.76457,-73.98317
5178,2010-09-03,144158,"This is a private room in a shared apartment with the host. <br/>Is very well located, close to subway station in a very safety neighbourhood, lots of dinners, restaurants, drugstores nearby. <br/><br/>The host wakes up early to work, and as I went out and return late in the evening, it was like having a not shared apartment. <br/><br/>Very clean and confortable. Bathroom in excellent conditions.<br/><br/>Totally recommended.",Large Furnished Room Near B'way　,Manhattan,Midtown,40.76457,-73.98317
5178,2010-09-10,98356,"Oh my god ! Shun is an amazing host, very careful gives you all you need (towels, shampoo, internet adapter,...). The room is great and it has airco which is a real blessing in the deep heat summer of Manhattan! The location is amzing (a few blocks from Central Park, Time Square, MoMA and a lot of local amenties...) T<br/>I would recommend it to any couple that wanna visit NYC ! I'll definatly go back there !!",Large Furnished Room Near B'way　,Manhattan,Midtown,40.76457,-73.98317
5178,2010-09-24,121514,"I recently stayed at Shun's apartment (Sept 2010).<br/>The apartment is perfectly located in the heart of Manhattan. It is a close walking distance to times square, and major subways that makes commuting around NY very easy.<br/>I was in NY to take dance classes, and Shun's apartment was perfectly located within walkiing distance to Broadway Dance Centre (10-15mins), Steps on Broadway (20 mins) and Ailey Dance Centre (5-10 mins).  <br/>Shun was very hospitable allowing me to use his lap top and internet.  The room was spacious and entirely adequate as I only came back late at night to sleep for a few hours. The facilities were clean and adequate.<br/>Yes it can be a little noisy at nigh which made sleeping a little difficult, but the room, its location and the hosts were exactly what i needed for this trip.  <br/>I would thoroughly recommend this apartment to any single or couple looking to stay somewhere convenient in NY.",Large Furnished Room Near B'way　,Manhattan,Midtown,40.76457,-73.98317
5203,2009-09-07,30692,"Emmie and her family are exceptional hosts. The room is very clean, comfortable, and private and the residence warm and homey. The apartment is quiet and a retreat from the city. It is located in a very nice neighborhood with many amenities (subway, bus, restaurants, and ample street parking. A very pleasant stay. ",Cozy Clean Guest Room - Family Apt,Manhattan,Upper West Side,40.8038,-73.96751
5203,2009-09-16,36462,"Emmie and her family were wonderful hosts.  They are very friendly and accommodating.  I really enjoyed my stay with them.  The room is very comfortable, the apartment is very nice, and the location is wonderful; there are tons of restaurants and shops steps away, and they are very close to the 1 train to downtown.  <br/>Definitely a five star stay.<br/>",Cozy Clean Guest Room - Family Apt,Manhattan,Upper West Side,40.8038,-73.96751
5203,2009-09-27,12266,The room here was great for what I needed which was a safe place to sleep. The family is really nice and helpful. I had a pleasant experience. ,Cozy Clean Guest Room - Family Apt,Manhattan,Upper West Side,40.8038,-73.96751
5203,2009-11-15,41506,A great place in a great neighborhood! Emmie and her family are wonderful hosts. I was welcomed into their home and immediately felt comfortable. A perfect place for a Columbia University parent to stay! ,Cozy Clean Guest Room - Family Apt,Manhattan,Upper West Side,40.8038,-73.96751
5203,2010-01-12,58289,I had a great time with Maryellen and her family! They were very welcoming and helpful. Great location in New York and easy to get around. Will love to stay with them again!,Cozy Clean Guest Room - Family Apt,Manhattan,Upper West Side,40.8038,-73.96751
5203,2010-01-13,28522,Our stay with Maryellen and family was wonderful.  Maryellen is a most gracious hostess. She and her lovely family made us feel right at home. We will certainly stay again! Very spacious apartment and comfy linens - superb location! ,Cozy Clean Guest Room - Family Apt,Manhattan,Upper West Side,40.8038,-73.96751
5203,2010-03-18,89262,"My stay in Marryellen & family was great.I like the location and amenities around the apartment.It was a pleasure to stay in this warm family.Abi,she's so cute girl...I will certainly stay there when I visit NYC again.",Cozy Clean Guest Room - Family Apt,Manhattan,Upper West Side,40.8038,-73.96751
5203,2010-04-11,86655,"Wonderful. If you want privacy you get it, if you want interaction you get it. The entire family is very quiet. The room and bathroom are excellent, comfortable and clean. Nearby are plenty of good restaurants. The subway is a short and extremely safe walk. I will stay here again on my visits to new york.",Cozy Clean Guest Room - Family Apt,Manhattan,Upper West Side,40.8038,-73.96751
5203,2010-04-29,19681,"Great room, great host and beautiful family. I have never seen such a calm, peaceful family with even 1 child, let alone 5. You will be happy you stayed here. Everything is very comfortable.",Cozy Clean Guest Room - Family Apt,Manhattan,Upper West Side,40.8038,-73.96751
5203,2010-05-06,109830,"It was an enjoyable experience. The family was friendly and always ready o help you in any way possible. The kids are great! They are ready to help when you need it and accommodating to your needs!Have to say Maryellen's croissants are the best I have had! With its closeness to 1 line, her place is easy to get to and travel from to get to  most tourist places. and on Broadway most restaurants are really good! Would recommend her place to  others! Thanks Maryellen!",Cozy Clean Guest Room - Family Apt,Manhattan,Upper West Side,40.8038,-73.96751
5203,2010-06-06,72160,"Just got back from a wonderful and comfortable stay with the Lehmann's! The particulars:<br/>1. Location: ideal and a great neighborhood. we already knew we liked the upper west side of manhattan and now we really got to experience it like a resident. several great markets nearby, restaurants, etc. <br/>2. apartment: cool old pre-war style. lots of character. lots of space and comfortable.<br/>3. the family: a great unit! we tended to be out all day and so we didn't get to interact with the family as much as i would have liked. next time we plan on hanging out some more! :-)",Cozy Clean Guest Room - Family Apt,Manhattan,Upper West Side,40.8038,-73.96751
5203,2010-06-25,99298,"Traveling by myself, staying with this family for 14 nights. Have been to NYC for 5 times and stayed at those dirty hotels in midtown before but I have to say this is the best experience that I've ever had. What a loving family. They always prepare sth in the morning, like croissants, coffee and Maryellen's chocolate croissants is amazing! Bed is comfy. Bathroom is right in front of my room. I got to use it a lot even though I was sharing with the kids. 4 Kids are very friendly and well behave. Abby, the 5 years old one is adorable! #1 subway is just 5 mins away and I feel safe even when I got home alone late at night. Would love to come back! If you are looking for a space to stay without paying too much and got to use a clean bathroom, here is the place for you.",Cozy Clean Guest Room - Family Apt,Manhattan,Upper West Side,40.8038,-73.96751
5203,2010-07-10,14915,"Nice family, comfortable rroom, convenient location.  I just wish I could have my own key for my stay. With a young family, I understand the issues, but it would have made sheduljng more convenient. Thoughtful of Mary Ellen to include robes and the croissants were a nice touch!",Cozy Clean Guest Room - Family Apt,Manhattan,Upper West Side,40.8038,-73.96751
5586,2009-06-17,20855,We stayed for a few days and it was great! Everyone was so easy and I especially loved the terrace. I would recommend the apartment highly!,Rooftop Deck/City Views. Great Apt,Manhattan,Upper East Side,40.76076,-73.96156
5586,2009-06-26,22270,We really enjoyed staying in Susan's apartment. The location was very convenient and it was a very comfortable apartment.,Rooftop Deck/City Views. Great Apt,Manhattan,Upper East Side,40.76076,-73.96156
5586,2009-07-03,16330,"This was our first time using airbnb and I have to admit to being a little anxious about it.  Our experience with both the airbnb process and with Susan's apartment was excellent.  We are airbnb converts now, and recommend this economic and fun way to travel to everyone.  <br/>Susan's apartment is in a lovely area; it felt safe and quiet (well, as quiet as NY gets!) but was also very near to restaurants, bars and shops.  The apartment was very clean, and the photos in the listing are a reliable representation.  It was really nice having the whole place to ourselves (two adults and a child).  We especially liked getting coffee and bagels and walking up to Central Park for breakfast, and sitting on the rooftop deck in the evening!<br/>Susan's arrangements were simple and efficient, and worked very well for us.  This was a perfect home from home and we hope to stay here again.",Rooftop Deck/City Views. Great Apt,Manhattan,Upper East Side,40.76076,-73.96156
5586,2009-07-08,15716,Susan was an amazing host and her apartment was perfect for our anniversary trip! Great location and the perfect about of space for my husband and I. We were greatly surprised by the wonderful style of the apartment and the cute neighborhood surrounding it!,Rooftop Deck/City Views. Great Apt,Manhattan,Upper East Side,40.76076,-73.96156
5586,2009-07-26,23822,We really enjoyed our stay at Susan's place during our trip to NYC.  The doormen were exceptionally friendly and Susan was terrific.  The windows in the apartment were amazing.  The rooftop was the highlight.  I would definitely stay here again and have told everyone I know how much better our trip was staying here instead of a hotel. I also really appreciated the magazines and internet print outs for things to do in NYC.  This was the PERFECT place to stay and so easy to get to everywhere.  Thanks Susan!,Rooftop Deck/City Views. Great Apt,Manhattan,Upper East Side,40.76076,-73.96156
5586,2009-11-13,48290,"Cozy, clean apartment, wonderful rooftop area, great location! The apartment has all the conveniences of home.  The apartment is located in walking distance of many restaurants, shopping, a movie theater, and my favorite Starbucks! I can’t say how much more we enjoyed the experience of staying in the apartment vs. a hotel room. The doorman were always very friendly the neighborhood was nice and Susan is absolutely wonderful and very helpful.  ",Rooftop Deck/City Views. Great Apt,Manhattan,Upper East Side,40.76076,-73.96156
5586,2010-05-29,107451,"My boyfriend and i stayed at Susan's place for one week in May 2010. <br/><br/>It was great. The apartment is very nice and clean. We would love to stay there again. <br/><br/>We were so lucky to find Susan and her place, everything was perfect.<br/><br/>THANK YOU SUSAN!<br/><br/>",Rooftop Deck/City Views. Great Apt,Manhattan,Upper East Side,40.76076,-73.96156
5586,2010-10-30,89279,We had a great stay at Susan's place. She was very flexible and easy to work with!,Rooftop Deck/City Views. Great Apt,Manhattan,Upper East Side,40.76076,-73.96156
5586,2010-11-28,207431,"We stayed at Susan's place from 21 Nov to 27 Nov 2010 and the apartment was even better than we had expected. <br/><br/>It was very clean and had a very homely/cozy feeling to it. It was getting cold so we did not make much use of the rooftop deck but everything else was wonderful. The location was great and within walking distance to many amenities, e.g. restaurants, movie theaters, shopping and subway (Metro). <br/><br/>This is definitely the place to stay when traveling to NYC. Thanks you. ",Rooftop Deck/City Views. Great Apt,Manhattan,Upper East Side,40.76076,-73.96156
5586,2011-04-22,478009,"We stayed at Susan's for 3 nights and everything was perfect. My friends loved the place. The apartment was very accessible, and has access to most everything you need - food, a convenience store, even a few blocks from the park and 5th avenue. I would make her my first choice when visiting the big apple. As for Susan, she was very easy to do business with and she makes sure you're okay.",Rooftop Deck/City Views. Great Apt,Manhattan,Upper East Side,40.76076,-73.96156
5586,2011-04-29,92353,"We stayed 4 nights in Susan's condo. Susan is a very lovely person. Even she was far away, she send emails asking us if all is ok, or if we have check in or in case of any problems , feel free to contact her anytime. Her condo is very well located, many good restaurants in the area, big shops as TJ MAX or Bed Bath and Beyond, the Food Emporium at the corner of the street ... In december, we had a very bad experience with an host and not ready for an another experience but .... Susan make me change my mind.<br/>Thank you so much Susan for this great time in New York. ",Rooftop Deck/City Views. Great Apt,Manhattan,Upper East Side,40.76076,-73.96156
5203,2010-08-28,204002,"Dear Maryellen, thank you for hosting me! I really enjoyed staying at your home. Wonderful experience. I highly recommend. This was the perfect place for enjoying New York. The apartment was very clean and the room very comfortable. I'd love to come back and stay again. ",Cozy Clean Guest Room - Family Apt,Manhattan,Upper West Side,40.8038,-73.96751
5203,2010-09-06,192926,"My stay with Mary Ellen's family was exactly as advertised! The family was very accommodating for my stay, and the room was very comfortable, particularly the bed. The kids were a delight, too! The tea and croissants in the morning were perfect.<br/><br/>The location was very convenient: two blocks away from the subway, a few more blocks to Columbia/Barnard. Just the perfect place to get my daughter situated at Barnard.<br/><br/>",Cozy Clean Guest Room - Family Apt,Manhattan,Upper West Side,40.8038,-73.96751
5203,2010-09-18,142127,"Absolutely super stay, Maryellen was EXTREMELY flexible when my plans changed at the very last minute and gave me a very warm welcome when I arrived.  The room (and bed!) was very clean and comfortable and whilst short, my stay was a pleasure.  I would strongly recommend both Maryellen's Hospitality and Airbnb :-)",Cozy Clean Guest Room - Family Apt,Manhattan,Upper West Side,40.8038,-73.96751
5203,2010-09-24,161098,"Mary Ellen and her lovely family were great hosts. I had a lovely stay with them. I was warmly welcomed and helped by Mary Ellen, her husband and also her kids. I highly recommend to stay in their quiet appartment. Great, safe location. Excellent bed, clean room. Exactly as advertised. Thanks for all Sarah, Rachel, Michael and Mary Ellen!! Hopefully I will stay with you again next time!!!",Cozy Clean Guest Room - Family Apt,Manhattan,Upper West Side,40.8038,-73.96751
5203,2010-10-06,194252,"Very kind hostess, familial and warm atmosphere, independence, big appartment, good breakfast, good situation. <br/>No smokers. ",Cozy Clean Guest Room - Family Apt,Manhattan,Upper West Side,40.8038,-73.96751
5203,2010-10-09,155099,"Séjour dans une sympathique famille américaine aux parents très investis dans l'éducation de leurs enfants. Mary Ellen était toujours prêt à répondre à une question, à trouver une solution à un problème, à suggérer une idée, à aider. Encore merci pour ce séjour !<br/><br/>I spent a very pleasant time at Mary Ellen's flat. She has a nice family and it is a pleasure to see how the parents are involved in the education of their children. Everyone was always ready to answer a question, helpful in many cases. Tx alot for everything !<br/>",Cozy Clean Guest Room - Family Apt,Manhattan,Upper West Side,40.8038,-73.96751
5203,2010-10-20,203769,"Everything was purely and simply perfect: a warm welcome; a clean room; a very kind, helpful and flexible family; a good&safe location near the subway. Highly recommended.Thank you!",Cozy Clean Guest Room - Family Apt,Manhattan,Upper West Side,40.8038,-73.96751
5203,2010-10-24,253217,"MaryEllen's home was safe, comfortable, and clean.  I was kind of worried about what a sublet would be like for my mother, but Maryellen's was great.  Her kids were sweet and well behaved, and her home was everything she said it would be.  Her home was full of good energy and her building was clean and uplifting.  Great neighborhood and close to a lot.  I think anyone would feel really good there.  MaryEllen was really helpful and we will request a stay with her again when my mom comes in town.",Cozy Clean Guest Room - Family Apt,Manhattan,Upper West Side,40.8038,-73.96751
5203,2010-10-26,127309,Great family and great place to stay. Very much enjoyed my visit with Maryellen and her family again. Highly recommend Maryellen's place.,Cozy Clean Guest Room - Family Apt,Manhattan,Upper West Side,40.8038,-73.96751
5203,2010-11-04,143639,"New York is a great spot for vacations, and staying with Maryellen and her family makes it even better.<br/><br/>The location is very convenient next to the subway.<br/><br/>The family is really careful, I even got a early breakfast on one day.<br/><br/>I would recommend this charming family for any stay in the big apple.<br/><br/>Hope I'll go there again myself.<br/><br/>Thanks a lot.",Cozy Clean Guest Room - Family Apt,Manhattan,Upper West Side,40.8038,-73.96751
5203,2010-11-11,258487,"I was a bit affraid to come on my own to New York and at the Lehmann place everything was just nice: a warm welcome and a very kind and helpful family.<br/>I really like the location which is close to the subway. Highly recommended.Thank you for everything!",Cozy Clean Guest Room - Family Apt,Manhattan,Upper West Side,40.8038,-73.96751
5203,2010-11-15,276988,"AIRbnb is going to be my new way to travel.  Could not have felt more comfortable in the Lehmanns' home -- was like being with my own family. Location is great, especially loved being able to run in Riverside Park one day and then Central Park the next. Thanks for helping make my stay in NYC spectacular! ",Cozy Clean Guest Room - Family Apt,Manhattan,Upper West Side,40.8038,-73.96751
5203,2010-11-25,249605,"Maryellen and her lovely family have been the nicest hosts and made my stay very easy. I have been staying in NYC for research purposes and therefore needed a calm place to come back to in the evenings. And the Lehmann's totally provided such a place. It was always a pleasure to have a little chat with them over a cup of coffee in the morning and they all have been always very helpful in giving me advice for finding my way in NYC.<br/>Above that I found the location of their appartment really comfortable (two streets to the subway station; safe area, 2 supermarkets, cafes, ATM etc right around the corner).<br/>Thanks a lot!<br/>Julia",Cozy Clean Guest Room - Family Apt,Manhattan,Upper West Side,40.8038,-73.96751
5203,2010-12-04,176018,"I loved staying with Mary Ellen and family. I am hesitant to let people know how AWESOME it was  because I want it all to myself....but something so wonderful should be shared.  It was clean, very safe, incredibly comfortable and the hosts were SO friendly and warm.  I can't wait to stay there again!",Cozy Clean Guest Room - Family Apt,Manhattan,Upper West Side,40.8038,-73.96751
5203,2011-01-08,176018,"Excellent!  Mary Ellen and her family are awesome, the accommodations perfect!",Cozy Clean Guest Room - Family Apt,Manhattan,Upper West Side,40.8038,-73.96751
5203,2011-01-15,176018,"I have stayed with Mary Ellen multiple times.  Some have been in her single guest room and other times in her guest apartment.  No matter which room you stay in, Mary Ellen is a wonderful host, the accommodations are VERY comfortable and clean, and her children are sweet.  I am looking forward to more stays with Mary Ellen and her family.",Cozy Clean Guest Room - Family Apt,Manhattan,Upper West Side,40.8038,-73.96751
5203,2011-01-26,345102,"Wonderful experience with the Lehmann family.  Would stay here again.  great location/convenient.  Mary Ellen is very communicative and helpful.<br/><br/>",Cozy Clean Guest Room - Family Apt,Manhattan,Upper West Side,40.8038,-73.96751
5586,2011-05-03,504706,"We had a very nice stay at Susan's place. She took very good care of us, making sure we arrived okay, she even helped us try to catch our bus because we were running late on our last day. The apartment was  clean, cozy, well situated, near Central Park. There are a few good restaurants around and a grocery store not too far. I definitely recommend this place.",Rooftop Deck/City Views. Great Apt,Manhattan,Upper East Side,40.76076,-73.96156
5586,2011-05-29,492987,"Just returned from a lovely trip to NYC and Canada and it all began with a week's stay  in Susan's apartment on the Upper East side.  Couldn't ask for a better location---shops, grocery stores, subway access.  We ditto the positive feedback everyone gave and wouldn't hesitate to make a return visit.  Leave your steamer trunk at home as closet space is at a premium, but the cozy-ness more than makes up for it. And the outdoor terrace is to ""live"" for!!! Loved the environs... and  Susan is a most gracious hostess!  Polly & Fred, Sacramento, California",Rooftop Deck/City Views. Great Apt,Manhattan,Upper East Side,40.76076,-73.96156
5203,2011-03-05,176018,"Once again a great stay at the Lehman's.  Each time I stay it is warm and welcoming, comfy and clean!  Excellent!!",Cozy Clean Guest Room - Family Apt,Manhattan,Upper West Side,40.8038,-73.96751
5203,2011-03-29,306274,"From the very minute you enter the Lehmann`s apartment you feel an atmosphere of kindness,sincerity and comfort, which I find very touching.  Each family member (Mary Ellen, her husband, son and daughters) are always ready to assist you. The guest room in their Upper Manhattan apartment is exactly as it`s described by Mary Ellen, with a very comfy matress and cozy cotton blankets. <br/><br/>Thank you very much, I enjoyed my stay and already miss you!<br/><br/>Anna",Cozy Clean Guest Room - Family Apt,Manhattan,Upper West Side,40.8038,-73.96751
5203,2011-04-16,490231,I can only recommend staying with the Lehmann family!,Cozy Clean Guest Room - Family Apt,Manhattan,Upper West Side,40.8038,-73.96751
5203,2011-04-29,112089,"Mary Ellen is such a wonderful host, and every our visit to New York is accompanied by a great place to stay with clean rooms and comfortable beds, and above all, by Mary Ellen's great hospitality.  That is why we simply love staying with her and her lovely family.",Cozy Clean Guest Room - Family Apt,Manhattan,Upper West Side,40.8038,-73.96751
5203,2011-05-11,440103,"This was my first time sharing an apartment like I did.  I found it very enjoyable and felt very safe there.  I was in New York by myself and I found everything very easily.  Maryellen was an excellent hostess and her locations was great.  I was only two blocks from the Metro line #1 which took me the whole length of New York.  I got some great information on how to get somewhere from Maryellen and her husband.  Her kids where great and very respectful, which was the greatest plus since I like children.  I would do this again.",Cozy Clean Guest Room - Family Apt,Manhattan,Upper West Side,40.8038,-73.96751
5203,2011-05-12,176018,"Another great stay...although they are always too short.  I don't think anyone could ask for a better host than Mary Ellen.  ALWAYS, ALWAYS so hospitable and kind.  I travel to NYC for work regularly and am so thankful to have such a wonderful (i.e., clean, friendly, safe, warm)place to stay every time.  ",Cozy Clean Guest Room - Family Apt,Manhattan,Upper West Side,40.8038,-73.96751
5203,2011-05-20,459434,"<br/>I really enjoyed my stay with the Lehmanns. The family and kids were great. Everything was clean and comfy. The location was very convenient. The homemade granola was tasty, too. Couldn't ask for better.",Cozy Clean Guest Room - Family Apt,Manhattan,Upper West Side,40.8038,-73.96751
5203,2011-06-23,8337,"My stay with the Lehmanns was a brief one; I literally just needed a bed for the night, and I cruised in late and left relatively early the next morning.  But my experience was very, very positive--much more like stopping with an old college friend you stayed in touch with over the years than a night at a conventional hotel.  Sadly, I never actually got to meet Maryellen--our paths just didn't cross--but I did meet several other members of the family, all of them funny and brainy and welcoming.  It was a hot night, and when I came back after my night at the theater the AC was on and the room was cool.  I hadn't slept on a twin in years, but the bed was very comfortable and after a day of traveling I had no trouble falling asleep right away.  And I was provided with a couple of excellent cups of coffee in the morning (my breakfast of choice).  A great deal in a very fine part of town.",Cozy Clean Guest Room - Family Apt,Manhattan,Upper West Side,40.8038,-73.96751
5203,2011-07-02,607989,Terrific place to stay in NYC. Warm and inviting. The Lehmann's are incredibly helpful and accommodating. I highly recommend staying here!,Cozy Clean Guest Room - Family Apt,Manhattan,Upper West Side,40.8038,-73.96751
5203,2011-07-16,607989,"Gracious, warm and welcoming! My mother came to NYC to help me care for my baby for the summer and stayed with the Lehmann family. It was an ideal situation for her. She was welcomed into their home with warmth and kindness though also left to to come and go as she needed to. She has already been back and will continue to stay with them when she visits! Thank you very much!",Cozy Clean Guest Room - Family Apt,Manhattan,Upper West Side,40.8038,-73.96751
5203,2011-07-23,607989,Thank you for my mother's lovely stay! Perfect accommodation for mom's coming in from out of town!,Cozy Clean Guest Room - Family Apt,Manhattan,Upper West Side,40.8038,-73.96751
5203,2011-08-20,800195,"To stay at the Lehmann family 's home was such a nice experience. They all are really cooperative, nice, funny and interested. The room is so beautiful, so you can really feel home. I am so glad to met them. ",Cozy Clean Guest Room - Family Apt,Manhattan,Upper West Side,40.8038,-73.96751
5203,2011-08-21,912385,"Staying with Mary Ellen and family was great. It was just like spending the night over a friends place. The room was clean, and the bed was really comfortable.",Cozy Clean Guest Room - Family Apt,Manhattan,Upper West Side,40.8038,-73.96751
5203,2011-10-03,944140,"I had a perfect stay with the Lehmann family. They were so inviting and helpful, and the room was perfect (bathroom right across the hall), clean, quiet, private and the bed was really comfortable. The location is also great - a nice neighborhood, not far from central park and very close to a couple subway stops. If you're looking for an inviting place to stay when visiting NY on your own I would recommend staying here without hesitation. ",Cozy Clean Guest Room - Family Apt,Manhattan,Upper West Side,40.8038,-73.96751
5203,2011-10-04,582867,"My stay at Mary Ellen's place was short but sweet ! I felt very welcomed and she was incredibly warm ! I was provided breakfast, the bed was comfortable and clean. Oh and one great thing : the subway was very close ! I highly recommend this apartment.",Cozy Clean Guest Room - Family Apt,Manhattan,Upper West Side,40.8038,-73.96751
5203,2011-10-17,1151870,This was my first experience with airbnb and I was very happy with how it worked out.  I felt awkward at first being in the Lehmann's home but they could not have been more welcoming or gracious.  The room was exactly as advertised and the location was perfect for me - so close to Columbia.  I highly recommend this room and am looking forward to staying here again.,Cozy Clean Guest Room - Family Apt,Manhattan,Upper West Side,40.8038,-73.96751
5178,2010-10-07,83244,"I was in NYC from the 23rd Sept to the 06th Oct 2010. I had a great trip to NYC. The building is an old construction, one block away the famous and new Hearst Tower. Market open 24h one block away and more than 3 subway line 5 mins walking. The appartment is quite simple but with everything. Shun was a nice host, keeping your privacy and always helping. The appartment is 15 mins walking from 6th ave, Rockeffeler, Grand Army, Times Sq, 5 mins of Columbus Circle and Central Park ... Great ... In the heart of Midtown. Hope to come again soon.",Large Furnished Room Near B'way　,Manhattan,Midtown,40.76457,-73.98317
5178,2010-10-11,116623,"Fantastic apartment, fantastic location and fantastic Shun. I´ll go back. Un excelente trato y muy respetuoso con nuestra privacidad. Gracias Shun ",Large Furnished Room Near B'way　,Manhattan,Midtown,40.76457,-73.98317
5178,2010-10-20,156379,"It was my first experience in Airbnb and was perfect. <br/><br/>Shun was very helpful and he was in his own world so the life in the apartment was like I had my own apartment.<br/><br/>The apartment was clean, close to everything and I didn´t miss anything. It´s a good option if you don´t want luxury and you want a good place for a good price.",Large Furnished Room Near B'way　,Manhattan,Midtown,40.76457,-73.98317
5178,2010-10-26,159969,"Shun was a gracious host, the room was as advertised and very clean was in a good part of manhattan which made our trip very enjoyable, would stay with shun again",Large Furnished Room Near B'way　,Manhattan,Midtown,40.76457,-73.98317
5178,2010-11-10,125337,"<br/>Shun place is fantastic! Everything from clean towels, to toiletries was provided. <br/>Place is accessible to many prime location. No doubt it is noisy at times, but it is still a place which I would strongly recommend. <br/><br/>- maybe it will be great to have a full length mirror in the room.<br/><br/>- would also be great to have a small stool at the shoes area. <br/><br/>Still, Shun is a helpful host whom doesn't have much restriction and respects the privacy of his guest. <br/><br/>Thumbs up and highly recommended. <br/><br/>Thank you Shun. <br/><br/><br/><br/>",Large Furnished Room Near B'way　,Manhattan,Midtown,40.76457,-73.98317
5178,2010-11-24,225066,Shun is very nice and quiet.  I had a great week of staying at his place. Big individual room with all facilities.  I love to come back again in future. The only thing to improve is the cigrate smell from his room.  It's separated from the rental room but the smell can travel to the whole place.  Shun should buy a airfilter to put in his room.  It will be a better environment. ,Large Furnished Room Near B'way　,Manhattan,Midtown,40.76457,-73.98317
5178,2010-11-26,294291,"Shun was a great host!! Spent a few days before thanksgiving.  Right in the middle of Midtown West.  Close to everything!! I didn't see Shun much, the room is very private.  Would rent from again next time in NYC!",Large Furnished Room Near B'way　,Manhattan,Midtown,40.76457,-73.98317
5178,2010-12-14,182487,"Shun's appartment is in an excellent location. We had our privacy and the room was exactly as show on the photo. Very basic but clean. We probably only saw Shun 2 or 3 times during our stay. It was our first visit to New York and it would have been appreciated if Shun had at least on one occasion (perhaps upon arrival or the day after) offered some information about the area or check with us if we had any questions. We thought Shun was friendly but very reserved .Bottom line: great location, close to places of interest (we practically walked everywhere), clean but basic accommodation, however, don't expect a social, interactive host because once you've checked-in, you're on your own! Not an unpleasant experience overall.",Large Furnished Room Near B'way　,Manhattan,Midtown,40.76457,-73.98317
5178,2010-12-17,172204,"Great stay at Shun's apartment.  GREAT location, within walking distance of Times Square and a host of other attractions.  Spacious room, nicely warm despite frigid weather.  Lots of privacy, great internet connection.  Also lots of good inexpensive restaurants around.  I especially enjoyed a Cuban place around the corner with great Cuban jazz.",Large Furnished Room Near B'way　,Manhattan,Midtown,40.76457,-73.98317
5178,2010-12-19,11327,"This was our first time using airbnb and we couldn't be anymore thrilled we did. For the price and the location Shun's place was definitely worth it. We were within walking distance to everything, the subway was only 2 blocks north, along with columbus circle, central park and the time warner building. We only had to walk less than 8 mins to Radio City and rockefeller center. <br/>We had our own keys and could come and go as freely as we wanted. We had even came in really late a couple times. And we only saw Shun 2 times during the stay. <br/>We would definitely stay here again if we were to visit NY. Thanks!",Large Furnished Room Near B'way　,Manhattan,Midtown,40.76457,-73.98317
5178,2010-12-23,244211,"Shun is very kind and excellent host. The place is big and walking distance from Central Park and Times Square, we really enjoyed our time in NYC and we'll definitely recommend Shun's apartment. Thank you very much for everything!",Large Furnished Room Near B'way　,Manhattan,Midtown,40.76457,-73.98317
5178,2011-01-04,139152,"We would stay here again with Shun.  Perfect location for NYC, easy to get around on foot and subway (5min walk to closest subway).  24hr conveient store downstairs, bottle shop, pharmacy not far.  Shun was very quiet and kept to himself.  For what you pay, I couldn't ask for anything else.  Our plane was delayed because of the blizzard and didn't arrive till late at night.  He let us in and made us a coffee!  ",Large Furnished Room Near B'way　,Manhattan,Midtown,40.76457,-73.98317
5178,2011-01-06,321907,"I personally think that this apartment is a total worth of it's money. Yes, you could get an apartment which is halve it's price, but Shun keeps his place perfectly clean and provides many unexpected ammenities! Being a 3 street walk away from the Colombus Circle Subway, it's surrounding area's are brightly lit even after midnight.  ",Large Furnished Room Near B'way　,Manhattan,Midtown,40.76457,-73.98317
5178,2011-01-12,125217,"Shun's place is ideal for a short break to New York - just a 10 minute walk or less to times square and maybe 5 minutes to central park. Safe neighbourhood to walk around in at night. Room is fine, TV with a few channels and a desk there. bathroom is also fine. didnt really see that much of Shun as we were out exploring most of the time!! thanks for a plesant stay! if i come to NY again I would defo go bak there!<br/>he also seems to be very popular as others had just left as we got there and some more people were arriving as we left!!",Large Furnished Room Near B'way　,Manhattan,Midtown,40.76457,-73.98317
5586,2011-06-13,667201,"i definitely recommend Susan for a great stays in NY <br/>5 *  flat,  <br/>5 *  host<br/>5*   aera<br/><br/>as NYers  says "" Awesome"" !!!!<br/><br/>",Rooftop Deck/City Views. Great Apt,Manhattan,Upper East Side,40.76076,-73.96156
5586,2011-08-05,641269,"We had the most warm, comfortable stay in Susan's impeccably done up apartment, wanting for absolutely nothing.<br/>We really felt welcome - as if Susan was there in person - except she wasn't...only in the end did we discover that she was on a safari in east africa!! <br/>Very well located and with a terrace to boot, we would go back there again. Have to say some of the best restaurants in the neighbourhood - especially, Felice comes to mind.<br/><br/>Amabr & Vijaya.",Rooftop Deck/City Views. Great Apt,Manhattan,Upper East Side,40.76076,-73.96156
5586,2011-08-14,483327,"We loved the roof deck! Great central location, nice doormen, and laundry in building was a bonus. Susan was great to work with. We had a wonderful New York week!",Rooftop Deck/City Views. Great Apt,Manhattan,Upper East Side,40.76076,-73.96156
5586,2011-11-07,1108723,My husband and i stayed at Susan's place only for 3 days...but it was great. The apartment is very nice and clean. We would love to stay there again. THANK YOU SUSAN!,Rooftop Deck/City Views. Great Apt,Manhattan,Upper East Side,40.76076,-73.96156
5586,2011-11-26,1372478,"It was a such a great place In Susan home, she is very helpful , and her home is so charming ..I think is just perfect for passing time in New -York, a lot of restaurant , market, everything around the apartment...So Happy so great..So a very good memories !!! We will come back very soon I hope ;-)",Rooftop Deck/City Views. Great Apt,Manhattan,Upper East Side,40.76076,-73.96156
5586,2011-12-12,634026,"My husband and I had a great, 3-night stay in Susan's lovely apartment.  The bed was very comfortable, the wifi worked well, everything was clean, and we felt very much at home there.  Susan is welcoming and extremely responsive.  We would definitely recommend staying here! ",Rooftop Deck/City Views. Great Apt,Manhattan,Upper East Side,40.76076,-73.96156
5586,2011-12-19,698326,Susan was the best host that one could imagine. She was responsive to any questions that we had and provided information about local restaurants. Her home was lovely and I really felt like I was staying with a friend. So much better than a hotel! I will be back in NY at some point in the future and will definitely check to see if Susan's apartment is available before I look anywhere else. ,Rooftop Deck/City Views. Great Apt,Manhattan,Upper East Side,40.76076,-73.96156
5586,2012-03-13,1666742,The apartment was exactly as pictured and very clean. The neighborhood was very nice with many good restaurants just a block or two away. Susan was an exceptional host responding to our questions very quickly. I would recommend Susan and her apartment highly. ,Rooftop Deck/City Views. Great Apt,Manhattan,Upper East Side,40.76076,-73.96156
5586,2012-06-08,620245,"I couldn't have more wonderful things to say about Susan's home and how welcome we felt! <br/><br/>When I travel to New York, more than anything, I like to blend in and pretend for just a few days that I live there. So when my friend had to travel there for work, I decided to tag along and take a little break from LA life. This was my first time actually using airbnb and it took me a while to choose a place to actually book. I'll admit I was a bit apprehensive to rent a place site unseen. Looking for space, location and price and after looking at, and inquiring about, 50 or so listings I chose Susan's somehow without hesitation. What a perfect fit! <br/><br/>Susan made it so easy to ""check"" in and out and we felt immediately welcome upon walking in the door. She was very communicative prior to arrival and responded immediately if I had a question.<br/> <br/>The apartment itself was the perfect size (I'd even call it quite large for NYC) I am a huge fan of separation of living and sleeping space and an even bigger fan of lots of light. This place had it all, and the rooftop deck was the icing on the cake. I made it a point to have my coffee up there every morning. <br/><br/>My friend had to work near Times Square so I navigated the subway to get her there and with the short walk to the stop the entire trip took only 20 minutes. I went with her each morning and was able to run from there through central park and back to the apartment or on one morning I walked back in a short amount of time. <br/><br/>The feeling of home was exactly what I was looking for and I would stay at Susan's again anytime I am in the city for business or pleasure.  <br/>",Rooftop Deck/City Views. Great Apt,Manhattan,Upper East Side,40.76076,-73.96156
5586,2012-08-12,1917049,"We had a wonderful stay in Susan's apartment.  It was exactly as it looked in the photos, clean, comfortable and with wonderful views. The neighborhood and building felt very safe.   The location was great for sightseeing--not far from the museums,and on a great subway line that went up and down town.  If we know anyone going to NYC we would definitely recommend this apartment.",Rooftop Deck/City Views. Great Apt,Manhattan,Upper East Side,40.76076,-73.96156
5586,2012-09-03,3097249,"We recently had the opportunity to stay at Susan's apartment for 5 days.  It was exactly as we wanted and had expected, with lots of room, good views, a great neighbourhood and a wonderful host in Susan.  We loved the location. We always felt safe, it was close to Central Park, subway, and many other attractions.  We really enjoyed the apartment, it was clean, we felt very comfortable and it has a great atmosphere to relax, especially after a long day in the city.  The rooftop patio was the best!  Finally, I would like to say that Susan really helped to make our experience so positive.  She was a fantastic host, answering all our questions very promptly, providing us with any information or advice that we requested.  I would definitely stay here again! Thank you, Susan! ",Rooftop Deck/City Views. Great Apt,Manhattan,Upper East Side,40.76076,-73.96156
5586,2012-12-06,4078313,"This was a terrific location for us since our son lives three blocks away.  Not far from the subway and many shops and restaurants nearby. Among the things we took advantage of due to the location was taking the tram to Roosevelt Island for a unique view of Manhattan from the middle of the East River. <br/>It was the perfect apartment setup and beautifully furnished with lots of natural light.  Susan was very attentive by email making sure everything was to our liking and that we were comfortable.<br/>We'll definitely be back!  Thanks so much, Susan.",Rooftop Deck/City Views. Great Apt,Manhattan,Upper East Side,40.76076,-73.96156
5178,2011-01-14,203342,Though I did not stay there I give Shun 5 stars! My flight was cancelled 2 days in a row due to a major snow storm and Shun was very nice about the whole thing. He could not have been more understanding with each call. I have him saved to my favorites for my next trip I will stay with him if its available. Thanks Shun!,Large Furnished Room Near B'way　,Manhattan,Midtown,40.76457,-73.98317
5178,2011-01-16,294927,"This was an excellent place to stay! Its close to all NYC's attractions and doorstep away from the high end of Fifth Ave and Central Park. It is also very convenient to the subway.  Room as big and clean, with all the necessities you need. Highly recommended.",Large Furnished Room Near B'way　,Manhattan,Midtown,40.76457,-73.98317
5178,2011-01-30,93888,"Great location, flexible host, basic accommodation.",Large Furnished Room Near B'way　,Manhattan,Midtown,40.76457,-73.98317
5178,2011-02-04,329867,"Great location. Its a real short walk to several neighborhood resturants on 9th! Basic room, but was perfect!",Large Furnished Room Near B'way　,Manhattan,Midtown,40.76457,-73.98317
5178,2011-02-07,211891,"Shun's place was a great place to move around in the city.  It's about 15 mins by train to 34th street or Times square station.  There is couple of restaurants around the corner and pharmacy for all your immediate needs.  Shun was very flexible accomodating me as I was later than expected due to travel complications.  He waited at the apartment to receive me.  He even grabbed my bags up to the second floor. The main entrance is a small hallway that leads to the two rooms. If you a tad bit alergic to dust , you should not stay here.  Otherwise, the room is very large, with a small working fridge, microwave and lots of channels for cable.  This kitchen is a bit odd to use since it is in the host's living area and you would be separated by a glass door.  If you are there for a short stay then eating out and buying things that can be reheated would work best.  Although, Shun said that if I needed a cup or plate from the kitchen I was free to use which was nice of him.  The hosts were very quiet all weekend I really didn't see them.  Although, if I needed something I'm sure I could have asked.  I would say location-wise and room needs this was a decent place.",Large Furnished Room Near B'way　,Manhattan,Midtown,40.76457,-73.98317
5178,2011-02-26,285023,"It was a perfect location. Near Central Park, Times Square, Subway station... Everything was perfect in the room and very well furnished. I highly recommend this place. This is an address I keep in my contacts for a future travel to NYC!",Large Furnished Room Near B'way　,Manhattan,Midtown,40.76457,-73.98317
5178,2011-02-28,55455,"Stayed here from feb 25th to 27th. Was my first visit to NYC. The pictures reflect what you get. The location is amazing as you are close to Time Square, Central park, 5th avenue, metro,etc... So for what you pay it's a great place to stay... But it's not a hotel... The inside of the building is not the greatest and in an OK condition. <br/><br/>The Host was really quite, friendly and very helpful. You have a tv with a good selection of channels, wired interenet, a table, a chair and a stool. The bed is comfy.<br/><br/>I enjoyed my stay there but I would probably stay in a hotel next time. If you are looking to save money then this is the place to be. If you an afford the extra 40 dollars/night then go for a hotel room.<br/><br/>",Large Furnished Room Near B'way　,Manhattan,Midtown,40.76457,-73.98317
5178,2011-03-08,311594,"Première fois à New York et très bon séjour ! L'appartement de Shun est vraiment bien situé, à proximité de tout et la chambre est plutôt grande et confonrtable. De plus le métro est à côté donc c'est également très pratique pour aller dans les lieux à visiter qui n'étaient pas proche. Times Square et Central park à côté ! Et enfin Shun est vraiment très gentil et discret. Il était là si nous avions des questions. Encore merci à lui pour ce très bon séjour, nous recommandons cet hébergement, si nous devons retourner à New York nous choisirons encore son appartement !",Large Furnished Room Near B'way　,Manhattan,Midtown,40.76457,-73.98317
5178,2011-03-12,269438,"Previous reviews said it all so I knew what to expect when I arrived. Shun was very accommodating from initial contact to meeting up, making the whole experience hassle free. Perfect location to get around to all the sights and around restaurants/eateries not in the high tourist area. Had a great meal/marguerita at Cancun, just around the corner. The room is as described, handy to have your own fridge/kettle in the room, and great to spread out on the table/chair/shelves/wardrobe so you're not living out of your bag the whole time. Would recommend to others looking for budget accommodation without sacrificing too much.",Large Furnished Room Near B'way　,Manhattan,Midtown,40.76457,-73.98317
5178,2011-03-14,274106,"The location is amazing and Shun is a very wonderful host.  The building itself is rather old, like most buildings are in NYC, but you can't beat the price for the location and wonderful host! Thanks Shun!",Large Furnished Room Near B'way　,Manhattan,Midtown,40.76457,-73.98317
5178,2011-03-18,351895,"Hello everyone. I am from Russia. We was in Shun apartment in march with my daughter. It was wonderful. The room is clean and have everything what we need: plates, spoons, caps. The location is magnificent. We visit averything what we want.  Big thank's Shun.",Large Furnished Room Near B'way　,Manhattan,Midtown,40.76457,-73.98317
5178,2011-04-04,264875,"Great Location, with different subway lines just a couple of blocks walking north or east. Shun was a very quiet host, but that doesn't diminish the great location and accessible price of the place. He  helped me a lot lending me an Apple Express to have wireless wifi while staying there. Really safe neighborhood and got everything near (places to eat, buy food, drug store, shoe repair, Fedex, etc) just by walking. <br/><br/>This is a perfect choice for people who want to save money and be in a quite central place. <br/><br/>",Large Furnished Room Near B'way　,Manhattan,Midtown,40.76457,-73.98317
5178,2011-04-06,438558,"The location was amazing! The room was good, bed was nice, desk + internet, easy to get in and out of whenever I needed. I would recommend this room to any of my friends.",Large Furnished Room Near B'way　,Manhattan,Midtown,40.76457,-73.98317
5178,2011-04-11,327452,"shun is a great host and the place is great i walk for all manhattan, its close to times square, central park and so much more!!",Large Furnished Room Near B'way　,Manhattan,Midtown,40.76457,-73.98317
5178,2011-04-18,351554,Room is exactly as described. Very clean and location is very convenient!,Large Furnished Room Near B'way　,Manhattan,Midtown,40.76457,-73.98317
5178,2011-04-29,335908,great time. Shun welcomed me and helped with my bags. He told me all i needed to know and showed me how to use the wireless. Didnt see host much as i was in and out at all wierd times. had a great stay and would deffo return. great value fo money. Thanks Shun,Large Furnished Room Near B'way　,Manhattan,Midtown,40.76457,-73.98317
5178,2011-05-15,299564,"Our stay at this accomodation was very pleasent, as our host was. The location is absolutely great, although apartment needs some refurbishing. All in all, great experience!",Large Furnished Room Near B'way　,Manhattan,Midtown,40.76457,-73.98317
5178,2011-05-23,346210,"perfect location ! we really enjoyed our stay, feeling home ! I strongly recommend it to anyone and will come back next time in NYC? ",Large Furnished Room Near B'way　,Manhattan,Midtown,40.76457,-73.98317
5178,2011-06-01,359864,"We had a nice stay at shun. Location/price are fantastic, nearby columbis circle. Close to a lot of metro stations. The room is good, nothing special. We didn't see Shun very often, only when we arrived. We liked it that way so it was perfect for us. If you want to stay in a clean, central place, with privacy then this is the place to stay.",Large Furnished Room Near B'way　,Manhattan,Midtown,40.76457,-73.98317
5178,2011-06-09,415158,"I stayed here 5 days in June 2011.<br/>I had a nice stay at Shun's place and i really enjoyed my stay in NYC.<br/><br/>The location is really great, near Columbus Circle with a lot of subway lines. It's a very convenient  and central place.<br/>The apartment is close to Broadway, Times Square (in a walking distance) etc.  <br/><br/>The room is as described. There is an air conditioner in the room, which is very useful in summer.<br/>The bathroom and the room are quite clean but the apartment and the inside of the building should be refurbished.<br/>Also, as the apartment is very close to 8th Ave., they is some traffic noise. <br/><br/>I only saw Shun once when I arrived. He was very quiet and respected my privacy. <br/><br/>For the price, i really think it's a great deal.<br/>Thanks Shun !<br/>",Large Furnished Room Near B'way　,Manhattan,Midtown,40.76457,-73.98317
5178,2011-06-15,690433,This rental made our trip to New York a breeze! Shun was extremely accommodating for our late arrival and the room offered privacy and comfort at a great price! We will definitely be booking with Shun in the future!,Large Furnished Room Near B'way　,Manhattan,Midtown,40.76457,-73.98317
5178,2011-06-29,276674,"2 fantastic weeks passed in NYC at Shun.<br/>The flat is exactly as described; 3 minutes walking to the closest subway station, in a safe and great zone. <br/>Wifi, microwave, tv and A/C always available inside the room and no problem sharing the bathroom.<br/>Shun waited me when I arrived late night, helping me with the luggage. He has been a very reseved host. <br/>A perfect experience that I will enjoy again if i go back to NYC.<br/>Thanks Shun",Large Furnished Room Near B'way　,Manhattan,Midtown,40.76457,-73.98317
5178,2011-07-03,472204,"central location, very spacious and comfortable. shun is very helpful, especially with working out the internet connection and our very heavy luggage. thanks so much shun! ",Large Furnished Room Near B'way　,Manhattan,Midtown,40.76457,-73.98317
5178,2011-07-07,475651,"The location of this appartment is very good to visit the city. Close to the subway and in walking distance of many points of interests.<br/>Though, the room is not so clean and cosy as it looks like on the pictures. The host was friendly to let us in, but we didin't see him the rest of our stay (4 nights). If you want to be left alone during your stay, this is a good alternative. ",Large Furnished Room Near B'way　,Manhattan,Midtown,40.76457,-73.98317
5178,2011-07-28,344711,"If you like to have privacy, that's definitely your place. You won't feeled interrogated, small-chatted o wathever. <br/><br/>Really spacious und good located, next to Columbus Circle. ",Large Furnished Room Near B'way　,Manhattan,Midtown,40.76457,-73.98317
5178,2011-08-07,414931,"Good value for money, excellent location for Broadway-lovers, kind host.",Large Furnished Room Near B'way　,Manhattan,Midtown,40.76457,-73.98317
5178,2011-08-18,577487,Great place to stay prime location.  Host was great very helpful when I couldn't get the internet working so he lent me his.  I highly recommend this place.  It is literally minutes from Central Park and a few blocks from Times Square and 5 minute walk to 2 different Subways it is great the room is large plenty of space.,Large Furnished Room Near B'way　,Manhattan,Midtown,40.76457,-73.98317
5178,2011-08-26,340937,"Amazing apartment position, room ok, maybe too small for 2 people.",Large Furnished Room Near B'way　,Manhattan,Midtown,40.76457,-73.98317
5178,2011-09-08,404983,The host canceled my reservation 6 days before arrival.,Large Furnished Room Near B'way　,Manhattan,Midtown,40.76457,-73.98317
5178,2011-09-15,534944,"eu recomendo a todos. ocorreu tudo bem, não tenho nada a reclamar.  ",Large Furnished Room Near B'way　,Manhattan,Midtown,40.76457,-73.98317
5178,2011-09-17,1151705,"Great Location, with different subway lines just a couple of blocks walking north or east. Shun was a very quiet host, but that doesn't diminish the great location and accessible price of the place. Really safe neighborhood and got everything near (places to eat, buy food, drug store, shoe repair, Fedex, etc) just by walking. This is a perfect choice for people who want to save money and be in a quite central place.<br/><br/>",Large Furnished Room Near B'way　,Manhattan,Midtown,40.76457,-73.98317
5178,2011-09-30,801350,"Shun was a great host! Both my partner and I stayed at his place and we were both very pleased with his kindness and generosity. We were also glad to have privacy. There were a few evening we got to say hello and peak our head into his living room to greet his cat. Otherwise, we mostly communicated when we arrived and departed. <br/>The apartment was clean, especially our room! On top of the cleanliness, his place is in a great location. It could not have been better. There were little grocery stores, places to eat, wonderful galleries, and central park all located in a close vicinity to his place! <br/>We definitely recommend staying with Shun! <br/>",Large Furnished Room Near B'way　,Manhattan,Midtown,40.76457,-73.98317
5178,2011-10-13,637612,"Situacion estupenda, el anfitrion fue amable aunque solo lo vimos el dia de llegada y el de salida. Por otro lado tanto la limpieza, mobiliario e intalaciones de la casa tercermundistas totalmente. El baño y la habitacion estaba super sucio y durante los 12 dias de estancia ni tan siquiera se nos ofrecio un cambio de toallas o sabanas.<br/>La valoracion entre precio y servicio es como para otro viaje plantearse no utilizar esta pagina",Large Furnished Room Near B'way　,Manhattan,Midtown,40.76457,-73.98317
5178,2011-10-16,981049,"This place was really central, just 5-1minute walk to time square which was great. The place was less clean then expected, but the room was reasonably spacious with it's own fridge, cutlery & table. Shun was quite a private guy, we didn't see him much. Overall reasonable for the price, thanks Shun.",Large Furnished Room Near B'way　,Manhattan,Midtown,40.76457,-73.98317
5178,2011-10-19,521606,"Shun is so kind, the room is big (he kindly put an extra mattress for a third person) and is really comfortable. The bathroom was always clean and available and he offers everything you can need. The location is the best, you are close to everything, just two blocks of the nearest subway and in the area are plenty of delis so you can eat cheap and on the go. Only one thing, try to visit NY without many lugage, because travelling on the subway, streets or taking luggage trough the stairs, is not so nice if you have big pieces. <br/>I definitely recommend Shun if you are lucky enough to find availability in his appartment.<br/><br/>",Large Furnished Room Near B'way　,Manhattan,Midtown,40.76457,-73.98317
5178,2011-11-02,1200517,"I can't really complain.  It was great considering the price and area.  The area was very convenient and perfect for me.    Shun was rarely ever home, but very nice.  He let me store my luggage for about 4 hours after check out because I didn't want to lug it around.  I would stay here again for sure.",Large Furnished Room Near B'way　,Manhattan,Midtown,40.76457,-73.98317
5178,2011-11-07,744809,"Having booked the first time with airbnb we were happy that our host and room was as described earlier. Shun is a friendly guy who still was preparing our room when we arrived an hour  early as announced. The room was large enough for two, has fridge and sat TV. Shun provided WIfi and wired internet access. The clean room itself is located near a subway which makes going with metro very easy. We have been a lot around in manhattan and enjoyed our stay for sleep and a shower at Shun. Near to this room we suggest a visit at Carnegie Deli for breakfast. Thanx Shun for beeing our host.",Large Furnished Room Near B'way　,Manhattan,Midtown,40.76457,-73.98317
5178,2011-11-24,721906,"We we're about 2 hours late because of traffic and when we arrive Shun was very helpfull, he help with carring up our bags, he helped up with the closest subway. The room is spacious enough for 2 people, we enjoyed our stay alot!! We definaitly recommend this apartment to anyone that wants to stay at a good price, and be close to everything.",Large Furnished Room Near B'way　,Manhattan,Midtown,40.76457,-73.98317
5178,2011-12-13,870987,"Fantastic location! Shun was very accommodating with arrival times and showed us around the apartment when we arrived. Room is quite large, well heated, and has great amenities (fridge, microwave, kettle). Most of the time we did not even see the hosts, as they kept to themselves or were at work. Only problem we had was getting the shower to stay at a decent temperature as it tended to be too hot or cold. Otherwise was a great experience, would definitely recommend!  ",Large Furnished Room Near B'way　,Manhattan,Midtown,40.76457,-73.98317
5178,2011-12-21,882170,"Great location, walking distance to Columbus Circle, Central Park and Times Square. Subway is just one block away. If you're a tourist and doing things til late night, you can easily go back to the room. <br/>There's also plenty of 24hr food in the neighborhood. <br/>The internet is fast & reliable.<br/>The plumbing is old, so getting the water to stay at the temperature you want can be a bit tricky. But it's a minor issue. ",Large Furnished Room Near B'way　,Manhattan,Midtown,40.76457,-73.98317
5178,2012-01-06,691172,"The bedroom is all that someone could ask to explore the best highlights of Times Square and surroundings and is very close to the subway, providing access to the whole metropolitan area. It is very simple, but has everything one need to a good staying. Shunichi is concerned in providing a good accomodation and was available when requested. ",Large Furnished Room Near B'way　,Manhattan,Midtown,40.76457,-73.98317
5178,2012-01-09,1456486,"My sister and I stayed in Shun's apt for 4 nights.  The room is indeed located in a prime location - super convenient for any tourist needs and close to Times Square.  Also located very close to a metro stop so getting around is very simple.  <br/><br/>The room itself was nice and plain.  It is also adequately warm.  There was a microwave, fridge, closet space, desk and even an extra heater.  The bed and pillows were a little hard -- but spacious.  The traffic outside can get a little loud.  Like previous reviews, the hot water in the shower is a bit tricky, but I didn't have too much trouble figuring out how to get it to work.<br/><br/>Shun is pretty private but is always ready to assist and help accomodate any needs/requests.  We were usually gone all day so there was minimal interaction with the host.  <br/><br/>The overal experience was very positive and if I ever need lodgings in Manhattan again, I would definitely see if Shun's place is up for grabs.  The only real criticism I have is that I didn't find the bed/pillows very comfortable (My sister said she liked firmer beds, so it's just a preference).  ",Large Furnished Room Near B'way　,Manhattan,Midtown,40.76457,-73.98317
5178,2012-01-20,1430948,"Because I was in NYC in January specifically to see a number of shows (8!) and visit MOMA, the Guggenheim and the new World Trade Center memorial, staying at Shunichi's was perfect for me.  The room was warm and comfortable.  The small refrigerator and microwave were extremely helpful in keeping expenses down.  (Shun offers access to his kitchen off the main living room but I never used it, except to wash a few dishes.)  There is a TV, and the bed is large and cozy.  The bathroom is nice, and the shower is very good.  One irony is that, after an initial meeting with Shun during which he gave me a friendly orientation to the room and the apartment, I only caught brief glimpses of him for the next 9 days.  He was off to work by 8:00 a.m. and came home usually late so I had almost no contact with him!  For someone like me, seeking a warm abode while spending most days and many evenings out and about in Manhattan and Brooklyn, it was an extremely economical way to visit NYC and stay in a very central location.             ",Large Furnished Room Near B'way　,Manhattan,Midtown,40.76457,-73.98317
5203,2011-12-15,176018,I can't say enough about how wonderful it is to stay with the Lehman's.  I stay with them about once a month and it is such a pleasure to have so lovely a place to stay.,Cozy Clean Guest Room - Family Apt,Manhattan,Upper West Side,40.8038,-73.96751
5203,2012-01-20,896929,"Although I was arriving 3 hours later than scheduled ( plane delay) Maryellen kindly welcomed me to her lovely home, showed me the room and handed me a key. There is a very friendly door man who helped getting the suitcase from the taxi into the elevator. The bed is comfy, the robe clean and cuddely and the coffee next morning was excellent. It was a special joy to meet some of Marellen's children and see them work on school assignments or hear them play the piano.<br/>I went on a long morning walk in Riverside Park, which is just 5 minutes by foot from the house and later used the subway station 110/Broadway (just 2 short blocks). I felt very safe in the neighborhood.<br/>Since my plane left late the following day I was allowed to leave my suitcase for later pick-up. I would gladly come back and stay with Maryellen's family again on my next visit to NY.  ",Cozy Clean Guest Room - Family Apt,Manhattan,Upper West Side,40.8038,-73.96751
5203,2012-02-02,1544337,The host canceled my reservation 92 days before arrival.,Cozy Clean Guest Room - Family Apt,Manhattan,Upper West Side,40.8038,-73.96751
5203,2012-02-05,1542894,"I absolutely loved staying with the Lehmanns! They were helpful, friendly and just overall fantastic people. I loved feeling like I was part of a family during my first ever trip to NYC - and especially loved all the tips they gave me about New York through the eyes of true native New Yorkers. The apartement was fantastic! Very clean and spacious. Also, as many before me mentioned - the homemade granola was incredible :) I'm happy to say that I not only had a successful first airbnb trip to New York, but also made friends with the Lehmanns while I was there. I'll see you again soon! :)",Cozy Clean Guest Room - Family Apt,Manhattan,Upper West Side,40.8038,-73.96751
5203,2012-02-09,176018,A wonderful place to stay!  The home-made granola is the best!,Cozy Clean Guest Room - Family Apt,Manhattan,Upper West Side,40.8038,-73.96751
5203,2012-05-24,176018,"Another awesome stay with the Lehman's.  Highly recommend them!  Friendly, warm and welcoming....can't imagine there is a better host out there!",Cozy Clean Guest Room - Family Apt,Manhattan,Upper West Side,40.8038,-73.96751
5203,2012-06-09,2287472,"A perfect airbnb experience! MaryEllen and her family are kind, sweet, and friendly. The room is perfect, fairly quiet, and a small step across the hall to the bathroom which, despite four kids in the house, was available every time I had need.<br/><br/>The neighborhood is fun and interesting (with a hidden easter egg for Seinfeld fans. !! Don't miss it, around 113th and Broadway). The subway is a couple of short blocks away, so getting anywhere from there is quick and easy.<br/><br/>I'm looking forward to staying here again.",Cozy Clean Guest Room - Family Apt,Manhattan,Upper West Side,40.8038,-73.96751
5203,2012-06-13,2379285,"MarryEllen and Mike have a wonderful family.  They opened up their home and staying there is like having a team of hosts in a warm atmosphere.  The children are hospitable, attentive and smart!  If something is needed there is always someone around to help, yet their home has the ambience of everyone quietly carrying on their business. The location is convenient for walking and public transportation and there is a wonderful fresh and healthy market just two blocks away.",Cozy Clean Guest Room - Family Apt,Manhattan,Upper West Side,40.8038,-73.96751
5203,2012-06-19,230210,"I had a wonderful stay at Mary Ellen’s place. The family is nice, I felt welcomed and the apartment is well located in New York if you want to visit any place in Manhattan.",Cozy Clean Guest Room - Family Apt,Manhattan,Upper West Side,40.8038,-73.96751
5203,2012-06-23,2362358,"I had a great experience and really appreciated the attentiveness and friendliness of Mary Ellen and her family.  I was well taken care of and would definitely return again!<br/>",Cozy Clean Guest Room - Family Apt,Manhattan,Upper West Side,40.8038,-73.96751
5203,2012-07-04,2596182,"I had a great time staying with the Lehmann family! Even though I was out in the city most of the time it was nice to have a chat in the morning (lovely home made granola by the way!). Excellent bed in a safe family apartment, close to subway and in a convenient location (very nice part of Manhattan, though less busy than crowded midtown for example). Would warmly recommend staying here.",Cozy Clean Guest Room - Family Apt,Manhattan,Upper West Side,40.8038,-73.96751
5203,2012-07-09,1325946,I really liked staying with MaryEllen and her very nice family. They were helpful and friendly but easy-going. The apartment is neat and clean and I felt very save in the neighborhood. Any location in Manhatten can be reached easily. There were a fan and air-condition in the room and the bed was indeed very comfortable. I would definitely come back!,Cozy Clean Guest Room - Family Apt,Manhattan,Upper West Side,40.8038,-73.96751
5203,2012-07-12,2384884,"Mary Ellen is a godsend.  I got food poisoning during my stay, and she took wonderful care of me.  I can't get over what a kind hostess she is.  Believe it or not, I couldn't have been any more comfortable in my own house.  Thank you Mary Ellen!  I hope next time my stay is far less eventful for you!",Cozy Clean Guest Room - Family Apt,Manhattan,Upper West Side,40.8038,-73.96751
5203,2012-10-09,3202418,"I had the most wonderful time staying with the Lehman family. The room was cosy, the kids were great, and the apartment was easy to get to. I loved where I was staying in NYC and it was made possible by Mary Ellen. I was traveling on my ow be the girls Rachel and Sarah Grace were happy to converse with me whenever I was in the house. <br/>I really loved my stay in New York and I was made to feel kind of like part of the family and kind of like a New Yorker too. 10/10 would definitely stay there again!",Cozy Clean Guest Room - Family Apt,Manhattan,Upper West Side,40.8038,-73.96751
5203,2012-10-16,3721864,"This was my first airbnb experience. Had a 2 nights stay and it was great! Everything's as per advertised. It was an easy, comfortable experience. I was travelling alone, so safety was the most important consideration I had. I had no problems returning to the apartment alone at night around 10+pm via subway. The subway exit was next to a 24 hours grocery store, so even at night, there are people walking around and the path was brightly lighted. The building entrance has a nice, helpful doorman in the evenings and was brightly lighted, with working elevator. The room was private and cosy. Empty apartments just feel haunted to me.. so I really liked that the apartment has a lived-in family ambience (but not noisy, I could do work on my laptop in the room without any disturbance). Rachel (one of the daughters), MaryEllen and Mike were really nice, friendly and helpful, the rest of the children were cheerful and friendly too. Rachel and Mike were very good with directions, even providing detailed instructions with hand-drawn maps! Room and bathroom were clean and neat. If you choose to stay at MaryEllen's place, I'll suggest to take supershuttle service for airport transfers - from JFK was about USD 25 and to LGA was about USD 20.",Cozy Clean Guest Room - Family Apt,Manhattan,Upper West Side,40.8038,-73.96751
5203,2012-11-07,3109628,"I had a great stay and Mary Ellen and her family were lovely - especially after I had to make some changes due to storm Sandy, everything worked out well in the end :)",Cozy Clean Guest Room - Family Apt,Manhattan,Upper West Side,40.8038,-73.96751
5203,2012-11-15,79276,"I have just stayed her place while 5 days. I actually had been living in this aria while long before moved to back to Japan. That is why This aria was perfect for me. It is very safe and convenience like just 20 minutes to get to Times Square. There are many good places to eat. Also, there some nice night places like Jazz live house or fancy bars. The room was very comfy. And it was completely private room. I enjoyed stayed her place and the neighborhood. Due to Sandy hurricane happened in NYC, I actually had to changed so many times my schedule. She was very flexible and helpful for it. Thank you Marry Ellen! I am defiantly coming back to in future! I am strongly suggest her place for your vacation!!",Cozy Clean Guest Room - Family Apt,Manhattan,Upper West Side,40.8038,-73.96751
5203,2012-12-05,3971266,"What a wonderful experience!  This family is terrific.  Being from a large family myself, having the parents and children around was a real treat.  In addition of having my own room, the kitchen was available for me to use and the bathroom was pretty much mine, too.  The true surprise was listening to the children play piano each evening - they are really good!  Next time I'm in New York, I will definitely hook up with Mary Ellen and her family.",Cozy Clean Guest Room - Family Apt,Manhattan,Upper West Side,40.8038,-73.96751
5203,2012-12-17,4166070,"NY was a little overwhelming at first and MaryEllen's apartment was exactly the place I needed to recoup. The room is cozy, the shower is hot and the neighborhood is safe. I was even able to score some delicious homemade raviolis on their pasta night! Couldn't have asked for a better host family. Thanks!",Cozy Clean Guest Room - Family Apt,Manhattan,Upper West Side,40.8038,-73.96751
5203,2012-12-19,593077,"MaryEllen was a fantastic host!  She was so flexible with me, and even accepted  a date that she did not list as available because it worked for my schedule.  So helpful!  Also the apartment is in a great neighborhood, 2 blocks from the subway.  Very safe area and doorman in the evenings.   The room was exactly as described, the bed and linens were very comfortable.  While I didn't have too much interaction with all of the family, the interaction I did have, they were kind and helpful and so polite!  I would absolutely stay here again!",Cozy Clean Guest Room - Family Apt,Manhattan,Upper West Side,40.8038,-73.96751
5203,2013-02-22,2384884,"I love staying here.  It's convenient, comfy, and I feel right at home.  The bed and sheets are perfect, the terry cloth robe is very cozy, and breakfast is delicious.  Mary Ellen and her family are wonderful!  Thanks for everything.",Cozy Clean Guest Room - Family Apt,Manhattan,Upper West Side,40.8038,-73.96751
5203,2013-03-25,4519848,"After deciding that I was going to relocate from New Zealand to New York, I was hit with the task of finding safe, clean, and affordable accommodation in an incredibly overpriced city.  Finding MaryEllen's apartment was the best thing I could have done - the location was great, less than a 1 minute walk to a major subway line, safe, well-lit, very clean area.  MaryEllen's building also has an elevator which is such a lifesaver after all those steps you take getting around the city!  MaryEllen and her family are also so generous with their time in assisting you with advice on how to get to the places you need to be.  This was my first AirBnB experience, and it couldn't have been better!",Cozy Clean Guest Room - Family Apt,Manhattan,Upper West Side,40.8038,-73.96751
5203,2013-04-05,1966311,"I enjoyed my stay. The room was as depicted in the picture. The bathroom was just across the room, no clutter, clean. Providing a fluffy white robe was  very thoughtful and added to the cozy feel. MarryEllen and her family were delightful, I only feel sorry I was so busy that I did not have more time to chitchat a lit bit more. Additionally, the location of the apartment is great, just off Broadway, close to subway and restaurants. Very safe. Perfect for anyone visiting NYC. Thanks MaryEllen. ",Cozy Clean Guest Room - Family Apt,Manhattan,Upper West Side,40.8038,-73.96751
5203,2013-04-14,3997059,"A perfect place for this solo traveler...great west side location, a comfy room, gracious accommodating hosts...and the background bustle of their lively family.  ",Cozy Clean Guest Room - Family Apt,Manhattan,Upper West Side,40.8038,-73.96751
5203,2013-05-05,4211636,"This is perfect for someone who wants a homey, comfortable and personable place to stay. I was warmly welcomed by Mary Ellen when I arrived, and had opportunities for nice conversations with other family members during the course of my stay. I had plenty of privacy and could come and go on my own schedule - no pressure to socialize. The room was comfortable; the location is incredible: just two blocks from Central Park and between Amsterdam and Broadway, so it's close to plenty of restaurants, coffee shops and markets, as well as very close to public transportation lines. And where else could I hear piano music as I got ready for my day!",Cozy Clean Guest Room - Family Apt,Manhattan,Upper West Side,40.8038,-73.96751
5203,2013-05-13,5088903,"I really enjoyed my stay at Mary-Ellen's.  In fact, I felt extremely 'at home' there.  She and her family were so welcoming and I had several fun chats with their eldest daughter who was also very helpful.  My early arrival was accommodated, I was free to come and go as I pleased and the home-made granola with fruit and yoghurt at breakfast was delish.  Mary-Ellen even gave me some to go home with, along with the recipe, which I just made for the first time back in Paris.  Thanks Mary-Ellen & co!  :-)  A bientôt...",Cozy Clean Guest Room - Family Apt,Manhattan,Upper West Side,40.8038,-73.96751
5203,2013-05-21,1130261,"This was my first time using airbnb and everything went good since booking the room and effectively staying.<br/>MaryEllen and her family were wonderful hosts.<br/>The room and bathroom were exactly as pictures, very confortable bed!!!<br/>Certainly I""ll be back to the house <br/>Thank you MaryEllen for all the help during my stay, you were amazing!,<br/>Hope see you soon! ",Cozy Clean Guest Room - Family Apt,Manhattan,Upper West Side,40.8038,-73.96751
5203,2013-06-19,492482,"Very nice! I enjoyed MaryEllen's apartment,  the accommodation too was very nice! Thank you so much, all of you, it's been great! Bye!",Cozy Clean Guest Room - Family Apt,Manhattan,Upper West Side,40.8038,-73.96751
5203,2013-07-02,79276,"The apartment was 2 subways stops nearby. It is just 20 minutes to get to TSQ. There is doorman. Beautiful the Cathedral of St. John the Divine 5 blocks away...Also my favorite place is Colombia university is also close. The campus is beautiful. Great Mexican, Cuban, Hamburger, cafe places are just close to the apartment. Safe neighborhood and nice host and cozy room. Everything was parfect!! I really want to back to their place again!! Thank you!!!",Cozy Clean Guest Room - Family Apt,Manhattan,Upper West Side,40.8038,-73.96751
5203,2013-07-14,79276,I loooove Lehmann family. This place is very confirmable for me. The room is perfect size for 1 parson. It’s a perfect cozy room with High sealing. This is second time I came back to this place. The reason is very simple. I just like this family and place is comfortable and safe. I just want to say thank you for always welcoming me!!!,Cozy Clean Guest Room - Family Apt,Manhattan,Upper West Side,40.8038,-73.96751
5203,2013-07-19,5166627,MaryEllen was not home when I arrived in the middle of the day but her daughter took care of me and she was really helpful! I met MaryEllen later that day and she was really welcoming. The place was nice and clean. I would recommend this place to all and would stay there again!,Cozy Clean Guest Room - Family Apt,Manhattan,Upper West Side,40.8038,-73.96751
5203,2013-07-28,6809030,"Staying with MaryEllen and her family was fantastic! This was my first experience with Airbnb and I absolutely loved my time with them.  The room was clean and very inviting, the bed is honestly the most comfortable I have ever slept in, and even though another family came to stay in the other room during my stay, I never had to wait for the bathroom.  I felt totally comfortable coming and going as I pleased, and MaryEllen left croissants and Nutella for me for when I woke up since I like to sleep in on vacation. I loved hanging out with the family, and I got along well with all of the children-- such a sweet family! The shower was nice and tall, which was great for someone who is 6'4"" (the twin bed was a little short for me but that was my only complaint-- the footboard was low enough for me to put my feet over). The oldest daughter was very helpful when I arrived and drew me a map of the area and gave me recommendations for places to eat, and the whole family was very willing to answer the questions I had, and since I was fighting allergies, they let me have their Throat Coat tea with extra honey :) I would absolutely stay here again, any time! ",Cozy Clean Guest Room - Family Apt,Manhattan,Upper West Side,40.8038,-73.96751
5203,2014-01-02,10895107,"I stayed here for New Years Eve and it was a much better alternative to spending $$ in a hotel! The subway was only a couple blocks away and I felt very safe walking to and from the subway. The entire family was very nice and welcoming! Mary and her oldest daughter were very helpful. Her oldest daughter took me to and showed me how to navigate the metro, gave some ideas on what to do on NYE and how to get there, and put out breakfast in the morning. The house was clean and quiet, and Mary had made soup so it smelt delicious as soon as I walked in! I felt like I had a lot of privacy and slept well on the bed - and I'm a pretty picky sleeper. I would definitely stay there again!",Cozy Clean Guest Room - Family Apt,Manhattan,Upper West Side,40.8038,-73.96751
5203,2014-05-29,15157219,"Over 150 good reviews-they know what they do, right?! I see why now.<br/>I was looking for most importantly safe and convenient relatively subway place. It was a perfect match! <br/>I felt very home, relaxed and welcomed. I stayed in smaller room but honestly-it was totally enough space for my needs. Super comfortable bed, fan was chilling room perfectly or hot May nights (there is even optional AC if its too hot), I had closet and shelves for all my stuff, small table. Shower might  shared with another guest if someone is staying in bigger room, but it's clean and nice.<br/>Very kind family members did leave granola breakfast and coffee every morning. They were so generous to help with advice, some medicine for my non-wellness and even made a lil card at breakfast table at my birthday.At the same time I never felt bothered and had as much privacy, rest and comfort as I needed.<br/>Subway is literally 3 min walk; it's 15 min to midtown and 30min to downtown-it's amazingly convenient, there is no way you will be late or confused! In the area there are multiple groceries stores, places to eat. It also safe. When I move to NYC next year I will be looking for a place in same neighborhood. <br/>I will def recommend this place to all my friends-visitors of NYC. <br/><br/>Thank you dear family!!!<br/>",Cozy Clean Guest Room - Family Apt,Manhattan,Upper West Side,40.8038,-73.96751
5203,2014-06-05,12845368,Had a very enjoyable time here. Felt like I was very well taken cared of. Mary Ellen and her family were very gracious hosts. The location was great - very safe and near the subway. Really appreciate the breakfast that was put out every morning too! It just made the whole experience that much more sweeter. Would definitely stay here again :),Cozy Clean Guest Room - Family Apt,Manhattan,Upper West Side,40.8038,-73.96751
5203,2014-06-17,15884889,"This is my first time to visit New York and i feel so lucky to stay in Mary's apartment. The location is prefect convenient where takes 5 mins to Metro as well as near by west Central Park and Columbia University. The guest room is very cozy and clean that i feel like ""at home"". Mary's family is very nice and welcome to me! Besides, Mary is a good talent for cooking and i enjoyed the breakfast time with her adorable daughters Richel and Abbey. :)  Thanks Mary again and I would like to recommend to everyone who seeks for a homey, comfortable and personable place to stay. ",Cozy Clean Guest Room - Family Apt,Manhattan,Upper West Side,40.8038,-73.96751
5203,2014-06-19,16355944,"MaryEllen was a great host, very friendly and helpful. The apartment is located in a nice area on the upper west side, just a few mintues walk from the metro or less than $20  cab ride from Time Square. <br/>She left a light breakfast in the kitchen for me in the morning. The bathroom is shared with the other guests, if any, otherwise it is all yours.  I will definitely recommend her for your visit to NYC. Lovely stay in a truly lovely american family.<br/>",Cozy Clean Guest Room - Family Apt,Manhattan,Upper West Side,40.8038,-73.96751
5203,2014-06-25,15875596,"I am happy to report that all the information provided by Mary Ellen is completely accurate. I agree with the other positive reviews posted here. I will add that the neighborhood is very convenient and close to everything I needed (bank, buses, subway, Rite Aid, Starbucks, etc.). It is also very close to the Cathedral of St. John the Divine and to the coffee shop featured on Seinfeld. I would stay here again for sure. I had no troubles whatsoever and I was very comfortable. I will miss Mary Ellen's homemade granola! Thank you, Lehman family!",Cozy Clean Guest Room - Family Apt,Manhattan,Upper West Side,40.8038,-73.96751
5203,2014-06-27,7575663,"My stay in NYC wars certainly improved because I stayed with MaryEllen and her family. When I arrived Mary Ellen greeted me outside here door and made me feel very welcome. The room and bathroom were neat and clean, the mattress was just right. The air conditioner kept the room very comfortable and provided a noise screen too. Great neighborhood! I felt very comfortable walking by myself at night. I will definitely contact Mary Ellen for lodging my next time in NYC.",Cozy Clean Guest Room - Family Apt,Manhattan,Upper West Side,40.8038,-73.96751
5203,2014-07-22,15937647,"I head a great stay in this cosy little room for my first trip in New York.  The appartment is perfectly well located, 3 minutes walk to the subway, I felt perfectly safe even at late hours. 3 blocks from Central Park. The room in itself is very clean and tidy, with plenty of space to fit your things in. Very clean bathroom as well, you share it with other guests if any. Breakfast ready early in the morning with some nice suprises every now and then (home-made blueberry muffins unforgettable !). Mary Ellen and her daughter provided me with useful advice and were always willing to help. I would definitely come here again.",Cozy Clean Guest Room - Family Apt,Manhattan,Upper West Side,40.8038,-73.96751
5203,2014-07-31,15598968,"My living room was confortable and nice. The room is small but it has everything you need and the bed is fantastic! The bath you can use is right in front of the room and it is only for the host. The house is located very well, next to the subay and you can reach the main places very simply. All the family is friendly and respectful of your privacy. Thanks MaryEllen, to you and all your family! Bye! ",Cozy Clean Guest Room - Family Apt,Manhattan,Upper West Side,40.8038,-73.96751
5203,2014-08-08,18766209,Mary is very nice. She gave me the big bedroom and provided delicious breakfast for me. Big thanks!,Cozy Clean Guest Room - Family Apt,Manhattan,Upper West Side,40.8038,-73.96751
5203,2014-09-18,14169079,"I was moved into the big double room - and it was wonderful. The apartment is conveniently located near the subway, and near shops and a Starbucks. MaryEllen and her family were very welcoming - she provided homemade granola for breakfast and even made me decaf coffee when I requested it. The bed was comfortable and the room was nice and quiet, the bathroom was very nice. The only downside is that the wifi didn't always reach to the back rooms which made it hard to facetime my family at home. Great stay over all though.",Cozy Clean Guest Room - Family Apt,Manhattan,Upper West Side,40.8038,-73.96751
5586,2013-01-02,4479839,Just spent 4 nights at Susan's. Her place is truly unique and I recommend it. Susan is a terrific host. She pays attention to every detail.. resulting in a very smooth experience. Location is great to take advantage of the (upper) east side of the city. ,Rooftop Deck/City Views. Great Apt,Manhattan,Upper East Side,40.76076,-73.96156
5586,2013-03-28,5455793,"Two of us visiting NYC during the spring break stayed at Susan's warm and functional loft for quite a few nights in late March. The room is cozy inside a typical Manhattan apartment building with lots of New Yorkers and helpful doorman, perfect for international travelers. We cooked, stretched our legs and took naps watching the snow flakes in early spring outside the living's window. Susan left us some utilities in the washroom to our comfort, and the bed and sofa bed are both comfortable after a day of walking.<br/><br/>Susan almost emailed each night to ask how things were going. In particular during one night, we experienced a slowdown of speed with the Wi-Fi in the house, and Susan soon called up the service provider and upgraded the router the next night. If there were SIX STARS, that would have been our rating for Susan.<br/><br/>Last but not the least, less than ten minutes of walk to the 59th St Metro, and every friend in NY tells us it's a perfect location near the Upper East Side.<br/><br/>Love New York. Thanks, Susan.<br/><br/>XH, XM<br/>April 12, 2013",Rooftop Deck/City Views. Great Apt,Manhattan,Upper East Side,40.76076,-73.96156
5586,2013-09-30,5343787,We had a wondeful time staying with Susan. She prepared everything so that our stay would be as pleasant as possible. Her apartment size and layout was perfect - loved the rooftop. The neighborhood has lots of great restaurants & supermarkts near by and is located in walking distance to Central Park - making us feel like a local. I would definitely stay in Susan's apartment again and can only recommend her as a host. ,Rooftop Deck/City Views. Great Apt,Manhattan,Upper East Side,40.76076,-73.96156
5586,2016-07-26,33228363,"I spent a long time researching AirBnB flats to rent in NYC before I saw this one - I booked it straight away and wasn't disappointed!<br/><br/>Susan was very organised with keys/arrival information etc.  The flat is just lovely - warm and welcoming.  The rooftop terrace is such a bonus - if you're tired from touring you can sit with a glass of wine and chill.  There are great views from both the lounge and the rooftop. <br/><br/>I did like the neighbourhood (being the upper East Side it felt safe for a first time visitor to NYC).  We were close to everything but not right in the centre so it wasn't too noisy.  <br/><br/>We had a great week and the flat definitely added to that.  Thanks Susan!<br/>",Rooftop Deck/City Views. Great Apt,Manhattan,Upper East Side,40.76076,-73.96156
5586,2016-12-30,30719950,"This was our first time using airbnb and the experience couldn't have been better!   When we arrived at Susan's we found a nice note welcoming us to the space, a sheet with helpful information about the apartment, and some great guide books and recommendations to get us started on our adventure.  The apartment is as cute in person as it is in the photos!  We felt at home as soon as we walked into the space.  Even in December we were able to use the rooftop deck and enjoy the views and sounds of the city as we enjoyed a glass of wine.   <br/> <br/>This apartment is in a great location for exploring and enjoying the city!  We were able to walk to a lot of great bars, restaurants, and tourist locations.  We came in late at night a few times and felt very safe on our walk back home.  I highly recommend this listing to anyone looking to relax and explore the city! ",Rooftop Deck/City Views. Great Apt,Manhattan,Upper East Side,40.76076,-73.96156
5586,2018-06-28,27870899,"Friendly host, great apartment, excellent location",Rooftop Deck/City Views. Great Apt,Manhattan,Upper East Side,40.76076,-73.96156
5586,2018-07-02,65095318,Beautiful flat in a great location. Host was incredibly helpful and attentive. Would go back in an instant,Rooftop Deck/City Views. Great Apt,Manhattan,Upper East Side,40.76076,-73.96156
5586,2018-12-31,61541,Awesome loft apartment in great location. Slept great on the comfortable bed. Susan was extremely responsive in fixing a heater that turned off. Definitely book this if you have the chance!,Rooftop Deck/City Views. Great Apt,Manhattan,Upper East Side,40.76076,-73.96156
5586,2019-10-20,38377528,"Me and my girlfriend had a wonderful stay at Susans place in mid-october. The apartment was really nice, and even better in real life than in pictures. As AirBnb-firsttimers it  exceeded our expectations! Both the apartment itself and the communication with Susan in advance worked out really well, and when we met her in real life she was such a lovely and caring host! She told us to feel like home, and even said that we could take wine from her fridge. <br/><br/>Even though she was at work abroad she sent us messages to check that everything was OK (ps. Not too many). <br/><br/>Too bad temperature was quite cold so we didn't get use of the awesome rooftop patio.<br/><br/>The area felt safe and it was no problem getting home late (after midnight) and we used the subway as our main transportation. The closest subway is about a 5 min walk from the apartment. The doormen were all nice people as well. We can really recommend staying at Susans while in New York!",Rooftop Deck/City Views. Great Apt,Manhattan,Upper East Side,40.76076,-73.96156
5586,2019-11-10,252217732,"Susan is an extremely good host; very thoughtful, very clean, very organized, and quite helpful.<br/>The location is great (upper east side) (located near grocers, restaurants, and anything else you can imagine) and the apartment is is wonderful and is extremely affordable.",Rooftop Deck/City Views. Great Apt,Manhattan,Upper East Side,40.76076,-73.96156
5586,2019-12-08,150834609,This was a GREAT place to stay!! Susan was so kind and accommodating!,Rooftop Deck/City Views. Great Apt,Manhattan,Upper East Side,40.76076,-73.96156
5586,2022-04-26,1683346,"Perfect, super clean, cozy and convenient spot to explore the city. Very central, has everything you need for a comfortable stay.",Rooftop Deck/City Views. Great Apt,Manhattan,Upper East Side,40.76076,-73.96156
5586,2022-07-16,227938033,The Apartment is lovely inside and out on the rooftop. <br/>Great value for money.<br/>Not far from trains etc.<br/>Owner is easy to communicate  with if you need  to ask questions.<br/>The laundry is on the floor  above washers and dryers available.<br/>We had a great stay and will keep  a look out for it  again if we go back. Loved it.<br/>🙂,Rooftop Deck/City Views. Great Apt,Manhattan,Upper East Side,40.76076,-73.96156
5586,2022-08-29,95200973,"I’ve stayed at many AirB’s and hotels  in NYC and this listing is definitely the best I’ve ever been  lucky enough to stay in. The location is super -  easily accessible by many  subway lines  and LGA is only 30 min by subway/bus . Also a  SAFE  neighborhood to come back to at the  end of the day. Building has a doorman 24 /7.-just  adds that extra layer of safety and security. <br/>The apartment has to be seen to really be believed.  A lot of times you just don’t know if the place looks like it is in the pictures or if it’s much smaller (often the case right)? But  as soon as I walked in I knew this one was different! It was decorated tastefully and it felt spacious and  I never felt boxed in  or cramped at all. The massive windows with great views and sky lights let’s  lots of natural light in. Perfect way to start the day is on the cute patio on the top floor. You can see the Roosevelt tramway floating by!  The bedroom is  upstairs  (via a spiral staircase)!  so that is nice to have that separation. Bathroom is super neat and immaculate. <br/>Susan herself is a great host. Communicates quickly and it was like messaging with a friend who is just making sure that you are having a good time at her place while she’s away! She’s thought of every detail. Shame we never met! <br/>If you’re looking for a  safe, clean,  spacious, and  conveniently located  place in a great neighborhood with a great host-you got it all right here!",Rooftop Deck/City Views. Great Apt,Manhattan,Upper East Side,40.76076,-73.96156
5586,2022-10-03,7777020,Our stay at Susan’s was great! All communications were very thorough and clear. The apartment is such a cool layout and is in a perfectly located area. It was the perfect combination of cozy and convenient. We would definitely stay again!,Rooftop Deck/City Views. Great Apt,Manhattan,Upper East Side,40.76076,-73.96156
5803,2009-04-23,9868,"Artwork, indeed! The walls are covered with drawings by Maurice Sendak, Steven Kellogg, among others. It was quiet. Breakfast was ample. Batman and Robin were very affectionate. We plan to return again. Thanks, Laurie!","Lovely, Cozy, Room 1, BEST AREA; Legal Rental",Brooklyn,South Slope,40.66801,-73.98784
5803,2009-05-17,16345,"Great place to stay - lovely home, lovely hosts and great neighbourhood - glad we got to spend some time in Brooklyn","Lovely, Cozy, Room 1, BEST AREA; Legal Rental",Brooklyn,South Slope,40.66801,-73.98784
5803,2009-06-03,19091,"Great place, great garden, friendly cats and nice host. ","Lovely, Cozy, Room 1, BEST AREA; Legal Rental",Brooklyn,South Slope,40.66801,-73.98784
5803,2009-07-14,24880,Booked this on behalf of my daughter so didnt stay there myself. My daughter confirmed the house was not as clean as expected but Laurie was in the middle of having some work done on the house. Only stayed for two of the four nights booked as circumstances changed.  Lauried very kindly gave refund for one of the nights not used.,"Lovely, Cozy, Room 1, BEST AREA; Legal Rental",Brooklyn,South Slope,40.66801,-73.98784
5803,2009-07-20,17112,"It was the first time we used BB and not the last...for my daughter seda and me,it was ideal to live in laurie's typical brooklyn house during 10 day's. We recieved interessting informations about cultural happenings and practical things. Laurie is a friendly open person.<br/>her house is locatet in a charming part of brooklyn and very close to a metrostation.. ","Lovely, Cozy, Room 1, BEST AREA; Legal Rental",Brooklyn,South Slope,40.66801,-73.98784
5803,2009-09-15,27507,"We enjoyed a lot our stay with Laurie. Great and qiet house with its  garden and  two lovely cats. Laurie was  helpful, gave us good and interesting advices, and permitted us to discover another view of Brooklyn. Thanks Laurie!  ","Lovely, Cozy, Room 1, BEST AREA; Legal Rental",Brooklyn,South Slope,40.66801,-73.98784
5803,2009-09-27,24309,"There are some beers in the fridge said Laurie at the end of our phone call. This is a sentence one might expect when calling home. And not of a stranger calling from Manhattan to Brooklyn to state the time of arrival.<br/>I'd rather not use the hackneyed phrase. A home away from home.<br/>But I will anyhow. Laurie's little house in a ""Starbuck-free-zone"" in Park Slope Brooklyn. An area just like a cliché-laden European would imagine. Her house, full of books,  pictures. The splendid guest room. Most impressive of all, however is Laurie and her son, Peter. Generous, friendly and helpful. Laurie gave me some good tips. E.g. BAM, Barke-Music, Gospel concert. And when I come back to Brooklyn again, I know there will be a beer for me in the fridge.<br/><br/>Dieter, D. Germany","Lovely, Cozy, Room 1, BEST AREA; Legal Rental",Brooklyn,South Slope,40.66801,-73.98784
5803,2009-10-04,40215,"We stayed only a few days but it was above our expectations. Laurie is a great Host and a gold mine of infos about Brooklyn and NYC also. Her place is quiet, clean and well located. We strongly recommend it, you'll feel a little a bit like home. <br/>Laurie we got a super deal for a brand new Krups' toaster-oven at 80$ at Richards.<br/>Best regards to you and Peter.<br/>Jean-Claude and Suzelle from Montreal.","Lovely, Cozy, Room 1, BEST AREA; Legal Rental",Brooklyn,South Slope,40.66801,-73.98784
5803,2009-10-07,39686,"Laurie was a very gracious hostess and we felt right at home.  She is very knowledgable about the local community and the city overall and full of good ideas about activities in the area.  The house itself is beautiful and clean with two friendly cats and of course Peter too.  The location is great, close to Manhattan but walking distance to good bars and restaurants in Brooklyn too.  We wouldn't hesitate to stay there again.  Thank you! ","Lovely, Cozy, Room 1, BEST AREA; Legal Rental",Brooklyn,South Slope,40.66801,-73.98784
5803,2009-10-10,26468,"WHAT CAN I SAY...<br/>LAURIE IS AN EXCELLENT HOSTESS...<br/>THE HOUSE I S VERY WELL LOCATED,,,,<br/>EVERY THING SEEMS TO BE CLOSE... <br/>THE HOUSE IS REALLY BEAUTIFULL...<br/>THE ART IS MAGNIFICENT...<br/>THE GARDEN IS GORGEOUS...<br/>SHE AND PETER WERE SUPER KIND AND HELPFULL...<br/>WE REALLY FELT AT HOME...AND WERE SORRY FOR SUCHA SHORT STAY...<br/>SURE WOULD RECOMEND IT TO EVERY BODY.. AND WOULD LIKE TO RETURN...<br/>SHE MADE OUR SHORT STAY... PRECIOUS..","Lovely, Cozy, Room 1, BEST AREA; Legal Rental",Brooklyn,South Slope,40.66801,-73.98784
5803,2009-10-30,40175,My husband and I had a wonderful time with Laurie and another guest at her welcoming home.  We were thrilled with the location - only blocks from our daughter and close to the train!  Spending time chatting with Laurie and her family in her warm living area enhanced our trip.,"Lovely, Cozy, Room 1, BEST AREA; Legal Rental",Brooklyn,South Slope,40.66801,-73.98784
5803,2009-11-04,39478,"Dear Laurie, thank you so much again for amazing time in NY! We are deeply in love with warm atmosphere in your home, our room was perfect, cosy and great comfortable beds!!! Great location near Subway, 15 min to Manhatten!! We really felt like home, and can't imagine better place to stay next time!!:) Hope to come back soon! Natalia","Lovely, Cozy, Room 1, BEST AREA; Legal Rental",Brooklyn,South Slope,40.66801,-73.98784
5178,2012-01-23,1582319,Clean room.  Flawless location.  Cordial host.  The right price.  The room is old and spare but well priced and quite comfortable.  I recommend it.,Large Furnished Room Near B'way　,Manhattan,Midtown,40.76457,-73.98317
5178,2012-02-02,225469,"This was by far my best experience with airbnb in New York by far. A great location, friendly accommodating, and a great room. I highly recommend it.<br/><br/>Adam  ",Large Furnished Room Near B'way　,Manhattan,Midtown,40.76457,-73.98317
5178,2012-02-04,1463967,"Great place, great location.",Large Furnished Room Near B'way　,Manhattan,Midtown,40.76457,-73.98317
5178,2012-02-07,253321,"Shun's apartment is perfectly located at the heart of Manhattan, just a few block to the south of Lincoln center. The apartment itself is clean, convenient and provides plenty of privacy. Shun is a very kind host. Would love to stay there again.",Large Furnished Room Near B'way　,Manhattan,Midtown,40.76457,-73.98317
5178,2012-02-12,701129,Large furnished is ideally located behind Broadway in Manhatten. If you want to live in the American fashion and eat out there are a myriad of cafes and sandwich bars. Close by are several  supermarkets where you can buy all you need to cook a meal at home. The facilities are adequate and include internet. ,Large Furnished Room Near B'way　,Manhattan,Midtown,40.76457,-73.98317
5178,2012-02-14,1353708,"Good place, great location, everything was as promised before.",Large Furnished Room Near B'way　,Manhattan,Midtown,40.76457,-73.98317
5178,2012-02-19,1414487,Shun is a great guy! Everything was perfect!!,Large Furnished Room Near B'way　,Manhattan,Midtown,40.76457,-73.98317
5178,2012-02-23,1737769,"I stayed 2 nights at Shun's place and I definitely recommend him to others. If you are a busy traveler, who will be most likely spending time outside (especially downtown Manhattan) and wants to have privacy and spend quite time for good rest at the end of the day at the place you stay, his place will be the perfect choice for you. The stuffs I listed under [What I did not like] should be considered as minor issues. My overall experience was very positive. <br/><br/>[What I liked]<br/>(1) Location was truly AMAZING. You cannot ask for more. Very close to Columbus Circle subway station and there were many little places to grab something to eat. There are 24 hours McDonald, Starbucks, 24 hours grocery store, Central Park, Shopping Mall and so on very close by. (2) Shun was a wonderful host. He is very flexible, kind, and communicative. He adjusted check-in, check-out time for me and even took care of my luggage on the day I was supposed to check out because I had to wait until 6PM to get in to the next accommodation arrangement. (3) Wireless Internet works very well, and TV in the room has many channels you can enjoy while you are in your room, (4) Fridge, microwave, some plates, and flatware in the room come extremely handy when you want to keep some drinks cold and have little snack without having to use the kitchen<br/><br/>[What I did not like]<br/>(1) It was very tricky to use shower temperature control. The water becomes easily too cold or hot. (2) Lighting in the room was bit dark to me (3) No mirror in the room (4) Heating system was broken at the time I stayed, so I had to use Shun's small portable heater that was not strong enough",Large Furnished Room Near B'way　,Manhattan,Midtown,40.76457,-73.98317
5178,2012-03-01,614383,"Esta fue mi segunda estadia usando AirBnB, y al igual que la primera estubo tal cual esperaba. <br/><br/>Shun fue muy buen afitrion, algo privado pero siempre dispuesto ayudar a hacer la estadia una placentera.<br/>El cuarto es tal cual se describe. Limpio, comodo y te sientes como en tu casa.<br/>Aunque queda frente a la calle, el ruido de los autos y algunas veces las sirenas no fue ningun problema para descansar.<br/>La cama la encontre comoda igual que las almohadas y frisas.<br/><br/>Algunos lugares a la vuelta de la esquina para que consideren comer:<br/>1. Matts Burger<br/>2. Bread Co<br/>3. El restaurant Thailandes de la esquina (al lado de Matts Burger)<br/><br/>De nuevo, tres cosas para considerar este APT.<br/>1.Localizacion<br/>2.Precio<br/>3.Comodidad (TV, Horno Microondas, Agua Caliente, escritorio, Internet, Closet para la ropa)<br/><br/>Espero que su estadia en NY se placentera como lo fue la mia.<br/>Gracias y saludos a todos los AirBnBfilios...",Large Furnished Room Near B'way　,Manhattan,Midtown,40.76457,-73.98317
5803,2009-11-12,42873,"A huge thank you to Laurie for 'being there' with so much advice and info on local restaurants, places to visit and for welcoming my daughter Rebecca too (she lives in NY). We felt so relaxed and comfortable it was like being at home. The house is a dream and an inspiration in Art and Style. We will be back and have all ready recommended it to our friends. Janet & Les Ross.","Lovely, Cozy, Room 1, BEST AREA; Legal Rental",Brooklyn,South Slope,40.66801,-73.98784
5803,2009-11-16,47703,Laurie is a great hostess who loves to share her beautiful home.  She makes great coffee and offers wonderful pastry for breakfast while sharing her discount tickets for broadway shows.  ,"Lovely, Cozy, Room 1, BEST AREA; Legal Rental",Brooklyn,South Slope,40.66801,-73.98784
5803,2009-11-30,48655,"Laurie's available room was simple, clean and comfortable. She is a hostess who knows Brooklyn and how to get around. I enjoyed my stay although breakfast was lacking. ","Lovely, Cozy, Room 1, BEST AREA; Legal Rental",Brooklyn,South Slope,40.66801,-73.98784
5803,2009-12-14,14794,"Thanks so much for a memorable Brooklyn experience, Laurie and Peter.  The bed was super comfortable and everything you could possibly need was provided.  The house is located in a quiet street which was a nice contrast to the crowds and ambience of Manhattan.  Park Slope is home to so many great restaurants and live music venues which Laurie recommended--her knowledge and passion for the local area was clearly obvious, and she was keen to make sure you got the best out of her neighborhood.  You'll immediately feel right at home.  ","Lovely, Cozy, Room 1, BEST AREA; Legal Rental",Brooklyn,South Slope,40.66801,-73.98784
5803,2010-01-03,39018,Thanks for everything Laurie. You have a lovely home. The shops on 5th Avenue are conveniently nearby & the subway lines are just a few steps away. Our room was homey & the bed was comfy.,"Lovely, Cozy, Room 1, BEST AREA; Legal Rental",Brooklyn,South Slope,40.66801,-73.98784
5803,2010-01-18,39478,"It was the second time when we stayed at Laurie’s place, and again it was so warm and cosy, wonderful soft beds, quiet district, great spacious bathroom,  we even didn’t want to go out of home!:) We really felt so relaxed and comfortable like we were at home!   <br/>Laurie was as always very helpful and kind! <br/>The location is perfect, it is great, that the Subway was very close, Manhattan is just 10 minutes by Subway. It’s so warm and comfortable that we just love this place more and more!:) THANK YOU!!!!<br/>","Lovely, Cozy, Room 1, BEST AREA; Legal Rental",Brooklyn,South Slope,40.66801,-73.98784
5803,2010-01-26,69884,"This was the first time I ever tried this kind of accommodation, and what a pleasant experience it was. Laurie's home is beautiful and spacious. It makes you feel like you are a resident of New York, instead of a Visitor. I came to Brooklyn for a week long Workshop. The close access to the Subway, and minutes away from Manhattan was extremely convenient. I loved my room and the internet access was great. The bed was comfy and the room charming. It is a nice, quiet and safe neighborhood. I plan to come back for another Workshop this year, and I will stay with Laurie again if my room is available. Her 2 cats, Batman and Robin are adorable.","Lovely, Cozy, Room 1, BEST AREA; Legal Rental",Brooklyn,South Slope,40.66801,-73.98784
5803,2010-02-15,38718,"We loved Laurie and her home! It was our first time using Airbnb and we were thrilled to find such an amazing place. Laurie's house is truly filled with art, color and light. Park Slope is fantastic and I will always stay there when I go to NY. Laurie and Peter are welcoming and...Laurie's breakfast is perfect!The pictures really can't tell you how amazing her home is. The rooms and beds are cozy, clean and confortable as is the bathroom. Batman and Robin are the sweetest kitties. We love them. I would recommend Laurie's bandb again and again. I hope to go back and to bring friends and family as well. FIVE STARS all the way! ","Lovely, Cozy, Room 1, BEST AREA; Legal Rental",Brooklyn,South Slope,40.66801,-73.98784
5803,2010-03-09,62312,"Staying at Laurie's house was a real treat!!! We had an awesome time; it was so nice to come home to a real home every night!  Like everyone else has said; everything was clean, the beds were comfy; the breakfast was delicious; the cats were hilarious; and I would ad that Laurie's welcoming nature & willingness to share her wealth of NY knowledge with her guests was a HUGE blessing as well.  Staying with Laurie & Peter (and Batman & Robin!) made our NY experience awesome!  Thanks so much!!","Lovely, Cozy, Room 1, BEST AREA; Legal Rental",Brooklyn,South Slope,40.66801,-73.98784
5803,2010-03-25,70464,"We stayed at Laurie's place in Brooklyn for 6 nights while on our US trip. Laurie is the perfect host - she even had our baby at east within seconds of meeting her. You can grab breakfast (bagels and OJ, yum!) before leaving and her place is a short subway ride from Manhattan. Thank you again for the stay Laurie, it made our NY experience even richer.<br/><br/>Gabby, Mench and Julian","Lovely, Cozy, Room 1, BEST AREA; Legal Rental",Brooklyn,South Slope,40.66801,-73.98784
5803,2010-04-04,68299,"We had a great time staying at Laurie's house. It was really quiet and comfortable for sleeping, easy to get to, and Laurie was really helpful with her advice. We also enjoyed the illustration artwork and books and getting to know Laurie's neighbors and neighborhood. This was my first time using Airbnb and it all went seamlessly! I hope we can stay with Laurie again on a future trip to NYC.","Lovely, Cozy, Room 1, BEST AREA; Legal Rental",Brooklyn,South Slope,40.66801,-73.98784
5803,2010-07-29,86041,"Le séjour passé chez Laurie Kellogg  fut vraiment très agréable. Laurie est charmante, attentionnée et s'occupe très bien de ses hôtes. Les chambres sont très confortables, spacieuses, bien décorées, avec une touche très personnelle qui donne cette impression d'être chez soi. Le petit déjeuner, pris dans le salon principal est toujours très copieux et bien équilibré (à volonté, bagles &cream cheese, fruits, céréales, jus d'orange bio, lait, etc...); Après avoir marché pendant des heures dans NY, nous avions accès à la cusine pour préparer un repas, et ensuite nous prélasser dans le salon. Le quartier est particulièrement attrayant à quelques minutes de Prospect park (profiter de la fraicheur du matin pour aller faire un petit jogging) des rues calmes, des restos sympas, des clubs de musique, et beaucoup d'infos de la part de Laurie pour que le séjour laisse un souvenir inoubliable.<br/>Last but not least, nous n'avons pas eu de surprises désagréables par rapport à ce que nous avions espéré en voyant le site de Laurie sur Air B&B, et nous recommandons cette adresse les yeux fermés.","Lovely, Cozy, Room 1, BEST AREA; Legal Rental",Brooklyn,South Slope,40.66801,-73.98784
5178,2012-03-06,1565066,"I really enjoyed my time in NY at Shun's place. It is very close to the 5th Avenue and the Central Park. Also, there are several subway stations all around that takes you everywhere in Manhatan. The room was spacious and tidy. Even in winter, it was very warm. My first experience using Airbnb could not be better. Thank you, Shun.",Large Furnished Room Near B'way　,Manhattan,Midtown,40.76457,-73.98317
5178,2012-03-12,1619803,"My stay at Shun's place was pleasant and easy. He made me feel at home and provided a small frig, a microwave, and internet access (as well as a computer). ",Large Furnished Room Near B'way　,Manhattan,Midtown,40.76457,-73.98317
5178,2012-03-22,1237565,"wir waren 11 tage zu gast, die lage war super, wir hatten die wohnung so gut wie immer für uns, mit anreise etc. hat alles gut geklappt. Fand aber das bett nicht sehr gemütlich, wir haben lieber außerhalb gegessen als zuhause. Die Gerüche in der Wohnung waren mir sehr fremd...",Large Furnished Room Near B'way　,Manhattan,Midtown,40.76457,-73.98317
5178,2012-03-29,1638190,"Great Location, convenient to every where on Manhattan.",Large Furnished Room Near B'way　,Manhattan,Midtown,40.76457,-73.98317
5178,2012-03-31,1749760,"I've had a great experience with this apartment. The price is affordable, the location is excellent (just a couple of blocks away from Central Park and MoMA, bus terminals reachable by foot), and the host had made my stay very comfortable. I was given a full set of keys, and from that point could come and go as i pleased, no further contact with the landlord necessary. ",Large Furnished Room Near B'way　,Manhattan,Midtown,40.76457,-73.98317
5178,2012-04-05,1579798,"Awesome experience, wish we'd stayed longer.  Shunichi was very kind the one time we saw him, when we got there and he showed us around and gave us keys.  The room is large for NY standards, the location is amazing, there's a fridge, microwave, dishes, tea, and water kettle.  And towels.  The room isn't perfectly clean like a hotel, but it's like staying in a friend's house.  The building is old and a little worn, but the neighborhood is great and you can easily walk to central park, delis, subways, and tons of other food.  ",Large Furnished Room Near B'way　,Manhattan,Midtown,40.76457,-73.98317
5203,2014-09-24,6253876,"My host was wonderful and my stay in this cosy family apartment, and great neighborhood, was the best!",Cozy Clean Guest Room - Family Apt,Manhattan,Upper West Side,40.8038,-73.96751
5203,2014-09-26,568104,Mary Ellen is an amazing host. She has a great home and a huge space for her family. The room and bathroom provided is quite spacious. She is super generous with serving  breakfast in her dining room including homemade granola (very nom nom),Cozy Clean Guest Room - Family Apt,Manhattan,Upper West Side,40.8038,-73.96751
5203,2014-09-30,9933534,"I felt very much at home amidst the family activities.  The children were courteous, quiet, and friendly.  Mary Ellen was very hospitable and accommodating to my needs.  The location was absolutely perfect and I would stay there again. ",Cozy Clean Guest Room - Family Apt,Manhattan,Upper West Side,40.8038,-73.96751
5203,2014-10-16,4197782,"The stay with Mary Ellen and her family has been a wonderful experience. The room was very clean and the bed super comfy. My luggage didn't arrive, so Mary Ellen got my some supplies and got me some clean clothes. I appreciated that so much! Thank you again. The family was very friendly. And the cereal was delicious. I would recommend her room any time. ",Cozy Clean Guest Room - Family Apt,Manhattan,Upper West Side,40.8038,-73.96751
5203,2014-10-20,13603658,"This was my first with Airbnb and I absolutely loved it. The location is great, very close to the metro, easy to get by and around NY. Their home is lovely and very welcoming. I highly recommend it for women travelling alone. The family was extremely respectful. The bed is super comfortable. The wifi fast and reliable (important for me because I was traveling for work).<br/>",Cozy Clean Guest Room - Family Apt,Manhattan,Upper West Side,40.8038,-73.96751
5203,2014-10-24,9591048,"I couldn't have asked for a better experience staying with MaryEllen and her family for a couple of days. Her entire family made me feel welcome immediately and easily accommodated my presence into their home. The room is the way it is pictured; the bed is quite comfortable. I think MaryEllen chose a very good mattress! MaryEllen hospitable character also showed by providing tea or coffee and a very nice breakfast.  <br/><br/>The location is just a few blocks from Columbia University.  There are many restaurants within 2 blocks.  Great location, great accommodation, wonderful hosts.   Thank you MaryEllen and family.<br/>",Cozy Clean Guest Room - Family Apt,Manhattan,Upper West Side,40.8038,-73.96751
5203,2014-11-15,11376763,"Staying at MaryEllen's place on the upper West Side exceeded my expectations: probably one of the most convenient locations in NYC, and the apartment was beautiful. I got bumped up to a large room with its own bathroom, and the bed, towels, everything I used was high quality and comforting. MaryEllen and family were terrific hosts, knowledgeable about the city and interesting to talk to. I will definitely stay there again when I return to New York. ",Cozy Clean Guest Room - Family Apt,Manhattan,Upper West Side,40.8038,-73.96751
5203,2014-11-21,568104,"MaryEllen and her family are wonder hosts. All very friendly, warm and inviting. The apartment is a beautiful pre-war building located very close to the subway and a number of places to eat. The clean guest room is just like home and actually is a home for this nice family. The light breakfast of homemade granola cereal and coffee is a real treat. Wifi has a strong signal and is very usable. ",Cozy Clean Guest Room - Family Apt,Manhattan,Upper West Side,40.8038,-73.96751
5203,2014-11-24,22508539,"What can i say about my trip with these family? Actually,one word is enough to describe them , AMAZING FAMILY ,they are friendly and good vibes! Also..the their home is so cool ,and very localized ,near the central park and stuffs..actually,it was the best host family i ever had,even it was just for 3 nights..but it was enough to know that they are the best..<br/><br/>ps:the breakfast is delicious! <br/><br/>I hope i will stay there again soon! Kisses kisses!<br/><br/>Love <br/>Rodrigo",Cozy Clean Guest Room - Family Apt,Manhattan,Upper West Side,40.8038,-73.96751
5203,2014-12-16,1308471,"Wonderful stay, I had homemade granola and croissants each breakfasts and French toast my last morning! I ended in a bigger room than expected, which was very nice and my own bathroom. Warm hospitality but still having my privacy. I totally recommend staying with Mary Ellen and family! ",Cozy Clean Guest Room - Family Apt,Manhattan,Upper West Side,40.8038,-73.96751
5203,2016-12-14,143639,Once again a wonderful stay with Maryellen and her family<br/><br/>A cosy safe room just a few subway stops from the heart of the city<br/><br/>A warm tea always awaits you and delicious French toast or granola to begin your day seesighting<br/><br/>I just can't imagine going anywhere else in NY and I invite everyone to enjoy the Lehmann's hospitality,Cozy Clean Guest Room - Family Apt,Manhattan,Upper West Side,40.8038,-73.96751
5203,2017-01-01,102874431,MaryEllen is an amazing host. My friend and I stayed at her place for NYE. She made it feel like home. Thank you MaryEllen for all your help :) will def be staying at your place if I ever visit NYC again.  ,Cozy Clean Guest Room - Family Apt,Manhattan,Upper West Side,40.8038,-73.96751
5203,2017-01-03,55275869,"I am so very grateful to have found such a cozy place to stay on my first solo trip to the big apple. Their home is almost as lovely as them! Tea, delicious sticky buns, and the coziest bed made for a fantastic stay. My only regret is not being able to stay longer! ",Cozy Clean Guest Room - Family Apt,Manhattan,Upper West Side,40.8038,-73.96751
5203,2017-01-11,12656378,"Maryellen was a wonderful host, she went above and beyond to make my stay absolutely amazing. She responded to all my text messages. The place is very close to Mount Sinai St' Lukes if you are going to interview there. I would definitely stay again. ",Cozy Clean Guest Room - Family Apt,Manhattan,Upper West Side,40.8038,-73.96751
5203,2017-01-30,14651425,"Amazing value, perfect location for my NYC needs and great warm friendly family. Highly recommended! ",Cozy Clean Guest Room - Family Apt,Manhattan,Upper West Side,40.8038,-73.96751
5178,2012-04-16,1337014,"Nous avons séjourné une semaine chez Shun. Grande chambre très propre et bien équipée (frigo, micro-onde, bureau, ordinateur et wifi, étagère, grand placard...).<br/>Shun a été très attentif à ce que nous manquions de rien tout en étant très discret. Nous l'avons très peu vu car nous rentrions souvent tard. Nous recommandons cette chambre.",Large Furnished Room Near B'way　,Manhattan,Midtown,40.76457,-73.98317
5178,2012-04-18,1786924,"Took my girlfriend to New York for her birthday since I wanted to propose to her and New York was the place went to for our 1st date.  I wanted somewhere that was in a decent area, not pricy and within a good distance of all the Manhattan attractions.  <br/><br/>A friend on Facebook told me about this site because the prices for hotels were ridiculous.  I came across this posting and it was great.  Right off of 8th Ave, less than 5 blocks to beautiful Central Park and not far from Times Square and Penn Station.  If walking doesn't bother you and you want to fit in like a New Yorker, you can definitely get around to all the attractions without having to pay for a taxi or taking the subways.  My girlfriend and I had a great time!  <br/><br/>The room is not luxurious, but if you want a secure place to rest your head at night and still be in the main area of Times Square, it is perfect. There is a fridge, microwave, TV and DVD player in the room, and also free wi-fi for those who need to access the internet.  I have no complaints other than it being a little hot in the room because the weather was nice when we were there.  Other than not having a fan in the room, everything else was great.",Large Furnished Room Near B'way　,Manhattan,Midtown,40.76457,-73.98317
5178,2012-04-23,1685704,"Had a wonderful time in NYC and thanks to Shun the room was safe, comfortable and close to all the best things to do in NY",Large Furnished Room Near B'way　,Manhattan,Midtown,40.76457,-73.98317
5178,2012-05-01,1116190," I had a wonderful time in NYC and thanks to Shun the room itself was safe, comfortable and very close to Central Park. I hope that Shun has next year a room for me.",Large Furnished Room Near B'way　,Manhattan,Midtown,40.76457,-73.98317
5178,2012-05-09,2192842,"The location is great, Shun was nice and accommodating. Had no major issues or complaints.",Large Furnished Room Near B'way　,Manhattan,Midtown,40.76457,-73.98317
5178,2012-05-11,1596174,"I arrived right around the time that I arranged with Shun to be there. Shun came down to the door and let me in. Perhaps he did this in order to lead me directly to the apartment the first time, as I might conceivably have gotten confused as to where the apartment is, due to the stairway and apartment layout. Anyway, first appearances of the building might be scary for some. It is rather run down. Indeed, the apartment must not have enough storage space because there are boxes lining the hallway leading to the main part of the apartment. The room is very basic, but is as advertised. There is a small refrigerator, some dishes and a microwave, a TV and WiFi. The apartment could use a cosmetic facelift, for sure, but apart from that, it was comfortable enough, though spartan. After introductions, I didn't see Shun again until shortly before I left. All in all, though I wouldn't necessarily recommend this for everyone, I would definitely return due to the convenience of location. Shun is pleasant, very quiet and reliable.",Large Furnished Room Near B'way　,Manhattan,Midtown,40.76457,-73.98317
5178,2012-05-19,1523333,Great host. I and my wife love each moment. Shun is a great host and your house has great localization.,Large Furnished Room Near B'way　,Manhattan,Midtown,40.76457,-73.98317
5178,2012-05-26,1718750,"The big plus regarding Shun's apartment is the amazing location in the near of the central park, the MoMa and Times Square.  If you are a good walker, you can do a lot of things even without taking a taxi or the subway. Otherwise, a lot of subway stations are nearby. The apartment is none too cozy, but it is big and very private and you have everything in it you need (Wifi, dishes, fridge etc) and by the way, you will hardly find an accommodation in this area which offers you all this and still is affordable.  We really had a great time in New York!",Large Furnished Room Near B'way　,Manhattan,Midtown,40.76457,-73.98317
5178,2012-06-02,1293015,"Great value for money, Shun's place is so central and you just can't match it for the price. We were right at home for our week stay and there was plenty of room for us to spread out in our room. We loved having the fridge in the room and some dishes etc. it made our stay so easy. ",Large Furnished Room Near B'way　,Manhattan,Midtown,40.76457,-73.98317
5178,2012-06-04,125175,"Location! Location! Location! Walking distance to everything. We enjoyed our stay in Shun's place. Near to subway, Central Park, Broadway, Time square. Walking distance to bus stations.",Large Furnished Room Near B'way　,Manhattan,Midtown,40.76457,-73.98317
5803,2010-08-05,106834,"This was our very first time with AirBnB and we loved it. Laurie's place is really comfortable, nice and quiet, with a real warm and friendly atmosphere; we definitely felt like being at home. Laurie has been really helpful, with lot of tips about places to go and restaurants to dine in the neighbourhood; her house is within easy reach from the nearest metro station, and just a few subway stops from Manhattan. Laurie is an open-minded, talkative nice woman, we really loved chatting with her and we would have had more time to spend with her. Hope to come back soon!","Lovely, Cozy, Room 1, BEST AREA; Legal Rental",Brooklyn,South Slope,40.66801,-73.98784
5803,2010-08-13,155330,"We had a wonderful time in Brooklyn with Laurie (Peter was away at camp).  We had the top floor to ourselves during most of our week-long stay.  Laurie provided plenty of ideas of things to do.  The location was ideal.  We walked down to the DUMBO area a couple of times, easily took the subway into Manhattan, and attended an outdoor concert in Brooklyn's Prospect Park, which we would not have learned about had we been in a hotel.  There are numerous restaurants nearby, both eat-in and take out, as well as several grocery stores/delis.  We ate many meals in the park, enjoying the warm weather.  Laurie was very generous with the use of her computers, which was very helpful in allowing my daughter to keep up with her friends on facebook, and even to connect up with them in New York.    We would definitely contact Laurie again if visiting New York.","Lovely, Cozy, Room 1, BEST AREA; Legal Rental",Brooklyn,South Slope,40.66801,-73.98784
5178,2012-06-29,1755506,"Price is very good for this place. It's just as advertised. I only met Shun for 5 minutes when I left but overall a good room and he seemed like a nice guy. One complaint though is the construction noise next to the apartment is very loud. But this could be a temporary problem.<br/>",Large Furnished Room Near B'way　,Manhattan,Midtown,40.76457,-73.98317
5178,2012-07-13,2780716,"Everything was just great. Nice to feel like we lived in NYC for a couple of days. Shun was a great host. We only saw him upon arrival. He showed us around our room, gave us the guidelines for our stay, and handed us the keys. We never really saw him again, which was great. He had his own space, we had ours, and shared it easily. I would highly recommend his place.",Large Furnished Room Near B'way　,Manhattan,Midtown,40.76457,-73.98317
5178,2012-07-24,1790071,"Shun was lovely, we only really saw him when we checked in but he showed us around the room and was very helpful. The place is in a fantastic location walking distance to Central Park and the public transport was very easy to manage from here! Would recommend it!!!",Large Furnished Room Near B'way　,Manhattan,Midtown,40.76457,-73.98317
5178,2012-07-29,1608779,"Everything about our stay was just great - the location, the air-conditioned room, the kind host. Since nobody was checking out, the host let us check in early after a red-eye flight. We were so grateful for it! <br/><br/>Die Wohnung liegt in einer absolut großartigen Lage. Der Gastgeber ist höflich und hilfsbereit ohne sich auf zu drängen. Privatsphäre ist garantiert. <br/>Besonders freuten wir uns auch über die flexiblen Check-in und check-out Zeiten (wir hatten Glück und niemand checkte aus oder ein, als wir ankamen und abreisten). <br/>Absolut zu empfehlen!",Large Furnished Room Near B'way　,Manhattan,Midtown,40.76457,-73.98317
5178,2012-08-09,3017872,"Shun was a wonderful host. The room was very clean, quiet, and the amenities were excellent. I rarely saw Shun, though he was very polite and helpful. I would definitely stay here again.",Large Furnished Room Near B'way　,Manhattan,Midtown,40.76457,-73.98317
5178,2012-08-11,285361,"As Shun has advertised, it's a very basic, no-frills room. Good value for the location! Shun was polite and we had no issues with him as far as timing/picking up keys/communication was concerned.  ",Large Furnished Room Near B'way　,Manhattan,Midtown,40.76457,-73.98317
5178,2012-08-29,1413743,"Goods apartaments, helpful owner. Convenient place in Manhatan.",Large Furnished Room Near B'way　,Manhattan,Midtown,40.76457,-73.98317
5178,2012-09-04,950855,"This location is amazing, especially for the price!",Large Furnished Room Near B'way　,Manhattan,Midtown,40.76457,-73.98317
5178,2012-09-15,1754564,"We've already stayed five times with airbnb and this was definitely the worst!<br/>The bedroom smells, the bed and the pillows are horribly uncomfortable, it's loud.<br/>The bathroom is a bit dirty, it smells of mildew and on the shower curtain there is a lot of mildew!!<br/>The host let you feel unwanted,he doesn't want you to use the kitchen and isn't helpful at all.<br/>The location isn't bad for that money, but if you can afford more don't stay here.",Large Furnished Room Near B'way　,Manhattan,Midtown,40.76457,-73.98317
5178,2012-10-02,2163845,"Awesome location at a very good price! <br/>The room is as described with all that is required for a stay in NYC. <br/>Shunichi was a warm host and we barely saw him during our stay. ",Large Furnished Room Near B'way　,Manhattan,Midtown,40.76457,-73.98317
5178,2012-10-10,1764846,"We had a great time in New York City and our stay at Large Furnished certainly contributed to that! We received keys off the building, appartment and room and could use the bathroom and even the kitchen when Shun was not in. For two persons the place was big enough and the location at the intersection off 55th street and 8th avenue was on a walking distance of times square and the subway station at 50th street... Very nice!",Large Furnished Room Near B'way　,Manhattan,Midtown,40.76457,-73.98317
5178,2012-10-16,1486293,"This is the best deal in NYC!!!   The location is perfect and the room adequate and comfortable.  There is a microwave, fridge, and kettle with a variety of teas and coffee in the room so it is very self contained.  If you need additional kitchen facilities they are available when Shun is at work.  He is very quiet and I only saw him on arrival.  Shun was clear in the directions and everything worked out perfectly.  He was extremely helpful and set up a lap top computer for my use.  That was very kind and I greatly appreciated it. THANK YOU.",Large Furnished Room Near B'way　,Manhattan,Midtown,40.76457,-73.98317
5178,2012-10-22,1784456,Everything was like discript. The room is very central and good to recieve by public transport. Shun answerd always very fast and was very friendly. Would go there everytime again.,Large Furnished Room Near B'way　,Manhattan,Midtown,40.76457,-73.98317
5178,2012-11-10,2973497,"LOCATION LOCATION AT AN AFFORDABLE PRICE!<br/><br/>If you want a place to stay in the heart of midtown and where your privacy is well-respected, then this is the place to be!<br/><br/>Shun is a prompt communicator. He greeted me at the door and carried my heavy bag to my room. I didn't see him in the week I was there -  great to feel I had my own space and no curfew. <br/><br/>However, any advice I needed, Shun was always willing to help.<br/><br/>The room itself is spacious, has a microwave, a mini fridge, eating utensils, a tv and loads of pamphlets and general info on NYC. The mattress is a little hard and unless you don't mind snuggling in with another person with close contact, then it's ideal for one person only. Sure the street is loud (being on W55th and 8th) and the window's are not double-glazed so I'd recommend buying earplugs if noise is an issue.<br/><br/>The only discomfort at times was the hot water taking a long time to heat up for showers - again, it's expected for an older building with old plumbing. The bathroom is shared and relatively clean.<br/><br/>You're given your own key to come and go when please. Everything is right at your front door from restaurants to pharmacies. Times Square not far nor is Central Park (a must see) and the subway. <br/><br/>Just a head's up there's no washing machine. You'll find the laundromat on 9th ave, a block away. <br/><br/>I highly recommend Shun!! Many thanks :-)<br/><br/>",Large Furnished Room Near B'way　,Manhattan,Midtown,40.76457,-73.98317
5203,2017-02-04,50465728,It's a very lovely family. The room is clean and neat. 5 stars recommend!,Cozy Clean Guest Room - Family Apt,Manhattan,Upper West Side,40.8038,-73.96751
5203,2017-02-19,500371,"Mary-Ellen and her family were wonderful hosts and their apartment is absolutely charming. I stayed for three nights and immediately felt as though I had been there before because of how comfortable the place was. It was lovely to wake up to the smell of toasted croissants and coffee every morning. Mary-Ellen showed me where everything was as soon as I arrived and was extremely accommodating to my check-in and check-out times. The location is close to several subway stations and not too far from Central and Riverside Parks. There are a bunch of great coffee shops around the neighborhood as well. If you're looking for a clean, comfortable, and welcoming environment then this is definitely the place to book!",Cozy Clean Guest Room - Family Apt,Manhattan,Upper West Side,40.8038,-73.96751
5203,2017-03-09,29543919,MaryEllen's place felt like home and was always full of delicious smells. The room is simple with a small bed and desk space that is part of a large book shelf but roomier than I expected. I was visiting Columbia so the location was perfect. Very close to restaurants and the 110th St station to catch the 1 train. I didn't get to spend much time with MaryEllen or her teenage kids but I had a lovely time chatting with her husband and hanging out with their dog during breakfast. Definitely recommended for solo travelers.,Cozy Clean Guest Room - Family Apt,Manhattan,Upper West Side,40.8038,-73.96751
5203,2017-03-11,11040763,"The whole family is amazing, including their sweet dog.<br/>I will suggest staying with them to anyone I know who plans a trip to NYC.<br/>",Cozy Clean Guest Room - Family Apt,Manhattan,Upper West Side,40.8038,-73.96751
5203,2017-03-17,117206392,"MaryEllen is a very nice, hospitable person. My stay was very comfortable. Great location, clean, comfortable, not noisy- couldn't have asked for more. ",Cozy Clean Guest Room - Family Apt,Manhattan,Upper West Side,40.8038,-73.96751
5203,2017-03-18,15828157,"Hands down my favorite Airbnb listing where I've stayed in New York. Mary Ellen is easy to communicate with, and provides a very pretty, comfy room that's in quite a nice building. I got there late and left early, but the nice desk in the room helped me get some essays written for my classes. Definitely hope to stay here again for future city visits!",Cozy Clean Guest Room - Family Apt,Manhattan,Upper West Side,40.8038,-73.96751
5203,2017-03-26,42310058,"Welcoming space, clean, great location, comfortable.",Cozy Clean Guest Room - Family Apt,Manhattan,Upper West Side,40.8038,-73.96751
5203,2017-03-30,16747722,Great price for the room and location. My host went out of her way to make sure I arrived and that someone was there to let me in. Highly recommend.,Cozy Clean Guest Room - Family Apt,Manhattan,Upper West Side,40.8038,-73.96751
5203,2017-04-04,23049434,"Great location, 5min walk to Columbia campus; fantastic people! Clean, cozy room in a spacious apartment. Freddie is probably the cutest dog you'll ever see within a 10 mile radius. ",Cozy Clean Guest Room - Family Apt,Manhattan,Upper West Side,40.8038,-73.96751
5203,2017-04-20,29953293,"If you're on this page and found availability for the dates you need, close the other tabs and just book it. What a fantastic experience this was all round. <br/><br/>MaryEllen and her family (incluindo Fred, the dog), were fantastic, charismatic and super receptive. They give you your space (I had my own bathroom), and really make you feel at home.  <br/><br/>I am asthmatic and didn't have to touch my inhaler once, which is a huge deal for me. <br/><br/>MaryEllen and her family were an absolute pleasure. They really were, and words really can't capture accurately how pleased I am with the experience. <br/><br/>Thanks M.E and family<br/><br/>Tiago",Cozy Clean Guest Room - Family Apt,Manhattan,Upper West Side,40.8038,-73.96751
5203,2017-05-13,109690458,"I stayed one week at MaryEllen's home. She and her husband were really flexible of checking in and out. During my stay I could come and go like I want because of my own key. As I was on the way all the time, we didn't see us so often, but nevertheless we had some nice talks. Otherwise the family accepts my private sphere, so I felt really well at their home. Also the family-dog Freddy is so lovely and good-natured. <br/>Coffee, tee, granola and fruits were available all the time. MaryEllen also made towels and a hairdryer available for me. <br/>Their nice, big flat is well-located at a subway-station and you can reach Times Square in about 20 min. The Central park is in walking distance. I felt safe at their home and in the surrounding area all time. So I can really recommend MaryEllen's home specially for single travellers, because I think you could rely on their help in case of need.",Cozy Clean Guest Room - Family Apt,Manhattan,Upper West Side,40.8038,-73.96751
5203,2017-07-12,3640654,fantastic. great stay and nice people ,Cozy Clean Guest Room - Family Apt,Manhattan,Upper West Side,40.8038,-73.96751
5203,2017-07-15,130906520,If you are a lone traveller and need a place to sleep and drop bags safely then look no further. This place is on broadway and at walking distance to subway and central park. That's all you need to discover the top attractions of Manhattan. Mary and her husband Mike are very hospitable. They made sure that guy at reception is aware of my arrival to treat me well. They welcomed me right at the elevator's door and helped me with my heavy luggage. They even kept their dog locked so that it doesn't interfere with guest. There were few things which required their assistance like shower operation. On checkout the humble Mike again helped me with the luggage and saw me off until I boarded the cab. Thanks Mike n Marry for making me feel at home.,Cozy Clean Guest Room - Family Apt,Manhattan,Upper West Side,40.8038,-73.96751
5203,2017-07-21,31191229,I enjoyed Mary's flat a lot not only because of her hospitality but also because of all the family members' care. I would like to recommend this lovely stay for dog lovers and ones who wanna stay near the park and calm neighborhood with convenient public transportation. I would love to come and stay this place again for my next stay :),Cozy Clean Guest Room - Family Apt,Manhattan,Upper West Side,40.8038,-73.96751
5803,2010-08-17,86923,"We spent wonderful days thanks in her lovely home, we felt very<br/>well the rooms were comfortable as the whole house. We appreciate a lot<br/>the warm athmosfere that she created, she also helped us with<br/>suggestions, buying tickes for us and so on.<br/>New York City is wonderful<br/>and Laurie helped us to live it in the best way.Thank you a lot!<br/><br/>Abbiamo trascorso dei giorni meravigliosi nella sua bellissima casa. Ci<br/>siamo sentiti accolti stupendamente, le camere erano confortevoli come<br/>tutta la casa. Abbiamo apprezzato tantissimo la calda atmosfera che ha<br/>creato, ci ha inoltre aiutato tanto con suggerimenti, acquisto<br/>biglietti e tanti utili consigli. New York è una città meravigliosa e<br/>Laurie ci ha aiutato a viverla nel modo migliore. Grazie davvero!","Lovely, Cozy, Room 1, BEST AREA; Legal Rental",Brooklyn,South Slope,40.66801,-73.98784
5803,2010-09-08,103157,"My 79-year-old parents recently stayed at Laurie's for a few weeks (with a break to go to DC for 3 nights, during which their luggage was graciously stored) and they loved the place. They were in New York to visit grandchildren in Park Slope, and the house is conveniently situated near bus and subway lines. It was very clean, homely and Laurie was most obliging and welcoming, providing anything they desired (Weetabix, bedside lamps, fruit salad!) upon request.","Lovely, Cozy, Room 1, BEST AREA; Legal Rental",Brooklyn,South Slope,40.66801,-73.98784
5803,2010-09-15,118654,We enjoyed our stay with Laurie and Peter. Great location. Laurie was very welcoming and we felt at home straight away. She gave great help on visiting the area. There were a couple of samll things that needed fixing like the front door and the bedroom door which does not shut easily but I'm sure Laurie is on to it! Thanks L,"Lovely, Cozy, Room 1, BEST AREA; Legal Rental",Brooklyn,South Slope,40.66801,-73.98784
5803,2010-09-20,119700,"What a find... we had a great stay with Laurie.  What a gem... would never hesitate to recommend  her to any one.  What a place, what a deal and what a site... Thanks to airbnb I was able to enjoy Brooklyn and Manhattan.  Her house is so close to the sub way, but Brooklyn is a must see place too.  Thank you soo  much!  Your son and cats just add to the experience.  The Australia couple are now friends.  I will be back.  Heather","Lovely, Cozy, Room 1, BEST AREA; Legal Rental",Brooklyn,South Slope,40.66801,-73.98784
5803,2010-10-07,184042,We stayed 5 nights in Laurie and Peter's home and cam't imagine a more comfortable accommodation in Brooklyn.  Laurie is quite involved in her community and she loves Brooklyn.  She took us to Red Hook to me some of her artist friends and gave us a bit of a tour around the area.  She obviously loves her neighborhood.  I would recommend this home to anyone.  Thanks Laurie and Peter.,"Lovely, Cozy, Room 1, BEST AREA; Legal Rental",Brooklyn,South Slope,40.66801,-73.98784
5803,2010-10-17,230418,"It was my first time to use such kind of accommodation instead of hotels and I liked it very much. Laurie's house is amazing, the room is cozy and quiet, the bed is comfortable, everything is very clean and has really warm atmosphere, breakfast is very good and the cats are sweet. The location is very quiet and convenient, 5 minutes walking to subway - and in 15-20 min you are in Manhattan! NYC is great, worth visiting again and again, and Park Slope is the best place to stay. Laurie is a great host, very helpful, very clever and with good sence of humor. I enjoyed my staying with Laurie and definitely will come back.<br/>Highly recommended to everybody.","Lovely, Cozy, Room 1, BEST AREA; Legal Rental",Brooklyn,South Slope,40.66801,-73.98784
5803,2010-10-20,244529,"Laurie was so kind, and an excellent host! She made us feel entirely welcome in her beautiful home. Clean, cozy, super-convenient location in a nice neighborhood. Plus, an impressive library of children's books:)  Would love to stay there again.  Thank you so much, Laurie!!","Lovely, Cozy, Room 1, BEST AREA; Legal Rental",Brooklyn,South Slope,40.66801,-73.98784
5803,2010-11-16,254645,"Staying with Laurie and Peter was an absolutely wonderful experience. I felt like it was a second home. The room had great morning light, the house is peppered with beautiful illustrations and there are books galore. What more could you ask for?! I felt so welcome and taken care of by way of recommendations for restaurants, cool places to see and things to do.  I would one-hundred percent recommend staying with them. I can honestly say that I not only had a great time but I have  made two wonderful friends. Thank you so much Peter & Laurie! :-)<br/><br/>","Lovely, Cozy, Room 1, BEST AREA; Legal Rental",Brooklyn,South Slope,40.66801,-73.98784
5803,2010-12-13,305045,"Un buon posto dove soggiornare per brevi periodi a New York se siete in compagnia di altri con cui condividere la vostra camera (anche se foste da soli dovreste pagare la camera per intero, a quel punto trovereste qualcosa anche a Manhattan, se le vostre intenzioni sono quelle di visitare questa zona della citta'). Laurie ed il figlio sono davvero ospitali (Batman e Robin due micioni in cerca di coccole), la casa e' a completa disposizione dell'ospite... il frigo e' sempre ben rifornito di succhi, latte e quant'altro possa necessitare per una buona abbondante colazione. Si raggiunge il centro di Manhattan in circa 25 min di metro, la fermata piu vicina alla casa di Laurie dista appena 5 minuti a piedi. in definitiva l'esperienza a casa di Laurie e' stata sicuramente positiva.<br/>Diego","Lovely, Cozy, Room 1, BEST AREA; Legal Rental",Brooklyn,South Slope,40.66801,-73.98784
5803,2011-01-03,250345,"that was really cool! from the first minute in the house u gonna feel  like u came to see some of your far away relatives. Laurie was super nice host. She told us a lot about the places to visit and to eat at (really good ones) and what to do during our stay. Oh, and there are sooooooo charming cats) <br/>The room was clean and warm, the bed was comfortable and the bathroom right by side had everything u need.<br/>Next time in new york i'll stau there for sure :)<br/>p.s. the house is really that beautiful as in pictures)   ","Lovely, Cozy, Room 1, BEST AREA; Legal Rental",Brooklyn,South Slope,40.66801,-73.98784
5803,2011-01-07,65937,"We had a fantastic time at Laurie's. The house is beautiful, the cats adorable and the room very cozy and comfortable. Laurie herself is a wonderful person, as well as a great source of information: her knowledge of Brooklyn and NYC in general is impressive! Also, the house's location itself is very convenient, be it for the subway station or just shops and good restaurants. We strongly recommend staying here - it is well worth it - and we're sure you'll enjoy it as much as we have.","Lovely, Cozy, Room 1, BEST AREA; Legal Rental",Brooklyn,South Slope,40.66801,-73.98784
5803,2011-03-06,121530,"Laurie is a warm and generous host .  Her recommendations of restaurants in the neighborhood  have been memorable. Her home in the South Slopes shows many original and personal artwork, and lots of children's books.  It is within easy walking access to the subway.","Lovely, Cozy, Room 1, BEST AREA; Legal Rental",Brooklyn,South Slope,40.66801,-73.98784
5178,2012-11-14,1458876,"Shun's unit is a simply-furnished room with a bed, bedding, functional shelving and seating, a microwave and small refrigerator.  A large window looks out to W 55th Street from the second floor.  The picture in the listing represents it well.<br/><br/>Stairs lead to the second-floor unit; Shun helped with my luggage, and was kind and communicative.  (There is no elevator.)  First entry is by door buzzer; after that one has keys.  There is street noise at all times of day and night; one gets accustomed to this and to audible chaos in New York.  There is some noise abatement from closing the window and curtain.<br/>In October, it was chilly:  a nice touch is the ceramic heater.  Cooling is accomplished by raising the window slightly.  The (shared) bathroom is just outside the unit door, and also has a permanent-on heater.  The hosts ask guests to avoid using the bathroom 7-8mam weekdays, but this can be negotiated.  <br/><br/>I saw the hosts only briefly on arrival.  The unit is ideally located:  near the theatre district, and four blocks south of Columbus Circle, near Lincoln Center.  There's a lovely 24-hour cale/deli around the corner on 8th avenue (Bread Box), and a sizable (and busy) Starbucks on 57th two blocks north.<br/><br/>I slept reasonably, given the noise outside.  If this, or bedding (hard/soft) or other details are important, these are things to discuss with any host.  I'm just learning about the features important to me.<br/><br/>I recommend Shun's unit to anyone who needs simple lodging in the theatre district.",Large Furnished Room Near B'way　,Manhattan,Midtown,40.76457,-73.98317
5178,2012-11-20,1614302,Amazing location. Just a short walk from everything on Broadway.,Large Furnished Room Near B'way　,Manhattan,Midtown,40.76457,-73.98317
5178,2012-12-16,1817823,"This is a no frills apartment in a great location. That said, the room is furnished with a fridge, microwave and a TV. The price is great for the location too. Shun is quiet and nice. He is there to greet you when you first arrive and help you settle down and set up the internet. ",Large Furnished Room Near B'way　,Manhattan,Midtown,40.76457,-73.98317
5178,2012-12-18,1500345,It was lovely and in a perfect location!,Large Furnished Room Near B'way　,Manhattan,Midtown,40.76457,-73.98317
5178,2013-01-10,197711,"Shun was very accommodating. The room is wonderful and very quiet. The neighborhood is great. I heartily recommend Mooncake Foods-- it's an Asian comfort food diner/cafe on 54th at 9th. Great, inexpensive food and draft Sapporo for $2.50/pint.  ",Large Furnished Room Near B'way　,Manhattan,Midtown,40.76457,-73.98317
5178,2013-01-19,3768630,"La chambre était confortable bien que dépouillé de toutes décorations, surtout l'emplacement est idéal, proche des stations de métro et de broadway. <br/>Shun est un hote discret mais disponible",Large Furnished Room Near B'way　,Manhattan,Midtown,40.76457,-73.98317
5178,2013-01-27,3807504,"Good apartment, clean and very private.<br/>Seems like your own room, because the host is gone all day to work.<br/>Shower was hard to adjust, it was very hot or very cold. And the electric central heating was broke. There was a portable heater in the room. Goog working, but still cold with 30F outside and bad isolating windows. Bed was very good and comfortable and warm. Liked my stay, I will recommend this!",Large Furnished Room Near B'way　,Manhattan,Midtown,40.76457,-73.98317
5178,2013-01-31,3407005,It was a good trip. The flat is near Time Square. Theatres and the Central Park are nearby. Many places to eat. It was not much time to talk with Shunichi but I have good opinion about him. I'm going to stay there next time.,Large Furnished Room Near B'way　,Manhattan,Midtown,40.76457,-73.98317
5178,2013-02-26,5029546,The reservation was canceled 107 days before arrival. This is an automated posting.,Large Furnished Room Near B'way　,Manhattan,Midtown,40.76457,-73.98317
5178,2013-02-27,2858720,"The room was as described. Very confortable and a lot of privacy. Shunichi was always helpfull and polite. The location is priceless, very close to subways, the central park and times square.<br/>It was a bit difficult to adjust the water, it was too cold or too hot, but not a big deal. There was plenty of space in the room for two people. The fridge and microwave turned out to be really usefull. We will keep this in mind if going back to ny.",Large Furnished Room Near B'way　,Manhattan,Midtown,40.76457,-73.98317
5178,2013-03-02,4486075,"Shun is nice person, very attentive and helped us with all your doubts. The place is really well situated and quite silent. Nice deal!",Large Furnished Room Near B'way　,Manhattan,Midtown,40.76457,-73.98317
5178,2013-03-20,5381131,"Shun's place is nice and conveniently located in Midtown. It's private and has a fridge, some dishes, microwave and tv. He helped me with my luggage and set me on my way with keys and wifi access. I did not have a problem with the shower as others have stated. I just kept adjusting the knobs until the water was comfortable. I would stay here again! ",Large Furnished Room Near B'way　,Manhattan,Midtown,40.76457,-73.98317
5178,2013-03-27,4245859,"Shun est un hôte à la fois discret et serviable; nous avons eu des problèmes avec nos bagages et il nous a bien aidé.<br/>La chambre est conforme à la photo; elle est assez grande pour 2 et tout est très fonctionnel et très pratique .<br/>La douche est effectivement difficile à régler, mais en tout cas elle est bien chaude! et la salle de bain est suffisamment grande.<br/>L'appartement est surtout très bien situé.<br/>Il faudrait peut être un peu  de rénovation!<br/>",Large Furnished Room Near B'way　,Manhattan,Midtown,40.76457,-73.98317
5178,2013-04-01,3554007,"For the price, Shun's place in midtown is a great deal.<br/>Shun was super friendly when I arrived, and i knew he would be helpful the rest of the week, but I did not call on him again and did not see him again either. The location is very close to columbus circle and other convenient subway stops, central park, etc, so it was really easy to get around. the room is spare, but warm and has plenty of shelving etc. he provided cups and bowls, a microwave and mini fridge, so i felt i could be somewhat selfsufficient - i did use his kitchen once. The sheets and room were clean, and the bathroom was very clean as well. i didn't turn on the tv, but it was there staring at me. i would have liked to have more hangers in the closet and access to an iron if possible, but it wasn't a big deal.<br/>Shun's airbnb room needs art. airbnb community - lets give shun some art! other than staring at the spare walls, i had a great stay.<br/>",Large Furnished Room Near B'way　,Manhattan,Midtown,40.76457,-73.98317
5178,2013-04-04,4663932,"Apartment as described, clean and very private. The location is perfect. Shunichi was not intrusive and was very flexible with check-in/out times. Bed was very comfortable and warm.We would recommend it for its unbeatable value! Thanks",Large Furnished Room Near B'way　,Manhattan,Midtown,40.76457,-73.98317
5803,2011-03-17,374347,"Laurie was a great host! She was very friendly and very helpful with dining and entertainment recommendations, even offering groupons for us to use! It was nice of her to have breakfast items available. The room was spacious and the location was great for exploring Brooklyn as well as Manhattan (very close to the F/G/R trains). This was my first airbnb experience and it was definitely a good one!","Lovely, Cozy, Room 1, BEST AREA; Legal Rental",Brooklyn,South Slope,40.66801,-73.98784
5803,2011-03-31,103074,"Laurie is a generous host who imparts info about Park Slope restaurants, provides terrific bagels and orange juice, cereal, etc. and shares her wonderful, spacious home with interesting travelers who get to know one another. Her quiet neighborhood in Brooklyn is ideal for exploring Prospect Park, 7th Avenue hotspots, and close to subways for getting to Manhattan in a short time. Check out the TKTS site at the Jay Street/Metrotech stop to get 50% off Broadway tickets. Much less crowded than the Times Square location. I also recommend trying the Moutarde Bistro at 239 5th Ave about a mile north of Laurie's for a great French meal at reasonable prices. All in all, a great place to stay.","Lovely, Cozy, Room 1, BEST AREA; Legal Rental",Brooklyn,South Slope,40.66801,-73.98784
5803,2011-04-05,309052,"nice rooms,  clean, warm and cosy.   Nice Bathroom with very hot shower.   top floor,  could be difficult stairs for elderley to negotiate.","Lovely, Cozy, Room 1, BEST AREA; Legal Rental",Brooklyn,South Slope,40.66801,-73.98784
5803,2011-04-15,414799,"It certainly was lovely to stay in Laurie's house. Staying in Brooklin was no disadvantage at all, quite quickly to Manhattan by subway and having the oppotunity to see sites in Brookling we would not have seen otherwise. Laurie is a wonderful hostess, very helpful, interested in art and very educated too.<br/>Nearby are a few really nice restaurants, which we eventually preferred to places in Manhattan, cheaper and good quality.<br/>We thoroughly enjoyed our stay.<br/>Linde and Peter","Lovely, Cozy, Room 1, BEST AREA; Legal Rental",Brooklyn,South Slope,40.66801,-73.98784
5803,2011-04-19,464017,"My daughter and I stayed in Laurie's house for a few nights. It was quite perfect. an. Extremely well-organized house.in a quiet neighbourhood, close to the F train, straight into Manhattan.","Lovely, Cozy, Room 1, BEST AREA; Legal Rental",Brooklyn,South Slope,40.66801,-73.98784
5803,2011-04-24,435099,"Laurie's home in Brooklyn is fab - great location with lots going on in the local area and easy access into the city to do all the tourist sights! We were sad not to meet Laurie and Peter, but enjoyed staying with a lovely Swiss couple in the house. Thanks to Laurie for all the extra tips and finishing touches she added to the experience! Definitely recommend to others.","Lovely, Cozy, Room 1, BEST AREA; Legal Rental",Brooklyn,South Slope,40.66801,-73.98784
5803,2011-05-09,218566,"Laurie was a wealth of information and offered many great tips about Brooklyn and New York. My daughter and I enjoyed staying in her cosy home, and walking the neighborhood.  By the time we left, we felt like locals using the subway and enjoying all that the city has to offer. We'd definitely recommend a stay at Laurie's in Brooklyn, as both a way to stretch your travel dollar and also as having a fabulous location to explore. <br/><br/>Being in Brooklyn didn't prevent us from attending theatre in New York, going to museums or visiting Central Park.<br/>","Lovely, Cozy, Room 1, BEST AREA; Legal Rental",Brooklyn,South Slope,40.66801,-73.98784
5803,2011-05-25,529835,"Laurie is a great host. Tons of maps, books and information available for her guests to help plan their NYC trips. Also, her location in brooklyn is fabulous--walking distance to5th and 7th avenues in brooklyn where lots of cool indie shops and cafes are located and only a few blocks tot he metro to get into manhattan. Loved her croissants in the morning. ","Lovely, Cozy, Room 1, BEST AREA; Legal Rental",Brooklyn,South Slope,40.66801,-73.98784
5803,2011-05-31,134005,"Laurie is an awesome hostess: great breakfast carbs with espresso; lots of suggestions on places to go and things to do; and the best English-style garden I've seen lately.  Clearly posted instructions available for things like tricky doors, cats, coffee machine & so forth -- all intended to help you be the good guest she deserves.  I'll be back!","Lovely, Cozy, Room 1, BEST AREA; Legal Rental",Brooklyn,South Slope,40.66801,-73.98784
5803,2011-06-06,480295,"Staying with Laurie was fantastic.  We felt so at home.  Laurie makes you feel really relaxed, the house is lovely, the cats (Batman and Robin) are cute and we slept so well.  Laurie gave us lots of ideas about where to eat and things to do.  Breakfast was lovely with great products.  We want to go back to New York because it's a great city but also because we want to stay with Laurie.  We don't hesitate to recommend her to you!  Also, Park Slope is a great area and you are so quick to get to manhattan.  One of the best b and bs we have ever stayed in.  Thank you!  ","Lovely, Cozy, Room 1, BEST AREA; Legal Rental",Brooklyn,South Slope,40.66801,-73.98784
5803,2011-06-18,488247,"Our stay at Laurie's is probably the best experience one could ever imagine through Airbnb.  Laurie is an amazing host, a knowledgeable tour guide of New York, and a museum curator all in one.  Her home is in a great part of the city, yet on a side street where I never had a problem parking just a few feet from her front door.  Her house could be a Better Homes and Garden showpiece, and yes, it even has a large garden in her back yard.  There is artwork and books everywhere.  In fact, the photos on Airbnb don't even do justice to the beauty of the place.  The rooms are large, immaculate, and the beds are comfortable.  The espresso maker in the kitchen and fresh croissants and OJ every morning was a treat, and much better than even Starbucks can deliver!  The house management team, Batman and Robin (Laurie's two cats), were friendly and ever-present.  I couldn't think of a nicer place to stay.  ","Lovely, Cozy, Room 1, BEST AREA; Legal Rental",Brooklyn,South Slope,40.66801,-73.98784
5803,2011-06-30,573441,"hello,<br/>just to let you know that we stayed at Lauries place and that was a great experience! <br/>she's a wonderful host, and we had a very good time.  <br/>Laurie helped us to figure out what we should see and do in Ny and her house was a place of rest and safety when we came back from the hectic NYC :-)<br/>Brooklyn is beautiful too and only about 10 min. with the metro to the city centre.<br/>If we ever go back to NYC, we'll ask Laurie to stay at her home again, her house felt like home the moment we came there! <br/>Also Lauries son Peter was a perfect host, nice boy!!! <br/>We sent them our love because they helped to make our vacation feel like one great gift!! <br/>geert and marjan from Belgium","Lovely, Cozy, Room 1, BEST AREA; Legal Rental",Brooklyn,South Slope,40.66801,-73.98784
5178,2013-04-11,1906447,"Fabulous room in a perfect location at a great price, wld recommend this place to everyone and Shun was a great host! ",Large Furnished Room Near B'way　,Manhattan,Midtown,40.76457,-73.98317
5178,2013-04-14,4468963,"Great host. The location is just great, but noisy. But you`ll be fine with some ear plugs.",Large Furnished Room Near B'way　,Manhattan,Midtown,40.76457,-73.98317
5178,2013-04-18,339539,"Appartement très très bien placé, proche du métro, de deux supermarchés, de Central Park.<br/>Chambre spacieuse et Shun a pensé à tout! Un excellent choix.",Large Furnished Room Near B'way　,Manhattan,Midtown,40.76457,-73.98317
5178,2013-04-27,4415822,"We had an excellent six night stay with Shunichi - at least we think it was him, as we only met twice during our six day stay.  Shun was however very friendly and we communicated when needed by sms - always very promptly. Check-in was a breeze. The neighborhood was excellent, safe with heaps of eating places within a five minute walk radius. Based from Shun's room we walked lots of NYC. The room is secure and basic but comfortable for all who spend their time out on the streets and in New York that's where you wanna be eh? Thanks Shun, we'll be back sometime!",Large Furnished Room Near B'way　,Manhattan,Midtown,40.76457,-73.98317
5178,2013-05-30,2851943,"Great location, you're close to everything you want to see as a tourist.<br/>Very close to central park, broadway, MOMA ...<br/>The room is just as pictured even though the painting is not as fresh. ",Large Furnished Room Near B'way　,Manhattan,Midtown,40.76457,-73.98317
5178,2013-06-05,4622293,Shun is a quiet and friendly host who gives his guests their own independence which allowed me to have an authentic NYC experience without any hassle whatsoever.<br/><br/>The room is large and well equipped and sufficient for the price. The location is great for midtown.<br/><br/>Highly recommended.,Large Furnished Room Near B'way　,Manhattan,Midtown,40.76457,-73.98317
5178,2013-06-08,5654721,Shun was a great host - he was very prompt when replying to enquiries and he made sure the check-in process went smoothly. The location of the apartment was amazing - walking distance from both Times Square and Central Park. We had a great time here! ,Large Furnished Room Near B'way　,Manhattan,Midtown,40.76457,-73.98317
5178,2013-06-27,4542935,"First of all we have to say that the hosts (Shun & Akiko) are really friendly, quiet and helpful. For staying connected Shun borrowed us his Blackberry because the airline lost our complete baggage. Thanks for that!<br/>Unfortunately we have nothing good to say about our room. It's true that the room needs a fresh painting as stated before. The pictures in this ad must be taken years ago or are simply photoshopped because the walls are more black of dirt as white as they seem on the pictures. The whole room was unbelievable dirty and seemed not beeing cleaned properly for ages. Hairs everywhere, crumbs on the floor and a lot of dust. Honestly it was a small shock when we entered the room for the first time. Before our trip to New York we read all of the ratings here and decided us for Shun, because nearly everyone stated how clean the apartement is. We are definitely not stuffy, but this is simply not true.  The same for the bathroom. Dozens of hairs everywhere (floor,  washbasin, shower) and a lot of mold on the shower curtain, the window and the  bath tub. Honestly it was a kind of disgusting.<br/>This was our first trip with airbnb and it was probably our last too. We have no explanation how 140+ ratings can differ from our impression so much. Nevertheless we had a great time in NYC and had to arrange with the whole situation at ""home"".<br/><br/>June 2013",Large Furnished Room Near B'way　,Manhattan,Midtown,40.76457,-73.98317
5178,2013-07-03,1458876,"This was my second stay with Shun.  He's an excellent and prompt communicator.  The lodging is exactly as described, furnished with a terrific A/C, mini-refrigerator and microwave. Queen bed is comfy. Situation is perfect for a theater-goer, by walking or easy cab ride. I'm slightly mobility-disabled and Shun's unit is just one flight up. He helped me with luggage on arrival. Perfect wireless. Several reasonable eating options very close:  Bread Box on 8th and Hale/Hearty (soup,salad,sandwich) across street. Thank you, Shun!",Large Furnished Room Near B'way　,Manhattan,Midtown,40.76457,-73.98317
5178,2013-07-12,4803765,"Location, location, location!  Shunichi's place has the perfect location in New York - you walk out the door to restaurants, laundreys, whatever you want - and can then walk to Central Park or the Broadway theater district with ease.  At first I thought his building was a little run-down, but the room itself had everything I needed - a small fridge, air-conditioning (it was hot!), a microwave, dishes, cutlery, a desk, storage space, and a comfortable bed.  The shower would be better with more water pressure, but this was a minor matter.  Shun himself was there waiting for me and helped with the luggage.  He's a fairly quiet, retiring sort and I didn't see him much during my stay - which made me feel like it was my own place.  A great stay - thanks, Shun!",Large Furnished Room Near B'way　,Manhattan,Midtown,40.76457,-73.98317
5178,2013-08-19,1785051,"Shunichi is a great host, very discreet, yet helpful.<br/><br/>the location is just perfect (hence very noisy because located in a very busy neighborhood, don't forget your earplugs!).<br/><br/>Contrary to some comments, I didn't find the appartment dirty, just timeworn, price-quality ratio is quite good.",Large Furnished Room Near B'way　,Manhattan,Midtown,40.76457,-73.98317
5178,2013-09-05,6453658,"Très bon séjour à New York dans cette chambre très bien située au centre de Manhattan (moins de 5 min de marche de Central park, 5th Avenue, la station de métro et de nombreux magasins et restaurants).<br/>Chambre bien équipée et très propre malgré une petite odeur dérangeante mais supportable. Quartier très sûr.<br/>Shunishi est très gentil.<br/>Je recommande cette chambre pour vos futurs séjours à Manhattan.",Large Furnished Room Near B'way　,Manhattan,Midtown,40.76457,-73.98317
5178,2013-09-14,4965674,"The location is great! Very near to the most famous attractions of the city, like Times Square, Broadway and the amazing Central Park, to the subway and to lots of restaurants and markets.<br/>We didn't find the room and the bathroom dirty. People who decide to travel with Airbnb should consider that they will stay in a private home and not in a luxury hotel!!! <br/>The microwave and the fridge in our bedroom have been very useful, such as the towels and the dishes. <br/>And last but not least, Shun is a very polite, quiet and discreet man.<br/>We think it's almost impossibile to find another place in NYC so well-situated and comfortable at the same price!!! <br/>Thank you!!!  ",Large Furnished Room Near B'way　,Manhattan,Midtown,40.76457,-73.98317
5178,2013-09-20,8621606,"I think the location is great! <br/>I could walk easily to some of famous attractions and the neighborhood is very convenient.<br/>I only met the host twice when check-in & out. I feel like it was my own apartment. Nothing to complain from my experience. <br/>",Large Furnished Room Near B'way　,Manhattan,Midtown,40.76457,-73.98317
5178,2013-10-19,5073335,"ligging: ideaal<br/>gastvrijheid: vriendelijk maar nogal afzijdig<br/>kamer en badkamer: sober, rommelig en niet zo proper",Large Furnished Room Near B'way　,Manhattan,Midtown,40.76457,-73.98317
5803,2011-09-28,655421,What a wonderful happy house! My friend and I stayed with Laurie when we came to do the tunnel to tower charity run and Laurie couldn't of helped us more. GREAT coffee!!! ,"Lovely, Cozy, Room 1, BEST AREA; Legal Rental",Brooklyn,South Slope,40.66801,-73.98784
5803,2011-10-03,1183438,"A fantastic few days in New York, made perfect by Lauries accommodation. A great location in Brooklyn, near so many lovely cafes and restaurants and a very short walk to the subway. Laurie is so full of excellent information and there to assist with any questions and needs. ","Lovely, Cozy, Room 1, BEST AREA; Legal Rental",Brooklyn,South Slope,40.66801,-73.98784
5803,2011-10-29,582395,"It was great to stay at Laurie´s. Her house is magical, full of art and small details , and very comfortable . She was the most hellpfull and available host ! I really enjoyed staying at her place !<br/> I highly recommend to book with her,.<br/> Park Slope it´s really a safe place to be and a very nice neighbourhood to know!<br/>Something else  , I left NY very late at night and Laurie allowed me to leave my baggage at her house until the time I took the cab !!!!! That was a very sensitive attitude and I really appreciated it ( and she did it even though her new guests were already arrived !!!","Lovely, Cozy, Room 1, BEST AREA; Legal Rental",Brooklyn,South Slope,40.66801,-73.98784
5803,2011-11-13,865820,"We had a great time at Laurie and Peter's house. We were made to feel really welcome with our young daughter and Laurie went out of her way to share tips and ideas for places to visit. Our room was really comfortable and it was great to be surrounded by such fantastic art. It was really useful  to have access to lots of maps, magazines and information about New York, and we really enjoyed our chats with Laurie- it was great to meet someone so passionate about her city.The neighbourhood is fantastic- we ended up enjoying Brooklyn so much that we spent most of our time exploring the local area. We really appreciated the hospitality which we received and we are delighted that it made Tove's first trip to NYC so special. Thank you- and we hope it is not long before we return. ","Lovely, Cozy, Room 1, BEST AREA; Legal Rental",Brooklyn,South Slope,40.66801,-73.98784
5803,2011-11-20,1306432,Our stay was excellent! The house is great and Laurie very welcoming!,"Lovely, Cozy, Room 1, BEST AREA; Legal Rental",Brooklyn,South Slope,40.66801,-73.98784
5803,2011-11-30,1343351,"This was a perfect location for getting around Brooklyn. I loved the ease of walking, catching a bus or car service.<br/>Being in Laurie's Home is to be surrounded by art work and books. Her warmth makes you feel right at home. ","Lovely, Cozy, Room 1, BEST AREA; Legal Rental",Brooklyn,South Slope,40.66801,-73.98784
5803,2011-12-13,1263401,"We had the best stay with Laurie possible.<br/>She is very hospitable & knowledgeable<br/><br/>The house is beautiful & the bedrooms are extremely comfortable.<br/><br/>The subway is just five minutes walk with trains to Manhattan every few minutes.<br/>Brooklyn  itself is great to walk around with lots of good food & quirky shops.<br/>Went to a small music club round the corner (Barbes) and saw Nora Jones performing also a fantastic Mandingo embassadors - guinean band. Top stuff!","Lovely, Cozy, Room 1, BEST AREA; Legal Rental",Brooklyn,South Slope,40.66801,-73.98784
5803,2011-12-24,1445183,"My partner and I stayed with Laurie for 5 days right before Christmas, and we couldn't imagine a better choice for our New York visit. The house is located in a wonderful, safe and pedestrian-friendly neighbourhood in Brooklyn -- with a great choice of restaurants, cafes and bars, all within short walking distance. There are also two easily accessible subway stations nearby for getting around the city. As a result, we had no problems efficiently getting around Brooklyn and Manhattan from this location.  <br/><br/>Laurie herself was an excellent host, and a fantastic source of information for where to go for dining and entertainment, as well as for  getting around New York and Brooklyn. She also appeared to know quite a bit about the historical and cultural side of the city. (One of my regrets was not getting enough time to talk to her about this side of the city)  <br/><br/>The house itself is a walk-up with beautiful spacious interior (the photos on the website don't exaggerate). The house is filled with a wonderful array of art -- in fact, one of my daily pleasures was lingering over the drawings and paintings as I walked up and down the stairs in the morning. <br/><br/>The room we had was cozy, warm and private, and the bathroom was clean and maintained throughout our stay. In short, we couldn't hoped for a safer, more well-kept place for our visit. <br/><br/>My partner and I were surprised as to how much we lucked out finding this place for our New York trip, given that this was the first time we had used Airbnb.  We intend on coming back here again when we visit N.Y. next time.<br/><br/>","Lovely, Cozy, Room 1, BEST AREA; Legal Rental",Brooklyn,South Slope,40.66801,-73.98784
5803,2012-01-02,1353997,"I've been in NY for New Year Eve with my boyfriend. Our stay was perfect, Laurie's place is just next to the metro wich is fine if you want to visit Manhattan, but is also a cosy place to come back to after an intense day in the city. The room and the breakfast were fine, and Laurie has been a very good host explaining us how to move with public transportation. We had also the opportunity to experience the everyday life of Brooklyn wich is something more than just being tourists in Manhattan. And if you love cats you should meet Batman and Robin!","Lovely, Cozy, Room 1, BEST AREA; Legal Rental",Brooklyn,South Slope,40.66801,-73.98784
5803,2012-01-16,898248,"I had a most enjoyable stay.  The building is close to public transportation and a short walk to several great bars and restaurants.  The Fifth Estate was the best  with live entertainment every night. The hostess always had coffee, juice and snacks available.  The two resident cats added great enjoyment to my visit.  Highly recommended.<br/>Pat Brennan","Lovely, Cozy, Room 1, BEST AREA; Legal Rental",Brooklyn,South Slope,40.66801,-73.98784
5178,2013-10-30,7487779,"I had a great stay at Shunichi's apartment. He had helped me carry my luggage up the stairs when I checked in, showed me around the apartment, and that was pretty much the only time I met with him. The room and bathroom were clean, and the location was good. I would definitely stay at his place again. ",Large Furnished Room Near B'way　,Manhattan,Midtown,40.76457,-73.98317
5178,2013-11-01,9486553,"For starters, great location. I was in NYC for only 3 days and 2 nights which meant i had to do a lot of running around and the location certainly helped. The apartment is located a couple of blocks south of central park and the subway station and a few blocks north of times square which made for great travelling times to all parts of the city. The apartment itself was nothing special. All the amenities were as described in the website except for an air conditioner, which i obviously did not need as i was visiting in winter. The room looked a bit worn down and probably needed a paint job. Some people here commented that the toilet was dirty but that was not the case. The apartment and toilet was a bit worn down but by no means dirty. Keep in mind that you are renting an apartment and not a luxury hotel. It is certainly good value for money and a great place to stay for a couple of days. Last but not the least, the host was very polite and friendly and i didn't get to see him much except while checking in and checking out. So, my honest assessment and recommendation is this- If you are looking for luxury and great comfort, then go to a luxury hotel. But if you want value for money, great location and a new yorker feeling stay at shunichi's, you'll not regret it!!",Large Furnished Room Near B'way　,Manhattan,Midtown,40.76457,-73.98317
5178,2013-11-09,4508112,"Great location, perfect sized room, friendly host & environment in general. The location near corner of 55th St & 8th ave is perfect. Short walk to subway, central park, times sq, plenty of places to eat, etc etc etc. Just perfect really. Anyone who hasn't been to Manhattan the place is easy to get around to all tourist attractions via the subway. $31 for a 7-day MetroCard with unlimited train & bus use.  Shunichi met me at check in & showed my the unit & all important things. We didn't see each other much at all for my whole 8-day stay. I will book with Shunichi again / every visit to NYC. Thanks again Shunichi.",Large Furnished Room Near B'way　,Manhattan,Midtown,40.76457,-73.98317
5178,2013-11-21,197711,"This is my second time staying with Shunichi, and he  is a gracious host. The apartment is incredibly well-located-- a short walk to Columbus Circle and surrounded by restaurants and shops. The room is comfortable with a refrigerator and microwave in the room. Everything is very clean and comfortable.  ",Large Furnished Room Near B'way　,Manhattan,Midtown,40.76457,-73.98317
5178,2013-11-24,9023368,"L'appartamento è situato in una posizione davvero comoda: tra time square e central park, al primo piano di una tranquilla palazzina , abbiamo trovato un appartamentino davvero confortevole, la nostra stanza era servita da ogni confort.<br/>Abbiamo trovato lenzuola pulite , set da bagno , frigo e forno a microonde.<br/>Il proprietario di casa è stato davvero carino , dandoci riservatezza e libertà in tutto il nostro soggiorno .<br/>",Large Furnished Room Near B'way　,Manhattan,Midtown,40.76457,-73.98317
5178,2013-11-27,337193,A very well-situated apartment several blocks away from Central Park,Large Furnished Room Near B'way　,Manhattan,Midtown,40.76457,-73.98317
5178,2013-12-05,4892465,The photo gives a better image of the room than what it is. The room is small and can be cramped.  It is a good incentive to be out sightseeing all day and only using it for sleeping in. The bed was uncomfortable though.  But you cannot beat the location! The room is located four doors from the Soup Man and a 10 min walk to Times Square and 5 min walk to Central Park. Meals are best had outside the room at any of the many nearby diners and restaurants. Great breakfast at Cosmic Diner.  The shared bathroom was not a problem and the water was hot. Consider this if you want location and are prepared to put up with basics.,Large Furnished Room Near B'way　,Manhattan,Midtown,40.76457,-73.98317
5178,2013-12-09,683217,"If u are fine with older spaces with character, this space will be fine for you.  I loved that I had a completely separate room with my own keys and the bathroom was in the hall between my rom and his living room ets areas so I felt very comfortable. I was not there more than 6 hours each day and never saw him after he let me in.  It was worth the cost savings.  Just be aware this IS NOT A HOTEL   Bring a towel.  I had to buy one.  It was very close to everything.  Just a couple short blocks and 2 blocks from subway.  I would stay again. ",Large Furnished Room Near B'way　,Manhattan,Midtown,40.76457,-73.98317
5178,2013-12-16,8168261,"Super convenient location for exploring Midtown, the room had everything I needed and Shun was lovely on the brief occasion I met him. Exactly what I expected based on the description/reviews and would definitely stay again. Thanks Shun!",Large Furnished Room Near B'way　,Manhattan,Midtown,40.76457,-73.98317
5178,2014-01-03,1568867,We were very happy with the room and had a great time in NYC. ,Large Furnished Room Near B'way　,Manhattan,Midtown,40.76457,-73.98317
5178,2014-01-14,10337731,"La habitación es cómoda y la ubicación es fantástica. Aunque casi no tuve contacto con Shunichi, fue muy amable para todo.<br/><br/>The room is comfortable, location was great. Even I have a few words with Shunichi, he was very helpfull and nice. ",Large Furnished Room Near B'way　,Manhattan,Midtown,40.76457,-73.98317
5178,2014-01-20,6157354,"We enjoyed our stay at Shun's apartment. As other reviewers have mentioned, the location is perfect for visitors as it is in walking distance of many attractions, especially MoMA, Rockerfeller Centre, Times Square, Central Park, etc. There are great eateries within a couple of minutes and the subway is a couple of blocks away. Shun was very welcoming, honest and reliable, the room was warm (this was winter time) and the bed was comfy. The place could do with a lick of paint and some artwork, but for the price we'd highly recommend Shun's apartment. Thanks Shun, and best wishes! ",Large Furnished Room Near B'way　,Manhattan,Midtown,40.76457,-73.98317
5178,2014-02-24,10586424,"shunichi's place is perfectly located, a 5min walk to eather central park or times square! we did almost all of manhattan by walking. also the metro station is only a couple of minutes away. the apartment is clean and friendly, the bed is really nice to sleep in :) . all in all we can only recommend shunichi as a host, you couldn't find a better place to stay. <br/>perfect location and very nice apartment, we were 100% satisfied.",Large Furnished Room Near B'way　,Manhattan,Midtown,40.76457,-73.98317
29628,2010-06-06,138466,"My first time using Airbnb and it was a great success, Chris was on top of everything from beginning to end. Very nice guy and very hospitable. The neighborhood is beautiful and the metro is just a few blocks away, very convenient. The room is very comfortable, the built-in AC unit made the hot summer night very pleasant and the bed was amazing. We got to try the new mattress, which was very comfortable, after a long day of walking in New York it's exactly what you need. Everything was spotless, the bathroom was very clean and the shower was great! The building is brand new and has a nice roof top terrace. I highly recommend this room, you really get your money's worth! <br/><br/>Thanks again for the hospitality Chris!","Comfortable, Sunny Room",Brooklyn,Clinton Hill,40.68292,-73.96381
29628,2010-06-16,139469,"This was also my first airbnb experience and it was a great one right from the start! <br/><br/>The apartment is very clean and beautiful and in a nice neighborhood in Brooklyn with the subway (straight to Manhattan) right around the corner and nice restaurants/bars and shops (great flea market on sat) in walking distance. The room is sunny and very spacious. I love the house's rooftop terrace - it's a great spot to relax after a day of walking all around town!<br/><br/>Chris is  such a friendly guy, very helpful and knowledgable about the area. He is an ideal host!<br/><br/>I would recommend this place to anyone I know! If this is your first time in the city or you just prefer a clean, comfortable place, look no further. <br/><br/>Thanks for a great week in New York!","Comfortable, Sunny Room",Brooklyn,Clinton Hill,40.68292,-73.96381
29628,2010-06-17,1787,"Chris was accomodating and had his apartment ready last minute & met me to give me the keys. Though it was a short stay, the apartment was nice, clean, and very comfortable.","Comfortable, Sunny Room",Brooklyn,Clinton Hill,40.68292,-73.96381
29628,2010-07-07,118396,"Our five days stay at Chris' place was just perfect. He is a very kind person, ready to help you anytime you need it. The flat is just as decribed - nice, bright, clean and comfortable. Within 15 minutes from downtown Manhattan by subway. What else can we say - we'll be back in August ! ","Comfortable, Sunny Room",Brooklyn,Clinton Hill,40.68292,-73.96381
29628,2010-07-22,130012,"It was my first experience with airbnb. I was surprised that the apartment was exactly as described. It was clean and comfortable. The AC unit in the room probably saved my life. You have the access to the whole apartment. You can even use some spices if you want to cook something in that fully equipped kitchen and you're also free to drink filtered water from the fridge. Everthing that you may need during your stay in New York is provided.<br/>Chris is very nice, hospitable and incredibly helpful. He's always ready to give you some tips and provide any information you may need.<br/>I certainly recommend Chris' place to anyone who needs a place to stay in New York. ","Comfortable, Sunny Room",Brooklyn,Clinton Hill,40.68292,-73.96381
29628,2010-07-27,143760,"it was our first experience with airbnb and really, it couldn't start better!the house is awesome, clean and cozy and the room is big and full of light. the neighborough is quiet and easy (metro, supermarket and restaurants all close to the house).<br/>chris is a very superb host, he will help you in every situation and give you a lot of good tips about things to do and see in new yor city.<br/>surely we'll come back to his place and we highly raccomend everybody to stay in his house while visiting the big apple!","Comfortable, Sunny Room",Brooklyn,Clinton Hill,40.68292,-73.96381
29628,2010-08-02,134814,"Chris is a warm,easygoing individual who made feel very comfortable from the moment we met. His home is very nicely furnished and the room has everything one needs. Chris took the time to find me routes to LaGuardia from his home He goes the extra mile. Chri is very close to the subway and bus.<br/>If one is planning a trip to Brooklyn, stay with Chris<br/><br/>Joe<br/>7/30-8/2","Comfortable, Sunny Room",Brooklyn,Clinton Hill,40.68292,-73.96381
29628,2010-08-05,162084,"Chris' apartment was the perfect haven for anyone going to NYC. Chris is very helpful and you won't get any other location quite like this. clean, big, close to the subway, and with a top notch roof overlooking the city.","Comfortable, Sunny Room",Brooklyn,Clinton Hill,40.68292,-73.96381
29628,2010-08-08,190415,"Hello...sorry for the late review..after I left yours,i went to nigeria for 3weeks..Just got back to london.I jus want to say me and girlfriend really enjoyed our stay and when next we in NY,we coming back to yours..I enjoyed your home made beer,so i guess there more when next we come...love ur apartment,neat,clean with lovely lighting,was surprised so see a clean n tidy apartment as you been a man..You did a great with room..new bed covers and towel.We see you again chris..","Comfortable, Sunny Room",Brooklyn,Clinton Hill,40.68292,-73.96381
5803,2012-02-18,1697910,"If I could give Laurie more than five stars, I would.  My family will be eternally grateful for her amazing warm hospitality to my daughter Dana  who needed a place to stay for two weeks between apartment changes. I'm  writing the review since Dana is in move- in mode today, but she could not have been more thrilled with her stay. We  met Laurie after a six hour drive from upstate to assist in the apartment search, and she was kind and lovely. This was my first introduction to airbnb, and find it hard to believe you will find any nicer stay than this one!!! Amazing area, lovely and clean house....but mostly, just a warm feeling environment. <br/>Thank you Laurie.","Lovely, Cozy, Room 1, BEST AREA; Legal Rental",Brooklyn,South Slope,40.66801,-73.98784
5803,2012-03-11,281328,"Laurie and her comfy home were a perfect place for me while working in Brooklyn.  The accommodations were quiet, homey, and clean, she always offered help regarding things to do and places to dine and there were 2 super duper sweet kitties to round out the experience.  :)<br/>So enjoy!  <br/><br/>Adrienne ","Lovely, Cozy, Room 1, BEST AREA; Legal Rental",Brooklyn,South Slope,40.66801,-73.98784
5803,2012-03-23,1619346,"My wife  Pat and I had a 10 day stay in March and it was a most enjoyable experience. The house is remarkably 'homely' and conveniently placed in Park Slope to  great shops, restaurants, amenities and services. Laurie is a superb host helpful, attentive and  and very kind. The house has style and is very  comfortable but with some stairs  to climb that need good legs. But the effort is more than made up for by the pleasant surprises in store for the European visitor in particular, and the engaging conversations  to be had with Laurie and her brother Colin. Warmly recommended!<br/>--Manlio <br/><br/>This was such an incredibly lucky find.  A large old house full of charm, very comfortable and the bed was like drifting on a cloud - seriously!<br/>This old world experience included the wonderful hospitality and friendliness of Laurie (the B&B owner and host) who is a veritable mine of information regarding places to go, how to get there and much time is saved by recommending places to eat. Talking of food, oh those almond croissants!  Many thanks to you and your son for a great stay. Your two lovely cats, Batman and Robin, also made us feel very much at home! We will definitely be back Laurie.<br/>--Pat<br/><br/>Manlio and Pat Guidetti from London , England   ","Lovely, Cozy, Room 1, BEST AREA; Legal Rental",Brooklyn,South Slope,40.66801,-73.98784
5803,2012-04-08,1757068,"Laurie was just brilliant. It felt like staying with an old friend. Laurie is so very helpful and caring about what she does. Her hospitality started way before my friend and I arrived with her friendly emails, giving us advice about how best to travel to her home from the airport, and about money off vouchers for bike rental in Central Park. We arrived at her home really late, and Laurie and her brother Colin were there to welcome us with a glass of wine, and Colin even took our huge cases up the stairs. Laurie lent my friend a coat whilst we were staying- as it was colder than we had expected. I visited New York partly as a tourist, but also to visit my daughter who is studying over there. Laurie was so kind in allowing my daughter to stay over one night. We slept in Peters room, which was great. That meant so much to me as it meant my daughter and I could be together late at night. Staying in Peter's room also meant that it was ok for Robin and Batman- Laurie's lovely cats- to snuggle up with me, just like my cat at home does. However, it was also no problem to keep the cats out of our room if we wanted to.<br/>My friend and I shared the room on the top floor which was a lovely light room at the front of the house and shared the bathroom with Colin- which was never a problem. The bed was comfy, and Laurie provided towels, boxes of tissues- and there was even a hairdryer. The shower was just great. <br/>One morning Laurie cooked us breakfast- and again it was just like being a friend sitting up at the breakfast bar watching her cook bacon and French toast. Other mornings we chose to wander up the road, as we found a little local cafe that we enjoyed going to. The area was perfect after hectic days out walking in the city- we often came back quite late, and it always seemed safe, quiet and calm.<br/>I would have no hesitation in recommending a stay with Laurie. Much more friendly than staying in an impersonal hotel room. I hope that I will return, and also hope that I keep in contact with Laurie. Both Laurie and Colin have a great sense of humour.<br/>Two regrets- that we didnt go to the bar on Sunday night to listen to music- we were too tired.- And that I didnt take any photos of Laurie, Colin and her cats.-Oh!! and a third regret!! We didnt really get to know Laurie's son Peter- he wasnt around much.","Lovely, Cozy, Room 1, BEST AREA; Legal Rental",Brooklyn,South Slope,40.66801,-73.98784
29628,2010-08-14,155767,"We had a wonderful five day visit in NYC - and in large part it was due to Chris and his hospitality and wonderful condo. He contacted us prior to getting to NY and confirmed our stay so we felt welcome and looked forward to arriving at his condo.  He is very friendly; his condo is super and clean, clean, clean!! The bed was comfy and we thoroughly enjoyed our stay.  It was so easy to walk a few blocks and get on the subway to meet up with our son and his girlfriend.  The area was safe and interesting.  The roof garden area is great for that morning cup of coffee!  Our only regret was that his schedule and ours were polar opposite so we didn't get to see Chris often - but the few times we did, he is very accommodating, friendly and always made us feel at home.  We most definitely would visit NYC and Chris again!!  Thank you Chris for our home away from home! ","Comfortable, Sunny Room",Brooklyn,Clinton Hill,40.68292,-73.96381
29628,2010-08-19,195537,"Thanks for giving us a great NYC experience, Chris! <br/><br/>He is a great host with an awesome apartment! The room is spacious, the bed is very comfortable (which makes it kind of hard to get up and explore NYC) and the self-brewed beer out of the fridge-tab is just delicious! <br/><br/>We stayed for 4 nights and the apartment was the perfect headquarter for our first NYC trip! We would be very happy to stay with Chris again, and would recommend everybody to stay with him, too. <br/><br/>Thanks Chris and Airbnb to make our NYC trip so special! <br/><br/>","Comfortable, Sunny Room",Brooklyn,Clinton Hill,40.68292,-73.96381
29628,2010-08-28,210091,It was great the apartment was nice,"Comfortable, Sunny Room",Brooklyn,Clinton Hill,40.68292,-73.96381
29628,2010-08-31,65947,"Had a wonderful time staying with Christopher in Brooklyn. His condo is as advertised, the furnishings comfortable and his company delightful. I had a lot of business in Manhattan, and the C Line subway entrance being about 100 feet from his building's front door was most convenient. I'll certainly return for another stay.","Comfortable, Sunny Room",Brooklyn,Clinton Hill,40.68292,-73.96381
29628,2010-09-06,215508,"Great host, great room, overall A+ experience! Highly recommended ","Comfortable, Sunny Room",Brooklyn,Clinton Hill,40.68292,-73.96381
29628,2010-09-16,160520,"Dani and me had a very good time in Chris house.<br/>The apartment is clean and comfortable.<br/>Chris is very nice, hospitable and incredibly helpful. He's a execelent footbol and basebol teacher and made a fantastic beer...and is very patient with my english week.<br/>I certainly recommend Chris' place to anyone who needs a place to stay in New York.<br/>Thank you Chris for everything.<br/>Hugs<br/>Nelson and Dani  <br/><br/>","Comfortable, Sunny Room",Brooklyn,Clinton Hill,40.68292,-73.96381
29628,2010-09-24,195279,"We had a great time staying at Chris's place. Chris is quick to email and very friendly and accommodating. It's a comfortable, clean room in a modern apartment; good kitchen, clean bathroom with a shower and a nice lounge. Chris has quick wireless internet which really helps when planning what to do in NYC. The apartment is within 300m of a subway station so it's really easy to get around NYC. It was our first experience using airbnb and we couldn't have asked for a better one. We'd gladly stay there again!","Comfortable, Sunny Room",Brooklyn,Clinton Hill,40.68292,-73.96381
29628,2010-10-02,178988,"Chris is a great guy and the apt is very decent and clean. On the top of that, the location is very convenient to the city. We couldn't be happier with our stay here. ","Comfortable, Sunny Room",Brooklyn,Clinton Hill,40.68292,-73.96381
29628,2010-10-10,215565,"This room is excellent - Chris is a great host, very accommodating and helpful. The room and closet are large and the bed is comfortable.  There's great water pressure in the shower and it's very close to the subway station which is a big plus.  I'd stay here again anytime!  ","Comfortable, Sunny Room",Brooklyn,Clinton Hill,40.68292,-73.96381
29628,2010-10-11,204730,Really enjoyed our stay last week. Apartment is easy to find and in convienent neighborhood. The place is very well-kept and comfortable.  Chris is friendly and a very good host - would easily stay in his place again when back in Brooklyn. ,"Comfortable, Sunny Room",Brooklyn,Clinton Hill,40.68292,-73.96381
29628,2010-10-13,142903,"The apartment is spacious, well-kept and feels like it was build last week. The room is well equipped with a big, comfortable bed, enough closet space for a year, wireless internet and tourist information. Christopher is a very nice guy, helpful and considerate. We enjoyed our stay tremendously and would choose this location again.  ","Comfortable, Sunny Room",Brooklyn,Clinton Hill,40.68292,-73.96381
29628,2010-10-29,213589,"The apartment was very clean and offers every convenience one could hope for. The room was wonderful. Chris is a great host, very friendly and helpful. The Subway is close by and transportation into Manhattan was easy and safe.  I had a fantastic stay in NYC and look forward to staying with Chris again on future visits. Highly recommended.    ","Comfortable, Sunny Room",Brooklyn,Clinton Hill,40.68292,-73.96381
29628,2010-11-01,241804,Chris is an excellent host.  My girlfriend and I were made to feel very welcome and the accomodations were immaculate.,"Comfortable, Sunny Room",Brooklyn,Clinton Hill,40.68292,-73.96381
29628,2010-11-02,254577,"I had a good experience staying with Christopher, very clean room, nice apartment in good location. ","Comfortable, Sunny Room",Brooklyn,Clinton Hill,40.68292,-73.96381
29628,2010-11-09,259649,"Chris was unbelievably helpful with any information we needed to make our New York trip relaxed and wonderful.  The room was perfect, and we were made to feel completely at home.  We hope to stay at Chris' condo every time we go to New York!","Comfortable, Sunny Room",Brooklyn,Clinton Hill,40.68292,-73.96381
29628,2010-11-19,228033,"We have been very satisfied by the ten days spent in the apartment of Christopher, located close to the metro station Clinton-Washington.<br/><br/>Our room was spacious, bed very comfortable, large wardrobe has allowed us to store all our clothes and the bathroom very functional.<br/><br/>We plan to stay at home again Christopher on our next trip to Brooklyn.<br/>We are very welcoming Cristopher<br/>","Comfortable, Sunny Room",Brooklyn,Clinton Hill,40.68292,-73.96381
5803,2012-04-20,1642299,"Laurie is a great host and her house is lovely. We have stayed in Manhattan for all our previous visits to New York, so it was a new and refreshing experience to hear birds singing when waking up in the mornings!<br/><br/>Park Slope is a really nice area and Laurie's house is just off 5th Ave which has plenty of nice places to eat and drink. It is close to 2 subway stops that give you easy access to other areas of Brooklyn, plus Manhattan and Queens. (About 20 minutes from Lower Manhattan). <br/><br/>The breakfast was good too - Laurie put on breads, croissants and jams, plus a coffee maker and made it clear that you are to make yourself at home. <br/><br/>The rate as extremely reasonable and allowed us to spend more time in New York than we could if we had stayed solely in Manhattan. <br/><br/>I would definitely stay here again and would recommend","Lovely, Cozy, Room 1, BEST AREA; Legal Rental",Brooklyn,South Slope,40.66801,-73.98784
5803,2012-04-24,21005,"We've just returned from another stay with Laurie in Park Slope. This was our third visit in all but the first since 2009 and it felt like returning home! Laurie's place is the perfect retreat in the big city - quiet, comfortable and homey, we'd never consider staying anywhere else.  As always Laurie was the perfect host - armed with a wealth of information on restaurants, museums and other activities to keep us busy. In fact, more like a friend that a host, conversation was always interesting and fun. The bagels and croissants provided each morning were the perfect start to the day, not to mention the excellent coffee. It was also great to see the adorable resident cats - Batman and Robin - once again. The neighbourhood has changed a little since our last visit but only in a positive way - there are now even more fantastic restaurants and bars to try out and many are right on the doorstep. Park Slope really is the perfect base to sample all of what Brooklyn has to offer and apparently there is a small island called Manhattan not too far away if you run out of things to do! ","Lovely, Cozy, Room 1, BEST AREA; Legal Rental",Brooklyn,South Slope,40.66801,-73.98784
5803,2012-04-30,1788938,"Lovely, comfortable home in quiet neighborhood. We had a great time!  The cats are very friendly too.","Lovely, Cozy, Room 1, BEST AREA; Legal Rental",Brooklyn,South Slope,40.66801,-73.98784
5803,2012-05-04,2191623,"Laurie's home is the perfect way to begin your trip to the city. It is beautiful and exactly as photographed. The garden is amazing and the proximity to the subway makes it an awesome choice. Laurie is a supremely gracious host, with fantastic advice. The neighborhood is filled with great places to eat and drink. I can not wait for my next big apple adventure and would stay here with out question.","Lovely, Cozy, Room 1, BEST AREA; Legal Rental",Brooklyn,South Slope,40.66801,-73.98784
29628,2010-11-23,251479,"Chris's place is high quality, really comfortable and amazingly clean. Chris was helpful, accommodating and made us feel completely at home there.  The building is very nice and his apartment is bright and airy.  We enjoyed the large guest room  with its roomy closet, excellent bed and nice view of a picturesque Brooklyn street.  There is lots to see nearby,and easy access to several subway lines . We would recommend Chris's place to anyone.  ","Comfortable, Sunny Room",Brooklyn,Clinton Hill,40.68292,-73.96381
29628,2010-12-04,69996,"It was a brand new condo with a spacious, clean room and a comfortable bed.  <br/><br/>Chris was friendly and helpful.  <br/><br/>The subway was right there and most things you might need were in the neighborhood.","Comfortable, Sunny Room",Brooklyn,Clinton Hill,40.68292,-73.96381
29628,2010-12-07,286317,"Chris  is an excellent  host with a very positive attitude.his place was very clean and well kept,also the vicinity was nice.over all i would like to rate him 10 out of 10,Thanks Chris ","Comfortable, Sunny Room",Brooklyn,Clinton Hill,40.68292,-73.96381
29628,2010-12-09,310787,"I would like to recomended Chris's place to other travelers as a best one to stay in ! I really love that! Chris is a such a nice person! And I loved to stay in his apartment, there is very clean, nice and cosy! <br/>P.S. Sorry for my poor English :-)<br/>Victoria, Vladivostok, Russia","Comfortable, Sunny Room",Brooklyn,Clinton Hill,40.68292,-73.96381
29628,2010-12-13,286034,"Chris is a good host.  Clean, feel of a hotel room.  Easy access to the trains (1/2 block).  No hassle. Reliable.  Chris is helpful as well in any way you need it.  I intend to stay there again.","Comfortable, Sunny Room",Brooklyn,Clinton Hill,40.68292,-73.96381
29628,2011-01-06,161902,"Amazing experience! Chris is a super host. Incredible bed to rest!, and he makes you feel at home!. If you are planning to visit ny and stay in a quiet and close to everything place, dont hesitate con contact Chris. By the way, he is a brewer, and his beer is out of this world. Thanks for everything, and hope to visit and stay there again.","Comfortable, Sunny Room",Brooklyn,Clinton Hill,40.68292,-73.96381
29628,2011-01-24,351370,"chris was a cool guy,The place was nice and clean.<br/>He made me feel welcome,Like showing up at the door of an old buddy.<br/>I slept well on the bed provided.<br/>Thanks chris,will stay again.","Comfortable, Sunny Room",Brooklyn,Clinton Hill,40.68292,-73.96381
29628,2011-02-08,358693,"Chris is an extremely warm, hospitable, professional, reliable, smooth, thorough host. My experience with Chris has been absolutely perfect on all each & every level. Chris' location is also very convenient from a subway vantage point. The building itself is top level. I couldn't come up with anything even slightly negative re my time there, even if I tried. J.","Comfortable, Sunny Room",Brooklyn,Clinton Hill,40.68292,-73.96381
29628,2011-02-12,23576,Christopher was kind enough to Host me last minute. He was a very nice host and made me feel very welcome.,"Comfortable, Sunny Room",Brooklyn,Clinton Hill,40.68292,-73.96381
29628,2011-02-20,129894,"Very nice, clean room. Chris was very helpful and we felt right at home. The area is perfect to get around and is still very quiet.","Comfortable, Sunny Room",Brooklyn,Clinton Hill,40.68292,-73.96381
29628,2011-02-27,364336,"Area and place is nice - but the main thing here was how fast Chris responded to our messages, and how fast the booking process and checkin happened - it was like few hours - really fast!<br/>Friendly, cosy, and btw Chris is having super tasty home-brew beer!","Comfortable, Sunny Room",Brooklyn,Clinton Hill,40.68292,-73.96381
29628,2011-03-08,408841,"I stayed for 3 nights and Chris was an amazing host.  The minute I met him I knew that I chose the right place.  He was gregarious, hospitable, and a wonderful conversationalist.  You won't be sorry staying here.  I enjoyed it immensely.  I felt right at home and so will you.","Comfortable, Sunny Room",Brooklyn,Clinton Hill,40.68292,-73.96381
29628,2011-03-09,424787,"Chris has an absolutely beautiful apartment in vibrant Clinton Heights. The bedroom was extremely comfortable, and you'll find yourself right at home in that bed! Very close subway ride to the city, and very affordable. Thanks, Chris! ","Comfortable, Sunny Room",Brooklyn,Clinton Hill,40.68292,-73.96381
29628,2011-03-25,390877,"We had a great time! Chris was very accommodating, welcoming and reliable. He also gave us some great tips for exploring the city. We felt at ease right away.  <br/><br/>The apartment was very clean and there was convenient access to the subway. We also really enjoyed the neighborhood-- we found some of our best meals at restaurants just a few blocks away. <br/><br/>We highly recommend this place.","Comfortable, Sunny Room",Brooklyn,Clinton Hill,40.68292,-73.96381
29628,2011-04-16,426296,"Very accomodating, helpful and friendly host.  Room was bright, sunny and clean.  Bed was super comfy.  Clean sheets, towels and blankets.  Adjustable heating unit in room.  Lots of closet space.  Well stocked kitchen to prepare breakfast and simple meals.  Enjoyed my stay and chatting with Chris!  ","Comfortable, Sunny Room",Brooklyn,Clinton Hill,40.68292,-73.96381
29628,2011-04-29,330565,"Chris is the best host you could ever ask for. We had a really great first airbnb experience with him for 12 nights. His apartment is located in a safe and convenient part of Brooklyn and it really started feeling like a home to us after only a couple of days. Chris is a very tidy guy, and the apartment was always super clean. We also got a lot of privacy when we needed it, but Chris was always around when we needed to ask him stuff. Some of the best food experiences we had was from his recommendations. His homebrewed beer is also super tasty if you'll get the chance to try it. If you go to New York for either short or long term, you won't be able to find a better place with this rate. This part of Brooklyn is so much better than loud, crowded and noisy Manhattan. And lastly, the bed was super comfy!<br/><br/>Louise & Markus - Stockholm, Sweden","Comfortable, Sunny Room",Brooklyn,Clinton Hill,40.68292,-73.96381
5178,2014-03-01,5940635,"Cool location few minutes by walk to time square and central park.<br/>Small room but all what is necessary to survive in NY. Shared bathroom with enough space and without any time conflict with Shunichi unless you wake up at 6 am. Quiet place in an old building. Shunichi is nice and very respectuous of his guests. ",Large Furnished Room Near B'way　,Manhattan,Midtown,40.76457,-73.98317
5178,2014-03-16,13000544,"I really enjoyed my stay! The room was spacey, clean and well-furnished, and the location is really great. I actually didn't get a chance to meet Shun, but his friend let me into the apartment with no problem. Highly recommended!",Large Furnished Room Near B'way　,Manhattan,Midtown,40.76457,-73.98317
5178,2014-03-22,9895424,"Location, location, location!<br/><br/>Just 2 or 3 blocks to everything! basic, one channel tv, comfortable bed, fridge and microwave<br/><br/>All you need if you are looking for a place to sleep and take a bath. Clean. Near everything ",Large Furnished Room Near B'way　,Manhattan,Midtown,40.76457,-73.98317
5178,2014-04-01,10691016,"The place is perfect - clean, nice, very good location. And the Host was very nice. I recommend you this room in 100%",Large Furnished Room Near B'way　,Manhattan,Midtown,40.76457,-73.98317
5178,2014-04-11,11850180,"Although we didn't get to see Shunichi very often, it was a pleasant stay. The apartment is clean, the bathroom as well. Our room, too. The TV-set is useless, there are no tv channels. The only thing: the plastic knives and forks have been very dirty (have already been used?) and it has been very cold in the room. But if you go there in late spring/summer, you might not have any problems at all. However this is the perfect place to stay for a small budget and is very close to Central Park and Times Square. We would definitely love to come back. ",Large Furnished Room Near B'way　,Manhattan,Midtown,40.76457,-73.98317
5178,2014-04-20,3816518,"Alors par quoi commencer? Je tiens à dire merci pour les punaises de lit que nous avons ramené ! Et croyez moi elle sont assez grosses (photos à l appui) pour vivre là depuis bien longtemps. Je ne vous détaille pas les complications et les désagréments causés. <br/>Ce qu'il faut savoir, c'est que l'hôte est juste venu avec une petite bombe insecticide-ridicule- et qu'il n'a pas répondu quand je lui ai demande quand il allait traiter la chambre! Pire il savait pertinemment qu'il y en avait car il nous a montré l'inutile protége matelas...<br/>Bref je n'ai pas de conseil à donner, mais c'est important à savoir!<br/>Le ménage est correct mais il y a de la poussière sur meuble salle de bain collée par la condensation. Les photos ont été prises il y a très longtemps car même la hotte de la cuisine a une couche de gras et moisi. <br/>La chambre est correcte mais ménage pas fait à fond. Chambre grande, dommage qu'elle soit spartiate car c'est un beau volume. Mais ça suffit pour un séjour à New York.<br/><br/>Sinon les points positifs qu'il faut reconnaître, un hôte très accommodant, flexible et qui nous garde les bagages jusqu'au départ. Situation idéale et quartier très sûr.<br/><br/><br/>Faites votre choix! ",Large Furnished Room Near B'way　,Manhattan,Midtown,40.76457,-73.98317
5178,2014-05-02,8558877,"Bonjour, <br/>nous avons séjourné 8 jours chez Sunichi Kasai dans la chambre meublée. A notre arrivée, nous avons croisé un couple qui venait de séjourner 2 nuits et qui nous a prévenu que la chambre (et l'appartement) n'étaient pas très propres. et nous pouvons le confirmer: la peinture de la chambre est écaillée et pas nette  le micro-onde et le frigo n'avaient pas été nettoyés, il y avait une tache sur la plaque tournante du micro-onde, nous ne l'avons donc pas utilisé..., la salle de bains n'était pas nette non plus et les joints de la baignoire étaient moisis, le plafond et les murs abimés. les 2 photos sur votre site ne correspondent donc plus à l'état actuel de la chambre, je pense que le ménage n'avait pas été fait à notre arrivée.il a été fait très rapidement et pas à fond le 1er jour . il y a donc une détérioration depuis quelques mois voire deux années..<br/>les points positifs sont la situation idéale près de central park et de broadway, et la discrétion et le calme de l'hote qui rentrait tard du travail; nous pouvions utiliser la salle de bains autant que nous voulions.",Large Furnished Room Near B'way　,Manhattan,Midtown,40.76457,-73.98317
5178,2014-05-07,9736455,"My first experience with Airbnb in this apartment in Manhattan turned out to be a nightmare. As the host had told us, he or she (we never got to know their gender) would not be at the apt when we arrived. Instead, we were given the keys and some info on the location of the room and the shared bathroom, by a friend of the host. Although the apt was not as shown in the pictures, but a little dirtier and with the walls really bad painted, we did not care. The building is very old and the rugs look disgusting, but we did not care either.... until we spent the first 2 nights and we realised we were not alone. The room was heavily infested with bed bugs.  Out of the 4 nights payed, we could not sleep for 2 whole nights, I had to get medications for rashes that developed from the bites and I had our clothes and baggage sterilized because these bugs travel with you once you get them.<br/><br/>Other issues with the apartment:<br/><br/>The headless photo mounted on the page for the apartment also prevented any easy identification of the person owning or managing it.<br/><br/>The photos advertising the apartment did not correspond to the apartment.<br/><br/>I would strongly advise you not to rent this apartment, specially if you suffer from any allergies or if you wish to sleep. <br/>The worst part of the story, the bugs feed on blood and we had killed one and the stain stayed in the wall. When we came back from one of our tours, the stain was not there any more, which may mean that the host cleaned it and, hence, that he or she knew that the room was full of bed bugs.<br/><br/>I spent a lot of money on medications and lotions to get the rashes out of my whole body (even my face). Be safe, don't go there. Pictures of the bites available upon request!",Large Furnished Room Near B'way　,Manhattan,Midtown,40.76457,-73.98317
5178,2014-05-10,12330938,"I highly recommend staying with Shun. It's a great centralized location.  Easy walking distance to subway, central Park,  time square and many more amazing attractions NYC has to offer. <br/>We unfortunately never met Shun but it was a nice stay.  We will definitely stay here again.",Large Furnished Room Near B'way　,Manhattan,Midtown,40.76457,-73.98317
5178,2014-05-29,2851943,"This was my second time at Schunichi's and like the previous guests I got bitten<br/>by bed bugs. Now my fear is to have brought them back with me in my apartment.<br/>The location of the apartment is awesome but the room is not as nice as pictured.<br/>",Large Furnished Room Near B'way　,Manhattan,Midtown,40.76457,-73.98317
5178,2014-06-03,12078293,"Well located, and Shunichi was accommodating with check-in and check-out hours!",Large Furnished Room Near B'way　,Manhattan,Midtown,40.76457,-73.98317
5178,2014-06-05,13320452,Stayed here 2 night! The place was old but clean. It was the perfect location within walking distance between time square and Central Park! ,Large Furnished Room Near B'way　,Manhattan,Midtown,40.76457,-73.98317
5178,2014-06-28,9444539,"La experiencia fue super positiva. El departamente esta ubicado en un lugar increible, cerda de Times Square, de los metros, del Central Park. La ubicación es perfecta. La habitación es espaciosa, y comoda. Perfecta para recorrer la ciudad. Muy recomendable!",Large Furnished Room Near B'way　,Manhattan,Midtown,40.76457,-73.98317
5178,2014-06-30,13949741,"立地条件は素晴らしく、ニューヨークを観光するにはどこへ行くにも便利です。セントラルパークも歩いてすぐです。<br/>お部屋はきれいで、電子レンジや冷蔵庫も部屋の中にあるので、簡単な食事はできます。バストイレを挟んで、ホストとゲストの部屋があるので、プライベートスペースはちゃんと確保されています。<br/>ホストのシュウイチさんやご友人（到着時はホスト不在のため、ご友人に家の説明を受けました）もとても親切で好感を持てました。<br/>この立地条件でこの料金はマンハッタンの中では断トツ安くて良心的だと思います。日本人ホストなので、英語が苦手な方にもおススメです。<br/>",Large Furnished Room Near B'way　,Manhattan,Midtown,40.76457,-73.98317
5178,2014-07-04,1458876,"Easy communication, easy check-in.  The location in Hell's Kitchen is ideal for Lincoln Center or Broadway.  Good window A/C.  Simple, reasonably priced food is nearby, Starbucks and subway entries nearby.  Especially have appreciated entry help from Shun for moving suitcases up one flight of stairs.",Large Furnished Room Near B'way　,Manhattan,Midtown,40.76457,-73.98317
5178,2014-07-30,18195676,"Quick, one night stay. Easy, convenient.",Large Furnished Room Near B'way　,Manhattan,Midtown,40.76457,-73.98317
5803,2012-05-13,1727179,"We had a room in Laurie's house, and it worked well for us: close to subway lines-20 minutes to Downtown Manhatten, easy access to rest of Brooklyn. Our room was clean and quiet, with tree lined view of street below. Thank you Laurie for your friendliness and generosity. We would definately stay there again. Doug and Candace Loskutoff","Lovely, Cozy, Room 1, BEST AREA; Legal Rental",Brooklyn,South Slope,40.66801,-73.98784
5803,2012-05-19,1515502,"We had a really nice time in Brooklyn. Laurie Kellogg is a magnificent host. She gives a lot of tips and useful advice about things to see & do, good restaurants, bars, subway schedules, ... We stayed in a room with double bed on the top floor: a quiet place to sleep. It's a house with a history... lots of books, pictures and drawings. A bit messy but really cosy. We felt at home immediately. Laurie can also provide breakfast if needed: organic orange juice, croissants & fruits. We enjoyed it a lot! Thanks Laurie for such a wonderful stay!<br/>","Lovely, Cozy, Room 1, BEST AREA; Legal Rental",Brooklyn,South Slope,40.66801,-73.98784
5803,2012-06-04,107823,"Second time to stay with lovely Laurie, Peter and the feline boys in her wonderful home. Extremely comfortable and relaxing, especially after full days in the city. We took both rooms on the top floor so that the girls (both 18) could come and go and it worked beautifully. Highly recommend.","Lovely, Cozy, Room 1, BEST AREA; Legal Rental",Brooklyn,South Slope,40.66801,-73.98784
5803,2012-07-16,2201420,"Staying at Laurie's beautiful, warm, friendly and inviting home made our stay in New York so much more personal and fun! It gave us more a feeling of living there as opposed to just visiting.  Laurie could not have been more helpful in offering suggestions for things to do and directions for getting places. Within such a short time I felt I had made a new friend and knew I would be welcomed back in the future. Thanks again Laurie for your gracious hospitality. All the best to you always. Cheryl","Lovely, Cozy, Room 1, BEST AREA; Legal Rental",Brooklyn,South Slope,40.66801,-73.98784
5803,2012-07-25,2636736,"My sister and I stayed at Laurie's place for a week, and we had a very good time there. The house is beautiful and welcoming (and so is the lovely garden/ backyard). We stayed in the room with the two twin beds and we shared a bathroom with another guest, which worked out very well. <br/>Laurie was a very welcoming and helpful host who provided us with lots of insider tips, maps, vouchers, and just very useful information on what to do, where to go, and how to save money on Broadway tickets, etc. <br/>Not only were we delighted by the house and our host, we can also recommend this place because of its great location. Park Slope is a very lively neighborhood with a variety of restaurants, bars, cafés, small  shops, trees and beautiful houses. Last but not least, this place can be easily reached by subway and we never felt unsafe walking home (""away  from home""). ","Lovely, Cozy, Room 1, BEST AREA; Legal Rental",Brooklyn,South Slope,40.66801,-73.98784
5803,2012-09-14,2834827,"The star rating says it all.   The location is excellent , close to the subway station.  Laurie is a great host, very helpful.  ","Lovely, Cozy, Room 1, BEST AREA; Legal Rental",Brooklyn,South Slope,40.66801,-73.98784
5803,2012-09-24,3220835,Laurie provided useful maps and gave nice tips about NY. She recommended good restaurants and interesting places to visit. I had a wonderful time in NY.,"Lovely, Cozy, Room 1, BEST AREA; Legal Rental",Brooklyn,South Slope,40.66801,-73.98784
5803,2012-10-24,2727672,"We spent two wonderful weeks at Laurie's. She and her son Peter are very nice and warm people. Her house is in a nice neighborhood and quite close to the subway. She had a lot of information about restaurants, interesting places and things to do in Brooklyn. Her home is beautiful, full of art everywhere. The room was big, comfortable, we had all we need. I'll miss the espressos in the morning. I'd love to go again, thank you Laurie!","Lovely, Cozy, Room 1, BEST AREA; Legal Rental",Brooklyn,South Slope,40.66801,-73.98784
5803,2012-11-13,2678945,"Laurie est une hôtesse fabuleuse et cultivée parle bien français en plus de tout le reste.  Elle nous accueille avec beaucoup de tendresse dans sa très belle maison, nous avons passés un séjour excellent, grâce aux conseils précieux pour circuler, pour prendre un verre, pour aller écouter de la musique à Harlem, moment de pure émotion. Un petit déjeuner complet et du vrai café expresso, la chambre impeccable dans un décor de très bon goût. De toute évidence Laurie et Peter ont contribué à notre bien-être dans cette ville magique.<br/>De plus une chambre très calme dans un environnement sécurisant en plein dans Brooklyn.<br/>Nous quittons Laurie et Peter à regret et merci encore pour votre merveilleux  accueil.<br/>Almitra et Xavier  ","Lovely, Cozy, Room 1, BEST AREA; Legal Rental",Brooklyn,South Slope,40.66801,-73.98784
5803,2013-01-16,1557960,"Ca a été un bonheur de passer une semaine chez Laurie, superbe maison, petits dejeuners bio offerts succulents. Une maison calme, propre, très proche du metro pour aller à Manhattan. Laurie s'occupe de vous comme le ferait une maman, une adresse fortement conseillée si vous êtes de passage à Brooklyn. I miss Laurie's house !","Lovely, Cozy, Room 1, BEST AREA; Legal Rental",Brooklyn,South Slope,40.66801,-73.98784
5803,2013-02-26,5117762,"I spent few days with Laurie and her family at her beautiful house in Brooklyn, it was really a good location, near public transport and interesting bars, stores and restaurants. <br/>She is a true art lover, and you are going to feel home if you stay there. <br/><br/>Gracias Laurie por toda tu buena fe, espero nos volvamos a ver pronto. <br/>Muy recomendable. <br/>","Lovely, Cozy, Room 1, BEST AREA; Legal Rental",Brooklyn,South Slope,40.66801,-73.98784
5803,2013-03-06,2302015,"Laurie was really great with us. She gave us a lot of information on places and things to visit. Things we would probably never have done without her advices.<br/>The house is really beautiful and cosy. You defintely feel at home !<br/>Celine","Lovely, Cozy, Room 1, BEST AREA; Legal Rental",Brooklyn,South Slope,40.66801,-73.98784
5803,2013-04-11,3743589,"We had a great time in Brooklyn using the rooms at the top of Laurie's lovely Park Slope house. We are a family of four (two adults and two children) and needed to stay in this neighborhood so were very happy to find this place. When we got there we were made very welcome. The rooms are a good size and it was great to have our own bathroom (which also has a washing machine and dryer which we used once). Breakfasts were delicious--fruit, croissants, bagels, cereal etc. The house is close to lots of great restaurants and shops, and Laurie provides lots of information about things to do, including maps, menus, and recommendations for exhibitions. This was my first time using Airbnb and it worked out very well.","Lovely, Cozy, Room 1, BEST AREA; Legal Rental",Brooklyn,South Slope,40.66801,-73.98784
5803,2013-04-20,774241,"Fantastic stay, yet again. I wouldn't want to stay anywhere else in NYC. Wonderful hosts in Laurie and Peter, beautiful house, really great location for exploring both Brooklyn and Manhattan. I have to stop now before I run out of adjectives, so will just say that I'm very much looking forward to the next visit. ","Lovely, Cozy, Room 1, BEST AREA; Legal Rental",Brooklyn,South Slope,40.66801,-73.98784
5803,2013-04-26,4532079,"Me and my daughter stayed for 5 days and we enjoyed every minute. Laurie is a wonderful host, she gave us very useful advices. Her house is charming, the neighbourhood very pleasant with nice restaurants and bars. You need 20 minutes to got to Midtown Manhattan with the F-Train. But what we liked most was the inspiring conversation with Laurie and the other guests.","Lovely, Cozy, Room 1, BEST AREA; Legal Rental",Brooklyn,South Slope,40.66801,-73.98784
5178,2014-07-31,15370444,"空港からの電車が遅れ、到着が遅れたのにも関わらず、快く歓迎してくださいました。お部屋はとっても清潔で、冷蔵庫から電子レンジ、コップなどすべて揃っていて長期的な滞在にも良さそうと感じました。チェックアウトの時間も柔軟で、おかげでニューヨークを荷物を持って歩くことなく満喫できました。<br/>ロケーションもColumbus Circleの駅からすぐで、とっても便利でした。",Large Furnished Room Near B'way　,Manhattan,Midtown,40.76457,-73.98317
5178,2014-08-05,7115590,"It was well located, we received everything we needed it it was nicely climated even though it was a really hot outside in New York during our visit.<br/>He gave us two keys, sheets and towels and it was a good place to stay if you don't want to pay too much money but live in a busy, central location.<br/>It was a good and busy neighborhood and we got towels.",Large Furnished Room Near B'way　,Manhattan,Midtown,40.76457,-73.98317
5178,2014-08-06,19418793,My first experience using airbnb was great! The room was very tidy and neat. Hosts were very professional and respectful! I'm very impressed with the hosts and the room.,Large Furnished Room Near B'way　,Manhattan,Midtown,40.76457,-73.98317
5178,2014-08-10,5724674,"日本人の方に利用してほしいと思いますので、日本語で書くことにいたします。英語の書き込みでBed Bug(吸血性の虫）が原因で、当初7月10日から14日間宿泊の予約が、Airbnbから、出発1週間前に突然解約通告され、大困惑！結果的に500ドル以上余計な出費にて、代替物件を何とか確保した苦い経験から、申し上げます。4月には既に葛西さんとAirbnb間で連絡を取り合いながら、専門業者による駆除を行い、証明を出しているのにも拘らず、<br/>小生の予約期間直前に宿泊予定していた、客が、Bed Bugが心配云々と<br/>正式にAirbnbにコンタクトをとったのが、今回小生が大迷惑を受けた原因、小生のみならず、苦情を申し立てた客も予約を取り消されたようです。<br/>Airbnbのルームシェアリングなるビジネスモデルは、同社と物件持ち主とのやり取りは全てネットで行われ、一切対面（Face to Face)のやり取り、今回の例では、害虫駆除後の現場チェックや物件持ち主との話し合いは全く無く、全てネット、例外的に電話で行われたと推測しています。<br/>小生のケースでは、最も弱い立場が、小生の様なゲスト、次に物件オーナーの順番になるのではと、、、。<br/>葛西さんの物件は、ほとんど書き込みにあるように立地条件抜群、部屋・家具などは清潔に保たれていると思います。エアコンと冷蔵庫のパワーが<br/>真夏には不足気味では、、、。葛西さん、ゲストの要望には耳を傾けてくれ、対応してくれる方なので、遠慮なく話が出来ます。小生が次回、長期滞在をする場合、葛西さんにお世話になりたいと考えています。",Large Furnished Room Near B'way　,Manhattan,Midtown,40.76457,-73.98317
5803,2013-05-15,805812,Laurie's home is charming and she is an excellent host. The apartment is located near the subway and walkable to many nice restaurants in Park Slope.  ,"Lovely, Cozy, Room 1, BEST AREA; Legal Rental",Brooklyn,South Slope,40.66801,-73.98784
5803,2013-05-20,6040793,"Laurie was an excellent host. She knows really nice spots in Brooklyn and Manhattan. She was very helpful when we needed information about the city.<br/><br/>Her place is beautiful, near the metro and near from really cool restaurants and bars. Beds were very confortable! <br/><br/>And breakfast was delicious!","Lovely, Cozy, Room 1, BEST AREA; Legal Rental",Brooklyn,South Slope,40.66801,-73.98784
5803,2013-06-27,4642772,"Laurie is much more than a host, but a dedicated friend who makes almost everything for the guests to feel welcome. She gave us many nice tips about places to go (the Mermaid Parade, for example, that was unforgettable!). The house is located in a safe neighborhood, (lots of trees and birds), five minutes by walking to subway. I recommend her home for everyone who wants more than just a place to sleep while visiting New York city, but a house full of art, who offers a real experience of life.","Lovely, Cozy, Room 1, BEST AREA; Legal Rental",Brooklyn,South Slope,40.66801,-73.98784
5803,2013-09-05,1490706,"Laurie's place was perfect for my stay - I was visiting my young daughter who lives in Park Slope, and Laurie's house is at the dead centre of the neighbourhood, well placed for the subway and slightly south of the rather uber-trendy Slope further North.<br/>We had, when at home, the run of the thru lounge and garden. Other people staying were great company. Well stocked fridge etc. Cats good company too...<br/>Laurie very welcoming and easygoing and treated the three loud toddlers wandering her lounge with care and kindness.<br/>Not ideal if you want to be alone, and unless you are in the basement flat you are sharing a bathroom, but these are minor issues and the place is great value.","Lovely, Cozy, Room 1, BEST AREA; Legal Rental",Brooklyn,South Slope,40.66801,-73.98784
5803,2013-10-02,2528458,"Park Slope is an amazing neighborhood to stay in, so much so that I moved here with my family from Ireland. We stayed with Laurie for a couple of weeks while we looked for a long term apartment and would highly recommend staying in the large bedroom which we lodged in for the last few nights of our stay with Laurie (in addition to the stay we had in the basement apartment).<br/><br/>There is plenty of space in the room which means you can store pltny of luggage and still have space to move around. There is also a bathroom on each floor so there was never any queues to get in!  Laurie provides a selection of great local foods for breakfast and guests have access to the backyard which was great for my young son as was the washer and dryer for laundry.<br/>Laurie provided a wealth of helpful advice, was very easy going, friendly, welcoming and very accommodating and flexible to suit her guests which made a real difference to our stay. Laurie’s two cats are also very friendly and love meeting new people.<br/>I would highly recommended booking a stay with Laurie if you would like to visit the area. ","Lovely, Cozy, Room 1, BEST AREA; Legal Rental",Brooklyn,South Slope,40.66801,-73.98784
5803,2013-10-17,3778619,"This was my second stay at Laurie's in one of the third floor bedrooms. The bedroom overlooked her beautiful back garden, was spacious, comfortable, and quiet. My daughter lives five blocks away, so Laurie's is very convenient for me. I felt safe walking ""home"" to Laurie's in the evenings. I liked being able to enjoy coffee and breakfast each morning. Laurie always asks what kind of breakfast foods you like, and they ""magically"" show up on the table ready for you to partake of. Laurie and her son are friendly, helpful, and so accommodating. Her rates are very reasonable too! There is a well-stocked 24 hr. grocery store a half block away, and other types of stores, restaurants etc. a short distance away. I look forward to my next visit to Brooklyn and a stay at Laurie's.","Lovely, Cozy, Room 1, BEST AREA; Legal Rental",Brooklyn,South Slope,40.66801,-73.98784
5803,2013-10-23,1232843,"We had a great time at Lauries beautiful Park Slope house with wonderful garden, packed with squirrels. We loved the atmosphere of both house, street and neighbourhood and thus learned a lot more about New York then the usual Manhattan, really a great experience.<br/><br/>Laurie was a perfect and thoughtfull host from the moment of reservation, providing lots of useful information and tips for worthwhile addresses and restaurants. Perfect was also the travel info which made us travel quickly from Park Slope to lots of interesting places in Dumbo, Williamsburg (market/shops), Meatpacking (High Line) and Harlem, and don't forget Brooklyn Museum!<br/><br/>Furthermore Laurie made us really feel at home with daily a perfect breakfast. We surely will be back, thanks for a lovely stay Laurie. Harm and Petra.","Lovely, Cozy, Room 1, BEST AREA; Legal Rental",Brooklyn,South Slope,40.66801,-73.98784
5803,2013-11-19,2293395,"Although we haven't extensively used airbnb in the past, we have to admit that this was a surprisingly great experience for us.<br/><br/>We arrived at Laurie's around 11.30pm and not only she wasn't bothered by the late time, she also spent the next hour and a half to explain and discuss with us all the things we could do in NY.<br/><br/>Her information was spot on and we never regretting following her recommendations. She has a great taste for theatrical plays and is very well informed with what is going on in the town.<br/><br/>The place itself is located in a lovely and safe street only 3 blocks from the subway station that can take you to Manhattan in no more than 20-25 minutes. Art is overflowing in the place and Laurie is happy to explain where everything comes from.<br/><br/>Having an uncle who has been an F1 champion as well as an autograph from Roger Federer is always a bonus!!!<br/><br/>Batman and Robin (her two cats) are very well behaved and add to the great experience.<br/><br/>Rooms (both bedrooms and common rooms) and bathrooms were very clean and tidy.<br/><br/>To sum up, Laurie and her lovely place contributed in having a lovely time in NY and also saved some money during the trip.<br/><br/>If we ever go back to NY we wouldn't look for another place to stay !!<br/>","Lovely, Cozy, Room 1, BEST AREA; Legal Rental",Brooklyn,South Slope,40.66801,-73.98784
5803,2013-12-03,8341565,"We stayed at Laurie's place for five nights. It was our first airbnb experience & really a good choice. We spent most of our time in Manhattan but had the opportunity to explore Brooklyn during the last day thanks to Laurie's suggestions. Laurie is a great host and the place is exactly the same as in the picture. Rent her place, listen to her suggestions and enjoy NYC. ","Lovely, Cozy, Room 1, BEST AREA; Legal Rental",Brooklyn,South Slope,40.66801,-73.98784
5178,2014-08-15,10433924,"The Condo was conviniently located in midtown Manhattan,  so many sights like Times Square are in walking distance. In the room there is a toaster and a refrigerator so you can have breakfast there. A kitchen is also available, however we did not use it. Check-in and Check-in was fast and easy. Only thing is that there was a strange smell in the room and in the condo.  Overall a reasonable price for midtown Manhattan.",Large Furnished Room Near B'way　,Manhattan,Midtown,40.76457,-73.98317
5178,2014-08-23,10151136,"Der Standort ist sehr gut, nahe am Broadway, Times Square und Central Park. Das Zimmer ist praktisch eingerichtet und man ist unter sich, Shunichi sieht man nicht sehr oft.<br/>Preis/Leistung sehr gut!",Large Furnished Room Near B'way　,Manhattan,Midtown,40.76457,-73.98317
5178,2014-08-24,6213375,"We stayed just one night, but everything was fine, Shunichi was very flexible with our late arrival. The place was very central,I would certainly recommend this place:)",Large Furnished Room Near B'way　,Manhattan,Midtown,40.76457,-73.98317
5178,2014-08-29,11031194,The reservation was canceled 4 days before arrival. This is an automated posting.,Large Furnished Room Near B'way　,Manhattan,Midtown,40.76457,-73.98317
5178,2014-09-01,9460846,"Nous avons passée 8 nuits chez Shunichi. La chambre est simple mais ça suffit largement. Elle est également bien isolée du reste de l'appartement et le bruit sur la rue est minime. Le lit est très confortable et heureusement car New York est très fatiguant ! <br/>Enfin pour ce qui est du quartier, c'est parfait. Nous avons tout à côté (métro, Moma, central park, Times square...). Je recommande cette chambre pour découvrir New York.",Large Furnished Room Near B'way　,Manhattan,Midtown,40.76457,-73.98317
5178,2014-09-12,1497852,"Great location, few minutes walk to time square. Quick, clean, and relatively inexpensive room. I recommend it.",Large Furnished Room Near B'way　,Manhattan,Midtown,40.76457,-73.98317
5178,2014-09-13,20167062,"Room was as described and even better...small refridgerator, microwave, toaster and electric water kettle in room..PERFECT. There was even tea bags!! They understand needs of the budget conscious traveller!! Shunichi arranged for his friend to meet me as my arrival time was delayed, much appreciated. Would stay there again for sure. Great first airbnb experience for me.",Large Furnished Room Near B'way　,Manhattan,Midtown,40.76457,-73.98317
5178,2014-09-15,9333463,"The location is great! Really! 2 blocks away from subway E line, so you can to this place from JFK airport quiet fast.  3 block from central park, really nice! The room is big enough, and there is a fridge in the room which was really important. I had no problems with communication. Yeah, the furniture is not new, but for this price is a great deal in NYC!",Large Furnished Room Near B'way　,Manhattan,Midtown,40.76457,-73.98317
5178,2014-09-20,9650279,"Foi uma experiência muito boa, o Kasai foi muito atencioso, nos deixou muito à-vontade em seu apartamento.<br/>A localização não poderia ser melhor, perto dos principais pontos turísticos de Nova Iorque e das principais avenidas.<br/>O cômodo é aconchegante e possui espaço suficiente para realizar as refeições, também possui frigobar, micro-ondas e televisor.<br/>Recomendo sem sombra de duvida realizar sua hospedagem com o Kasai. ",Large Furnished Room Near B'way　,Manhattan,Midtown,40.76457,-73.98317
5178,2014-09-22,19991787,"Good place to stay in terms of accessibility to the famous spots in NYC, restaurants and malls.",Large Furnished Room Near B'way　,Manhattan,Midtown,40.76457,-73.98317
5178,2014-10-03,4337113,This place is horrible and not what is represented in the photos. Not to mention very dirty. I had a horrible experience!,Large Furnished Room Near B'way　,Manhattan,Midtown,40.76457,-73.98317
5178,2014-10-08,21190424,"El lugar esta bien, el anfitrion es muy agradable.Todo estuvo bien",Large Furnished Room Near B'way　,Manhattan,Midtown,40.76457,-73.98317
5178,2014-10-09,7850601,Great people. They were wonderfully welcoming and hospitable. All amenities were included to make my stay comfortable. ,Large Furnished Room Near B'way　,Manhattan,Midtown,40.76457,-73.98317
5178,2014-10-16,21988955,Shunichi is a very considerate host. And the location is perfect. Thanks!,Large Furnished Room Near B'way　,Manhattan,Midtown,40.76457,-73.98317
5178,2014-10-17,19804652,"Shunichi is a very nice guy. There was no problem to arrive morning and leave afternoon. Condo is located in the middle of Midtown, near the subway. Great location for short trip to NYC.",Large Furnished Room Near B'way　,Manhattan,Midtown,40.76457,-73.98317
5178,2014-10-21,2753690,"Great experience! The room was just as pictured, and had a tea kettle, silverware and dishware so it was self contained, didn't even have to go into the kitchen, although you could if you wanted to. The host's friend let me in and was very nice to help me with my heavy luggage. Shunichi was barely home, and when he was, he was super quiet.",Large Furnished Room Near B'way　,Manhattan,Midtown,40.76457,-73.98317
5178,2014-10-24,16006093,"La ubicación es perfecta y shun muy amable.<br/>El cuarto acogedor y con todo lo necesario.<br/>silencioco y tranquilo.<br/>",Large Furnished Room Near B'way　,Manhattan,Midtown,40.76457,-73.98317
5178,2014-10-29,11900837,"Muy buena ubicacion y muy comodo el cuarto, a Shunichi lo vimos solo el dia que nos fuimos, el cuarto tiene todo y es muy comodo, sin lujos pero por la ubicacion y el precio es excelente.",Large Furnished Room Near B'way　,Manhattan,Midtown,40.76457,-73.98317
5178,2014-11-05,21315763,"Shunichi is a quiet host who gives you enough privacy. The apartment is very central and convenient. The room is not quiet as nice as on the photo but it was ok at all. It comes with water cattle, towels, tea, fridge and micro wave.<br/>",Large Furnished Room Near B'way　,Manhattan,Midtown,40.76457,-73.98317
5178,2014-11-25,20914485,"No tuvimos casi contacto con el anfitrión pero estuvo todo según lo coordinado, entrega de llaves, etc.<br/>La habitación es como se ve en las fotos.<br/>La ubicación es excelente, al lado de Central Park, a pocas cuadras de Times Square, muchas líneas de subte cerca.",Large Furnished Room Near B'way　,Manhattan,Midtown,40.76457,-73.98317
5178,2014-12-02,9075308,なかなかのロケーション。とても便利！,Large Furnished Room Near B'way　,Manhattan,Midtown,40.76457,-73.98317
5178,2014-12-03,14809773,"L’appartement est bien placé, relativement simple, les étagères dans les couloirs contiennent un peu de stock d’un boui-boui local et il y reste une odeur de soupe cuisinée la veille.<br/>Tout est un peu vieillot. <br/><br/>L’organisation de l’arrivée et de la sortie s’est bien passée.<br/><br/>je recommande à ceux qui ont le budget de faire un effort pour trouver mieux, surtout si vous êtes en couple.<br/>",Large Furnished Room Near B'way　,Manhattan,Midtown,40.76457,-73.98317
5178,2014-12-26,5091146,"Shunichi was a pleasant, quite and respectful host. Apartment is located brilliantly: right next to Broadway theater district, 10 minutes away from Rockefeller center and 5 minutes to the nearest subway (either Columbus circle or 7th Avenue). Highly recommended for anyone willing to explore Manhattan on a budget. Again, many thanks for our great stay and happy New Year!",Large Furnished Room Near B'way　,Manhattan,Midtown,40.76457,-73.98317
5178,2015-01-03,12690825,"Parfait pour personnes a budget serrer et ayant l'experience des backpaker comme nous. La chambre est assez grande, aucun soucis avec le lit, le prorietaire fut très souple avec une réservation 9 mois a l'avance, il fut aussi tres souple pour le depart et nous a permis de laisser nos bagage sur place jusqu'a l'heure de notre départ.<br/>Quartier calme a 2 min du metro et tres proche du centre.<br/>",Large Furnished Room Near B'way　,Manhattan,Midtown,40.76457,-73.98317
5178,2015-01-12,15132824,"Actually we never met Shunichi, but a friend of him welcomed us super friendly. The room was exactly as shown in the pictures, bright and cozy. There were fresh towels we could use, we had a fridge, a microwave, a kettle and even tea and noodles. The location couldn't be better, you can get around easily. Its a 5 minute walk to Central Park, Timessquare or Rockefeller Center. You can even walk to the Empire State Building if you want, it is about 25 minutes, but there is a subway station right across the street as well. We can totally recommend Shunichis place and would stay there again!",Large Furnished Room Near B'way　,Manhattan,Midtown,40.76457,-73.98317
5178,2015-01-16,7737637,"- The host was not available and sent a friend to meet us at our designated arrival time (thumbs up).<br/>- The location is great as it's close to everything (thumbs up).<br/>- The room is large as advertised (good).<br/>- The heating in the room wasn't working so we had a small electric heater in its place. I felt it wasn't adequate given it was about -10C outside. It was cold and I had to bundle up just to sleep and also wear 2 layers of socks to walk around the room (thumbs down). It would have been nice to know this ahead of time so I had the option to consider other places.<br/>- As there was just one bathroom, there was a note on the door about bathroom usage and when would be blackout periods - this also would have been nice to know in advance (thumbs down).<br/>- I didn't really stay long enough to interact with the owner of the place but I did make an effort to at least say hello.<br/>- Overall the place looks a bit run down and obviously needs work.<br/>",Large Furnished Room Near B'way　,Manhattan,Midtown,40.76457,-73.98317
29628,2011-05-17,400756,"Chris was very nice and professional host, tried to help and advice us how he could. Nice place just next to subway and 10 minutes from the best Brooklyn coffee at Connecticut Muffin. Warmly recommended!!!","Comfortable, Sunny Room",Brooklyn,Clinton Hill,40.68292,-73.96381
29628,2011-06-03,466826,"Just 2 words to describe Chris: super host :)<br/>He's such a helpful and open-minded guy, we really felt like home. The private room is spacious and very clean, as the appartment in general. The neighborhood is little noisy overnight (specially with the trucks) but Brooklyn is a lovely place to stay, and it's very close to Lower Manhattan (10 mn with the C train). If we had to go back in NY, we wouldn't hesitate to live at Chris' home again. So, don't hesitate people!","Comfortable, Sunny Room",Brooklyn,Clinton Hill,40.68292,-73.96381
29628,2011-06-12,501227,"Chris was a fantastic host; he gave us plenty of useful information and made sure we were comfortable and had a nice stay. The flat is great, very clean and well situated in Brooklyn; the bedroom  is bright and spacious and has a comfy mattress. Manhattan is also  easy to reach by train.<br/>Highly recommended!","Comfortable, Sunny Room",Brooklyn,Clinton Hill,40.68292,-73.96381
29628,2011-06-27,632620,"What do I have to say about Chris?! He is a wonderful host and one of the most welcoming and kind person I have had the pleasure to meet recently. I wish we were in NYC for more than a weekend so that we could have spent some more time with Chris and try his self brewed beer , relax on the roof deck- which is lovely by the way. His apartment is a perfect reflection of him, relaxed, open, sunny, and not mention clean. I would recommend Chris to anyone who needs a place to stay in NYC. Hands down, will definately visit again if the opportunity presents itself. <br/><br/>Many, many thanks! <br/><br/>Cheers, <br/>Monica","Comfortable, Sunny Room",Brooklyn,Clinton Hill,40.68292,-73.96381
29628,2011-07-01,645166,"We had a great stay with Chris on our first airbnb experience.  As others have said, the bed is very comfortable and the condo is neat.  Chris makes you feel at home, but also gives you privacy.  Don't hesitate to book with Chris!","Comfortable, Sunny Room",Brooklyn,Clinton Hill,40.68292,-73.96381
29628,2011-07-03,362264,"Great stay, Chris portrays the right and good side of Americans, <br/>And his apt is like home away from home for us europeans, do not hesitate: go......Christophe/ France","Comfortable, Sunny Room",Brooklyn,Clinton Hill,40.68292,-73.96381
29628,2011-07-15,630786,"Chris was wonderful. We would definitely stay again. He couldn't get off work in time to meet us at his apt when we arrived, so he suggested a good little restaurant with air conditioning not to far away/ He came to meet us and hauled our luggage two blocks to his lovely home. Chris is very organized, very friendly, has a very clean home and make good beer. We didn't get to spend a lot of time with him, but would definitely stay again once we come back to NYC. Can't recommend him highly enough and also the French Cafe and Deli down the street!!<br/>","Comfortable, Sunny Room",Brooklyn,Clinton Hill,40.68292,-73.96381
29628,2011-08-01,189732,"I liked my week-end in NY at this appartment. It s really nice and well located. <br/>I hope to come back! ","Comfortable, Sunny Room",Brooklyn,Clinton Hill,40.68292,-73.96381
5803,2013-12-31,8826277,"My daughter and I enjoyed very much staying with Laurie, she was very helpful, lots of information on what to see, transport and mad us feel very welcome in her home","Lovely, Cozy, Room 1, BEST AREA; Legal Rental",Brooklyn,South Slope,40.66801,-73.98784
5803,2014-03-17,42273,"We stayed at Laurie's place for 4 nights for a family gathering. I am a fellow Airbnb host and needed extra space for my visiting family. You will not find a more gorgeous home and friendlier atmosphere than at Laurie's place! The rooms are lovely and the beds very comfortable. The price is also so so reasonable. Park Slope is one of the nicest and most popular neighborhoods in all of NYC and there is so much to see and do right near by. However, if you want to go into Manhattan (you hardly need too!) Laurie's place is just a quick walk to the subway to get into Manhattan in 20 minutes! Lastly, Laurie is such a great host who makes you feel relaxed and right at home. You really can't do better than Laurie's place! But book early because she gets full fast!<br/>","Lovely, Cozy, Room 1, BEST AREA; Legal Rental",Brooklyn,South Slope,40.66801,-73.98784
5803,2014-04-19,10831414,"Notre séjour chez Laurie a été vraiment merveilleux. Sa maison est accueillante et il fait bon vivre à Brooklyn. De plus, Laurie est une personne vraiment adorable et elle n'hésitera pas à vous conseiller pour savoir où manger les meilleurs pancakes ! Nous y retournerons sans hésiter ! Encore merci à elle !","Lovely, Cozy, Room 1, BEST AREA; Legal Rental",Brooklyn,South Slope,40.66801,-73.98784
5803,2014-04-29,11000728,"I enjoyed very much to stay at Lauries place. Nice house and friendly velcoming.<br/>It was easy to go  into Manhattan by subway and living in Brooklyn opened your eyes for that area too.  Laurie provided us with very good tips. Thanks<br/>","Lovely, Cozy, Room 1, BEST AREA; Legal Rental",Brooklyn,South Slope,40.66801,-73.98784
5803,2014-05-17,9834544,"We (me and my family) had a great week in Park Slope! Laurie is a great hostess. Welcoming, friendly, open, straight forward and very helpful. The rooms (we rented four rooms in total) were all nice, spacious and clean. In addition the house had a nice garden which Laurie generously let us use for a family barbecue. We spent a lot of time in Brooklyn but getting into Manhattan was no problem since the subway is only a 5 minute walk away. ","Lovely, Cozy, Room 1, BEST AREA; Legal Rental",Brooklyn,South Slope,40.66801,-73.98784
5803,2014-05-19,6491937,"Wonderful neighborhood. Comfortable bed. Easy and pleasant, everyone treated  me very well. Thank you.","Lovely, Cozy, Room 1, BEST AREA; Legal Rental",Brooklyn,South Slope,40.66801,-73.98784
5803,2014-05-29,239686,"Laurie was very sweet to offer help with my plans in New York, although we were both so busy we didn't have a lot of time to hang out, she invited me to a lovely glass of wine on my last night in her back yard balcony. I am happy she is of fan of my work! Thanks for your support Laurie! ","Lovely, Cozy, Room 1, BEST AREA; Legal Rental",Brooklyn,South Slope,40.66801,-73.98784
5803,2014-07-19,7170476,"Very beautiful house in a friendly neighboorhood with really good access to Manhattan and all other areas.... I was staying with Laurie for 10 days, the room was nice with a comfortable bed and air conditioning.  Laurie was very helpful with any issues I had during my stay... problems with the taxi driver, maps for New York, restaurants etc. Also she took care of my laundry, what was really nice. What is important for guests to know is that there are other guests on the same floor, so you have to share the bathroom. Laurie has a helpful son and two nice cats, so don´t be afraid of Badman and Robin (the cats), because they might jump to your bed in the middle of the night..... :) Would recommend this place!","Lovely, Cozy, Room 1, BEST AREA; Legal Rental",Brooklyn,South Slope,40.66801,-73.98784
5803,2014-08-08,14216096,"We (me and my wife) had an amazing time at Laurie's place. But let me take this in three steps: the location, the house and the host. <br/>Laurie's place is located in a relatively quiet street between two nice avenues full of restaurants, stores, cafés and other cool stuff and it's only a few blocks (about 5 minutes walk) from the metro which goes straight to Manhattan. Super nice neighborhood. Perfect location i would say. <br/>The house itself was lovely. There are three floors (or four if you will, there's a basement too): the bottom floor with a living room and kitchen, the second floor with two rooms and a bathroom, and the third floor with two rooms and a bathroom as well. We stayed in one of the rooms on the third floor. It worked out great. The only thing was that the wifi didn't reach the whole way up which could be a little bit frustrating, but it worked fine in the living room/kitchen. Also the hose was clean. <br/>Laurie was a great host. She was so helpful from the very beginning and gave us a lot of help in different ways. She served breakfast every morning (good breakfast too!) which was nice and comfortable. She also gave some advices what to do in the city and it was very fun to just hang out with her, a really nice person. <br/>If you are considering renting a room, all I can say is that it worked really well for us and we had a very good time there and I can definitely recommend it!","Lovely, Cozy, Room 1, BEST AREA; Legal Rental",Brooklyn,South Slope,40.66801,-73.98784
5803,2014-08-10,18585803,"Warm welcome, left suitcase in living room with no worries, had a great cup of coffee! Directions to lodging were excellent.","Lovely, Cozy, Room 1, BEST AREA; Legal Rental",Brooklyn,South Slope,40.66801,-73.98784
5803,2014-08-16,13517005,"Notre séjour d'une semaine chez Laurie a été très agréable. Nous sommes arrivés assez tard le 1 er jour mais Laurie nous a attendu . Le lendemain au petit déjeuner elle nous a donné qqs explications en français sur les visites à faire et nous a remis  les clefs de sa maison pour que nous puissions aller et venir à notre guise . Chaque matin nous nous servions dans son réfrigérateur pour préparer notre petit déjeuner et faire ""comme chez soi"". <br/>La maison de Laurie est située dans un quartier  très calme . Nous sommes souvent rentrés assez tard le soir sans jamais nous sentir en insécurité. Le métro est très proche du logement permettant d'accéder en 3/4 d'heure environ à Manhattan.","Lovely, Cozy, Room 1, BEST AREA; Legal Rental",Brooklyn,South Slope,40.66801,-73.98784
5803,2014-08-24,2131239,Laurie's house is a beautiful Victorian in a vibrant and interesting neighbourhood. The beds were comfortable and the breakfast was generous. There was a bike rental place nearby and we spent an entire day exploring Brooklyn from The Brooklyn Bridge to Coney Island.,"Lovely, Cozy, Room 1, BEST AREA; Legal Rental",Brooklyn,South Slope,40.66801,-73.98784
5803,2014-09-06,11541435,Superbe séjour passé chez Laurie. Laurie est accueillante et nous a donné de précieux conseils concernant les restaurants et les événements culturels se déroulant à Manhattan et à Brooklyn. La chambre était parfaite et nous avons très bien dormi (bon matelas et chambre climatisée). Les deux chats sont adorables et attachants. Que du positif et un super séjour à New york. ,"Lovely, Cozy, Room 1, BEST AREA; Legal Rental",Brooklyn,South Slope,40.66801,-73.98784
5803,2014-10-27,12730153,"Had an incredible time at lauries place. Clean room and bathroom, confortable bed, great breakfast and last but not least, great company. Laurie recommended great places for us to visit with directions and even some discount groupons. Batman and Robin are friendly and we had them at our door most mornings. If you are not a cat person you will definetly be once you meet them. The only complaint we have is with the wifi signal not reaching the 3rd floor of the house, but know for fact that Laurie is working on getting it fixed.","Lovely, Cozy, Room 1, BEST AREA; Legal Rental",Brooklyn,South Slope,40.66801,-73.98784
5803,2014-11-04,7220467,"Mi esposo y yo pasamos 5 noches en casa de Laurie. Lo más importante al hacer esta reseña es que nos hemos sentido como en nuestra casa, Laurie es una mujer muy cercana que te dará toda la información que solicites. El desayuno es muy completo (café, té, chocolate, tostadas, bollería fresca, queso, zumos, etc) te lo sirves tú con total libertad. La casa tiene 4 habitaciones que estuvieronocupadas durante toda nuestra estancia, todas ellas son espaciosas y con cómodas camas. Laurie te facilita cualquier producto de aseo, como champú, gel, loción hidrantante y secador de pelo que están ahí a tu disposición. En la casa viven dos gatos, suelen estar en la planta de abajo y no molestan. <br/>La casa se encuentra situada en una zona muy tranquila de Brooklyn y con varias líneas de metro a dos calles de distancia que te llevan directas a Manhattan en 20 ó 25 minutos. Muy buena comunicación. <br/>La única pega, por decir algo, es el orden. Al tener tanta gente y Laurie trabajar no siempre está todo ordenado. Aún así durante los días que estuvimos cuando había algún cambio de huéspedes venía una chica de servicio doméstico a limpiar las habitaciones. <br/>Volveríamos sin dudarlo. ¡Muchas gracias por todo, Laurie! ","Lovely, Cozy, Room 1, BEST AREA; Legal Rental",Brooklyn,South Slope,40.66801,-73.98784
29628,2011-08-10,601634,First airbnb experience . . . Great place!  Convenient location!  Only one problem:  the bed was too darn comfortable!  Made it difficult to get up and go some mornings.  ,"Comfortable, Sunny Room",Brooklyn,Clinton Hill,40.68292,-73.96381
29628,2011-08-19,571264,"Christopher is a wonderful host who besides sharing his neat and comfortable apartment, also gives you ample privacy to let you feel at home in it. We enjoyed very much our week long stay in his apartment and had some Interesting conversations with him at his roof deck. We strongly recommend his apartment to every one who's looking for a place to stay at Clinton Hill, Brooklyn. ","Comfortable, Sunny Room",Brooklyn,Clinton Hill,40.68292,-73.96381
29628,2011-08-26,814483,"Chris was a welcoming host, willing to assist with directions. The room was clean and the bed comfy. He lives within easy distance to the subway  and down town New York. Had a wonderful stay.","Comfortable, Sunny Room",Brooklyn,Clinton Hill,40.68292,-73.96381
29628,2011-08-29,501488,"My sis and I went to NY hoping to stay out late and hang out with friends, but because of the storm we ended up spending most of our stay, but all was not lost because Chris was an awesome host. Although we didnt get to see much of anything, the trip turned out good. Chris was such good company, never leaving a dull moment and always up to anything (movies on the couch or just talking)...def booking him for our next trip :)","Comfortable, Sunny Room",Brooklyn,Clinton Hill,40.68292,-73.96381
29628,2011-09-04,748062,"The Best apartament I've ever had in NY. Cristopher is very very nice and friendly and inside the apartament everything is clean and tidy!!<br/>Thank you so much!!","Comfortable, Sunny Room",Brooklyn,Clinton Hill,40.68292,-73.96381
29628,2011-09-11,828606,"We had an awesome week in NY and staying Brooklyn. It was our first airbnb experience, and glad we tried at Chris's. His place was ""Large, Sunny, Clean"" as advertised and very close to subways, walking distance to good restaurants & cafes, closet is generous size, too. We rarely sew each other but when we got a chance, we enjoyed our talk. Chris is such a nice guy, very helpful host and his beer is excellent! ","Comfortable, Sunny Room",Brooklyn,Clinton Hill,40.68292,-73.96381
5178,2015-01-20,19127416,"Lets start with the good part: the room is in a great area and there are many great places in walking distance. The woman who let us in and was very welcoming and friendly. We got tea, cocoa, a microwave, a fridge, mugs, a toaster and a water boiler to use.<br/><br/>BUT<br/><br/>the TV didnt work; it was way to cold, its hardly possible to sleep; the bed was not like at the picture, it was much worse; the host didnt answer me when i had a problem finding the appartment; the room was not that clean, neither was the bathroom",Large Furnished Room Near B'way　,Manhattan,Midtown,40.76457,-73.98317
5178,2015-01-25,14019563,"Lovely room, next to everything. Clean safe, lock on bedroom door. WiFi worked well and place was warm and comfortable. Apartment itself cluttered, but room was more than satisfactory. Great stay would choose here again",Large Furnished Room Near B'way　,Manhattan,Midtown,40.76457,-73.98317
5178,2015-01-31,8703217,"The apartment was what we saw from pictures, the location is great.We were at the apartment practically alone, since we did not see Shunichi in the days we were.Your friend welcomed us.Everything was as expected.",Large Furnished Room Near B'way　,Manhattan,Midtown,40.76457,-73.98317
5178,2015-02-19,21299546,"Estuvimos 7 noches y estuvo todo bien. No es exactamente igual a como se ve en la foto, pero se le toma cariño. Es espacioso, tiene todo lo necesario y a pesar del frio de afuera siempre estuvo caliente dentro. La ubicación es excelente, muy cerca de todo. Definitivamente volvería a quedarme ahí.",Large Furnished Room Near B'way　,Manhattan,Midtown,40.76457,-73.98317
5178,2015-02-25,13233765,"I had a good stay at Shunichi's. The location was perfect right in the theatre district.<br/>His girlfriend let me into the apartment and basically just let me know which key was which. However the rules of the house were clearly printed on the inside of the door so I had no further questions. I only spoke to Shunichi once to let him know at what time I was checking out. For the rest, I didn't see or hear them.<br/><br/>The apartment is basic and somewhat run down. Although clean, tidy and reasonably equipped. It's a bit too prosaic for a romantic get-away :)<br/>The central location makes up for this.<br/><br/>My only real problem was with the plastic cover over the mattress. There was a fitted sheet over this but still... not very pleasant. Although the bed itself was fine.<br/><br/><br/><br/>",Large Furnished Room Near B'way　,Manhattan,Midtown,40.76457,-73.98317
5178,2015-03-01,26821122,"Great location great room, all you'd need. Shunichi very nice guy and very private. He was really helpful when my flight / arrival times changed, got me in earlier than planned and when he was at work. Would definitely return. Thank you Shun.",Large Furnished Room Near B'way　,Manhattan,Midtown,40.76457,-73.98317
5803,2014-11-13,5225909," Laurie was a wonderful and friendly host. She informed me on all the events, restaurant and transportation in the area. The location was perfect with easy access to Manhattan and other parts of Brooklyn. The room was very neat, tidy and clean.  Highly reccomended.","Lovely, Cozy, Room 1, BEST AREA; Legal Rental",Brooklyn,South Slope,40.66801,-73.98784
5178,2015-03-14,20105359,"部屋はとても広く、ご紹介通り家具は一通り揃っています。Wifiも問題なくつながり、クローゼットまでありました。今回6泊しましたが、不便なく過ごさせていただきました。3月上旬でまだ寒い時期でしたが、暖房器具もあり、暖かくすごせました。<br/>立地はすばらしく、ミッドタウンの主な観光地には徒歩で行けますし、地下鉄の駅も近くです。<br/>ホストは日本人の方ですので、メールも日本語OKでした。英語に不安のある方には特におすすめです。",Large Furnished Room Near B'way　,Manhattan,Midtown,40.76457,-73.98317
5178,2015-03-21,23629313,Good location and clean. The apartment is old but everything was fine. Shunichi was very nice and the experience in NY was great,Large Furnished Room Near B'way　,Manhattan,Midtown,40.76457,-73.98317
5178,2015-04-18,5902447,"Perfect place if you want to stay in Midtown Manhattan. The apartment is a bit clattered and run down, but the room is cosy and has everything one might need. Shunichi was very accommodating with my travel arrangements which made my life much easier.",Large Furnished Room Near B'way　,Manhattan,Midtown,40.76457,-73.98317
5178,2015-04-21,30395117,"Shunichi was very kind and friendly with me, even when my flight was delayed. He arranged the check-in with a friend. The room is exactly as you can see on the photographs or even bigger, really. The bed is big and comfortable. The house is very very close to Times Square and Central Park, so its perfect to go walking. In another case, the subway is 2 blocks away. I will come back to NY, definitely, and I will go to Shunichi's house.",Large Furnished Room Near B'way　,Manhattan,Midtown,40.76457,-73.98317
5178,2015-05-01,14767392,"He is very quiet but gave no idea about the area <br/>The room was a bit small and the walls and windows are dirty as was the microwave. We could not use the kitchen sink as it was blocked . Good location <br/>Dave",Large Furnished Room Near B'way　,Manhattan,Midtown,40.76457,-73.98317
5178,2015-05-06,21505426,"La habitacion es como la indicada en la foto, casi no nos cruzamos con el dueno, solo para recoger y retirar las llaves. ",Large Furnished Room Near B'way　,Manhattan,Midtown,40.76457,-73.98317
5178,2015-05-07,32164509,"This is a great part of town. Just what I needed. Thanks Shunichi for taking good care!<br/>",Large Furnished Room Near B'way　,Manhattan,Midtown,40.76457,-73.98317
5178,2015-05-15,23749325,"Grande chambre spacieuse et confortable, côté pratique avec frigo et micro onde, juste un peu ""vieiyo"" par rapport au photo. L'emplacement de l'appartement est idéal, quartier calme et sympa, beaucoup de restaurant à côté. <br/>Shunichi est très serviable, compréhensible et très gentille. Séjour très agréable et je reviendrai sans problème.",Large Furnished Room Near B'way　,Manhattan,Midtown,40.76457,-73.98317
5178,2015-05-19,27484741,"Muy buena ubicación. Es un barrio seguro y a unas pocas cuadras del Time Saquare y del Central Park. La habitación está equipada con todo lo necesario: heladera, microondas y mesa con dos sillas.<br/>Casi no tuvimos contacto con Shunichi ya que el o nosotros no nos encontrabamos en el departamento. Pero El siempre se mostró amable y predispuesto para cualquier consulta o requerimiento nuestro.<br/>Recomiendo para hospedarse.",Large Furnished Room Near B'way　,Manhattan,Midtown,40.76457,-73.98317
5178,2015-05-25,23944659,"Muy buena ubicación. Es un barrio tranquilo y se encuentra ubicado muy cerca del Central Park y Times square. La habitación no es como muestra las imagenes, pero bien para pasar la noche. <br/>Casi no tuvimos contacto con Shunichi ya que el o nosotros no nos encontrabamos en el departamento. Fue muy amable al recibirnos, claro con las reglas de la casa, entrega de llaves y no habia problemas con la hora de llegada en la noche. <br/>Recomiendo para hospedarse",Large Furnished Room Near B'way　,Manhattan,Midtown,40.76457,-73.98317
5178,2015-05-29,26303765,"Perfect location. Room was large enough, looks exactly as on picture. Not very clean (only the bedlinnen were changed, no vacuumcleaning or whatsoever), and dirty floor of the bathroom. Difficult to get a grip on the temperature of the shower. But the aircon, microwave, fridge, and some cutlery were a welcome addition. Friendly owner. ",Large Furnished Room Near B'way　,Manhattan,Midtown,40.76457,-73.98317
5178,2015-06-01,25361097,"Great location , few minutes walk to Central Park and Times Square . Shunichi was very accommodating with my travel arrangement. Very private but nice person. ",Large Furnished Room Near B'way　,Manhattan,Midtown,40.76457,-73.98317
5178,2015-06-05,16556575,Shunichi的房子真的是位置非常好. 去时代广场或者市中心任何地方都很近。我们非常喜欢。,Large Furnished Room Near B'way　,Manhattan,Midtown,40.76457,-73.98317
5178,2015-06-19,22127838,"Nous avons séjourné pendant deux semaines chez Sunichi, du 05 au 19 juin 2015. Il s'est montré disponible à notre arrivée puisqu'il nous a ouvert immédiatement en dépit de l'heure tardive (3h du matin environ). Après ça, nous ne l'avons que peu vu pendant les deux semaines, il s'est montré très discret et rentrait tard le soir. <br/>A la fin de la 1eme semaine, il nous a cependant proposé des draps et du linge propre.<br/>A noter qu'aucune indication ne nous a été donné avant notre départ, et que nous avons du quitter l'appartement plus tôt pour laisser place au couple suivant, tout ça sans voir Sunichi. ",Large Furnished Room Near B'way　,Manhattan,Midtown,40.76457,-73.98317
5178,2015-06-22,26582800,"Me and my fiancee stayed there for 3 nights. <br/>The address is very easy to fine. We called Shunichi, and a friend of his waited at the apartment. The room is large enough (we had 4 pieces of luggage), clean, with everything you need in it. The bed is really ok, large enough for 2 people.<br/>We felt really nice, it’s like a hotel room :). You don't see anyone around and the bathroom was always available. <br/>We’ve walked most of the time, the place is in a safe area and close to most major things to visit and see. <br/>This is really a great stay for visiting NYC. <br/><br/>Thanks Shunichi!",Large Furnished Room Near B'way　,Manhattan,Midtown,40.76457,-73.98317
5178,2015-06-23,8112665,"As we were in a hurry to a dinner meeting with friends, Shunichi greeting us at the door and even carried my luggage up to the first floor. There's no elevators so make sure your bags aren't to hefty to carry up.  As a former New York resident, the room looked like the average apartment, although I have to admit that the pictures made the room looked cleaner and new.  I love that they were towels on the shelves, hair spray, and a microwave included.  Our stay was brief (8:30pm to 4am) as we were on a flight layover. We left our luggages and mostly roamed the city the majority of the night.  There's a small couch. The location was perfect as it is in midtown steps away from Columbus Circle.  Safe neighborhood. Great find! Worth the money.",Large Furnished Room Near B'way　,Manhattan,Midtown,40.76457,-73.98317
5178,2015-07-04,28822415,"Appena messo piede in quella orribile casa mi sono venuti i brividi addosso ! Sono andato in vacanza in una bella citta' con tanto amore insieme a mia moglie ma poi mi sono ritrovato a soggiornare in una camera che non avrei mai immaginato che fosse cosi' ...muri neri spennellato di bianco finestra rotta dove passa l'aria e forse in inverno non sarebbe il massimo , frigorifero e microonde sporchi di nero, letto  quello di una vecchia prigione , parquet nero, piastrelle rotte. Forse per la camera puo' bastare , praticamente le foto che vedete dell'host risalgono a quando praticamente si e' costruito questo appartamento .Il bagno non ne parliamo il bordo vasco e' di uno spessore di 3 cm nero, e c'era una spugna che era in uno stato di putrefazione! Praticamente potevo beccare qualche malattia.Comunque non voglio allungarmi scrivendo quello che ho trascorso in 5 notti in quella orrenda casa , vi dico solo di stare lontano da questa casa e non accettate nemmeno se il prezzo e' bassissimo perche' la vostra vacanza sara' rovinata!!! Mi dispiace che non posso mettere le foto di quella casa ORRIBILE senno' non c'era bisogno nemmeno di scrivere , attenzione che io ho scritto questo ma in realta' e' molto peggio e dico cosi' perche' non ci potete credere se non vivendo l'esperienza che ho fatto io!!   colgo l'occasione per ringraziare i membri di airbnb che sono stati eccezionali! Prima esperienza orribile ....ma che posso contare su questo staff!GRAZIE",Large Furnished Room Near B'way　,Manhattan,Midtown,40.76457,-73.98317
5803,2014-12-16,16879944,"Laurie is a very nice host.  Always ready to help or make you feel at home.  From the croissants served every morning to the laundry she offered to do for her guests.<br/>The house is gorgeous, big and full of light.  The backyard is also welcoming.<br/>The room is big with very nice linens, pillows, heating and a great desk to work or use your laptop.  (wifi does not work upstairs which is good because you must go to the living room to use it while you interact with other guests or Laurie).<br/>The bathroom is big and clean (you'll only share with the other guest in the next door room).<br/>The two cats are also welcoming and they don't refuse a warm human touch.<br/>The apartment is close to everything that's essential in Park Slope.  It is 3-4 blocks away from the G, N, R and F trains.  20 minutes from Manhattan.  But... why Manhattan???  You're in Brooklyn!!  Enjoy!!!<br/>I would definitely recommend Laurie's Listing.","Lovely, Cozy, Room 1, BEST AREA; Legal Rental",Brooklyn,South Slope,40.66801,-73.98784
5803,2015-01-17,22627,"Laurie is a very friendly, gracious host. She checked in with me a few times to make sure everything was acceptable. The neighborhood of Park Slope is great. It has lots of restaurants and shops within short walking distance of Laurie's home. I stayed in a room on the third floor of the house. A winding staircase leads to the room, and the bath is shared with any guest who might rent the other room on the floor (in my case, the other room was only rented out for the last couple of days of my stay). The bedroom and bath were both very clean and pleasant. I did not partake in breakfast, although Laurie made sure that breakfast was available in her kitchen.","Lovely, Cozy, Room 1, BEST AREA; Legal Rental",Brooklyn,South Slope,40.66801,-73.98784
5803,2015-02-21,3367796,"Our stay with Laurie has been great. Nothing is too much trouble for her, from staying up to greet us in the first night we arrived at 2.00am in the morning, having yummy breakfast supplies waiting for us everyday, recommending great cafés and shops, even doing our washing, which was totally unexpected. <br/>The room was lovely, comfortable and clean with everything you need. Overall a wonderful Airbnb experience. Thank you Laurie. ","Lovely, Cozy, Room 1, BEST AREA; Legal Rental",Brooklyn,South Slope,40.66801,-73.98784
5803,2015-04-05,12875475,Great stay in Laurie's beautiful home. Laurie gave us great tips on where to eat locally and left us breakfast evey morning. The house is in a quiet neighbourhood but within easy reach of Manhattan. Thank - you Laurie!!,"Lovely, Cozy, Room 1, BEST AREA; Legal Rental",Brooklyn,South Slope,40.66801,-73.98784
5803,2015-04-23,27759167,"The room was located very close to the local shopping strip with many places to eat and socialise as well as being just 2 or 3 minutes walk from the subway accessing Manhattan and many other places. The room was quite large and had good storage facilities for hanging clothes, etc. The bed was extremely comfortable. The bathroom was shared but still was more than serviceable. She went out of her way to ensure that we were comfortable and provided options for things to do both in Manhattan and locally.","Lovely, Cozy, Room 1, BEST AREA; Legal Rental",Brooklyn,South Slope,40.66801,-73.98784
5803,2015-05-08,14612191,"Laurie was nice, interesting and interested in our plans.  The bed was so comfortable and the room was full of books, especially ones my daughter had read as a young reader.  The shower was strong and hot. The fellow travelers were interesting.  The house is in a safe neighborhood and just blocks from the subway.  We (60 yo mom & 23 yo daughter) walked around at night and felt safe.  Laurie gave us lots of information about nearby restaurants.  She had bagels and chocolate croissants(yum) for us each morning. She has a wonderful garden in the back.  It took us about 30-40 minutes to get to downtown NYC on the subway from her house.  It was a great vacation!","Lovely, Cozy, Room 1, BEST AREA; Legal Rental",Brooklyn,South Slope,40.66801,-73.98784
5803,2015-05-23,1128205,"Dank der umfassenden Wegbeschreibung von Laurie habe ich sowohl den Weg vom JFK Flughafen zu ihrem Haus ""easy"" gefunden wie auch den Zugang zu meinem Zimmer.","Lovely, Cozy, Room 1, BEST AREA; Legal Rental",Brooklyn,South Slope,40.66801,-73.98784
5803,2015-05-27,32274754,"Laurie emailed us a helpful booklet before we arrived, giving us all of the details we would need for our stay. Her home is lovely, peaceful, and inviting. She has everything you would need there, and she was very helpful and accommodating. We fell in love with her sweet cats! We would definitely book a stay there again. ","Lovely, Cozy, Room 1, BEST AREA; Legal Rental",Brooklyn,South Slope,40.66801,-73.98784
5803,2015-07-31,32731960,"I was at Laurie's place in July with a friend of mine. Staying at Laurie's B&B was great! She is very nice and helpful, always ready to give great advice to her guests. Her house is very clean (even the bathroom) and her cats are lovely. If I ever happen to be in NYC again, I will definitely choose her B&B again!","Lovely, Cozy, Room 1, BEST AREA; Legal Rental",Brooklyn,South Slope,40.66801,-73.98784
5803,2015-08-16,20531425,Laurier property is pleasant and well located with Park Slope having good connections to various subway lines. We were offered breakfast daily but late risers we usually went out for brunch. Laurie is flexible and tries to give as much advice as she can on the local area's restaurants and attractions.,"Lovely, Cozy, Room 1, BEST AREA; Legal Rental",Brooklyn,South Slope,40.66801,-73.98784
5803,2015-08-21,9377056,"Laurie was a fantastic host, full of information about the neighborhood<br/> She went out of her way to help, particularly when I had problems with my flight. Her house is lively, vibrant and full of interesting things. A good place to stay.","Lovely, Cozy, Room 1, BEST AREA; Legal Rental",Brooklyn,South Slope,40.66801,-73.98784
5803,2015-09-04,37884197,"Nous avons passé un très bon séjour chez Laurie. La maison est superbe, très grande pour une ville comme NYC, 2 étages et un jardin (et 2 chats très mignons).<br/><br/> Le quartier est très agréable, il s'agit d'une des parties les plus jolies de Brooklyn : grand parc, rues bordées d'arbres, ambiance village et beaucoup de petits cafés (essayez le Barbes et l'Union Hall), restaurants et quelques endroits pour sortir. C'est un endroit idéal si vous disposez d'un peu de temps pour visiter New-York et ne pas seulement faire Manhattan. Park Slope est très bien relié au centre, la maison est à quelques dizaines de mètres du métro (lignes F, G, R). Il faut compter entre 30 minutes et 45 minutes pour se rendre au centre de Manhattan selon les lignes, ce qui est assez court pour une ville de cette taille. Facilité d'accès aux coins à la mode de Brooklyn comme Williamsburg, Brooklyn Heights (où se trouve le Brooklyn Tabernacle pour aller écouter du gospel, moins de monde qu'à Harlem).<br/><br/>Laurie est une hôte discrète mais qui connaît beaucoup sur la ville et saura vous aider elle nous a donné beaucoup de bons plans sur ce qu'il y avait à faire dans la ville, notamment les concerts, les musées, les marchés. Par ailleurs, elle vous envoie un guide PDF très bien fait avec beaucoup d'adresses. Le petit-déjeuner (bagels, fromage, jus, café) est inclus, ce qui est un plus. A savoir, si les trois chambres d'invités sont remplies, il peut y avoir jusqu'à 7 personnes dans la maison, mais il y a de l'espace donc ce n'est pas gênant.<br/><br/>Nous sommes contents de notre voyage :)","Lovely, Cozy, Room 1, BEST AREA; Legal Rental",Brooklyn,South Slope,40.66801,-73.98784
5803,2015-12-25,33059289,"Mes parents d'environ 70 ans ont passé une semaine. Voici leur commentaire. <br/>Chambre style anglaise très chargée. Chambre et salle de bain propres mais tres fouilli. <br/>Cette semaine hôte très peu présente. <br/>Il faut se débrouiller seul pour le petit déjeuner. <br/>Maison agréable, très bien située. <br/>Reviendrons!","Lovely, Cozy, Room 1, BEST AREA; Legal Rental",Brooklyn,South Slope,40.66801,-73.98784
5803,2016-03-19,973276,"Laurie made me feel at home from the moment I walked in her lovely house. She is such a caring host- she even lent me one of her coats when I arrived as I wasn't prepared for the NY end of winter season!<br/>My room was very comfortable and I felt like having all the privacy I needed during my 2 weeks stay.<br/>I would totally recommend Laurie's place - great place in Brooklyn!","Lovely, Cozy, Room 1, BEST AREA; Legal Rental",Brooklyn,South Slope,40.66801,-73.98784
5803,2016-04-21,4139979,"The room was comfortable, many books which I like, bathroom tidy and clean - cats very cute - a good experience that I would repeat.","Lovely, Cozy, Room 1, BEST AREA; Legal Rental",Brooklyn,South Slope,40.66801,-73.98784
5178,2015-07-08,26716506,"Although the room was comfortable, and although Shunichi was a nice guy, no one was there when we got the apartment. We had to wait for over half an hour around the corner in a local restaurant....this is not something we wanted to after many hours of flying. It also seemed this happened to the couple staying after us but for a considerably longer time. Aside from that nothing bad to say. The location was ideal so if you do not mind waiting  then this is the place for you.",Large Furnished Room Near B'way　,Manhattan,Midtown,40.76457,-73.98317
5178,2015-07-09,37307440,由于原酒店临时涨价，经朋友推荐住了该网站此房间一晚，房间与照片想象差距较大，房间陈旧有异味，晚上经常有警车声音。优点：地理位置不错。,Large Furnished Room Near B'way　,Manhattan,Midtown,40.76457,-73.98317
5178,2015-07-14,22142589,Shunishi has been a wonderful and discreet host. He offered to come outside even though we got there quite late and carried our luggage upstairs. Before we left he agreed for us to leave the same luggage in his living room so we could explore more of the city. We loved the experience and stay there again any time,Large Furnished Room Near B'way　,Manhattan,Midtown,40.76457,-73.98317
5178,2015-07-20,9016403,"Shunichi's place was perfect for exploring New York. We didn't see him much as he was working and we were so busy, but whenever we did meet he was kind and helpful. The place is about ten minutes walk to times square and this makes it so much easier, rarely having to get the subway anywhere. Great place to stay in New York for a couple of days.",Large Furnished Room Near B'way　,Manhattan,Midtown,40.76457,-73.98317
5178,2015-08-01,34519956,"The room is quite big and comfortable. The only problem is that it was summer and the air conditioning wasn't really working so it was very hot and the tv didn't work. Other than that there was no problem. He was very nice about check in and out times, because I had a flight to catch after the checkout time and he let me keep the bags in the apartment so that was cool. The stay in Shunichi's place was good overall.",Large Furnished Room Near B'way　,Manhattan,Midtown,40.76457,-73.98317
5178,2015-08-04,37242189,這是間位於上城區的房間，地理位置非常的棒，無論是前往中央公園或是往下到時代廣場，都是可以走路就到。房間內部也非常舒適，真的是值得推薦的好房間。,Large Furnished Room Near B'way　,Manhattan,Midtown,40.76457,-73.98317
5178,2015-08-05,6154791,"Our apartment building in Philadelphia caught fire, and much of our possessions were ruined and the whole building rendered uninhabitable by water damage the day before I had planned to stay with Shunichi.  So I feel asleep within an hour after arriving at his apartment and didn't wake up until the next morning.  Which goes to show that the room faces a quiet street and that the bed is comfortable, even if a metal frame.  The room is as it looks in the photo, with the additions of a table cloth, cups, mugs and a small mirror, without the plant, stool and dark full length curtain, now replaced by a shorter one that lets the light through it.  Shunichi was very communicative about my move in and had no problem with me coming earlier than I initially indicated,nor with me leaving my luggage at his place until I left the city the following day.  Then I crashed out.  ",Large Furnished Room Near B'way　,Manhattan,Midtown,40.76457,-73.98317
5178,2015-08-09,27305346,"Non abbiamo mai avuto modo di incontrare il nostro host,non perché avessimo degli orari totalmente discordanti ma perché non si è mai palesato. Detto ciò è stato molto disponibile nei nostri confronti, abbiamo potuto lasciare le valigie presso il suo appartamento il giorno della partenza, abbiamo trovato lenzuola e asciugamani puliti, doppio mazzo di chiavi di casa, e al nostro arrivo ci aspettava una sua amica ad accoglierci. La casa e in una posizione centralissima, vicino a central park e Times square e alle fermate della metro, per cui ci è stato facile muovevi con comodità. È una casa che vale quello che paghi, cioè poco, ricorda molto la trasmissione televisiva ""sepolti in casa""! È ideale se usata esclusivamente per pochi giorni e per passarci la notte. Le foto sul sito airbnb molto probabilmente sono parecchio datate! ",Large Furnished Room Near B'way　,Manhattan,Midtown,40.76457,-73.98317
29628,2011-09-22,766148,"Thanks to Chris we had an unforgettable experience in New York. He was a great host who let us as much privacy as we needed but was always there for a chat and very good suggestions of what to do and to eat. His condo is absolutely great, clean and in a nice neighbourhood. This way we got to know a lot of Brooklyn we wouldnt have seen if we had stayed in Manhattan. And even at three o'clock in the morning it was still not dangerous to get home for two girls like us. We would definitely stay with him again!","Comfortable, Sunny Room",Brooklyn,Clinton Hill,40.68292,-73.96381
29628,2011-10-14,973003,"First of all, i gotta thank Chris for beeing such a great host, beeing always helpful and in a good mood, right after our arrival it felt like home. <br/>Our Stay was awesome, we loved BK, the neighborhood was nice & safe. The Room was clean and sunny, the bed was comfortable as hell, we didn't want to wake up in the morning....<br/>It's located very close to Manhattan, it was the perfect alternative to crowded Manhattan in my opinion.<br/>It was our first Airbnb experience and it turned out perfect, thanks to Chris.<br/>We will defintely come back on day.<br/><br/>Thanks again for everything","Comfortable, Sunny Room",Brooklyn,Clinton Hill,40.68292,-73.96381
29628,2011-10-19,494656,"The picture says it all, immaculate apartment in a very convenient location in Brooklyn. Such a deal! Chris is quite a knowledgeable and friendly host who has thought of everything to make his guests comfortable. The umbrella in the closet, the MTA Subway Map on his shower curtain, comfortable leather furniture and even beautiful bamboo hardwood floors throughout this condo. Any visitor to NYC would be a fool to stay at a hotel when this listing is available. ","Comfortable, Sunny Room",Brooklyn,Clinton Hill,40.68292,-73.96381
29628,2011-10-25,1017707,"Loved our stay with Chris - would definitely do it again. Chris is super friendly and even waited up late for us to arrive on our delayed flight. The place is great, bed is ridiculously comfortable, and the subway is only a few steps away. You can't beat it!","Comfortable, Sunny Room",Brooklyn,Clinton Hill,40.68292,-73.96381
29628,2011-11-02,1137279,"We stayed with Chris for a week and loved it. His place is clean, quiet and comfortable (especially the bed) and he is a gracious & friendly host and an all around cool guy! The condo is conveniently located less than a half block from the subway which made getting around super easy. We would definitely stay with him again!","Comfortable, Sunny Room",Brooklyn,Clinton Hill,40.68292,-73.96381
29628,2011-11-07,1211476,Chris was an amazing host ! He was very helpful and very nice ! The apartment is very neat and clean! 2min to the subway station ! We will definetely go back to there in our next NY trip. Thanks again Chris,"Comfortable, Sunny Room",Brooklyn,Clinton Hill,40.68292,-73.96381
29628,2011-11-14,1285478,"I had a wonderful visit with Christopher. He has a very modern, well equipped apartment in a newly built block in Clinton Hills, very close to the sub-way, shops and eateries. The subway/train connections are good both east and west (I was working in Manhattan and Nassau). The apartment is clean and maintained to a high standard. The room is well equipped: as well as Wi-Fi there are useful items such as an iron, hair drier, converter for international electrical plugs and so on. The bed is large and comfortable. Christopher is an excellent host. He has a relaxed and engaging style which makes everything very easy and enjoyable. You immediately feel welcome. I had a great time during my stay with Christopher and only regret that my schedule did not leave me more time to chat. Definitely recommended!","Comfortable, Sunny Room",Brooklyn,Clinton Hill,40.68292,-73.96381
29628,2011-11-18,1320176,"Chris's place is clean, organized, and comfortable. It provided me with exactly what I was looking for: a quiet, spacious, private room to crash in while visiting my daughter. I'll definitely return.","Comfortable, Sunny Room",Brooklyn,Clinton Hill,40.68292,-73.96381
5803,2016-05-07,65565382,We had a very nice stay in Laurie's home. Laurie is well organized to receive her guests. We were well informed of every details beforehand. Laurie really makes every effort to make us feel at home. Her house is conveniently located near subway and plenty restaurants. Our room was quiet and cosy. We had to share the bathroom with other guests but it worked out OK. <br/>Overall a very nice experience. ,"Lovely, Cozy, Room 1, BEST AREA; Legal Rental",Brooklyn,South Slope,40.66801,-73.98784
5803,2016-05-28,50796049,"I loved the stay at Laurie's! The house is beautiful and has a very nice atmosphere. The garden in spring....just gorgeous. Laurie is a great host that arranges everything you need and is a kind and 'gezellig' (Dutch word, untranslatable...) person. Her little booklet on the house, New York and Brooklyn is a very handy guide to welcome you in the house and the city. And o yeah, the cats are very kind and cuddley too ;-)<br/>Thanks Laurie!","Lovely, Cozy, Room 1, BEST AREA; Legal Rental",Brooklyn,South Slope,40.66801,-73.98784
5803,2016-08-02,4213410,Park Slope is my favorite neighborhood to stay... Great restaurants & cafes and easy access to subway. Laurie was very gracious and the accommodations were excellent! We enjoyed our stay and we plan come again next time we're in Brooklyn. ,"Lovely, Cozy, Room 1, BEST AREA; Legal Rental",Brooklyn,South Slope,40.66801,-73.98784
5803,2016-09-07,22628696,"The apartment is a bohemian hideaway! Located a couple minutes walk from the 4th av G, this place was very convenient to get to. The neighborhood is very safe, clean, and charming with lots of cute vintage shops, cafes, and restaurants. Would absolutely recommend!","Lovely, Cozy, Room 1, BEST AREA; Legal Rental",Brooklyn,South Slope,40.66801,-73.98784
5803,2016-09-15,93182128,"We had a wonderful stay in Laurie's gorgeous house. The location is great as we were steps to delicious restaurants and shops. Laurie is also an amazing host providing her guests with daily breakfast (fresh bagels, croissants, a variety of cream cheeses, etc.) and a wealth of information on New York city. Thank you for making our stay extra special.<br/><br/>Céline and Kaylee","Lovely, Cozy, Room 1, BEST AREA; Legal Rental",Brooklyn,South Slope,40.66801,-73.98784
5803,2016-09-22,90896193,"Lovely home. Great neighborhood. Close to shops, restaurants and subway. Laurie is very helpful and friendly. Room was large with plenty of space for suitcases. Shelves inside the closet helped to keep things organized. Really appreciated having a desk in the room to work. Excellent Wifi. ","Lovely, Cozy, Room 1, BEST AREA; Legal Rental",Brooklyn,South Slope,40.66801,-73.98784
5803,2016-09-28,29792433,"Staying at Laurie's quaint Brooklyn home was probably the smartest decision of my entire trip--quiet, clean, comfy, and hassle free! I arrived at an odd (early morning) hour and Laurie was still completely accommodating and welcoming. My room was at the top of two flights of narrow, very creaky stairs, but it just adds to the atmosphere of the house. Just tread lightly if you arrive home late! My bed was a super comfortable queen size and was generously given three pillows for optimal sleeping.<br/><br/>As far as getting around, it's a great location located in Park Slopes, less than a mile from Prospect Park and a few blocks away from two direct lines to the heart of Manhattan. Even at peak hours it never took me more than 30 minutes to get to Times Square. <br/><br/>Laurie as a host was ideal; welcoming and friendly, but not overbearing or nosy. We had a pleasant conversation when I arrived and then I was left to my own devices to explore the city. If I had a question or needed a suggestion, she was on hand to give the best advice. Top quality host. Really made my vacation the relaxing breeze I needed it to be. I highly recommend giving Laurie's home a visit!","Lovely, Cozy, Room 1, BEST AREA; Legal Rental",Brooklyn,South Slope,40.66801,-73.98784
5803,2016-10-05,1418568,"The house is in a good neighborhood in Brooklyn.  Laurie is a very nice host. She is effective and detailed person who would let you self use many facilities in this house. The two cats are lovely.  There is a warm and welcoming atmosphere in this house, especially with many children books - her father is a famous cartoon illustrator. We enjoyed the stay very much.","Lovely, Cozy, Room 1, BEST AREA; Legal Rental",Brooklyn,South Slope,40.66801,-73.98784
5803,2016-10-08,10662662,"What an amazing time I had at Laurie's place. It takes some time by train, however the Station is right next to her place. So, very easy to move around. Amazing room, quiet place and Laurie sure makes her best to make your NYC experience the best possible. ","Lovely, Cozy, Room 1, BEST AREA; Legal Rental",Brooklyn,South Slope,40.66801,-73.98784
5803,2016-11-16,16651612,"Laurie .. awesome host! Concerned and caring. Very helpful and a beautiful house. Warm and welcoming. And the cats Batman and Robin...a darling! It was wonderful meeting some of the other guests. Great conversations, and some great cooking! Will be back soon!!! Close to the metro, markets, gym, restaurants!!!! Your own private world within NYC!!!","Lovely, Cozy, Room 1, BEST AREA; Legal Rental",Brooklyn,South Slope,40.66801,-73.98784
5803,2017-04-26,15230323,"Laurie was a gracious and friendly host! I stayed for 5 nights at her home, and it was comfortable and inviting. Park Slope is also a great neighborhood with plenty of places to go and shops and restaurants. I would stay again if I needed to!","Lovely, Cozy, Room 1, BEST AREA; Legal Rental",Brooklyn,South Slope,40.66801,-73.98784
5803,2017-05-02,21282389,"Laurie is a great host and the location is wonderful, not too busy and next to a lot of shops and restaurants.","Lovely, Cozy, Room 1, BEST AREA; Legal Rental",Brooklyn,South Slope,40.66801,-73.98784
5803,2017-05-10,21964299,Laurie was a great host. She knows so much about the neighborhood that it was super easy for us to navigate around the house. She provides an amazing breakfast each morning. Never imagined I could get complimentary breakfast at an Airbnb house. I had some good and bad Airbnb experiences but Laurie's house was so so great. I would stay there again and recommend it to anyone! ,"Lovely, Cozy, Room 1, BEST AREA; Legal Rental",Brooklyn,South Slope,40.66801,-73.98784
5803,2017-05-21,9692601,"We had a wonderful stay at Laurie's place, while visiting with our daughter who lives in Park Slope.  Sharing the bathroom was not a problem, as we found all guests using it were mindful and courteous.  We appreciated all the extra amenities that Laurie provides: a good reading light on both sides of the bed, lots of room and shelves in the closet, a first aid kit in the bathroom, shampoo, conditioner, fresh and delicious croissants, bagels, cream cheese, organic milk and OJ for breakfast. . . all yummy and plentiful.   The backyard garden was at its prime and lovely.  What a gem we found.  Thank you, Laurie, and we hope to see you again!","Lovely, Cozy, Room 1, BEST AREA; Legal Rental",Brooklyn,South Slope,40.66801,-73.98784
5803,2017-06-02,56281844,Laurie's place is really great! Close to subway (R and F ) so there's easy access into the city. It's on a quiet area in Park Slope but still close to everything the area has to offer in terms of restaurants and bars. The room is a good size and has everything anyone could need. Fair amount of closet space.  Beautiful garden.,"Lovely, Cozy, Room 1, BEST AREA; Legal Rental",Brooklyn,South Slope,40.66801,-73.98784
5803,2017-06-22,111187766,"This is a great location close to lots of restaurants and stores, but also in a safe, residential neighborhood. Very clean.","Lovely, Cozy, Room 1, BEST AREA; Legal Rental",Brooklyn,South Slope,40.66801,-73.98784
5803,2017-10-01,3753684,Una bonita casa en un barrio estupendo lleno de vida social. Bien comunicada con el metro. Gran hospitalidad. Pasamos unos días maravillosos,"Lovely, Cozy, Room 1, BEST AREA; Legal Rental",Brooklyn,South Slope,40.66801,-73.98784
5803,2017-10-10,127974,"Our stay at Laurie's was wonderful from the very beginning, with lots of local tips and a full booklet with all the information you may want/need! The house was even more beautiful than on pictures, and the room was very (by New York standards: VERY) spacious. It felt very homey and we had a great time staying there and exploring the neighborhood and going for nice dinners close by. Subway is also only a couple min walk. Breakfast provided is a good plus. The garden and indoor decoration are very nice. Tree-lined streets of Park Slope are beautiful. Laurie was an amazing host by e-mail even though she had a last minute urgency that prevented us to meet each other, but she was very responsive and helpful - thank you again!","Lovely, Cozy, Room 1, BEST AREA; Legal Rental",Brooklyn,South Slope,40.66801,-73.98784
5803,2017-11-21,7222215,"Charming house, great location, spotlessly clean, good communication all was as expected.","Lovely, Cozy, Room 1, BEST AREA; Legal Rental",Brooklyn,South Slope,40.66801,-73.98784
5803,2017-11-27,145883925,"We thoroughly enjoyed our stay at Laurie’s home. It is a funky, century old (if not more) house. If you want authentic Brooklyn, this is the place for you! The location is fantastic. Close to transit, shops, restaurants. The neighbourhood is safe and welcoming. The price is right as well.<br/><br/>Laurie is kind and generous with information, tips, resources and breakfast treats. We will definitely be back.","Lovely, Cozy, Room 1, BEST AREA; Legal Rental",Brooklyn,South Slope,40.66801,-73.98784
5803,2017-11-28,63105155,"Laurie’s place was perfect for us. Accommodations were spacious and comfortable. Having access to a kitchen was great. Her location is a few minutes from subways and close to specialty markets of South Slope. Most of all, Laurie was at hand to answer all questions, welcome us warmly, and give us an expansive printout that oriented us to everything Brooklyn. She is gracious host!","Lovely, Cozy, Room 1, BEST AREA; Legal Rental",Brooklyn,South Slope,40.66801,-73.98784
5178,2015-08-19,23610538,"La nostra esperienza qui non è stata delle migliori ma devo dire che per quello che cercavamo noi ovvero un posto comodo e solo x dormire e lavarci ,era l ideale ,anche se le condizioni e l igiene non erano il massimo.<br/>la posizione della casa a 2 passi da central park e a poche street da Times square , e il prezzo sicuramente basso rispetto a ciò che puoi trovare a New York sono sicuramente carte a favore di questo appartamento , ma per quanto appunto riguarda la pulizia non ci siamo :la stanza si presentava decente , a parte le tinture alla parete che non avevano un senso e la stanza risultava pitturata a metà , il caldo invivibile che non ci faceva dormire perché nonostante ci fosse una sottospecie di condizionatore questo girava l aria ma non rinfrescava la stanza , vi erano anche posate e microonde ma sinceramente non ci sono mai serviti quindi non li ho nemmeno guardati .<br/>Il bagno si presentava alquanto sporco ,  la vasca aveva le tendine ai lati sporche di capelli e muffa e il lavandino e per terra c erano sempre capelli che non venivano mai raccolti . <br/>Noi purtroppo abbiamo avuto anche una brutta esperienza perché durante una delle notti che abbiamo trascorso qui , un coinquilino di 2 piani più sopra ha lasciato l acqua aperta di notte quindi questa è filtrata sugli appartamenti sottostanti nonché sulla nostra  stanza e oltre ad aver passato tutta la notte svegli per paura che le infiltrazioni facessero crollare il soffitto , l' indomani abbiamo dovuto dormire con una puzza tremenda da marcio perché i tubi dell acqua avevano lasciato sul soffitto un alone puzzolente oltre che delle crepe preoccupanti .<br/>Se dovessi suggerirlo non lo farei , suggerirei piuttosto al padrone di casa di avere un po più di igiene e pulizia nella stanza che condivide dato che è un peccato data la posizione di questa",Large Furnished Room Near B'way　,Manhattan,Midtown,40.76457,-73.98317
5178,2015-08-27,25269094,"We stayed at Shunichi's place for a whole week. We enjoyed our stay a lot! We did not see Shunichi a lot, since he has quite a reserved/private personality.<br/><br/>Let's start with the real good things; first is location, location and location. Perfect for the ultimate new york trip! We visited all the highlights; far locations like statue of liberty and yankee stadium by subway. All other things we did walking or by hoponhopoff bus. Also the flexibility of Shunichi is great; we had all the things we needed; a fridge, microwave, shower always available at our times, etc.<br/><br/>When reading the comments we noticed some comments about the pictures and cleanness. Well those are true; the room is maybe not as nice or clean as shown on the pictures, but what do you aspect for this rate? If you want a perfect room book a 4 star hotel for triple the price. This room is perfect for budget minded travellers (like us). The only times we were in the room was for sleeping.<br/><br/>We'd certainly recommend this location for those looking for this type of stay.<br/><br/><br/><br/>",Large Furnished Room Near B'way　,Manhattan,Midtown,40.76457,-73.98317
5178,2015-08-29,33182305,"We spent perfect time in Shunichi apartment. The location is wonderful, we lived in the heart of the City! The room is rather big and clean",Large Furnished Room Near B'way　,Manhattan,Midtown,40.76457,-73.98317
5178,2015-09-03,21298786,"Shunichi met us at the door, we arrived late and appreciated that he did not mind a late check in. Communications were good, having the back up of his friend available to check us in for before he arrived home was very nice. The room is basic, spacious by NYC standards, and clean. The perfect place to rest in a great location for our agenda. The bathroom sharing was fine and no issues. We had a very pleasant stay and were happy to be able to come and go as we pleased late in the evening. ",Large Furnished Room Near B'way　,Manhattan,Midtown,40.76457,-73.98317
5178,2015-09-04,43014179,"Shunichi was great.  He was very flexible with my schedule and quick to respond to inquiries.  He was a great host, and everything was accurately portrayed in the description and pictures.  This is a great location; I had time square and central park in walking distance.  Hands down 5 stars!",Large Furnished Room Near B'way　,Manhattan,Midtown,40.76457,-73.98317
5178,2015-09-17,32335549,Greeted on arrival by polite host. Good sized well equipped room near Central Park and Times Square. Decoration a bit faded and some road noise (may be unavoidable in New York). Overall good value for the central location.   ,Large Furnished Room Near B'way　,Manhattan,Midtown,40.76457,-73.98317
5178,2015-09-19,37470474,"The room was exactly as in the photo. The hosts were friendly, but kept to themselves throughout my stay. The room was simple but clean. The location was great.. Close to a couple of subway station and close to the Park. Not luxurious but a basic place to put your head down for the night.  ",Large Furnished Room Near B'way　,Manhattan,Midtown,40.76457,-73.98317
5178,2015-09-27,43642245,Shunichi's place worked out great for us. We found it very clean and spacious enough. It's central location also worked great for seeing everything we needed to in the city. I would definitely stay there again. ,Large Furnished Room Near B'way　,Manhattan,Midtown,40.76457,-73.98317
5803,2017-11-29,17689150,"Laurie's house is just a fantastic landing place in Brooklyn. She offers as much or as little as a traveler would want. She provides a wealth of suggestions for local restaurants, activities and overall things to do in the area. Her house is filled with fantastic art on the walls and a real cozy space to enjoy. I wouldn't stay anywhere else when traveling to the area.","Lovely, Cozy, Room 1, BEST AREA; Legal Rental",Brooklyn,South Slope,40.66801,-73.98784
5803,2017-12-01,150556350,Good value for the price!,"Lovely, Cozy, Room 1, BEST AREA; Legal Rental",Brooklyn,South Slope,40.66801,-73.98784
5803,2017-12-31,161677119,Laurie's house was good to stay. Location is 2 blokcs away from the subway station. Everything was beautiful in the house. Especially I couldn't get up in the morning because the bed was perfect! I could eat everything in the freezer. You can stay with a reasonable price in BR!,"Lovely, Cozy, Room 1, BEST AREA; Legal Rental",Brooklyn,South Slope,40.66801,-73.98784
5803,2018-03-17,70731536,"Although this was my sixth trip to New York, my stay at Laurie’s place in Park Slope was one of the most positive experiences. When I arrived, Laurie was extremely welcoming. Her home is located on a beautiful tree-lined street, located one or two blocks (in every direction) from stores and restaurants. The 5th Avenue bus stop is one block away . And the subway was a mere three-block walk. <br/><br/>I liked the fact that it was quiet, even when other guests were staying in the house. I never heard my neighbors. <br/><br/>Because I was busy with work and meetings, I didn’t get to spend much time in in the place. But it was nice to come home to after a long day galavanting.","Lovely, Cozy, Room 1, BEST AREA; Legal Rental",Brooklyn,South Slope,40.66801,-73.98784
5803,2018-04-12,6367569,"Laurie ist nicht nur ein wundervoller ""superhost"", sondern auch ein besonderer Mensch. Obwohl sie sich gerade erst von einer Operation erholt, hat sie sich liebevoll um mich gekümmert. Schon am 1. Abend hat sie mir alle Tricks und Kniffe des NYC Subwaysystems erklärt. Sie ist sehr ""parkslopy"" entspannt, was gut tut. Sie kann Dir tolle Tipps geben, was Museum, Essen, Musik, Taxigebrauch etc. angeht. Außerdem kannst Du mit ihr tolle Gespräche über amerikanische Politik führen. Ihr Vater ist der berühmte Kinderbuch Autor und Maler Steven Kellogg. Das schöne 3-stöckige Haus hängt voll mit seinen Zeichnungen. Eine tolle Atmosphäre! Die Zimmer und das Bad werden professionell gereinigt. Du hast während Deines Aufenthalts dort evtl. Mitbewohner, was schön ist, aber nicht störend. Alles in allem eine tolle Möglichkeit in dem schönen Brooklyn Park Slope zu wohnen.","Lovely, Cozy, Room 1, BEST AREA; Legal Rental",Brooklyn,South Slope,40.66801,-73.98784
5803,2018-04-20,55710488,"Maison typique agréable, attention la salle de bain et les WC sont à partager.<br/>Petit déjeuner copieux si vous aimez les bagels , en revanche prévoir de laver vos tasses et nettoyer le petit dej.<br/>Laurie manque un peu de chaleur pour une Hôte.<br/>Endroit pratique pour les transports, prévoir 40 mn pour rejoindre Manhattan.","Lovely, Cozy, Room 1, BEST AREA; Legal Rental",Brooklyn,South Slope,40.66801,-73.98784
5803,2018-06-02,179568445,"Laurie's place was wonderful! I was only there for a few days, but it could definitely have easily been comfortable longer term. The room's desk was good for working at, but I ended up being out in the garden most of the time since it was in full bloom this time of year. Felt like I was living in a loving home with an international heart. And on top of all that the fresh bagels, cream cheese, coffee, and laundry were as promised!","Lovely, Cozy, Room 1, BEST AREA; Legal Rental",Brooklyn,South Slope,40.66801,-73.98784
5803,2018-06-13,191616150,This is a wonderful place to stay. Park Slope is a great neighborhood.,"Lovely, Cozy, Room 1, BEST AREA; Legal Rental",Brooklyn,South Slope,40.66801,-73.98784
5803,2018-07-06,13845901,"It's a reasonable size room for two people, with cozy bed and quality bedding. You don't get that in many short term visitor accommodation . The breakfast is very good, but nothing is actually ""served"". Unfortunately, there is no lounge space or kitchen possibilities other than breakfast, so you have to always eat out, which is not great in NYC because it runs up your costs of being ther big time. But, Laurie is an interesting character, with a lot of good advice, and seems she genuinely enjoys meeting new people with cool things to talk about. By NY standards, Park Slope is a very fun place to spend some days.","Lovely, Cozy, Room 1, BEST AREA; Legal Rental",Brooklyn,South Slope,40.66801,-73.98784
5803,2018-07-15,69084327,Laurie is an amazing host. She was very accommodating and provided me with a ton of information to make my visit special! ,"Lovely, Cozy, Room 1, BEST AREA; Legal Rental",Brooklyn,South Slope,40.66801,-73.98784
29628,2011-11-26,1136461,"We had a very good time in our staying here, the apartment is so nice, the area is quiet, the room and the bed are comfortable, I recomend it; and Chris make us feel like we were at home. Even the area is not so close to Manhattan, the subway station is just a few steps - you can be in the center of Manhattan quickly-, we saw our host just a couple of times but we noticed he is a really friendly person.","Comfortable, Sunny Room",Brooklyn,Clinton Hill,40.68292,-73.96381
29628,2011-12-01,1386256,"Hi all,<br/>we really enjoyed the stay at Chris' place. The room was big, clean, and calm. The house is only one block away from a metro-station to downtown and the quarter has nice restaurants and shops. Chris himself is very friendly and helpful (e.g. he provided good advice for restaurant etc. in the area), we had no problems at all. Overall, we had a great trip and would always warmly recommend staying at his place.","Comfortable, Sunny Room",Brooklyn,Clinton Hill,40.68292,-73.96381
29628,2011-12-04,1105252,"Christopher is a very good host! The apartment is very nice, sunny and clean, and the subway is at 2 minutes walking. The room is very comfortable and the bed is the best bed I've ever slept during my entite life!!! We'd like to go back to Christopher home and we suggest to everyone this amazing place. Home sweet home.","Comfortable, Sunny Room",Brooklyn,Clinton Hill,40.68292,-73.96381
29628,2012-02-18,1339744,My daughter and other stayed with Chris for 17 days during New York fashion week.. He made them feel wlecome and  helped them tremendously on how to navigate the city. ,"Comfortable, Sunny Room",Brooklyn,Clinton Hill,40.68292,-73.96381
29628,2012-03-27,1649066, We had a wonderful experience staying at Chris' place.  He is a gracious and welcoming host.  The condo was spotless; our private room was quite large with more than enough closet space; and the bed was very comfortable.  The location is perfect.  It's within walking distance of many restaurants and right next to the subway that takes you into Manhattan.  I would definitely go back any time we're in NYC.,"Comfortable, Sunny Room",Brooklyn,Clinton Hill,40.68292,-73.96381
29628,2012-04-06,1224561,"Our stay with Christopher was perfect in every way. His condo is located in our old neighborhood, and it's such a beautiful area. It gave us a chance to walk a few blocks out the door to some very cool spots and revisit some of our favorite places! Christopher is a warm and extremely welcoming host. After our initial meeting, he felt like someone we should already have as a friend. His home is comfortable and clean, and the guest bed is pretty amazing! He offers plenty of storage space and even has a hair dryer, iron and board, and an umbrella for his guests. We will absolutely stay here again in the future! Thanks Christopher!!","Comfortable, Sunny Room",Brooklyn,Clinton Hill,40.68292,-73.96381
29628,2012-04-09,1962737,"Great room, indeed, and close to a metro station. Chris is very welcoming & easy going! Great place where to stay! ","Comfortable, Sunny Room",Brooklyn,Clinton Hill,40.68292,-73.96381
29628,2012-04-26,435673,"I only stayed at Christoph's for one night (had to go back to work) but my friend stayed for 4 days and had a wonderful time. The location is very accessible, the room and apartment were just what we had expected, and Christoph was a very friendly and helpful guide.<br/>We would certainly stay with him again.","Comfortable, Sunny Room",Brooklyn,Clinton Hill,40.68292,-73.96381
29628,2012-04-30,2202439,"Chris was a gracious and thoughtful host, the space was clean and quiet, and it was super easy to get into Manhattan. I'd recommend staying here, and plan to return.","Comfortable, Sunny Room",Brooklyn,Clinton Hill,40.68292,-73.96381
29628,2012-05-09,1704133,"We stayed at Chris' place for 9 nights and were really happy we picked his apartment.<br/>Chris is a great guy and it was really cool to have him around, as he provided us with useful information, was friendly and welcoming during our whole stay which made our trip even better.<br/>This was our first time in NYC and first Airbnb experience, but we couldn't have been happier with how it turned out.<br/>The room and apartment were exactly as advertised - sunny, tidy and very well located which made transportation to and from the apartment in all directions very easy - the subway is only a minute away from the apartment and can get you to lower Manhattan (Financial District, WTC) in about 15 minutes and to upper Manhattan (Times Square, Central Park) in about 25-30 minutes. The ride to and from JFK Airport is also very convenient and takes around 40 min, which is great.<br/>The neighbourhood was safe and there was not a single problem during our stay.<br/>All in all, staying at Chris' place was really comfortable and made us feel like real New Yorkers for a couple of days - and this is something you really can't get in a hotel...","Comfortable, Sunny Room",Brooklyn,Clinton Hill,40.68292,-73.96381
29628,2012-05-16,2261629,My parents and I stayed here for two nights and we loved his hospitality and the comfort of the room. He made us feel home in his apt and we had great time in NYC. Thank you so much for the great first time experience of AirBNB,"Comfortable, Sunny Room",Brooklyn,Clinton Hill,40.68292,-73.96381
5803,2018-08-12,64667270,"Laurie's place is a real Airab&b, perfect breakfast with hot coffee,tea, good begal, juice, milk etc.are provided ; the linien is clean and soft; the bed is comfy;the books are generously displayed on the shelf (my daughter enjoyed reading them a lot); the neighborhood is safe and friednly with various eateries and supermarkets; the subway is within comfortable walking distance,etc. <br/>Plus, Laurie gave us many helpful suggestions about the places to see and eat. She's one of the best hosts in AirBnb I have ever met. Especially the night I arrived her home was very late, she was still waiting to meet us, and having warm conversations with us. It's not like some AirBnb, you cannot see and talk with the hosts. Laurie is always there.<br/>I highly recommend Laurie's place for  having great experience in Brooklyn NY.   ","Lovely, Cozy, Room 1, BEST AREA; Legal Rental",Brooklyn,South Slope,40.66801,-73.98784
5803,2018-09-03,33134287,"Beautiful home in a fantastic neighborhood!  Laurie runs a very professional Airbnb,  Her guidebook is  amazing and the coffee here is delicious!  She is a wealth of information about the area.  The art in the house is fun too!","Lovely, Cozy, Room 1, BEST AREA; Legal Rental",Brooklyn,South Slope,40.66801,-73.98784
5803,2018-10-11,9985200,A Wonderful house with wonderful people. It was a pleasure to stay with Laurie. She has great tips what to do and beside of that she is a lovely woman we liked to talk with.,"Lovely, Cozy, Room 1, BEST AREA; Legal Rental",Brooklyn,South Slope,40.66801,-73.98784
5803,2018-10-17,34784387,You will have an excellent stay at Laurie's place.  It is a very special house.  Laurie is the best!,"Lovely, Cozy, Room 1, BEST AREA; Legal Rental",Brooklyn,South Slope,40.66801,-73.98784
5803,2018-10-23,214297197,"We had a fantastic stay in Lauries house in Park Slop - a very interesting nighborhood. Lauries booklet was a great help to find all the nice restaurants and cafes in the nighborhood, and she was so helpfull with advising us in how to come around and into New York. We would realy recommend Lauries house and would like to come back next year :-)","Lovely, Cozy, Room 1, BEST AREA; Legal Rental",Brooklyn,South Slope,40.66801,-73.98784
5803,2018-10-27,120559165,"Laurie wohnt in einem wunderschönen historischen Haus in Park Slope, Brooklyn. Die Lage war für uns optimal gelegen. Fahrtdauer vom JFK mit subway 1 Std. 15min. Das Gegend hat uns super gut gefallen, eine riesen Auswahl an Geschäften, Restaurants, Cafés und Dienstleistungen; alles Fuß läufig zu erreichen. Man wohnt sicher und hat eine gute Anbindung zum Subway nach Manhattan, ca. 30min nach Downtown. Wir haben tagsüber Manhattan erkundet und abends zum Essen zurück zur Park Slope, dort gibt es auch zahlreiche Bars mit Livemusik. Die Gegend um Laurie’s Airbnb ist die bessere Alternative zu Manhattan, bessere Restaurants und Cafés, günstiger und entschleunigend, weit ab von dem Massentourismus und Stress. Absolut empfehlenswert ist das Restaurant “Tambour”, excelente Qualität und Preis-Leistung top, gute Weinauswahl, die Lasagne ist ein Muss!!<br/>Laurie ist als Gastgeberin zauberhaft, sie ist sehr hilfsbereit, mit vielen Tips und Tricks, stellt Karten und Informationen zur Verfügung im Haus, sie kennt die besten Restaurants in der Umgebung. Laurie ist sehr liebevoll und wir hatten tolle Gespräche mit ihr. Wir würden immer gerne zurückkommen!!","Lovely, Cozy, Room 1, BEST AREA; Legal Rental",Brooklyn,South Slope,40.66801,-73.98784
5803,2018-11-17,21593274,"This is a remarkable place, one of the most interesting airbnb's I have stayed in. It is a beautifully painted interior (in all the rooms) filled with original artworks, mostly from children's books. The beds are comfortable, the linens high quality and all the things you need are provided. I highly recommend it and will book stays here again.","Lovely, Cozy, Room 1, BEST AREA; Legal Rental",Brooklyn,South Slope,40.66801,-73.98784
5803,2019-05-07,167932,"Laurie was a very kind and attentive during our recent stay in Brooklyn. A great communicator in all senses, Laurie made everything so much easier for my wife and I as we managed the details of the primary reason for our visit, our daughter's wedding. She was truly generous and flexible with her home as she invited the bride to have her bridesmaids get ready there on the big day! Everyone commented on the extraordinary level of hospitality.<br/><br/>Our visit to Brooklyn was made that much better by being so comfortably, affordably, and centrally located. Laurie's neighborhood is great, and her recommendations for restaurants, transportation, etc. were right-on.<br/><br/>Thanks again for your kind hospitality, Laurie. We are so grateful for everything!","Lovely, Cozy, Room 1, BEST AREA; Legal Rental",Brooklyn,South Slope,40.66801,-73.98784
5803,2019-05-27,20524291,"Laurie’s place is a great base to explore Brooklyn and Manhattan. The subway is close, as well as many shops and restaurants. Prospect Park is great too.<br/><br/>The room offers enough space and privacy, the bathroom is spacious and towels are provided. Keep in mind you have to climb two sets of stairs.<br/><br/>Breakfast is also provided and is a relaxed way to start the day, before you head off.<br/><br/>Laurie is easy to communicate with and had great tips about what to visit in the neighbourhood.<br/><br/>We would absolutely stay again!","Lovely, Cozy, Room 1, BEST AREA; Legal Rental",Brooklyn,South Slope,40.66801,-73.98784
5803,2019-06-04,36384183,This place is exactly as described.  Laurie was great and helpful.  Highly recommended!,"Lovely, Cozy, Room 1, BEST AREA; Legal Rental",Brooklyn,South Slope,40.66801,-73.98784
5803,2019-06-12,29503914,"I requested to book Laurie's place on extremely short notice - within 24 hours of my planned arrival. Laurie was exceptionally kind and responsive, and incredibly helpful with the check-in process. She accepted my booking despite short notice. Laurie has thought out a lot of the visiting process, as she provided a very helpful booklet with detailed instructions. Her house was a joy to stay in as well, and while I did not partake in breakfast every day, there was a generous variety, and the recommendations for nearby places to eat were great as well. The location in Park Slope is excellent and convenient. Highly recommend for any traveler looking for a relaxing place to come back to after a day of exploring.","Lovely, Cozy, Room 1, BEST AREA; Legal Rental",Brooklyn,South Slope,40.66801,-73.98784
5803,2019-06-24,110201931,"Laurie’s is a comfortable home with loads of Brooklyn charm. My room was clean with white sheets, curated personal items, a fan, an empty closet to use, and window to the garden. The location is perfect for exploring Park Slope on foot and blocks from a subway station. I think Laurie’s is perfect for a person traveling alone who is conscientious of others with regard to volume and keeping a shared bathroom tidy. Laurie is a friendly host who sets a very relaxed atmosphere.","Lovely, Cozy, Room 1, BEST AREA; Legal Rental",Brooklyn,South Slope,40.66801,-73.98784
5803,2019-08-05,94492385,Super location! Easy to get to manhattan on train. Near restaurants and shopping in Brooklyn too. Our room was 3floors up so just be sure you can do steps.  Also share a bath with another room if occupied. No problem for us just be aware. Laurie's was very hospitable and offered assistance.,"Lovely, Cozy, Room 1, BEST AREA; Legal Rental",Brooklyn,South Slope,40.66801,-73.98784
5803,2019-08-19,30820,"To all you future Laurie's Home Guests: Enjoy the comfort, the art and the food-bounty.  Walk to restaurants, shops, the museum, library, park...and then come home to enjoy Laurie's garden, perhaps with one or more of the books from seemingly limitless selection. It will become your home away from home.","Lovely, Cozy, Room 1, BEST AREA; Legal Rental",Brooklyn,South Slope,40.66801,-73.98784
29628,2012-05-24,514540,"Wir haben uns die Woche bei Chris sehr wohl gefühlt und hatten bei und mit ihm eine wunderbare Zeit.<br/>Die Vereinbarung zur Schlüsselübergabe im Vorfeld hat bestens geklappt . Christopher hat sich sehr verläßlich darum gekümmert, daß wir dann tatsächlich am richtigen Platz an der PennStation gewesen sind, da er bei unserer Ankunft am Nachmittag nicht zuhause sein konnte..<br/>So wie beschrieben haben wir ein geräumiges sonniges sauberes Zimmer - mit Blick in die Bäume -  vorgefunden, das uns gleich sehr zugesagt hat. Im Einbauschrank war soviel Platz, daß man gut alle Sachen auspacken konnte. Sogar ein Bügeleisen samt Bügelbrett stand uns zur Verfügung, wenn wir es für einen edlen Galaauftritt in der ""Met"" benötigt  hätten....!<br/>Chris war sehr hilfsbereit und nett und hat sich für uns nach seiner Arbeit  Zeit genommen um alle Details zu klären und uns auch diverse Tipps zu geben.  <br/>Wir konnten Chris Küche benutzen ,um unser Frühstück zu machen, das wir bei schönstem Sonnenschein auf der Dachterrasse einnehmen konnten.<br/>Die paar Male, die wir mit ihm und seiner Freundin auch zusammen waren, hatten wir interessante und nette Gespräche z.B. über seine eigenen Brauversuche (haben sein Bier probiert und es war schmackhaft und aromatisch!!!!) oder dies und das.....<br/>Das Viertel in dem Chris wohnt hat uns auch sehr gut gefallen und gleich um die Ecke in der Vanderbilt Str. gibt es etliche nette Lokale mit vielseitigem Speiseangebot.<br/>Die Woche verging so schnell, daß wir leicht hätten noch länger bleiben mögen.<br/>Vielen Dank für die schöne Zeit Chris, die wir bei Dir verbracht haben!<br/>Es gab nichts was wir zu bemängeln hatten!<br/><br/>Gerlinde und Jürgen Kossegg 5.Juni 2012","Comfortable, Sunny Room",Brooklyn,Clinton Hill,40.68292,-73.96381
29628,2012-06-05,2196566,We spent 8 wondeful days at Chris place. The place is as clean and tidy as showed in the pictures. The neighbourhood is pretty safe and you can eat in several inexpensive restaurants near. Chris is also a great cook and his home-made beer is very nice (even for a non-beer-drinker as me). The best advantage for me is that it's close to the subway and you can get to downtown in 20 minutes.,"Comfortable, Sunny Room",Brooklyn,Clinton Hill,40.68292,-73.96381
29628,2012-06-14,676499,"Chris was great! Nice place he's got. Plus, he brews his own beer! I drowned myself in his porter on tap. Do yourself a favor and hit him up!","Comfortable, Sunny Room",Brooklyn,Clinton Hill,40.68292,-73.96381
29628,2012-06-20,2291502,"I'm very glad that I stayed in Chris's place for 5 nights. The apartment was  very clean. The bed and pillow were very comfortable. Median hardness.<br/><br/>The location is convenient as well. I can take one train to almost every where right down the apartment.<br/><br/>Chris was very nice person. We had a good conversation at his place.","Comfortable, Sunny Room",Brooklyn,Clinton Hill,40.68292,-73.96381
29628,2012-08-08,839628,"My boyfriend and I stayed with Chris for 9 days and the experience couldn't be better. He has a very cozy and clean apartment (exactly as depicted in the pictures), perfect to rest after an exhausting day of tourism around the city. It is very well connected to Manhattan via the train C (subway costs $29 unlimited use for a whole week). If you come back late at night (later that 10.30 or 11pm, I would say) you need to take line A (express version of train C) which does all the stops during late night time. It takes between 15-45 minutes to go to Manhattan, let's say 15 if you go to the Financial District and 45 if you go to Harlem.<br/>The bathroom is outside the room and is shared but that wasn't a problem for us at all, I wouldn't consider it a drawback for staying in Chris' apartment. I also should mention that the shower works really well, good pressure and good temperature. (Maybe it sounds silly to say this but I know for many people this is important!)<br/>The bedroom has a very good size and the bed is comfortable. He provides clean towels and sheets, and also access to iron, umbrella and other useful things. AC works very well. It also has a very big closet where you can keep all your clothes so you don't have to leave everything in your luggage.<br/>Overall, I would recommend staying there to anyone, I can't imagine anything going wrong in Chris' apartment. We didn't have the opportunity to know him well because we all were away during the day, but he is very respectful and offers all the privacy you need to feel comfortable at his house.","Comfortable, Sunny Room",Brooklyn,Clinton Hill,40.68292,-73.96381
29628,2012-08-25,3064407,"Chris was a very friendly, personable, helpful host. We immediately felt comfortable. The apartment was very clean and exactly as described on the photos;-) Thanks for the nice stay in NYC. We want to go back;-)The transport links are also great. A visit to the Prospect Park value which is reached very easily by foot. ","Comfortable, Sunny Room",Brooklyn,Clinton Hill,40.68292,-73.96381
29628,2012-09-14,3239666,"Chris truly is a super host - friendly, helpful and easy-going!  The apartment was clean and exactly as pictured.  It's in an excellent location - right next to a subway station with other stations nearby - great for strolling around Brooklyn or exploring Manhattan.  Thank you so much for an enjoyable stay!  We look forward to hanging out with you more =)","Comfortable, Sunny Room",Brooklyn,Clinton Hill,40.68292,-73.96381
29628,2012-09-18,2337478,"We had really nice stay in NY. The room is excellent, the bed is far too comfortable!!))And flat is located just few steps away from the metro station, with shops near by.<br/>Chris is very helpful, he gave us lots of recommendations where to go, what to see, how to get there) <br/>We enjoyed our holiday a lot!)<br/>Thank you.<br/>","Comfortable, Sunny Room",Brooklyn,Clinton Hill,40.68292,-73.96381
29628,2012-09-26,3166093,"Very lovely room, light, clean with a very comfy bed! Great location to discover the city :) Chris and Jenn thank you so much for being wonderful hosts, also for the wine, pizza, home made beer and hospitality :)<br/>We loved staying in NY with you!<br/>Big hugs<br/>Alina&Taya","Comfortable, Sunny Room",Brooklyn,Clinton Hill,40.68292,-73.96381
29628,2012-09-30,1116241,"I liked the neighbourhood, especially for its proximity to Prospect Park, and amazing eating options on Vanderbilt Av. Chris was an easy going and attentive host, and he makes a mean homebrew! I'd gladly stay here again.","Comfortable, Sunny Room",Brooklyn,Clinton Hill,40.68292,-73.96381
29628,2012-10-19,3638804,"Nice apartment, nice hosts. It was great to stay here and we enjoyed Brooklyn too. The apartment is good located. ","Comfortable, Sunny Room",Brooklyn,Clinton Hill,40.68292,-73.96381
29628,2012-11-05,4019798,"Chris was a great host! The room was exactly as pictured, the bed very comfortable and you've gotta try his home brew! Thanks for the hospitality and warm welcome! ","Comfortable, Sunny Room",Brooklyn,Clinton Hill,40.68292,-73.96381
29628,2012-11-20,2889731,"Christopher  turns out to be  the super host as described on airbnb.<br/>He is obviously not into airbnb just for the money: he is hospitable,<br/>warm, open and friendly. What could I say more then that?<br/>A great place to stay, discover and find out about Brooklyn, be at ease in the evening if you want, and see all in NYC form there.<br/>A host and place to come back to!","Comfortable, Sunny Room",Brooklyn,Clinton Hill,40.68292,-73.96381
29628,2013-01-23,2326665,Large room with ample storage. Very clean and close to a metro station. Chris is welcoming & easy going! Great place to stay and visit NY or Brooklyn,"Comfortable, Sunny Room",Brooklyn,Clinton Hill,40.68292,-73.96381
29628,2013-03-26,5199157,"This apartment is perfectly located with an easy access to subway station and further to Manhattan. We stayed in the apartment for a week and enjoyed the hospitality of the host. Chris is very welcoming and easy going person. we stayed with an infant and it was important to us to have an access to the kitchen whereas we couldn't have such opportunity if stayed in the hotel. Apartment is perfect and rooms are exactly the same as shown on photos. <br/>Since this was the first time we visited NYC, Chris had helped us out with explaining surroundings and recommended places to see, eat, walk and shop. I was very helpful to make our effective daily planing. <br/><br/>This apartment and host will be definitely on top of the list for recommendations to those who visit NYC.  If someone is reading this comment don't think too much. Go for it!!!<br/>","Comfortable, Sunny Room",Brooklyn,Clinton Hill,40.68292,-73.96381
29628,2013-04-16,5601637,"Me and my son stayed for 10 days in Chris very nice apartment. It was our first time using Airbnb and it was a great success. The room was exactly as pictured, clean and sunny and the bed very comfortable. The subway is not more than 50m away and Brooklyn, especially Park Slope, are nice places to visit.Chris and his girlfried Jenn are great hosts. They were very friendly and his own brewed beer is excellent. We highly recommend this room. Thanks a lot!!<br/>Unser Aufenthalt in Brooklyn bei Chris war ein voller Erfolg. Das Zimmer ist gross und sauber, wie auch der Rest der Wohnung. Die Verbindungen zur Subway genial. Keine 20 Min nach downtown. Chris und Jenn sind fantastische Gastgeber, sehr freundlich und immer hilfsbereit. Nicht zu vergessen, sein selber gebrautes Bier, das sehr gut schmeckt. Wir können Chis uneingeschränkt weiterempfehlen. Vielen Dank für alles!!<br/>","Comfortable, Sunny Room",Brooklyn,Clinton Hill,40.68292,-73.96381
5178,2015-10-13,31868714,"This was our first Airbnb experience and I have to say it was exactly what we expected. Location was fantastic, room was very basic and we only used it to get some rest, and to shower. We felt very lucky to have found this place. ",Large Furnished Room Near B'way　,Manhattan,Midtown,40.76457,-73.98317
5178,2015-10-18,7052569,"Shunichi was very flexible with my check-in time and was so gracious to carry my suitcase up the flight of stairs.  The location was SO fabulous!  Incredible!  On the last day, I was reading the check-out instructions and saw that he wanted me to take out the garbage.  After 5 nights, I had 2 little bags and a pizza box.  Yikes, I felt badly, but didn't know where to put it and I had to leave around 4 a.m.  Hopefully not a problem.  I slept well and felt safe.",Large Furnished Room Near B'way　,Manhattan,Midtown,40.76457,-73.98317
5178,2015-10-19,37925190,"He was really nice and understood that we needed a place to put our bags down for the day. The room was neat and clean as well. <br/><br/>Our friend let us stay with them for the night which was a little more convenient so we didn't stay over Shunichi's place as expected.",Large Furnished Room Near B'way　,Manhattan,Midtown,40.76457,-73.98317
5178,2015-10-28,40726600,"Clean, comfortable, and affordable.  We were able to easily walk to see a Broadway show and Central Park.  The subway was very close and easy to maneuver through the city.  Excellent choice. ",Large Furnished Room Near B'way　,Manhattan,Midtown,40.76457,-73.98317
5178,2015-10-29,34572383,Shunichi had organised a friend let us in. She explained everything to us with no problems. <br/>We actually didn't meet him at all as it seems out schedules didn't match up (we were only in for one night)<br/>The room was great as it was big enough for us to repack our bags before our long journey home. <br/>It was also clean and easy to get to being close to time square and central park. Would definitely reccomend to anyone.,Large Furnished Room Near B'way　,Manhattan,Midtown,40.76457,-73.98317
5178,2015-11-10,19125871,"Not more or less than expected: the apartment was pretty large, we had everything that we needed during our stay in NYC and not to forget about the outstanding location!!! Within just a few minutes we were able to walk to the Broadway, the Times Square and to other important New York Sights. <br/>We would stay again with Shunichi! ",Large Furnished Room Near B'way　,Manhattan,Midtown,40.76457,-73.98317
5178,2015-11-16,13204549,Habia  muy poca  comunicacion pero lo que solicitamos nos lo dio.,Large Furnished Room Near B'way　,Manhattan,Midtown,40.76457,-73.98317
5178,2015-11-18,44095797,"We had a great experience at Shunichi apartment, we arrived earlier than expected and he welcomed us and had the room ready for us. Room and apartment was clean and exactly as described. At checkout we left the luggage until late in the afternoon and kept the keys to pick it up.  The apartment is very well located few blocks from Central Park and Times Square. Overall a good experience, we recommend Shunichi apartment.",Large Furnished Room Near B'way　,Manhattan,Midtown,40.76457,-73.98317
5178,2015-11-21,39276018,"The location is pretty convenient, Shunichi is very kind, he Is very reserved and you don't feel that anyone else is in the apartment.  If you are planning to hit all NYC (minimum time in the apartment) The price is excellent :) ",Large Furnished Room Near B'way　,Manhattan,Midtown,40.76457,-73.98317
5178,2015-11-28,29888209,"The apartment is right near columbus circle so in a perfect position, near the metro and Times Square so i really advice it for then position. We were welcome by a girl but after that we have never seen the owner so you have practically the house all for you (your room and the bathroom; we never used the kitchen). The room is just what you need as you probably will be always outside and use it just to sleep. ",Large Furnished Room Near B'way　,Manhattan,Midtown,40.76457,-73.98317
5178,2015-12-05,32140620,"Die Lage der Wohnung ist phantstisch! Central Park, 5th ave, Times Square, Empire States Building etc. sind innerhalb von 5 - 15min zu Fuß zu erreichen. Das Essensangebot in der Umgebung ist reichhaltig. Direkt gegenüber ist eine Parkgarage - interessant für Mietwagennehmer.<br/>Die Wohnung selbst riecht sauber, die Böden, die Toiette und das Waschbecken waren stets picobello.<br/>Die Wohnung befindet sich allerdings in einem stark renovierungsbedürftigen Zustand. Dies betrifft vor allem das Bad mit starkem Schimmelbefall rund um die schlecht funktionierende Dusche, sowie das desolate Gästezimmer. Die Wände sind rissig und fleckig. Die Sauberkeit rund um Mikrowelle und Kühlschrank laden nicht zur Essenszubereitung ein. Die Möbel haben ihre besten Zeiten längst hinter sich. Die Kopfkissen riechen wie das Basecap eines Teenagers. Bettenbezüge waren wahrscheinlich gewaschen, trotzdem voller Flecken. Wir haben uns eigene Kopfkissen und neue Bettwäsche gekauft. Fazit: wem der Zustand der Wohnung egal ist, und kein Problem mit Schimmel im Bad hat, sollte sich sein eigenes Bettzeug mitbringen und die tolle Lage der Wohnung genießen! Shunichi scheint ein ordentlicher Typ zu sein, obwohl wir Ihn nicht persönlich angetroffen hatten. Er war zwar ab und zu anwesend, scheint aber nicht am Kontakt mit seinen Gästen interessiert zu sein. Abolut O.K. für uns! Seine Katze ist jedenfalls supersüß und sehr viel kontaktfreudiger ;-)",Large Furnished Room Near B'way　,Manhattan,Midtown,40.76457,-73.98317
5178,2015-12-10,30565244,"We loved the host's helpfulness and location, but not so much the lack of cleanliness in our room and the bathroom. The picture on Airbnb is quite misleading in this aspect. Though there were many amenities (fridge, TV, heater etc) in the room, they were all overed with thick layers of dust. The whole place smelled musty. The shelves were grimy, we had to wipe them down ourselves. There was also lots of hair strands on the duvet, but thankfully no bugs. There is also no lift, so if you have large luggage, it's quite a hassle up the stairs.<br/><br/>If the actual room had matched the clean looking Airbnb photo, we would not have taken issue. I hope that the host will either maintain a better upkeep of the room and bathroom for future guests.",Large Furnished Room Near B'way　,Manhattan,Midtown,40.76457,-73.98317
5178,2015-12-22,12393587,"Shunichi war ein sehr freundlicher Host, aber die Wohnung war nicht wirklich einladend. Im Bad war sehr starker Schimmelbefall und unter sauber versteht man auch etwas anderes. Auch die Dusche war nicht wirklich zufriedenstellend , da die Temperatureinstellung nicht richtig funktionierte.Das Zimmer war auch nicht wirklich besser. Es befindet sich in einem stark renovierungsbedürftigen Zustand. Flecken an der Decke, dreckige Wände und auch auch der Bereich, wo der Kühlschrank und die Mikrowelle stehen, ist sehr keimig. Leider hatten wir im frisch bezogenem Bett ( wir hoffen es zumindest ) sowie auf den Überdecken lange dunkle Haare. Shunichi war aber so freundlich und hat die Decken dann ausgetauscht. Auch unter dem Bett waren Ansammlungen von Haaren :-/<br/>Die Lage der Wohnung ist aber perfekt.<br/>Wem Schimmel und Unsauberkeit nichts ausmacht, kann hier günstig unterkommen.",Large Furnished Room Near B'way　,Manhattan,Midtown,40.76457,-73.98317
5178,2015-12-23,48611252,"Shunichi is a very thoughtful person. Too bad we didn't spend so much time with him (we stayed one night). But he planned everything for our stay in the bedroom he prepared for us. <br/>It was near everything in Manhattan (especially time square and hell's kitchen). <br/>It was perfect for our short trip. ",Large Furnished Room Near B'way　,Manhattan,Midtown,40.76457,-73.98317
5178,2015-12-26,11808135,"I stayed here with 2 of my friends for 2 days. The booking was for 2 people, but we had a last min change of plan and Shunichi was nice enough to accommodate 3 of us. <br/><br/>The place, however, was not at all like the description/photos. It was an ok neighborhood, the stairs to the place were extremely dusty and smelly. The room was also very dusty and old. They also have a cat which was not mentioned. I am prone to allergies, and ended up having a running nose during the trip. Both me and my friend had sore throats by the end of it. <br/><br/>We didn't use the kitchen at all, but it didn't seem very inviting either. The bathroom was just ok. I would probably not book that place again. ",Large Furnished Room Near B'way　,Manhattan,Midtown,40.76457,-73.98317
5178,2016-01-02,26716678,Clean and large room. The location of the apt was superb! Really convenient if you want to catch Broadway shows. There are also lots of good food in the area. Shunichi was a very accommodating and polite host. ,Large Furnished Room Near B'way　,Manhattan,Midtown,40.76457,-73.98317
5178,2016-01-13,11633200,"Shunichi was kind from the little interaction I had with him. <br/>The only issue I had with the listing was that the room was dusty and smelly.<br/>Also the room has a separate blower heater(not central heating), that needs to be kept on at all times in current weather conditions. <br/>",Large Furnished Room Near B'way　,Manhattan,Midtown,40.76457,-73.98317
5803,2019-08-24,31748638,Laurie was extremely responsive and hospitable.  It's a great place to stay in Brooklyn!,"Lovely, Cozy, Room 1, BEST AREA; Legal Rental",Brooklyn,South Slope,40.66801,-73.98784
5803,2019-09-04,44001545,"Laurie's house is lovely. I enjoyed time reading, eating and just sitting in the garden. Great walking and close to subway and restaurants, coffee shops, etc. A great slice of Brooklyn!","Lovely, Cozy, Room 1, BEST AREA; Legal Rental",Brooklyn,South Slope,40.66801,-73.98784
5803,2019-09-10,11285905,Laurie’s Haus ist sehr ruhig gelegen und laurie gibt sich die größte Mühe alles angenehm und hilfreich zu gestalten. Vorab gibt es ein tolles booklet dass schon fast ein Reiseführer ist. Die Zimmer sind ausreichend groß und es ist alles sauber. Und sogar Frühstück wird angeboten-die cream cheese bagel waren großartig. Wir hatten eine tolle Zeit und würden immer wieder kommen.,"Lovely, Cozy, Room 1, BEST AREA; Legal Rental",Brooklyn,South Slope,40.66801,-73.98784
5803,2019-09-16,266407795,憧れのタウンハウス。古いお家というのは事実だけど、そこがまた良かった。過剰な干渉もなく、朝ごはんも自分で自由に食べれて、色んなアドバイスも貰える。駅にも近いし、街並みも最高。是非また泊まりたい。,"Lovely, Cozy, Room 1, BEST AREA; Legal Rental",Brooklyn,South Slope,40.66801,-73.98784
5803,2019-10-02,271076363,"Laurie is a super host, we had a wonderful time in her house!","Lovely, Cozy, Room 1, BEST AREA; Legal Rental",Brooklyn,South Slope,40.66801,-73.98784
5803,2019-10-23,34302707,"We had a great time. The neighbourhood is great, a lot of different restaurants and very close to all the things to do in Manhattan and surroundings. The place is very cosy and warm styled. Laurie had a booklet with a lot of tips to eat and go to.","Lovely, Cozy, Room 1, BEST AREA; Legal Rental",Brooklyn,South Slope,40.66801,-73.98784
5803,2019-12-10,28672115,"It was a great stay. Its perfect located in a great neighborhood with a lot of shops, bras, and restaurants around you. The house and the room is also very clean. The communication with the host is simply and fast. She also can help you with tips and a driver if you need.","Lovely, Cozy, Room 1, BEST AREA; Legal Rental",Brooklyn,South Slope,40.66801,-73.98784
5803,2020-01-27,14131539,"The house is at a perfect location in park slope, one of the best neighbourhoods of brooklyn. Lots of restaurants and bars nearby. Also the subway station is one block away. In 25 minutes in mid-town manhattan. The house has a nice atmosphere and  is very clean. Lots of suggestions by our host for activities to do in NY.","Lovely, Cozy, Room 1, BEST AREA; Legal Rental",Brooklyn,South Slope,40.66801,-73.98784
5803,2020-03-02,12791458,"Laurie's package of info is a wealth of info. And, of course, so is she! Whatever you need or are seeking, she has suggestions to help make this happen. Convenient location with lots of space. Ideal place to explore Park Slope.","Lovely, Cozy, Room 1, BEST AREA; Legal Rental",Brooklyn,South Slope,40.66801,-73.98784
5803,2020-03-07,227120106,Très facile d’accès,"Lovely, Cozy, Room 1, BEST AREA; Legal Rental",Brooklyn,South Slope,40.66801,-73.98784
5803,2020-03-18,203696246,Laurie was so kind and offered my friend and me because of the Covid 19 situation the apartment (flat)  instead of the room we booked. The apartment is very cosy and furnished with love. The area Park Slope is full of nice shops and restaurants. The booklet Laurie send us was very useful. Thank you :),"Lovely, Cozy, Room 1, BEST AREA; Legal Rental",Brooklyn,South Slope,40.66801,-73.98784
5803,2020-09-09,133731048,"My situation was unique in that I stayed in Laurie's beautiful old home during a quarantine in preparation for my son's wedding. I had the place mostly to myself, but the location and the space was perfect. It was quiet and close to plenty of food and wine needs. Her cats - Batman and Robin - kept me company and kept me from missing my own furry babies back home. I especially enjoyed the back garden on a cool afternoon. As quarantines go, it was pretty nice!","Lovely, Cozy, Room 1, BEST AREA; Legal Rental",Brooklyn,South Slope,40.66801,-73.98784
5803,2020-10-17,4934241,Great place to stay and great hospitality!,"Lovely, Cozy, Room 1, BEST AREA; Legal Rental",Brooklyn,South Slope,40.66801,-73.98784
5803,2021-04-09,101099882,Beautiful home and great location. Laurie is super welcoming and helpful. Would absolutely stay again in a heartbeat!,"Lovely, Cozy, Room 1, BEST AREA; Legal Rental",Brooklyn,South Slope,40.66801,-73.98784
5803,2021-05-10,25866169,"The space was beautiful and communication with the host is easy. There are particular rules around usage in the common areas, bathroom, and kitchen so just be in contact with the host to get clarity on that before arriving.","Lovely, Cozy, Room 1, BEST AREA; Legal Rental",Brooklyn,South Slope,40.66801,-73.98784
5803,2021-05-15,4966213,What an amazing and thoughtful spot and host! This is one of those special places where you truly feel a part of Brooklyn. Laurie was an amazing host!,"Lovely, Cozy, Room 1, BEST AREA; Legal Rental",Brooklyn,South Slope,40.66801,-73.98784
5803,2021-05-31,49951854,Laurie was gracious and accommodating.  She made things easy and provides a detailed listing of restaurants and points of interest in NYC.  Location is great.  She has a beautiful garden in the premises I didn't get to enjoy as I spent most of the time with my family who lives in North Park Slope,"Lovely, Cozy, Room 1, BEST AREA; Legal Rental",Brooklyn,South Slope,40.66801,-73.98784
5803,2021-06-06,27180360,"Laurie’s place is very charming/whimsical, and the location can’t be beat. Lots of fun cafes and things to explore within walking distance. The back patio is also very cute and a great place to unwind after a busy day in the city. Laurie is a friendly and helpful host, and her two cats were very friendly co-hosts too!","Lovely, Cozy, Room 1, BEST AREA; Legal Rental",Brooklyn,South Slope,40.66801,-73.98784
5803,2021-06-14,81470007,"Laurie's place is a gem in Brooklyn, and is a genuinely warm and homey place. I enjoyed having breakfast with the cats and sharing in small talk with the other guests when I wanted, though I had full privacy when I needed that too.","Lovely, Cozy, Room 1, BEST AREA; Legal Rental",Brooklyn,South Slope,40.66801,-73.98784
5803,2021-06-21,25516672,"Laurie's house is as pictured. She goes to great lengths to meet and know her guests. She is extremely knowledgeable about the neighborhood and is happy to share. Very safe neighborhood with great shops and food. If you want to be in Brooklyn, this is  where you want to stay.","Lovely, Cozy, Room 1, BEST AREA; Legal Rental",Brooklyn,South Slope,40.66801,-73.98784
5803,2021-06-23,33840155,Gracious hostess who is enthusiastic and very knowledgeable about Park Slope.,"Lovely, Cozy, Room 1, BEST AREA; Legal Rental",Brooklyn,South Slope,40.66801,-73.98784
5803,2021-07-08,194333139,"Laurie is a fantastic host, she makes you feel right at home. I do hope to visit again soon.","Lovely, Cozy, Room 1, BEST AREA; Legal Rental",Brooklyn,South Slope,40.66801,-73.98784
5178,2016-01-21,46275994,"The location is definitely fantastic and is the reason we choose to stay here. They are very quiet so you feel almost like they're not there.<br/>Unfortunately, everything else (whilst as described) is pretty ordinary.<br/>There was no one to meet us despite advising previously of our arrival time to JFK. We had to wait in the freezing cold for around 45mins and then when his friend got there to let us in, we had to wait while they prepared the room. They didn't change the top two blankets which was a bit gross. There was also a general unclean smell throughout.<br/>The internet is slow (when it's working) and the shower is truly awful - you either get third degree burns or pneumonia.<br/>It's a shame because the setup is pretty good, and the place could be brilliant with a bit of TLC - but then it would definitely cost a lot more.<br/>In general, location is unbeatable but the accommodation itself isn't great.<br/>",Large Furnished Room Near B'way　,Manhattan,Midtown,40.76457,-73.98317
5178,2016-02-03,42438639,Shunichi war ein höflicher und zurücknehmender Gastgeber. Der Raum ist einfach und funktional eingerichtet. Das Bett ist bequem und ich habe - trotz der Straßengeräusche - gut geschlafen. Die zentrale Lage in fußläufiger Entfernung von Central Park und Time Square ist ein toller Startpunkt für die Erkundung von Manhattan. Ich würde wieder kommen.,Large Furnished Room Near B'way　,Manhattan,Midtown,40.76457,-73.98317
5178,2016-02-07,21970744,I had little interactions with my host but he was nice and helpful when I did speak with him. Great and convenient neighbourhood. ,Large Furnished Room Near B'way　,Manhattan,Midtown,40.76457,-73.98317
5178,2016-02-11,19914491,"Although we checked in during the middle if the day, Shunichi graciously arranged for his housekeeper to let us in while he was working. The room and bathroom were very clean.  Although our schedules never coincided for us to meet, everything was just as expected and even more considerations, like extra bathroom necessities in our room if we had forgotten anything, tea and a hot water kettle, etc.  I will definitely consider staying again and will recommend to others.",Large Furnished Room Near B'way　,Manhattan,Midtown,40.76457,-73.98317
5178,2016-02-15,49442180,The host couldn't make me feel like in home because we were almost all the time outside knowing New York. But the neighborhood was very comfortable and the location of the room is convenient. I think that this is a good room for summer (because heating is not working very much) and if you want a room in Manhattan near some of the best attractions and at good price,Large Furnished Room Near B'way　,Manhattan,Midtown,40.76457,-73.98317
5178,2016-03-08,6718621,"Veldig hyggelig husvert som lar deg komme å gå som du vil. <br/>Sentralt beliggende i midtown, og nær Central Park og Subway. <br/>Jeg trivdes veldig bra! <br/>Internettet kan være raskere, især om man vil sitte på skrivebordet å jobbe er nettet veldig treigt! <br/><br/>Ellers enn det, var dette et perfekt sted å bo for meg da jeg skulle hit for å jobbe og søke inspirasjon. <br/>5 stjerner!",Large Furnished Room Near B'way　,Manhattan,Midtown,40.76457,-73.98317
5178,2016-03-12,6432575,"Sunichi was very hospitable, kind and friendly. The room was like the photo: comfortable bed to sleep and some basic utensils in case you want to eat some take away food. Both the room and the bathroom were clean. The apartament and host were very quiet. If we come back to nyc we'd consider staying there again",Large Furnished Room Near B'way　,Manhattan,Midtown,40.76457,-73.98317
5178,2016-03-19,50764440,"El cuarto bien, practicamente no estas en la casa. Shunichi  no se siente, es como estar solo en el departamento. Lo mejor es la ubicacion y la calefaccion, lo peor la limpieza, hay bastante polvo. <br/>El baño un poco deteriorado pero se puede usar a la perfeccion, la cocina no la usamos. <br/>La zona es buenisima, con varios lugares para ir a comer y varias lineas de subte. Nosotros eramos dos y estabamos bien, si sos uno te sobra. El placard es enorme y la cama comoda. <br/>El WIFI no anda a la perfección pero te podes comunicar. <br/>Las cerraduras de la entrada del edificio son un desastre, muy difícil  abrir la puerta, mas que nada la segunda. <br/>Recomiendo esta habitacion dependiendo lo que busques, si es lujo aqui no lo vas a encontrar. <br/>Pero si vas a conocer NY y no estas nunca en la habitacion, solo para dormir, mas que recomendado. <br/><br/>The fourth well, almost not at home. Shunichi not feel, it's like being alone in the apartment. The best is the location and heating, cleaning worst, there is enough dust.<br/>Bathroom a bit run down but can be used perfectly, the kitchen did not use it.<br/>The area is lovely, with several places to go to eat and several subway lines. We were two and we were well, if you're one spare. The closet is huge and comfortable bed.<br/>The WIFI does not go perfectly, but you can you communicate.<br/>The locks on the building entrance are a mess, very difficult to open the door, but nothing the second.<br/>I recommend this room depending how you look, if you fancy here you will not find.<br/>But if you go to NY and never know you are in the room, only to sleep, more than recommende<br/>",Large Furnished Room Near B'way　,Manhattan,Midtown,40.76457,-73.98317
5803,2021-07-11,407713225,"My mom and I stayed on the top floor of Laurie's house for 3 days. Its in a great location, really can't beat it! It was a great place to have as a home base while apartment hunting all over brooklyn. There were 3 other people staying at the house, so depending on you level of covid concerns you may want to find a less communal airbnb.","Lovely, Cozy, Room 1, BEST AREA; Legal Rental",Brooklyn,South Slope,40.66801,-73.98784
5803,2021-07-18,399873038,"Fantastic experience with a tremendous host!  Laurie gave us great suggestions for things to see, do, and places to eat.  Close to subway and Prospect Park.  Beautiful backyard garden along with a couple of feline super heroes named Batman and Robin!  This was our first Airbnb experience and it didn't disappoint!!","Lovely, Cozy, Room 1, BEST AREA; Legal Rental",Brooklyn,South Slope,40.66801,-73.98784
5803,2021-08-14,346326921,"Laurie is a gracious host, happy to help, very generous with her time, always offering food.  The house is lovely and the neighborhood fantastic.  This is a great deal for the price.","Lovely, Cozy, Room 1, BEST AREA; Legal Rental",Brooklyn,South Slope,40.66801,-73.98784
5803,2021-08-23,149461118,"The location of this listing is superb. The host, Laurie, was responsive and easy to communicate with. She provided a helpful online brochure and made great dining suggestions and transportation advice. However, the photos were not truly reflective of the condition of the housing -- there was much deferred maintenance that included loose interior/exterior stair threads and railings, peeling paint on bedroom ceilings, leaks from roof hatch, etc. This became very apparent as it rained frequently during our stay.  No less, we appreciated Laurie's candor and assistance.","Lovely, Cozy, Room 1, BEST AREA; Legal Rental",Brooklyn,South Slope,40.66801,-73.98784
5803,2021-09-15,21574001,This is a beautiful old house. It is in Park Slope which is a really nice part of Brooklyn. We put our car in a paid garage for $100 for 3 days. It was easy to get to Manhattan by subway and it was about 20 to SoHo. Laurie has a depth of knowledge about the restaurants and bars in Park Slope and is happy to make recommendations. We had to go a little further for a restaurant that serves organic and it's generally very pricey here. We enjoyed walking around Brooklyn and even caught some music in the nearby park.,"Lovely, Cozy, Room 1, BEST AREA; Legal Rental",Brooklyn,South Slope,40.66801,-73.98784
5803,2021-09-24,184701992,The place was very comfortable and lovely. The location is great and Laurie was a great host.,"Lovely, Cozy, Room 1, BEST AREA; Legal Rental",Brooklyn,South Slope,40.66801,-73.98784
5803,2021-09-28,1673410,Great location with walking access to the park slope area of Brooklyn.  Everything was as advertised and I am likely to be back.,"Lovely, Cozy, Room 1, BEST AREA; Legal Rental",Brooklyn,South Slope,40.66801,-73.98784
5803,2021-09-30,2247623,"Grab it! Comfortable bed. Spacious, well designed room in an historic house. Laurie is a an experienced host and a terrific resource for everything Brooklyn/NYC.   Perfect location with access to multiple subway lines plus every type of restaurant and store you might need.","Lovely, Cozy, Room 1, BEST AREA; Legal Rental",Brooklyn,South Slope,40.66801,-73.98784
5803,2021-10-03,28370923,"great location, excellent host, good advice.","Lovely, Cozy, Room 1, BEST AREA; Legal Rental",Brooklyn,South Slope,40.66801,-73.98784
5803,2021-10-25,88703961,"This wonderful house is full of unique and very New York spirit - warm, stylish, with strong character and fantastic Hostess! If you want to have an authentic Brooklyn experience and have a taste of that disappearing New York, Laurie's House is what you need.","Lovely, Cozy, Room 1, BEST AREA; Legal Rental",Brooklyn,South Slope,40.66801,-73.98784
5803,2021-10-30,101994370,Good guest house if you plan to stay in the Park Slope area <br/>it’s a good location close to many restaurants and different attraction in the neighbourhood. <br/><br/>Prospect Park in my humble opinion is the best! <br/><br/>Thanks Laurie,"Lovely, Cozy, Room 1, BEST AREA; Legal Rental",Brooklyn,South Slope,40.66801,-73.98784
5803,2021-11-03,188419826,"Excellent location and a great, knowledgeable host for the area. Whether focusing on the Brooklyn area or looking for a good base point for the city, this location is prime. Understand there are some rules to the house that may cause small inconvenience, but understand this is a single room and you should always respect those around you. Definitely a good place to stay, we would do it again if available the next time around.","Lovely, Cozy, Room 1, BEST AREA; Legal Rental",Brooklyn,South Slope,40.66801,-73.98784
5803,2021-11-08,2441225,"Laurie’s place is a funky/whimsical place and in a great location loaded with interesting artwork and appointments.  Laurie was a great help and attentive to our unique needs, being newcomers to the area, especially in advice about local transportation.  She provides a booklet with a veritable travel guide to restaurants, pubs, art museums, happenings, etc.  While there are communal spaces and cute kittys, we never felt crowded.  <br/><br/>We were visiting family a few blocks away, so we were not able to enjoy the kitchen or sitting areas, but they looked inviting, especially that back yard!  Advice would be to edit the booklet regarding entry, but Laurie is responsive to your requests.  As seniors, we were prepared for the stairways, and if you are a senior, it is a climb!  The bed was a bit hard on the back, but all the linens and toweling were perfect.  If you prefer funk over sterile hotel rooms, this is your place, and at a very fair price for Park Slope!","Lovely, Cozy, Room 1, BEST AREA; Legal Rental",Brooklyn,South Slope,40.66801,-73.98784
5803,2021-11-23,1726961,Great location for walking to restaurants and the park. Beautiful neighborhood and home. Nice clean bathroom with everything you could need. Laurie gave great recommendations and had lots of information to look through if needed. Wish I could live there!,"Lovely, Cozy, Room 1, BEST AREA; Legal Rental",Brooklyn,South Slope,40.66801,-73.98784
5803,2021-12-20,45329941,Laurie is a very welcoming host and provides good suggestions for things to do and places to eat/shop.  Her home is conveniently located within the Park Slope neighborhood.,"Lovely, Cozy, Room 1, BEST AREA; Legal Rental",Brooklyn,South Slope,40.66801,-73.98784
5803,2022-01-04,35724716,"My stay with Laurie can only be described as stellar.  Her home is beautiful and very comfortable. The online booklet she provided was very thorough and helpful. Along with other information, the booklet provided directions to her home, information about the property, things to do nearby and spot-on dining recommendations. Laurie is a delightful host. You can't do better than this.","Lovely, Cozy, Room 1, BEST AREA; Legal Rental",Brooklyn,South Slope,40.66801,-73.98784
5178,2016-03-27,43174077,Unsere Reise war überragend.<br/>Wir wurden zur abgesprochenen Zeit im Appartement empfangen.<br/>Der Vermieter war sehr nett und zuvorkommend während der ganzen Zeit.<br/>Das Zimmer und Bad entsprachen den Fotos und waren sauber und gut ausgestattet.<br/>Die Lage ist Perfekt für eine NYC Reise. Wir konnten vom JFK Airport direkt mit der Subway bis ca 400m vom Appartement fahren.<br/>Wir würden jederzeit wieder dieses Zimmer mieten.,Large Furnished Room Near B'way　,Manhattan,Midtown,40.76457,-73.98317
5178,2016-04-08,46796849,"Partiamo dall'aspetto principale che rende la valutazione di questo appartamento positiva: la zona era semplicemente perfetta! In meno di 5 minuti a piedi si arriva a Central Park o a due differenti fermate della metro.<br/>Per il resto l'appartamento è piccolo, spesso odora di chiuso e, non si può definire sporco, ma quanto meno poco curato e anche poco accogliente. Tutto sommato però se si usa solo ed esclusivamente come base per andare a dormire vale affidarsi al prezzo e alla convenienza della zona.<br/>Per quanto riguarda Shunichi, è molto disponibile anche se molto riservato, per avere una conversazione con lui è necessario andare a bussare alla sua porta (ognuno valuti se sia un elemento positivo o meno!), ma per ogni problema è disponibile.<br/>Le regole della casa, in conclusione, permetterebbero l'utilizzo della cucina in qualsiasi motivo lui non sia in casa. Noi siamo stati una settimana intera e lo abbiamo sempre trovato in casa, per cui se la vostra idea è quella di avere la possibilità di cucinare non vi consiglio questo appartamento. In caso contrario un po' alla buona, ma la posizione è ottima!",Large Furnished Room Near B'way　,Manhattan,Midtown,40.76457,-73.98317
5178,2016-04-09,65643509,"For my first bnb experience, I thought this was wonderful! Cozy little room in New York right next to central park. Our host was nice and helpful and made sure everything was set up for our arrival. ",Large Furnished Room Near B'way　,Manhattan,Midtown,40.76457,-73.98317
5178,2016-04-19,41794678,"Shunichi actually was away while we stayed so we didn't get to meet him really. He had a friend there to let us in and there was no issues with communication or the check in process.<br/>The location is amazing, unbeatable for the price. The room has everything you need.<br/>The room was neat and tidy although I think a new set of bed sheets are needed.<br/>We would definitely stay again.",Large Furnished Room Near B'way　,Manhattan,Midtown,40.76457,-73.98317
5178,2016-05-03,49377597,Listing accurate-shared bathroom with host. Walking distance to many tourist sights. Good neighborhood. Host was available for questions and helpful with meeting us and working around our schedule.,Large Furnished Room Near B'way　,Manhattan,Midtown,40.76457,-73.98317
5178,2016-05-12,40991379,"Gracias Shunichi por hospedarnos! <br/>El barrio es seguro, perfecta ubicacion con lugares accesibles para desayunar, almorzar o cenar. Hay farmacias y despensas muy cerca.<br/>El cuarto es justo para dos personas,  hay una heladera, microondas,  pava electrica, tv y vajilla. La cama es doble, y se nos entregaron sabanas y toallas.<br/>Shunichi es tranquilo y servicial. <br/>Si buscas lujo, no es el lugar, si solo vas para tener un lugar donde dejar las cosas, salir todo el día y volver a dormir, la relacion costo beneficio, es positiva.<br/>Muchas gracias! <br/>Thank you S! to be our host. Everything was ok. Your house is a place to be in vacation! See you soon!",Large Furnished Room Near B'way　,Manhattan,Midtown,40.76457,-73.98317
5178,2016-05-21,42530339,"El anfitrión estuvo presente en el departamento todas las noches, pero en ningún momento tuvo contacto con nosotros, no se presentó y no nos dió la bienvenida, lo que fue bastante raro e incómodo. Fue una convivencia tranquila. <br/>A partir del cuarto día de nuestra estadía, el wifi dejó de funcionar y estuvimos sin internet hasta el último día. <br/>Las fotos publicadas no coinciden con el estado real de la habitación y departamento. El departamento se encuentra muy sucio, con acumulación de cosas en los espacios comunes, está desordenado y muy deteriorado, con mobiliarios rotos en la habitación, enchufes con los cables saliendo para afuera, el piso sucio y todo rayado, las ventanas sucias, la cajonera también rota. No es un lugar habitable, no volvería bajo ninguna circunstancia. De hecho las fotos publicadas al momento de mi reserva eran otras, las de ahora se ven mucho peor y la realidad es aún peor. El baño sucio, el agua de la ducha fue imposible de graduar, o fría o hirviendo, y mala presión de agua. La cocina nada que ver con la foto, muy sucia, con cantidad de cosas acumuladas, tierra y olor. Muy desagradable en general. El departamento está abandonado, sucio, desordenado, deteriorado. A pesar de pasar todo el día afuera y de la buena ubicación, no se justifica reservar este departamento para dormir, es imposible bañarse, usar el baño cómodo y dormir tranquilo debido al desorden y la suciedad, es muy incómodo dormir ahí, con un acolchado muy sucio y que no dan ganas de usar ni de tocar.<br/>Aclaro que yo reservé el hospedaje porque leí muchos comentarios buenos, pero leyendo los comentarios de los últimos tiempos empezaron a aparecer comentarios negativos y ahora el mio. Lamento haber reservado, esos comentarios positivos no tuvieron nada que ver con mi experiencia.<br/>La ubicación fue lo UNICO bueno del hospedaje, y no justifica su reserva. Aclaro que me he hospedado en hostels y lugares muy básicos y sencillos, pero cómodos, acogedores y limpios, no se necesita mucho pero si lo básico, y acá no lo encontré.<br/>Lamento ser dura, pero prefiero contar mi experiencia sinceramente y que otros puedan evitarse malas experiencias. <br/>Y si me preguntan por qué me quede, es obvio, porque salir a buscar hospedaje era imposible por los costos elevados que se manejan en Manhattan.",Large Furnished Room Near B'way　,Manhattan,Midtown,40.76457,-73.98317
5178,2016-05-31,1670561,Simple room in a great location - close to many theaters and tourist attractions. Also many restaurants and cafes around.,Large Furnished Room Near B'way　,Manhattan,Midtown,40.76457,-73.98317
5178,2016-06-05,63828936,The location and hosts were great and super easy. Would definitely recommend staying here. The only downer for us was the shower only being freezing or boiling hot which was a little bit unpleasant. But apart from that it was perfect for us! Thanks,Large Furnished Room Near B'way　,Manhattan,Midtown,40.76457,-73.98317
5178,2016-06-09,51495101,"Die Lage ist perfekt, das Zimmer und die Ausstattung sind ok. Allerdings wirkt das Zimmer auf dem Foto freundlicher als es wirklich ist. Und es war alles andere als sauber. ",Large Furnished Room Near B'way　,Manhattan,Midtown,40.76457,-73.98317
5178,2016-06-17,64809261,"Shunichi was very welcomming and flexible with checkin times, and he had arranged for a friend to let us into his apartment when we arrived during the day. <br/>We had an amazing time in NYC and the room fit our needs perfectly. The bed was comfortable, and it was easy to feel at home and relaxed in the room. Both the room and the bathroom had plenty of space, and was nice and clean.<br/><br/>The location in Manhattan was very central and close to many things, while still being relatively calm at night. We also found that there was an abundance of good restaurants literally right around the corner, which was a great luxury. The most difficult thing was to chose just one place to eat at after a long day of sightseeing!  <br/><br/>I would reccommend booking this room to anyone who wants to go to NYC, it definitely contributed to making our NYC experience amazing!",Large Furnished Room Near B'way　,Manhattan,Midtown,40.76457,-73.98317
5178,2016-06-20,19177355,"The large room, air conditioning, and location were all great. No problems. ",Large Furnished Room Near B'way　,Manhattan,Midtown,40.76457,-73.98317
5178,2016-06-21,43210416,"GREAT LOCATION! Near subway, bus station, lots of restaurants. You can walk to Time Square within 20 minutes.<br/>The host is very easy to communicate and respond quickly.<br/>The room is nice and tidy.<br/>Great place to stay in New York!",Large Furnished Room Near B'way　,Manhattan,Midtown,40.76457,-73.98317
5178,2016-07-02,40546622,There was a bit of a mishap with arrival but other than that the stay was perfect. It was close to everything and if you wanted to catch the subway it was only a few blocks away. The area and room were very secure and the air conditioning was amazing in the summer heat. Shunichi was very friendly and ready to help should I need it. Enjoyed my stay a lot and would definitely stay again :),Large Furnished Room Near B'way　,Manhattan,Midtown,40.76457,-73.98317
29628,2013-05-05,5533374,"We had a great time in New York and Chris and his girlfriend were wonderful hosts!! The room as the whole flat were very friendly and clean. The bed is super comfi!! The C and G train are right around the corner, it's a 20min subway ride to Manhatten. <br/>We were allowed to come and go whenever we wanted and to use the perfectly equipped kitchen. Chris even invited us to drink his home brewed beer, which was delicious! We would totally recommend to stay there! ","Comfortable, Sunny Room",Brooklyn,Clinton Hill,40.68292,-73.96381
29628,2013-05-07,5178540,Chris's apartment is beautifully decorated and very clean and you couldn't find a better host. I booked his apartment for my dad while he was in town. He and Chris seemed to really hit it off. Chris was so outgoing and helpful and he truly enjoys hosting others and getting to know them.,"Comfortable, Sunny Room",Brooklyn,Clinton Hill,40.68292,-73.96381
29628,2013-05-23,6249695,"My boyfriend and I enjoyed our stay at Christopher's. It really is a pleasant room and a very clean and tidy apartment. We didn't see Chris much, but he was flexible about when to let us check in and very friendly. He gave us great recommendations for Clinton Hill - the Mexican restaurant on Vandebuilt was one of our culinary New York highlights. Clinton Hill is a good neighborhood if you want to wind down a bit after a day in Manhattan. And I can recommend Chris apartment without hesistation. Thanks Chris!","Comfortable, Sunny Room",Brooklyn,Clinton Hill,40.68292,-73.96381
29628,2013-06-01,1946800,Had a great time with Chris and Jan. They took me out to the Brooklyn Brewery and were all round great hosts. Would recommend staying there to anyone!,"Comfortable, Sunny Room",Brooklyn,Clinton Hill,40.68292,-73.96381
29628,2013-06-16,6693662,"Chris's place was cozy, clean and spacious. Close to subway C line, which is very convenient to go to Manhattan.<br/>As for Chris, I really appreciate his hospitality. Though I arrived at late night, Chris welcomed me. He always cared me, even when he was working, gave me a lot of advice, recommended me good places. Unforgettable is his self-brewed beer. It was great.<br/>These are why Chris's place is definitely recommendable. I'd like to go there again and say cheers with his great beer.","Comfortable, Sunny Room",Brooklyn,Clinton Hill,40.68292,-73.96381
29628,2013-08-18,5795567,"Chris is a wonderful host. The location is ideal for access to Manhattan and elsewhere in Brooklyn, and the local neighbourhood is safe and friendly. Chris is an attentive and generous host, always ready to share his time, beer, and roof (complete with grill!). The room is spacious, comfortable, with ample storage, a very comfortable bed, and good a/c. I was in NYC conducting academic research, so had a longer term stay to do work rather than the tourist experience. I was lucky enough to share 4 July with Chris and Jen, and several outings to local pubs and restaurants besides. In short, I had a wonderful time, as you will if you stay.","Comfortable, Sunny Room",Brooklyn,Clinton Hill,40.68292,-73.96381
29628,2013-09-23,5872233,"I highly, HIGHLY recommend Chris's space! Being somewhat of a germaphobe I was not disappointed.  Chris was super friendly and welcoming without being overbearing - the perfect balance of a great host.  The apartment was super clean, spacious and perfectly located on the edge of Fort Greene (an amazing BK neighbourhood).  Thanks so much for your hospitality Chris!!<br/>Yael & Melissa  ","Comfortable, Sunny Room",Brooklyn,Clinton Hill,40.68292,-73.96381
29628,2013-11-17,4777153,"We were very pleased with the room, and with Chris. The apartment is clean and bright, and close to the C subway to Manhattan. We had access to the kitchen, which we used for breakfast before heading out to a conference and sightseeing.  ","Comfortable, Sunny Room",Brooklyn,Clinton Hill,40.68292,-73.96381
29628,2014-01-01,470280,"Christopher is a wonderful host and his place is super clean, spacious and has an excellent location (just a minute to the C station and 10 min to the Manhattan).  The neighborhood is quite and safe, there is an awesome Dominican restaurant 'Puerto Viejo' just 10 min walk from the building. We had a great time and definitely recommend everyone to stay in Brooklyn at Christopher's.","Comfortable, Sunny Room",Brooklyn,Clinton Hill,40.68292,-73.96381
29628,2014-01-07,10214397,"My wife and I stayed with Chris during the first week of January 2014 and had a great time.  Brooklyn is great and this apartment is well located near restaurants and there is a subway at the end of the street to take you direct to Manhattan.  The flat is clean and warm, the bed is comfy and the room big enough for two with a place for clothes/baggage.  Chris and Jen were good hosts, friendly and very helpful, I would stay here again (if lucky enough to get back to NY some day).  Unfortunately i didn't get to taste Chris' beer, poor timing on my part!  correspondence was quick and hassle free.<br/>Rory & Fiona","Comfortable, Sunny Room",Brooklyn,Clinton Hill,40.68292,-73.96381
29628,2014-04-04,409574,"I would definitely recommend this place and I will stay here if I ever go back to NY. The apartment is beautiful and the room is cozy and clean. Chris and Jenn are great, friendly and always available if you need anything. The neighbourhood is very safe and has great restaurants nearby. Having the C train right on the corner is a plus! ","Comfortable, Sunny Room",Brooklyn,Clinton Hill,40.68292,-73.96381
29628,2014-05-11,13436425,"Great experience . the place is clean and spacious,  the bed is super!<br/>Cris and Janny were wonderful hosts they alweys cared us. He is great self-brewed beer!<br/>I recommend Chris Apartment.<br/>Luca<br/>","Comfortable, Sunny Room",Brooklyn,Clinton Hill,40.68292,-73.96381
5803,2022-03-23,205386876,"We had a lovely stay in this beautiful old house. The bed was comfortable, the books and art were lovely, and Laurie was warm and easy to communicate with. Everything was spotless.","Lovely, Cozy, Room 1, BEST AREA; Legal Rental",Brooklyn,South Slope,40.66801,-73.98784
5803,2022-04-12,6256210,"Great location close to everything! Clean and easy to access, enjoyed my stay!!","Lovely, Cozy, Room 1, BEST AREA; Legal Rental",Brooklyn,South Slope,40.66801,-73.98784
5803,2022-04-22,101398030,Nice clean place as well as location. We would certainly like to come back!,"Lovely, Cozy, Room 1, BEST AREA; Legal Rental",Brooklyn,South Slope,40.66801,-73.98784
5803,2022-05-07,280225623,"Laurie place it's so cozy!! I felt at home as soon as I contact her by message.<br/>She is so affectionate and caring! She is the perfect host and really take care of every detail! My room was so magical with beautiful paintings, drawings and lot of books! The book that she has created for her guest it's fantastic! <br/>I highly recommend her place! The perfect place to be in Brooklyn!","Lovely, Cozy, Room 1, BEST AREA; Legal Rental",Brooklyn,South Slope,40.66801,-73.98784
5803,2022-05-18,449499776,The house did not live up to our expectations having viewed the photos on the website. The flights of  steep winding stairs to the upstairs rooms are an ordeal if you have much luggage.  There are no locks for your room and you will share a bathroom (clean) which can't be locked.  While we were there the living area was unusable due to papers on every surface and there are two cats living permanently inside.  Laurie is friendly and helpful and the back garden is lovely.,"Lovely, Cozy, Room 1, BEST AREA; Legal Rental",Brooklyn,South Slope,40.66801,-73.98784
5803,2022-05-30,40932309,Laurie is a great host and her home is awesome!,"Lovely, Cozy, Room 1, BEST AREA; Legal Rental",Brooklyn,South Slope,40.66801,-73.98784
5803,2022-06-05,12147566,"Laurie place is a hidden gem. She is very kind and welcoming, definitely would recommend to anyone visiting NYC. Batman and Robin (cats) were precious and the garden was lovely to sit in during the day.  Looking forward to visiting again soon.","Lovely, Cozy, Room 1, BEST AREA; Legal Rental",Brooklyn,South Slope,40.66801,-73.98784
5803,2022-06-14,248482811,"Manhattan and Brooklyn, Park Slope is a great combination. Laurie’s stay is just all you need!","Lovely, Cozy, Room 1, BEST AREA; Legal Rental",Brooklyn,South Slope,40.66801,-73.98784
5803,2022-07-16,160089920,Laurie was very helpful in coordinating with our booking. Her place was also very nice and just as advertised! It's in a great location very close to the subway station. Would highly recommend!,"Lovely, Cozy, Room 1, BEST AREA; Legal Rental",Brooklyn,South Slope,40.66801,-73.98784
5803,2022-08-23,114913835,Excellent choice to stay in Brooklyn. Very close to a key subway stop. Vibrant neighborhood with lots of shops and restaurants. The place itself is very clean and comfortable. You can't go wrong staying here.,"Lovely, Cozy, Room 1, BEST AREA; Legal Rental",Brooklyn,South Slope,40.66801,-73.98784
5803,2022-09-24,18197377,"We highly recommend Lori‘s Airbnb. She’s gracious and accommodating and easy to approach with questions. The house and patio are so comfortable. Our room was great and the location is quiet yet close to the metro and all that Park Slope has to offer. Although we’ve visited Park Slope many times, Laurie was able to introduce us to some wonderful new places. We both highly recommend her Airbnb.","Lovely, Cozy, Room 1, BEST AREA; Legal Rental",Brooklyn,South Slope,40.66801,-73.98784
5803,2022-10-10,125874170,"We had a great time at Laurie’s place. The location, proximity to various train stops and Laurie’s knowledge of the city made for a memorable trip. Would definitely stay again.","Lovely, Cozy, Room 1, BEST AREA; Legal Rental",Brooklyn,South Slope,40.66801,-73.98784
5803,2022-12-05,145767655,It was clean but the propert was to old and out dated. It did not mention the property would have multiple guests at a time.,"Lovely, Cozy, Room 1, BEST AREA; Legal Rental",Brooklyn,South Slope,40.66801,-73.98784
5803,2022-12-11,23889434,"Great stay at Laurie’s place - room and bathroom were clean, she was flexible and friendly, and the location was very convenient. Would definitely come back!","Lovely, Cozy, Room 1, BEST AREA; Legal Rental",Brooklyn,South Slope,40.66801,-73.98784
5803,2022-12-21,110350822,"Lovely place with a lovely and knowledgeable host - Laurie will make sure that you have everything you need during your stay, and has great recommendations  for the area and the city.","Lovely, Cozy, Room 1, BEST AREA; Legal Rental",Brooklyn,South Slope,40.66801,-73.98784
5803,2023-01-03,43049456,"Great location in Brooklyn, near the subway with easy access to Manhattan. The house is near of a number of local restaurants, coffee shops, and various shops. The bedroom I stayed was spacious, clean, plenty of space and warm. Great powerful hot shower! Laurie provides a booklet with lots of useful information (transport, restaurants, shops, bars etc) which was a life saver as I didn't need to do a lot of research, everything I needed was in the leaflet. I recommend anyone staying with Laurie to utilise it. Laurie was flexible and accommodating with my check out time. It was my first time in NYC and Brooklyn was definitely a great idea. <br/><br/>Thank you Laurie for hosting me in your cozy space!","Lovely, Cozy, Room 1, BEST AREA; Legal Rental",Brooklyn,South Slope,40.66801,-73.98784
5803,2023-02-13,203777851,Comfortable and quiet.  Perfect for my trip to visit my daughter and her family blocks away.,"Lovely, Cozy, Room 1, BEST AREA; Legal Rental",Brooklyn,South Slope,40.66801,-73.98784
6848,2009-05-25,18003,"Stayed with Allen and Irina about a year ago. The apartment was more spacious than we thought it would be. They were helpful and nice when we needed that, and left us alone when we needed that too. The location is pretty good, not that far a walk into Williamsburg/hipsterville, and not that far into Manhattan either. We enjoyed our stay!",Only 2 stops to Manhattan studio,Brooklyn,Williamsburg,40.70935,-73.95342
29628,2014-05-17,12290448,"We had great days and Chris helps us with many informations. Everything was perfect and we can recommend this room everyone!<br/><br/>Thx Chris and Jenn, from Tirol<br/>Christian & Lily<br/><br/>P.S. Tom's Diner was a fantastic tipp!","Comfortable, Sunny Room",Brooklyn,Clinton Hill,40.68292,-73.96381
29628,2014-05-23,5271142,"I just spent five days in Brooklyn and the surrounds and stayed in Chris' wonderful room. It is very comfortable and has all the amenities one could want from an iron and hair dryer to a comfy bed and wifi. The location is terrific - close to the train and bus routes, safe to walk day or night, good restaurants and groceries right around the corner. We spent time on the roof deck sipping some of Chris' home brew. A great experience. I'll definitely be back for more.","Comfortable, Sunny Room",Brooklyn,Clinton Hill,40.68292,-73.96381
29628,2014-05-28,8598410,"We found the accomodations were perfect for us! The room is bright and clean, the building well-maintained, and the location convenient to the subway and many of the places in Brooklyn we wanted to visit. Chris is a charming host who, graciously, went above and beyond to make us feel right at home. We certainly want to stay with him on our next visit.<br/>","Comfortable, Sunny Room",Brooklyn,Clinton Hill,40.68292,-73.96381
29628,2014-06-23,10277734,"Good neighborhood, ~10/15 minutes to Downtown with the C train. Awesome room (huge, clean, beautiful!). I would stress over all, the hosts: Chris and Jen and are great couple and make you feel like you are at home. Zero complaints.<br/><br/>I couldn't recommend it more.","Comfortable, Sunny Room",Brooklyn,Clinton Hill,40.68292,-73.96381
29628,2014-09-21,16029798,"Accoglienza splendida, Chris & Jenn due persone squisite che ti fanno sentire a casa tua. La stanza è accogliente ed il bagno pulito. Il quartiere è perfetto, con la metro C ad un passo (davvero!), per andare a Manhattan in 15 minuti. E' un posto dove riandrei domani! Consigliata caldamente a tutti!","Comfortable, Sunny Room",Brooklyn,Clinton Hill,40.68292,-73.96381
29628,2014-09-27,18378363,"Great host, kind and nice. Neighbor hood is convenient in every aspects. The best part of our New York trip.","Comfortable, Sunny Room",Brooklyn,Clinton Hill,40.68292,-73.96381
29628,2014-09-30,8304026,"This was my first airbnb experience, and it could not have been any better. The hosts,  Chris and Jenn, were warm and gracious and made me feel right at home. The home was extremely clean and well-organized. The room was quite large for NY (larger than most hotel rooms I've stayed in there). They had a huge closet in the room just for the airbnb guest. The building was really nice, well-lit, well-maintained, and it felt safe. The neighborhood was nice. There were 2 organic juice bars and a great bagel place just around the corner, and best of all, it's only 1/2 block to the subway that takes you right into Manhattan. Overall, it was a 10 out of 10 experience.","Comfortable, Sunny Room",Brooklyn,Clinton Hill,40.68292,-73.96381
29628,2014-10-04,12337375,"I had an awesome stay at Chris and Jenn's. They are both so friendly and we had a lot in common regarding our interests in sustainable food and traveling. Chris was even able to attend an event that my nonprofit, Slow Food USA, put on to celebrate the 25th anniversary of our movement. Their place is new, clean, and conveniently located near the subway (A,C lines).  ","Comfortable, Sunny Room",Brooklyn,Clinton Hill,40.68292,-73.96381
29628,2014-10-08,4662829,"We had a great time staying with Jenn and Chris. They were very accommodating with check in/ check out times, the flat was great and the room very spacious and comfortable. They were also very friendly and gave is suggestions of local places to check out, including a great local diner. I can really recommend their place if you want to  discover Brooklyn (which is a lot of fun!)","Comfortable, Sunny Room",Brooklyn,Clinton Hill,40.68292,-73.96381
29628,2014-10-12,20989064,"Chris and Jenn are fantastic hosts! Made us feel very comfortable and at home. Chris gave us a lot of great tips on local restaurants and things to do. Neighborhood is safe and very convenient to the subway line into Manhattan. Room was nice, clean, and bed was comfortable. If you're craving Mexican food check out Xochtil Taqueria. For a local low-key bar check out Hudson dry. Great Atmosphere and friendly people. Overall a 10 out of 10 and a great location to check out Manhattan and Brooklyn! Don't be afraid to explore! New Yorkers are very friendly and helpful!","Comfortable, Sunny Room",Brooklyn,Clinton Hill,40.68292,-73.96381
29628,2014-10-24,11532545,My wife and I had a fantastic time at chris and jenn ' s place . Their place was just as described . They had fantastic eating suggestions. Chris when the brewing time was right a real beer brewer and full of knowledge . Thanks again guys you really made staying with you so comfortable,"Comfortable, Sunny Room",Brooklyn,Clinton Hill,40.68292,-73.96381
29628,2014-10-29,1224561,"We had another amazing visit to the city! Chris and Jen are incredibly gracious hosts and have an extremely relaxed style of hosting. This is my second time staying with them and they will continue to be my 1st choice anytime I return to the city. They are both so kind and generous with their space, and we found it very easy to come and go as needed no matter our schedule. Thank you again for helping to make our trip so much fun!","Comfortable, Sunny Room",Brooklyn,Clinton Hill,40.68292,-73.96381
29628,2015-04-06,29278398,"Our first airbnb experience was excellent.  The hosts were friendly but not intrusive.  They were flexible regarding our arrival time.  The room was as described and was clean and comfortable.  The home brew was a special treat.  The location was great.  It was close to restaurants, the subway, and coffee shops.  The neighborhood was nice and quiet.","Comfortable, Sunny Room",Brooklyn,Clinton Hill,40.68292,-73.96381
29628,2015-04-16,12917084,"Chris & Jenn are awesome! We had such a great stay at their beautiful home. They welcomed us very warm and gave us tips about everything we needed. They also provided much information material in our room. Especially regarding our delayed luggage, they were so helpful. Thanks again for that!<br/>The location is just perfect! The whole apartment is very clean and the guestroom is spacious, cozy and bright. The house is literally just 20 steps from the metro, which brings you to downtown Manhattan in 15 Minutes. The neighbourhood in Brooklyn is great as well and worth a visit away from Manhattan. You should follow Chris and Jenn’s food recommends nearby!! We love Emily’s and Tom’s.  And last but not least, Chris’ homemade beer is so delicious ;) –<br/>What a fantastic airbnb experience! We highly recommend to stay with Chris and Jenn, you won’t get it better in NYC.","Comfortable, Sunny Room",Brooklyn,Clinton Hill,40.68292,-73.96381
5178,2016-07-07,46023317,"My stay at this apartment was not the best experience, but if what you care about the most is a great location, then this is the place for you. The picture is a good reference of what to expect, although simply add an unpleasant layer of grime to everything and you have a more accurate idea. My main issue was that the room, while tidy, felt unclean and the bathroom was unpleasantly dirty, to say the least. The apartment looks really worn and it is right next to the trash room, so opening the door you smell the trash and it can be pretty disgusting. However, the inside of the apartment smelled fine. I appreciated that the room is independent of the owner's space, as a door separates the room and the bathroom from the living room and the owner's room. It was also very convenient that the room came with a fridge, microwave, toaster, and even plates and cutlery. It is pleasantly large and the bed was more of a full-sized futon. The a/c worked, but not very well, which is not an inconvenience unless one comes in the summertime like I did. Our host provided us with a room key, so it was nice to be able to lock the room and feel my stuff would not be disturbed. I didn't really see much of the owner, as a friend of his welcomed me when I arrived, and I believe that if I hadn't proceeded to ask him a few questions the one day I saw him at the apartment, we might never have talked, as he always left before I did and arrived apparently after. However, the main thing about this apartment is the location. Incredible location! It is walking distance from  Columbus Circle and all the theater area and Times Square, which made it very convenient when I got out of a play late at night. There are also a number of grocery stores nearby, including an organic whole foods style one. There are nearby subway stations and tons of restaurants, so it is easy to find anything one might need within a few blocks.",Large Furnished Room Near B'way　,Manhattan,Midtown,40.76457,-73.98317
5178,2016-07-16,78804951,Perfect location for the show I was seeing- thanks to the host for offering this.,Large Furnished Room Near B'way　,Manhattan,Midtown,40.76457,-73.98317
5178,2016-07-17,48344389,"The person (host's friend) that was supposed to let us in the apartment at the schedule time wasn't there, so we had to wait almost an hour, until the previous guest open the door for us. That person was still in the room, sheets all messy, dirty towels on the bed...nasty view. The host was already on his way to receive us due to the fact that his friend never showed up. He apologized and was quick to ""prepare the room"". Honestly, the fact that we had to wait wasn't that big of a deal, hiccups happen. But the fact that after he prepare the room, it continued to look messy and dirty was kind of disappointing. To all of you looking to stay in NYC, be aware of Pros and Cons of this listing! Pros: location is excellent! Good neighborhood, very close to Central Park by Columbus Circle, lots of nice restaurants and shops nearby. This is what this listing is about. Also, he provided with maps, hairdryer, sun screen, scissors and that kind of essentials. There was a small working fridge, instant coffee, microwave and TV, which I don't know if they worked, never used them.  Cons: On the other hand, the room and bathroom were really dirty, mostly the bathroom. Guys, I had to grab a cleaning brush and a bottle of cleaning product that was next to the toilet to clean the bathtub floor, because I didn't dare to put my feet there, considering on how the rest of the bathroom looked. The sheets looked clean, but we didn't dare to use the towels, we just used small ones that we packed just in case. The cover on the small sofa was also pretty nasty. Honestly, this is not a place to stay more than one night, and that's why we decided to stay after seeing all this. If it would had been more that one night, we would have gone to our friend's house in New Jersey, which it'd had ruined all our plans. Bottom line: If you don't mind staying relatively cheap in the middle of the city, in a dirty place, this the listing to do so. At least neighborhood is safe. Otherwise, go to a different place, you got to be a care-free person to stay in a place like this, and have seen many dirty places to assimilate this. I come from a dirty 3rd world country, so there's that. But never expected this in an Air bnb listing, mind you, is my first experience :( Good luck to you all! <br/>P.S: The $15 cleaning fee are not being used towards that, I guarantee it!",Large Furnished Room Near B'way　,Manhattan,Midtown,40.76457,-73.98317
5178,2016-07-17,17721404,Everything was great! Perfect location! So close to Central Park & Broadway. Also super flexible with leaving our luggage for the day! Good value accommodation. Thanks! ,Large Furnished Room Near B'way　,Manhattan,Midtown,40.76457,-73.98317
5178,2016-07-23,49553075,"Flat very well situated, easy access by subway. The street is quite noisy. The room is nice, well furnished and we were very well received. Thank you!",Large Furnished Room Near B'way　,Manhattan,Midtown,40.76457,-73.98317
5178,2016-07-30,46645494,"My whole experience at Shunichi's place was perfect! Check in was easy. I just let him know about what time I was expected to arrive and he arranged a friend to let me in and provide me the keys. You can't beat the location. It's only a few blocks away from the Columbus Circle subway station, which is right next to Central Park. One block south is an NYPD station, so the neighborhood is fairly safe. Around the corner is Mariella's Pizza, which I highly recommend. There are several 24 hour stores in the area for your convenience. The room is very spacious and is perfect for one person, but it can accommodate two people comfortably. The mini fridge was very useful and the air conditioner worked adequately, especially during summer.  The bathroom was clean and functional and towels were provided. I stayed here for a whole week and actually saw Shunichi only one time and waved hello, so I had my privacy the entire time of my stay. I really enjoyed my stay here. In fact, if I ever do return to NYC, this is the first place I'll check to find a place to stay.",Large Furnished Room Near B'way　,Manhattan,Midtown,40.76457,-73.98317
5178,2016-08-03,56124242,"Localização! o local é espetacular e de fácil acesso ao metrô e mesmo à pé para os principais pontos turísticos de Manhattan. O quarto é bom, o host te deixa bem à vontade, como se de fato estivesse só. Não tive nada a reclamar, me senti em casa. Chegamos e o local estava limpo e no quarto tinha alguns eletrodomésticos que com certeza auxiliaram na estadia. O único ponto negativo vai para o ar-condicionado, pois acho que estava sem manutenção, gelava bem, porém estava muito empoeirado, o que me deixou com uma alergia ",Large Furnished Room Near B'way　,Manhattan,Midtown,40.76457,-73.98317
5178,2016-08-21,41802642,"La habitación es como se indica en la descripción, con lo básico para pasar unos días en NY. La ubicación es perfecta para poder ir a todos los sitios céntricos a pie y bien comunicado con el metro.<br/>El anfitrión se amoldó a nuestra hora de llegada sin problemas.",Large Furnished Room Near B'way　,Manhattan,Midtown,40.76457,-73.98317
5178,2016-08-24,22356371,Nous avons été bien reçu mais notre hôte était peu présent et on a un peu galéré avec la douche et la télé qui ne captait pas. L'appartement est très bien situé mais un peu vétuste. Y a moyen de trouver mieux pour ce prix je pense.,Large Furnished Room Near B'way　,Manhattan,Midtown,40.76457,-73.98317
5178,2016-08-31,19696784,"I will divide the evaluation, so you have a better point of view. And I would also like to explain that I traveled with my boyfriend, and were all day out walking, so we didn't need to stay in the room during the day.<br/><br/>Pros: location is great, in the middle of the city. Shunichi is almost always out or inside his space, so you won't feel controlled. The bed was as announced and host offers a few more things as scissors, shampoos, some cuttlery, things that may come in handy. <br/><br/>Cons: room is tidy, but is quite dark (curtains could be washed too). Air conditioner works, but makes a lot of noise during the night (and you'll need it in hot summer). Bathroom is clean as far as you can see, but if you glance a little further, you'll notice some dirty spots. My towel was a bit dirty also, I had to use my bf's. Apt is on first floor (consider that if you carry heavy luggage). What seems to be living room is stacked with boxes and things -I understand is his place after all, but it may shock you when you enter. And kitchen is definitely a no to use it.<br/><br/>However, Shunichi is very respectful and shy, so he won't mess around you but will help you get the best out your stay. Would return, if I make a similar trip.",Large Furnished Room Near B'way　,Manhattan,Midtown,40.76457,-73.98317
6848,2009-05-29,16426,"Irina was very welcoming and the apt was comfortable and felt very homely and clean. We had an amazing time in NY and hope to visit again, Thank you Mimi & Neale",Only 2 stops to Manhattan studio,Brooklyn,Williamsburg,40.70935,-73.95342
6848,2009-06-07,18432,"This apartment was perfect for our stay in NY this past weekend. Very comfortable, easy parking, and very gracious hosts. Thank you so much! I'm sure we'll be back. ",Only 2 stops to Manhattan studio,Brooklyn,Williamsburg,40.70935,-73.95342
6848,2009-06-14,8646,"Allen and Irena were simply wonderful hosts and great ambassadors to New York and Brooklyn.   They let us keep our bags in the apartment before check-in and were very easy to communicate with.    They provided us with a map of the area with local stuff like laundry, restaurants, etc.   The apartment itself was very spacious as far as New York goes -- a room that size would normally be hundreds of dollars a night.   Very close to trains and within a mile of Bedford Ave.   Just a really nice place and really nice people.   Thanks so much.  Highly recommended.  ",Only 2 stops to Manhattan studio,Brooklyn,Williamsburg,40.70935,-73.95342
6848,2009-07-08,17311,"It's everything Mike M said & more. Allen & Irina are such great people, it felt more like staying with friends than renting a room from strangers. The kitchen has whatever you might need to cook your own meals (but there are too many great places to eat out at that it's a challenge to try to do so). The breakfast goodies provided in the fridge were great & helped us start our day earlier so we could keep exploring. The location was perfect. My friends were skeptical when I said I was staying in Brooklyn to visit NYC, but it was so quick & easy to get to Manhattan every day. I also felt safe coming home late at night. I wouldn't have done anything differently, except book a longer vacation!",Only 2 stops to Manhattan studio,Brooklyn,Williamsburg,40.70935,-73.95342
5178,2016-09-03,78685865,"Nous avons séjourné deux nuits chez cet hôte. Il n'était pas disponible pour nous accueillir, mais une amie à lui l'a fait. Nous n'avons pas croisé l'hôte durant notre séjour. L'appartement est vieux et loin d'être luxueux, mais l'endroit est propre et très bien situé dans Manhattan. Vous ne trouverez pas d'hôtel aussi si bien situé pour un prix aussi bas!",Large Furnished Room Near B'way　,Manhattan,Midtown,40.76457,-73.98317
5178,2016-09-07,54704294,"The room is small but has everything you need. Close to Times Square and the subway. The host met us and showed everything. <br/>Комната аскетична, но есть все. Одна розетка не работает. Хозяина не видно было все время. С душем мы не подружились. Но это мелочи. Близко ко всему - это плюс",Large Furnished Room Near B'way　,Manhattan,Midtown,40.76457,-73.98317
29628,2015-04-20,29706900,"I really enjoyed my stay here. The room was as described large and sunny with a great internet connection. Chris and Jenn were wonderful hosts and I had a great time with them. Chris's beer is a great add-on too. Its also a stone's throw away from the subway.  <br/> ","Comfortable, Sunny Room",Brooklyn,Clinton Hill,40.68292,-73.96381
29628,2015-04-26,28301538,"Chris and Jenn are very friendly and generous, their home is very beautiful, very comfortable.they gave us a lot of good advice to visit in New York, we are very helpful, thanks to Chris and Jenn, hope to have the opportunity to live in your home again.","Comfortable, Sunny Room",Brooklyn,Clinton Hill,40.68292,-73.96381
29628,2015-05-03,946138,"We stayed here for 5 nights and had a wonderful experience.<br/>The room is really comfortable, the whole apartment is very nice and clean and the house is attached to the C subway. <br/>Chris is a great host, easy going, always ready to help you in any way and to offer you great good home-brewed beer!<br/>The neighborhood is also really nice and quite.<br/>All in all, highly recommended!<br/>","Comfortable, Sunny Room",Brooklyn,Clinton Hill,40.68292,-73.96381
29628,2015-05-06,31738455,"Thank Chris and Jenn, I spent the unexceptionable days in New York city. It's my first time use airbnb website, and I never believe we can stay other people's house just like my own house.  I feel so lucky I can meet Chris and Jenn, they gave me lots of help:-)  They allowed me to leave my heavy luggages in their house so that I can go to Washington DC and boston easily. I really appreciate their action. If someone want to travel in NYC, never doubt chris' cozy house and you will never regret your option. Cause it's close to the subway station, which it just takes no more than 2 minutes, and also there is a private room for you, which is clean and you can find everything you need. The most surprised me is that even Jenn privided some shopping bags for us.  In addition, it's really different from you living in a hotel. The reason why I enjoyed the days that I know Chris and Jenn, not the staff in the hotel who you will forget soon.  I believe if I go to NYC next time, I'll not hesitate to stay their home again. All in all, thanks Chris and Jenn.","Comfortable, Sunny Room",Brooklyn,Clinton Hill,40.68292,-73.96381
29628,2015-05-12,3227098,Chris and Jenn are wonderful hosts very welcoming and helpful! The room was spacious and the whole apartment was so clean. The apartment is a short walk from the subway. I would love to stay again in the future.,"Comfortable, Sunny Room",Brooklyn,Clinton Hill,40.68292,-73.96381
29628,2015-05-15,31223600,"A la decouverte de New York pour quelques jours, nous avons sejourne dans ce logement. Chris et Jenn ont ete des hotes parfaits! Tres flexibles sur les horaires d'arrivee et de depart. Chris nous a accueilli chaleureusement en nous proposant sa propre biere.<br/><br/>Le logement est tres propre, spacieux de meme pour la chambre et la salle de bain. Nous nous sommes sentis comme chez nous!<br/><br/>To discover New York during few days we stayed at Chris and Jenn's house.<br/>They were very nice hosts. Very flexible for the hours of arrivals and departures, Chris welcomed us warmly and offered us its own beer! He gave us good advices to discover the city<br/><br/>The housing is perfect, well located, very clean, very calm as well as the room and the bathroom.<br/><br/>We recommend this housing!!!<br/>","Comfortable, Sunny Room",Brooklyn,Clinton Hill,40.68292,-73.96381
29628,2015-05-20,30608061,It is a pleasant experience in NYC . Chris and Genn are hospitality and very patient to answer any questions you may have .The room is comfortable and the location is near the subway . It is very convenient to any place  you want to go to.Thank you very much!,"Comfortable, Sunny Room",Brooklyn,Clinton Hill,40.68292,-73.96381
29628,2015-05-28,5034016,"We had a great time in NYC at Chris and Jenn´s place! The room was very comfortable and we had enough space for all our stuff. Also the rest of the apartment was great and it was very nice that we could use the kitchen.  The whole apartment was very clean. <br/>Chris and Jenn are very nice people and we really enjoyed the time we spent together. They gave us a lot of good tips for NYC and especially for Brooklyn. <br/>The apartment is located in an area where you can find groceries and some restaurants. The Brooklyn Museum, the Botanic Garden as well as Prospect Park is just a 20 minutes walk from the apartment. The next C train station is just around the corner.<br/>We can highly recommend Chris and Jenn´s place! Thank you for everything.","Comfortable, Sunny Room",Brooklyn,Clinton Hill,40.68292,-73.96381
29628,2015-06-07,30563130,"Amazing! It was my first experience in an Airbnb house and could not be better. I received from Chris and Jenn prompt responses to my messages, many advices in order to know how to move into the city. My mother and I felt like home as soon we reach their house. The place is safe, during our stay we walk late around the neighborhood with any problem, located two blocks from metro station and a few minutes to manhattan. Many food and groceries store at one block from the house ","Comfortable, Sunny Room",Brooklyn,Clinton Hill,40.68292,-73.96381
29628,2015-06-11,18825262,Chris & Jen were super hospitable & have made such a wonderful room for staying in. Chris was very helpful & courteous to us. Well worth your stay.,"Comfortable, Sunny Room",Brooklyn,Clinton Hill,40.68292,-73.96381
29628,2015-06-14,32493778,"This was our first time using AirBnB and we could not be happier with our first experience! Chris and Jen were great hosts from the time we requested a booking to the time we left. Their place is easy to find and located right next to the subway (especially easy to find with Chris's great directions), so it's very convenient and only 20 mins to Manhattan! The apartment was super clean, the room was big and comfy, and we were made to feel at home. Plus, we were greeted with a chilled homemade brew to boot! Both Chris and Jen were super friendly and helpful, giving us tips on local places to check out. Overall, a great first-time experience! The bar has been set! Would definitely recommend Chris and Jen's place to other people and would look to come again if staying in New York. Thank you!","Comfortable, Sunny Room",Brooklyn,Clinton Hill,40.68292,-73.96381
29628,2015-06-22,2875448,"Chris and Jen have been very kind with us. They welcome us and explain all the basic things to feel like home in NY. Actually, staying with them has been just like being at home. Their cozy house was in a very good position to get to Manhattan and to start the discovery of the Big Apple... ","Comfortable, Sunny Room",Brooklyn,Clinton Hill,40.68292,-73.96381
29628,2015-06-28,24835828,"It was a really awesome first trip in New York city !thank you Chris and Jenn for your happiness, your help and your friéndlyship ;) we hope to Côme back one day on NYC and you Will accept us agaîn! You Will be welcome in France !  kisses ans hugs from DC ! Peace and have a good night","Comfortable, Sunny Room",Brooklyn,Clinton Hill,40.68292,-73.96381
29628,2015-07-02,6778643,"Chris and Jenn are a very nice host! The room is exactly the same as the description, which is very comfortable. The roof top is a nice place to relax. Everything is very clean. This place is near to the subway station. Cannot think of any reason not staying here.","Comfortable, Sunny Room",Brooklyn,Clinton Hill,40.68292,-73.96381
6848,2009-07-22,22786,"The basics: Clean, nice, home-away-from-home feeling.  Safe neighborhood, few-frills but many comforts way to visit NYC. I'd stay here again in a heartbeat.  <br/><br/>Details on my experience: This was my first time using AirBnB, and I thought that it was a great experience.  I've already recommended the site to many friends, and will use it again. My sister's family used it simultaneously, and my brother and I stayed at Allen and Irina's place while she stayed at one of the Hotel Toshi properties.  We were both very happy with our stays, but I think that I got the better deal.<br/><br/>Allen and Irina were *extremely* proactive communicators, confirming dates and arrival times and printing out neighborhood maps with recommended restaurants.  Allen had a parking space right outside the front door, which he gave to me for unloading (my initial spot was 1.5 blocks away - safe, free parking is easily found nearby).  Both were very concerned about making sure we had everything we wanted, and freely offered info, but they never felt intrusive. Helpful, friendly and truly concerned with ensuring we enjoyed ourselves - some of the best customer service ever!<br/><br/>The place itself was really nice. Brooklyn on somewhat of a budget nice, not W hotel nice, but I liked it better than my stay at the Waldorf Astoria several years back. Bigger rooms, fridge and pantry spare but stocked with breakfast essentials, bathroom built for tall people (I'm 6'2"" and my brother is 6'4"" and neither of us had to do the usual ducking for showerheads or sink mirror).  Also, they provided way more clean towels, blankets, etc than we might ever need, and everything looked and felt very clean. Seriously, getting this space at this price was great!<br/><br/>The negatives:<br/>Our last night there, wireless internet went out.  Out of their control, as they lost their residential phone, internet & cable upstairs (as usual, TWC sucks) and they obviously wanted it fixed more than we did.  The TV in the room (as I saw in the photos) was a very small oldschool TV/VCR combo - not a problem for me but perhaps for others.  The apartment is obviously furnished by people rather than by IKEA, which I prefer but some may not like.  <br/><br/>Overall, I'm glad we stayed here rather than one of the Hotel Toshi properties, which have nicer stuff (big flatscreen TV's, ultramodern furnishings) but require dealing with a more corporate machine type of customer service (separate building for check-in, sub-par customer service, maids rushing you to leave so they can clean, etc).  Anyone wishing to contact me for more details is welcome to do so.  Thanks Allen and Irina!",Only 2 stops to Manhattan studio,Brooklyn,Williamsburg,40.70935,-73.95342
29628,2015-07-25,28778925,"Cold beer on a hot day is hard to beat,the room is as described only better!!!","Comfortable, Sunny Room",Brooklyn,Clinton Hill,40.68292,-73.96381
29628,2015-07-31,30126750,The house located in a convenient and safe area. The house and room were lovely and clean. Really loved that place!!,"Comfortable, Sunny Room",Brooklyn,Clinton Hill,40.68292,-73.96381
29628,2015-08-07,1433424,"This was my second experience with airbnb in New York and this time it was Amazing !! We didn't see Jen a lot but Chris was the perfect host from the day he welcomed us to the moment we left. He gave us a lot of very good recommendations (subway & restaurant, where to go see the sunrise on manhattan....), the flat was very clean, the bed very comfortable. And on top of that, Chris make his own beer and it's very tasty !!!<br/><br/>Even when we were on the go, Chris was answering to my texts to recommend us place to go, that was so helpful.<br/><br/>Only one regret, we was so busy that we didn't had time to spend a bit more time with them.","Comfortable, Sunny Room",Brooklyn,Clinton Hill,40.68292,-73.96381
29628,2015-08-11,1213636,"Chris and Jenn are friendly hosts who are more than willing to aid you during your stay.<br/><br/>Apartment was well situated next to a subway station (a minute walk).<br/>Neighbourhood felt safe and fantastic eateries all within walking distance.<br/><br/>Room was cosy and comfortable, only thing to note was that light sleepers may be affected by the usual street noise coming from outside the window despite being a couple of floors up. No issues for me though.<br/><br/>All in all a very pleasant stay and would definitely choose Chris and Jenn again if I were to visit the area.","Comfortable, Sunny Room",Brooklyn,Clinton Hill,40.68292,-73.96381
29628,2015-08-17,12256601,"We had a wonderful stay in New York !<br/>Chris and Jenn are very smart people, easing going, nice to meet and to discuss. The condo is very well located for a stay in NYC. We will come back !","Comfortable, Sunny Room",Brooklyn,Clinton Hill,40.68292,-73.96381
29628,2015-08-22,33778622,"The house is extremely clean and neat, Chris is so kind however keep our private totally. It is the place I'd like to recommend to my friend and family.","Comfortable, Sunny Room",Brooklyn,Clinton Hill,40.68292,-73.96381
29628,2015-09-06,27751422,"Chris and Jen are welcoming hosts who genuinely enjoy you being in their home. The room is lovely and as described with a comfortable bed and plenty space to unpack your clothes. We found the room very quiet too and AC was a saviour for us Scots! <br/><br/>The area itself is nice with lovely local restaurants, our favourites were Columbia Verdeon DeKalb St and Clinton Hill Park Cafe. The subway is within a moments walk which took us everywhere we wanted to go quickly and directly most times. The area felt safe, though I was with my partner I would feel comfortable walking alone day and night.<br/><br/>Book here for great value, lovely hosts and a peaceful room.","Comfortable, Sunny Room",Brooklyn,Clinton Hill,40.68292,-73.96381
29628,2015-09-18,19303137," Chris en Jenny hebben ons hartelijk ontvangen. Ze hebben ons regelmatig gecontacteerd om ons verblijf vlot te laten verlopen. <br/>Heel goede info over hoe we met onze huurauto en openbaar vervoer naar hun huis konden rijden. <br/>Chris en Jenny staan klaar om je te helpen en info te geven. Leuke babbel met de verhuurders. <br/>Super!!!<br/><br/>","Comfortable, Sunny Room",Brooklyn,Clinton Hill,40.68292,-73.96381
29628,2015-09-21,34709424,"Chris and jenn were just perfect hosts! :))<br/>They were very very nice and you can always ask them for help ( thanks a lot chris, without you we never had catched our next flight ).<br/>Also they gave great advices, the hole appartment was very clean and we've been feeling good there since the first second we walked into the flat :))<br/>Next time we're going to stay here again","Comfortable, Sunny Room",Brooklyn,Clinton Hill,40.68292,-73.96381
29628,2015-09-25,33100914,"We had an absolutely fantastic stay with Chris and Jenn! Their apartment and the room are great, as good as the photos depict, if not better! Unfortunately we did not get to meet Jenn but Chris was very welcoming and gave us some great suggestions about places to visit (some wonderful eateries and bars!) both in Brooklyn and Manhattan. Chris and Jenn's place was ideal for easy access to Manhattan as well as exploring the Brooklyn neighborhood. As our first Airbnb experience, this couldn't have been better. We would love to stay with Chris and Jenn again and we will definitely be exploring other Airbnbs as a result of this great stay. Thank you!","Comfortable, Sunny Room",Brooklyn,Clinton Hill,40.68292,-73.96381
29628,2015-10-03,33437357,"<br/>La estancia fue muy cómoda, la habitación está mucho mejor que en la fotografía, la cama muy confortable y todo muy práctico, en todo momento nos contestaron a los mensajes enviados, nos ayudaron a llegar al apartamento y luego nos mostraron la casa con mucha amabilidad, nos indicaron lugares para comer cerca, todo muy bien, nos hicieron sentir como en nuestra casa.<br/>El barrio estaba bien, el metro muy cerca del apartamento, en la misma calle.","Comfortable, Sunny Room",Brooklyn,Clinton Hill,40.68292,-73.96381
29628,2015-10-12,35399097,"Chris y Jenn son unos anfitriones perfectos, te hacen sentir como si estuvieras en tu propia casa, ayudándote en todo lo que puedan y dándote toda la libertad que necesites.  Se nota que les gusta interactuar con sus invitados pero siempre sin agobios, mi pareja y yo nos quedamos con ellos diez días y la verdad es que estuvimos encantados en todo momento, no tenemos queja alguna, un diez. ","Comfortable, Sunny Room",Brooklyn,Clinton Hill,40.68292,-73.96381
29628,2015-10-21,38172208,"We felt very welcome by our hosts. The apartment, and our room, were very clean. Nice neighborhood, good choice of eateries, and Chris was very helpful in making suggestions for places to eat. Easy access to Manhattan via subway was a plus. ","Comfortable, Sunny Room",Brooklyn,Clinton Hill,40.68292,-73.96381
29628,2015-10-25,3848828,"Chris e Jenn sono stati davvero ospitali e gentili: ci hanno lasciato utilizzare liberamente la cucina e anche tutti gli altri spazi comuni. Oltretutto, ci hanno messo a disposizione tutto l'occorrente per la colazione e non solo ... Abbiamo visto poco Jenn, poiché è partita per lavoro la mattina seguente il nostro arrivo, ma ci ha accolti come fossimo di famiglia; Chris, invece, ci ha dato molti consigli su dove mangiare e su come raggiungere al meglio alcuni luoghi. La stanza è esattamente come nelle foto: confortevole, calda e soprattutto molto pulita, come il resto dell'appartamento. L'utilizzo del bagno non è stato affatto un problema, dato che Chris solitamente usciva molto presto ed avevamo praticamente tutto l'appartamento a nostra disposizione. Cosa importantissima: il palazzo è a 1 minuto di cammino dalla fermata della metropolitana, che ti porta direttamente in centro a Manhattan, e nelle vicinanze ci sono un paio di supermercati e altri negozi ""di prima necessità"". <br/>Insomma, nel complesso un'esperienza davvero positiva. Per il prossimo viaggio a New York, sicuramente ricontatterò Chris e Jenn.  ","Comfortable, Sunny Room",Brooklyn,Clinton Hill,40.68292,-73.96381
29628,2015-11-04,35817388,"Thank you Jen & Chris.  Everything was great.  I made this reservation as a gift to my cousin.  She really liked the place, and the people.  It was a great trip for her, and she was happy about everything.  Thank you  so much Jen & Chris for taking her of my relative.","Comfortable, Sunny Room",Brooklyn,Clinton Hill,40.68292,-73.96381
29628,2015-11-20,22744209,"Room is comfortable, spacious and well appointed. Conveniently located - just one minute walk to subway station. Nice neighbourhood with lots of very good places to eat. Thanks for a great stay.  ","Comfortable, Sunny Room",Brooklyn,Clinton Hill,40.68292,-73.96381
29628,2015-12-01,44036594,"Chris was very welcoming and resourceful. He gave us great suggestions for places to eat. The location was convenient, it was very close to the subway station. We enjoyed our stay very much. ","Comfortable, Sunny Room",Brooklyn,Clinton Hill,40.68292,-73.96381
29628,2015-12-06,12919549,Chris and Jenn were wonderful hosts. We had to take an earlier booking and they accepted right away. Chris welcomed us and gave us suggestions for places to go around New York and Brooklyn. This wasn't our first visit so we had gone to the usual tourist spots. The Grunkes introduced us to a new New York. Staying at their place was a very pleasant experience.. convenient on metro and buses with plenty of dining options...thanks so much,"Comfortable, Sunny Room",Brooklyn,Clinton Hill,40.68292,-73.96381
29628,2016-01-05,29029019,"Chris ja Jenn olivat erittäin avuliaita, ystävällisiä ja aidosti kiinnostuneita viihtymisestämme. Heidän kotinsa oli siisti ja lämminhenkinen ja sijaitsi lähellä hyviä kulkuyhteyksiä. Lähistöllä oli paljon hyviä ruokapaikkoja ja seutu vaikutti turvalliselta. Tämä oli ensimmäinen kokemuksemme Airbnb:stä ja pidimme siitä todella paljon. Hotellimajoituksessa emme olisi kokeneet näin paljoa reissun aikana.","Comfortable, Sunny Room",Brooklyn,Clinton Hill,40.68292,-73.96381
29628,2016-02-23,33778622,It was my second time to be here within 6 months. Doubtlessly Chris and Jenn's place is the perfect and convenient place for tourist who can reach  when landing at JFK airport. All the positive reviews here is guaranteed ! ,"Comfortable, Sunny Room",Brooklyn,Clinton Hill,40.68292,-73.96381
5178,2016-09-09,91716491,Never saw Shunichi during our stay but saw his friend who let us in and it had everything we needed. Two young folks needing to stay the night on a budget in a safe neighbourhood! ,Large Furnished Room Near B'way　,Manhattan,Midtown,40.76457,-73.98317
5178,2016-09-12,59182240,Great place to stay in NYC. Close to everything in Manhattan.,Large Furnished Room Near B'way　,Manhattan,Midtown,40.76457,-73.98317
5178,2016-09-13,45864920,"Great location, true to photos, however cleanliness of room could be improved.",Large Furnished Room Near B'way　,Manhattan,Midtown,40.76457,-73.98317
5178,2016-09-28,53638752,The location is amazing ! You're super close to Times Square and right in the city. <br/>We loved staying there. ,Large Furnished Room Near B'way　,Manhattan,Midtown,40.76457,-73.98317
5178,2016-10-08,72201243,El barrio excelente. Falto limpieza. ,Large Furnished Room Near B'way　,Manhattan,Midtown,40.76457,-73.98317
5178,2016-10-27,61744850,"Quartier idéalement situé, proche commodités et visites à faire.<br/>Par contre, logement vétuste, beaucoup de bruit la nuit, et peu entretenu...dommage aussi que si le café est fourni, il n'y ait pas deux tasses et deux couverts dans cette chambre pour deux...<br/>",Large Furnished Room Near B'way　,Manhattan,Midtown,40.76457,-73.98317
5178,2016-10-29,95458425,Great location for any looking to explore Manhattan. I would definitely stay here again.,Large Furnished Room Near B'way　,Manhattan,Midtown,40.76457,-73.98317
5178,2016-11-07,467394,"Shunichi's place was perfect for my purposes. I needed a quiet place to sleep before the New York marathon. Check in was smooth. He's very quiet and private and we didn't speak or interact at all except at check in. <br/>This room is large and spacious and was perfect for a single traveler. It's a perfect location in Manhattan, close to everything you need. There's a small dorm refrigerator and microwave, toaster and hot pot in the room - much more than I expected. It's not a full kitchen but it was plenty. <br/>The bathroom is shared between the two rooms. Everything was great. ",Large Furnished Room Near B'way　,Manhattan,Midtown,40.76457,-73.98317
5178,2016-11-09,96719031,He was nice but he don't speak English very well and i only see hem when i was arrived ,Large Furnished Room Near B'way　,Manhattan,Midtown,40.76457,-73.98317
5178,2016-11-10,25963352,"Shunichi's place is a relatively affordable option for NYC, and it fit my needs for a single night stay on a budget. The location was great, and check-in was convenient with his friend. My train arrived late to Penn Station, and his friend still met me despite the delay. I was able to leave my luggage until mid-afternoon on the day of check-out, which eased my travel around the the city. I did not use the fridge, microwave, toaster, nor A/C, and I did not enter the kitchen. As mentioned in the description, it can be noisy at night. I would also echo others' sentiments that the cleanliness could be improved.",Large Furnished Room Near B'way　,Manhattan,Midtown,40.76457,-73.98317
5178,2016-11-19,22065983,"La ubicación es excelente, es lo mejor de hospedarse ahí, si lo que buscan es un lugar para dormir, bañarse y que este bien ubicado, esta habitación es perfecta para eso. Casi nunca vimos al anfitrión y cuando lo vimos fue muy amable, las imágenes de la habitación son reales,  buena calefacción. Estuvo todo muy bien, podría mejorar la limpieza del baño, pero estaba apto. ",Large Furnished Room Near B'way　,Manhattan,Midtown,40.76457,-73.98317
5178,2016-11-21,101780443,"Building was easy to find, Shunichi was very responsive to all of my text messages. It was extremely appreciated that we were able to drop off our bags early (the morning of our check in) and pick up our bags in the evening (the evening of our check out)! A good place to stay if you're looking for flexible times and the basics.",Large Furnished Room Near B'way　,Manhattan,Midtown,40.76457,-73.98317
5178,2016-11-26,4162253,"Shunichi's place is in a great location and affordably priced. It is difficult to find such value in New York. While we did not interact much with him, he was helpful when we had questions. He also allowed us to leave our luggages there after check-out. If you are mostly out of the room and only back at night for rest, this room is definitely more than sufficient!",Large Furnished Room Near B'way　,Manhattan,Midtown,40.76457,-73.98317
5178,2016-12-08,1037615,Perfect location and quality more than enough considering the price,Large Furnished Room Near B'way　,Manhattan,Midtown,40.76457,-73.98317
5178,2016-12-24,24406166,"The location of this apartment is perfect! We have privacy in our room. The room has a small refrigerator, microwave and some kitchen stuff. The room was clean, although everything including the bed was very old. The only problem was the bathroom, It was very disgusting seeing different types of hairs everywhere. ",Large Furnished Room Near B'way　,Manhattan,Midtown,40.76457,-73.98317
5178,2017-01-08,53538599,"Mon amie et moi-même avons profité de l'appartement de Suchini durant 15 jours (du 26/12/16 au 08/01/17). J'ai beaucoup hésité pour la note entre 3 et 4 mais finalement j'ai tranché sur un 3 et je m'explique tout de suite. Tout d'abord parlons des points positifs : - l'appartement a une situation idéale, à 5 min de Central Park, à 10 minutes de Time Square. Le top ! On était à proximité de tout : de boutiques souvenirs, de restaurants, de fast-foods, de Columbus Circle où on peut faire ses courses facilement, bref parfait ! - la chambre est vraiment spacieuse (avec mon amie on s'est vraiment étalé, et oui on est des filles :p, mais on était vraiment à l’aise) et des équipements à dispo un frigo, un micro-onde, de la vaisselle, une TV (un peu sensible avec l'antenne), un Wi-Fi un peu capricieux parfois avec notre ordinateur, quelques nécessaires de toilette, des plans de NY à dispo... - la cuisine est à dispo et à tout ce qu'il faut pour se cuisiner des repas rapides (cela change des fast-foods à gogo :)) - la salle de bain est spacieuse également. Pas de petite salle de bain toute riquiqui, non il y a de la place dans la douche, pour se préparer, pour utiliser le lavabo… Mais malheureusement il y a quand même quelques points négatifs à retenir et pas des moindres comme : - la propreté en général. Nous ne sommes pas regardantes avec mon amie sur 2-3 poils qui pourraient se trouver dans une douche ou un grain de poussière dans l'appartement. Mais là c'était vraiment très limite, sans parler de la vétusté de l'appart, la salle de bain était vraiment borderline avec des poils, des cheveux, de la poussière par terre, le lavabo n'était pas nettoyé, je doute que le tapis soit lavé par exemple aussi. Et dans la cuisine, la plaque de gaz était grasse, noire de saleté... Dans la chambre, on aurait apprécié des draps propres entre ces deux semaines, le sol n’était pas vraiment propre, et le frigo n’était pas nettoyé. Bref nous étions vraiment déçues par rapport à cela. Et je reprécise que pourtant nous ne sommes pas difficiles en règle générale. - la salle de bain. En plus d'être très vieille (des barres de douche rouillées, des murs moisis, une vieille plomberie), prendre une douche était vraiment un calvaire. Une fois brûlante et une fois glacée, on arrivait à régler l'eau une fois sur 10. Et autant dire que c'est frustrant de pas pouvoir prendre une douche correcte quand on a marché toute la journée et qu'on est crevé. Enfin dernier point, plutôt mitigé - la communication avec l’hôte. Alors certes l’hôte est très discret et pour des gens comme moi qui préfère cela aux personnes envahissantes, c’était parfait. Néanmoins mon amie a regretté le fait de ne pas avoir parfois des infos, des recommandations (nous nous ne sommes même pas souhaités la bonne année, c’est quand même dommage quand deux...",Large Furnished Room Near B'way　,Manhattan,Midtown,40.76457,-73.98317
5178,2017-01-11,108364416,"I stayed for one night to see a concert a Terminal 5 (just a 10 minute walk down the street) so the location was perfect. The room is not anything too fancy, but is very private which is all I needed.",Large Furnished Room Near B'way　,Manhattan,Midtown,40.76457,-73.98317
5178,2017-01-12,92055594,Very nice little room right in the heart of Times Square practically. It's close to everything and the host was nothing but generous and extremely kind. I will absolutely be staying once more! ,Large Furnished Room Near B'way　,Manhattan,Midtown,40.76457,-73.98317
5178,2017-01-17,15254149,Shunichi was easy to communicate and very responsive. Very convenient location to multiple places. ,Large Furnished Room Near B'way　,Manhattan,Midtown,40.76457,-73.98317
5178,2017-01-27,39192977,"The apartment is in an amazing location, walking distance to Broadway, times square, 30 Rock, public transport and anything else you could need. Shunichi was kind and helpful with any questions we had. The room was larger than expected and had all the things we needed.",Large Furnished Room Near B'way　,Manhattan,Midtown,40.76457,-73.98317
5178,2017-01-29,110323235,"Great location, comfy bed, great price. Youre paying more for the location than the room. The room is not in the best shape but I was spent more time in the city anyways. Will recommend and will come back in a few months. Great stay.",Large Furnished Room Near B'way　,Manhattan,Midtown,40.76457,-73.98317
5178,2017-02-02,104480573,It's a perfect place to stay walking distance to the theater district and Times Square.?....Great restaurants...the room was quiet and clean...I will definitely go back and refer to friends..,Large Furnished Room Near B'way　,Manhattan,Midtown,40.76457,-73.98317
5178,2017-02-06,99001006,"Chambre très bien situé (5 minutes à pied de Central Park et 10 minutes de Time Squares, 5 minutes d'un métro... Bref, l'endroit parfait pour un trip à N-Y à un prix abordable. ",Large Furnished Room Near B'way　,Manhattan,Midtown,40.76457,-73.98317
5178,2017-03-02,19914491,"This is really a super spot, ideal for a Manhattan visit.",Large Furnished Room Near B'way　,Manhattan,Midtown,40.76457,-73.98317
5178,2017-03-10,34315334,Quiet and affordable place! Easy to access and great host. ,Large Furnished Room Near B'way　,Manhattan,Midtown,40.76457,-73.98317
5178,2017-03-19,11169317,"Plus jamais ca ! Honteux !!! Des photos mensongères !!!<br/>Une salle de bain avec une hygiène déplorable ! Je pensais que certaines personnes exagéraient dans les commentaires avant que je réserve, mais La j'ai des photos à l appui pour montrer la saleté inacceptable pour Airbnb ! Est ce que cette salle de bain est lavée un jour dans le mois ? Des cheveux longs noirs dans la douche, le lavabo, le sol toute la semaine alors que j en retirai de Moi même tous les jours ! ( cheveux courts pour ma part ! )<br/>Des joints oranges, marrons de saleté cumulées ! Supports papier toilettes, barre de douche, étagères tout rouillé !!! Rideaux de douche sale !<br/>Des traces de saleté sur le bord de la baignoire ... jamais vu ca de ma vie même au camping dans des sanitaires communs ! La fenêtre jamais lavée je pense ?! <br/>La cuisine: plaque de cuisson pleine graisse cumulée, plan de travail avec plein de miette, de reste d' aliments séchés. Pas pu l utiliser vu l'hygiène.<br/>Dans la chambre: fenêtre tellement sale qu'on devine limite ce qu'il y a dehors, fenêtre qui ne se ferme pas totalement. Carreau du bord de fenêtre cassé en plusieurs morceaux.<br/>L'hôte: vu qu'une fois dans la semaine quand j'étais dans la salle de bain, il est venu me déranger pour aller aux toilettes ! Pas la patience d'attendre que je finisse de me laver les dents ! Alors que l'on attendait des fois pour aller aux toilettes car le résidant qui dort dans la cuisine, squattait la salle de bain une heure !<br/>Le seul point positif: l'emplacement !<br/>Le seul point négatif de mon séjour: ce logement !<br/>Jamais vu ca sur Airbnb ou ailleurs, louer son logement à ce prix avec une hygiène aussi déplorable, cela m a gâché mes vacances et cela ne devrait pas exister, quel regret d'avoir fait ce choix et d'avoir donné de l'argent pour recevoir un tel accueil, et payer de frais de nettoyage encore en plus !!!<br/>J'ai des photos à l'appui que je vais transmettre au service Airbnb.<br/>",Large Furnished Room Near B'way　,Manhattan,Midtown,40.76457,-73.98317
5178,2017-03-31,98980958,"The house is located in a perfect area. The room is well equipped even though I almost did not use anything. It is comfortable and spacious. The bathroom is spacious and well heated. The relationship with Shunichi is just and necessary to be able to start using the room and then retire, which I think is excellent.",Large Furnished Room Near B'way　,Manhattan,Midtown,40.76457,-73.98317
5178,2017-04-09,102399806,"Ble tatt i mot etter avtale, hyggelig mann, stille og rolig, merket lite til han. Rom og bad kunne ha vært reinere. Ellers et fint opphold med perfekt beliggenhet nært alt. Takk for et fint opphold. ",Large Furnished Room Near B'way　,Manhattan,Midtown,40.76457,-73.98317
5178,2017-05-20,113967576,"Shunichi's apartment was a great location, right in the heart New York. Walking distance of Times Square, Central Park and if you don't mind a 45 minute walk to the Freedom Tower. Lots of really good places to eat near by. Shunichi is very private and a nice guy. Bathroom could be a bit cleaner however everything else was great. Really good value for money. Would recommend. ",Large Furnished Room Near B'way　,Manhattan,Midtown,40.76457,-73.98317
5178,2017-05-27,7332702,"Shunichi is a reliable host who does his best to support his guests in all questions. Also the room is equipped with the most necessary things and even a helpful travel guide. His flat is a great starting point for all explorations whether up- or downton, just 4 blocks south of the central park.<br/>Only drawback is the noise of the street, but I didn't really expect anything else in such a central position.<br/>We really enjoyed our stay!",Large Furnished Room Near B'way　,Manhattan,Midtown,40.76457,-73.98317
5178,2017-05-30,1872060,"Great location, quiet host, the place needs some touch up with the price charged.",Large Furnished Room Near B'way　,Manhattan,Midtown,40.76457,-73.98317
5178,2017-05-31,27758838,"We had a quick one night stay at this AirBnB. We arrived late afternoon, were out in the evening and left early the following morning. We choose this place because it is really close to the theater we were going to. Check in was hassle free, the room was perfect for what we needed for one night. Clean and tidy. The bed was really comfortable. We didn't meet the  host but his communication was always really quick.There was a bit of noise at night but it is the middle of Manhattan so you have to expect that. We left early the following morning so traffic noise wasn't an issue for us. Would recommend this place to a couple who want to spend there day exploring the city. It is really good value for money. I would stay here again. Thanks",Large Furnished Room Near B'way　,Manhattan,Midtown,40.76457,-73.98317
5178,2017-06-01,1187805,"Perfect location! Great communication throughout our stay, very clean, and the bed is super comfy! Staying at Shunichi's made our trip so much more enjoyable! ",Large Furnished Room Near B'way　,Manhattan,Midtown,40.76457,-73.98317
5178,2017-06-05,71074914,Very good!!,Large Furnished Room Near B'way　,Manhattan,Midtown,40.76457,-73.98317
5178,2017-06-14,133592606,The apartment was in a great location! It was four blocks from time square! We found a really cool burger place to eat at! The air conditioner was the disappointing part of it all. We got there before the sun went down and had to leave because it was just that hot in the room. No fan was available. It was hot in the city and very uncomfortable to sleep. This was my first airbnb experience.,Large Furnished Room Near B'way　,Manhattan,Midtown,40.76457,-73.98317
5178,2017-06-24,112968496,The location is great.  Shared bathroom. He has a microwave and refridge in the private room.  We did not plan for cooking in his apartment since it was a shared kitchen. Easy check in as he had a friend meet us.  ,Large Furnished Room Near B'way　,Manhattan,Midtown,40.76457,-73.98317
5178,2017-07-06,93794406,"Bonjour,<br/>Point positifs : l'appartement et super bien situé, à 10 min de centrale park et 15 de time square, le métro 8 min en direction de centrale park, commerçant pas loin et un petit commerçant qui fait mise à burger et café et leur expresso et bon et juste à côté à self qui voit laisse choisir vos plat à 7dollars la livre si je me trompe pas donc bien.<br/><br/>Point négatif :<br/>La clé de la chambre et dur à faire rentré mais une fois trouvé la techniques c'est un peu mieux.<br/>L'odeur dans le couloir et pas top mais mais dans la chambre ça va.<br/>La wifi c'est horrible la réception et très mauvaise et se coupe.<br/>La fenêtre de la chambre ne s'ouvre pas car une clim et installé c' est bien mais bon j'aurai aimé pouvoir ouvrir la fenêtre.<br/>Dans la salle de bain il y a des poils et ça c'est pas cool, il sont par terre et parfois dans la douche mais pas énormément environ 3 ou 4 mais par terre beaucoup plus donc ça c'est pas agréable, mais pas la fin du monde pour la douche !!!!<br/><br/>Franchement je suis passer outre car vu le prix et l'emplacement je pense qui a pire mais l' hôte devrait faire un effort surtout qua ça prend 3 min pour enlever c'est poils, sinon l' hôte je l'ai croisé dans le couloir une fois et c'est présenté et à dit bonjour, pour l'arrivé c'est une amie qui nous a ouvert malgré le retard et ça c'est cool aussi.<br/>C' est un bon rapport qualité prix quand même et le lit et très bien, le frigo aussi ainsi que le micro onde, une table deux verre et tasse que j'ai relever quand même la chambre et propre.<br/> voilà je pense ne rien avoir oublié. <br/>Merci quand même pour l'effort de recevoir les gens à toute heures mais faire l'effort sur les point noté.",Large Furnished Room Near B'way　,Manhattan,Midtown,40.76457,-73.98317
5178,2017-07-11,91525576,Location was perfect! Great value for money. ,Large Furnished Room Near B'way　,Manhattan,Midtown,40.76457,-73.98317
5178,2017-07-23,117484997,Everything was great. The apartment is located near the central park and the city center. Flexible hours of departure and arrival,Large Furnished Room Near B'way　,Manhattan,Midtown,40.76457,-73.98317
5178,2017-08-02,58367359,"You can't beat this location! Walking distance to so many amazing restaurants, bars, and great sightseeing! Shunichi was welcoming and gracious. We had an issue with our flight and he was flexible with our checkout time which helped us out a lot. Could not have been happier with our stay here!",Large Furnished Room Near B'way　,Manhattan,Midtown,40.76457,-73.98317
5178,2017-08-05,106500549,"Shunichi's place is wonderful if you are just looking for a place to sleep and shower in while you are visiting Manhattan. It is close to Central Park and Times Square. It fit my needs perfectly, as I was doing very touristy things and only was in the apartment at night. Shunuchi was very accommodating. My flight was delayed and I arrived to check in 3 hours after I had planned to and he was still very kind! He even allowed me to come back a few days later and pick up one of the shopping bags that I left there! I would definitely recommend Shunichi as a host.",Large Furnished Room Near B'way　,Manhattan,Midtown,40.76457,-73.98317
5178,2017-08-10,29876075,"Logement tres vétuste : murs délabrés, infiltrations d'eaux anciennes, murs craquelés. La salle de bain est dans un état de saleté peu acceptable : poils dans la douche et sur le sol. Le lit est très moyen, la chambre très bruyante . Seul point positif : l'emplacement (a 10mn de time Square et de Central Park)",Large Furnished Room Near B'way　,Manhattan,Midtown,40.76457,-73.98317
5178,2017-08-29,56196659,Cheap room in a very good location!,Large Furnished Room Near B'way　,Manhattan,Midtown,40.76457,-73.98317
5178,2017-09-05,52985604,"Like most of the other reviews already written, I agree that this is in a GREAT location! I walk a lot and had no problems going to Pier 83 or the entire Central Park and Times Square. While it may not be the cleanest pla ce in the world, it certainly didn't raise any issues with me. If you want spotless living quarters, get a fancy hotel. Shunichi provided a comfortable room with a tv, DVD player(remote needs batteries), Small fridge, microwave oven, and other appliances such as a toaster, etc. There is also a closet and a shelf-system that is perfect for your clothes. Shunichi was very prompt in replying to texts when I got to town and near his residence. He helped me carry my luggage up the 1 flight of stairs and when I made an inquiry about salt, he was at my door within 2 minutes. And that was all I saw of my host the entire week. It was like I was all alone the entire week. Since I am not a Social Butterfly around strangers, it was perfect for me. Price was VERY reasonable for staying in NYC. Thank you.",Large Furnished Room Near B'way　,Manhattan,Midtown,40.76457,-73.98317
5178,2017-09-07,135879156,"It was great I liked everything, thanks to Shunichi!!!",Large Furnished Room Near B'way　,Manhattan,Midtown,40.76457,-73.98317
5178,2017-09-09,147802064,Great priced room in an awesome location!,Large Furnished Room Near B'way　,Manhattan,Midtown,40.76457,-73.98317
5178,2017-09-12,130949127,Shunichi was great! He was very kind and flexible with our check in time since we were traveling from Boston on train. Our space was very tidy and clean and he was a gracious host. The apartment is within walking distance to Central Park and Times Square.,Large Furnished Room Near B'way　,Manhattan,Midtown,40.76457,-73.98317
5178,2017-09-25,114432993,"The location is perfect!<br/>Just in downtown and it's super convenient to go everywhere, time square, Central Park, broadway, Hell's Kitchen,I would recommend this house if you don't like to walk too much.",Large Furnished Room Near B'way　,Manhattan,Midtown,40.76457,-73.98317
5178,2017-09-30,55776338,Shunichi's place is in a great location. His friend checked me in and was very nice and made sure I had everything I needed. I would definitely stay here again if I decide to visit the area.,Large Furnished Room Near B'way　,Manhattan,Midtown,40.76457,-73.98317
5178,2017-10-06,51503735,위치는 진짜 좋습니다,Large Furnished Room Near B'way　,Manhattan,Midtown,40.76457,-73.98317
5178,2017-10-10,25521923,"The room is quite large and Shunichi is very responsive. However the air condition is not very cool and the room is a bit smelly. The bed linen is not very clean there are a bit spots on it, but the bed is fine. The bathroom is okay but the sprinkler has mold on it, so as the ladder of the apartment.",Large Furnished Room Near B'way　,Manhattan,Midtown,40.76457,-73.98317
5178,2017-10-11,44871159,"The location is fantastic - two blocks from Columbus Circle at the corner of Central Park, and right next to a variety of restaurants - Cuban, Mexican, Indian, Italian, etc. The subway stop was right there also.",Large Furnished Room Near B'way　,Manhattan,Midtown,40.76457,-73.98317
5178,2017-10-19,10235580,"For $70/night a few blocks from Times Square....you can’t beat it. Here is what I found recently (mid October, 2017). <br/>Shunichi went out of his way (via text) to accommodate my late morning arrival (before he had a chance to clean from another guest who had not even left yet). I met him at his employment where he gave me keys and directions for setting my bags down in his living room. <br/>From Penn Station to his place, a taxi would normally cost about $10 (including tip). From Penn to his employment (opposite direction) and then to his place was about $30 total. Easy to walk the distance(s) if you do not have heavy bags to carry (I did). I would say his neighborhood is quite safe.<br/>Basic needs are in the room. If you expect super basic you will not be disappointed, if you expect “style,” then this is not a place for you. I would say that is it clean “enough,” but I did not take a shower. <br/>Keys: the key to locks of both building entrance doors (2) are not well aligned. I struggled for a couple of minutes, almost called him (and I can’t really say what to do to get it to work). Key to apt. itself is fine.<br/>Never having stayed in downtown NYC, I was interested to learn about noise. Sunichi’s place is about 6 houses in from a main drag (8th Street) and on the second floor. I was impressed with how little I heard from the outside (with the window open a couple of inches), only an occasional siren on 8th (main drag). I slept in until 8:30...sweet!<br/>Would I stay there again? I would consider it, but I’d look around for another possibility, too.",Large Furnished Room Near B'way　,Manhattan,Midtown,40.76457,-73.98317
