id,name,lat,lng,radius_km,polygon
21ba5423-79f1-47f8-b5d6-b2f38bfa85f3,Review Warning Zone 1,40.572864,-74.091115,0.05,"[[40.572449, -74.091342], [40.572491, -74.091444], [40.572546, -74.091534], [40.572614, -74.091608], [40.572692, -74.091663], [40.572776, -74.091696], [40.572864, -74.091708], [40.572952, -74.091696], [40.573036, -74.091663], [40.573114, -74.091608], [40.573182, -74.091534], [40.573237, -74.091444], [40.573279, -74.091342], [40.573305, -74.091231], [40.573313, -74.091115], [40.573305, -74.090999], [40.573279, -74.090888], [40.573237, -74.090786], [40.573182, -74.090696], [40.573114, -74.090622], [40.573036, -74.090567], [40.572952, -74.090534], [40.572864, -74.090522], [40.572776, -74.090534], [40.572692, -74.090567], [40.572614, -74.090622], [40.572546, -74.090696], [40.572491, -74.090786], [40.572449, -74.090888], [40.572423, -74.090999], [40.572415, -74.091115], [40.572423, -74.091231]]"
f8b7a0c7-4f05-48c9-baa6-b0f6331ddefa,Review Warning Zone 2,40.61169,-74.08928,0.05,"[[40.611275, -74.089507], [40.611317, -74.089609], [40.611372, -74.089699], [40.61144, -74.089773], [40.611518, -74.089828], [40.611602, -74.089861], [40.61169, -74.089873], [40.611778, -74.089861], [40.611862, -74.089828], [40.61194, -74.089773], [40.612008, -74.089699], [40.612063, -74.089609], [40.612105, -74.089507], [40.612131, -74.089396], [40.612139, -74.08928], [40.612131, -74.089164], [40.612105, -74.089053], [40.612063, -74.088951], [40.612008, -74.088861], [40.61194, -74.088787], [40.611862, -74.088732], [40.611778, -74.088699], [40.61169, -74.088687], [40.611602, -74.088699], [40.611518, -74.088732], [40.61144, -74.088787], [40.611372, -74.088861], [40.611317, -74.088951], [40.611275, -74.089053], [40.611249, -74.089164], [40.611241, -74.08928], [40.611249, -74.089396]]"
0eeac82b-2ad8-4467-a841-4690495b9c2c,Review Warning Zone 3,40.61266,-74.0011,0.05,"[[40.612245, -74.001327], [40.612287, -74.001429], [40.612342, -74.001519], [40.61241, -74.001593], [40.612488, -74.001648], [40.612572, -74.001681], [40.61266, -74.001693], [40.612748, -74.001681], [40.612832, -74.001648], [40.61291, -74.001593], [40.612978, -74.001519], [40.613033, -74.001429], [40.613075, -74.001327], [40.613101, -74.001216], [40.613109, -74.0011], [40.613101, -74.000984], [40.613075, -74.000873], [40.613033, -74.000771], [40.612978, -74.000681], [40.61291, -74.000607], [40.612832, -74.000552], [40.612748, -74.000519], [40.61266, -74.000507], [40.612572, -74.000519], [40.612488, -74.000552], [40.61241, -74.000607], [40.612342, -74.000681], [40.612287, -74.000771], [40.612245, -74.000873], [40.612219, -74.000984], [40.612211, -74.0011], [40.612219, -74.001216]]"
8e36e6a6-78b4-4766-a10a-b59a30743372,Review Warning Zone 4,40.61572,-74.0671,0.05,"[[40.615347, -74.067429], [40.615402, -74.067519], [40.61547, -74.067593], [40.615548, -74.067648], [40.615632, -74.067681], [40.61572, -74.067693], [40.615808, -74.067681], [40.615892, -74.067648], [40.61597, -74.067593], [40.616038, -74.067519], [40.616093, -74.067429], [40.616135, -74.067327], [40.616161, -74.067216], [40.616169, -74.0671], [40.616161, -74.066984], [40.616135, -74.066873], [40.616093, -74.066771], [40.616038, -74.066681], [40.61597, -74.066607], [40.615892, -74.066552], [40.615808, -74.066519], [40.61572, -74.066507], [40.615632, -74.066519], [40.615548, -74.066552], [40.61547, -74.066607], [40.615402, -74.066681], [40.615347, -74.066771], [40.615305, -74.066873], [40.615279, -74.066984], [40.615271, -74.0671], [40.615279, -74.067216], [40.615305, -74.067327]]"
16472c1e-1f35-44ef-b823-2f7562c77e85,Review Warning Zone 5,40.61989,-74.08581,0.05,"[[40.619517, -74.086139], [40.619572, -74.086229], [40.61964, -74.086303], [40.619718, -74.086358], [40.619802, -74.086391], [40.61989, -74.086403], [40.619978, -74.086391], [40.620062, -74.086358], [40.62014, -74.086303], [40.620208, -74.086229], [40.620263, -74.086139], [40.620305, -74.086037], [40.620331, -74.085926], [40.620339, -74.08581], [40.620331, -74.085694], [40.620305, -74.085583], [40.620263, -74.085481], [40.620208, -74.085391], [40.62014, -74.085317], [40.620062, -74.085262], [40.619978, -74.085229], [40.61989, -74.085217], [40.619802, -74.085229], [40.619718, -74.085262], [40.61964, -74.085317], [40.619572, -74.085391], [40.619517, -74.085481], [40.619475, -74.085583], [40.619449, -74.085694], [40.619441, -74.08581], [40.619449, -74.085926], [40.619475, -74.086037]]"
bf2ab7c1-d257-41b4-9332-260ade5430e7,Review Warning Zone 6,40.62534,-74.07705,0.05,"[[40.624925, -74.077277], [40.624967, -74.077379], [40.625022, -74.077469], [40.62509, -74.077543], [40.625168, -74.077598], [40.625252, -74.077631], [40.62534, -74.077643], [40.625428, -74.077631], [40.625512, -74.077598], [40.62559, -74.077543], [40.625658, -74.077469], [40.625713, -74.077379], [40.625755, -74.077277], [40.625781, -74.077166], [40.625789, -74.07705], [40.625781, -74.076934], [40.625755, -74.076823], [40.625713, -74.076721], [40.625658, -74.076631], [40.62559, -74.076557], [40.625512, -74.076502], [40.625428, -74.076469], [40.62534, -74.076457], [40.625252, -74.076469], [40.625168, -74.076502], [40.62509, -74.076557], [40.625022, -74.076631], [40.624967, -74.076721], [40.624925, -74.076823], [40.624899, -74.076934], [40.624891, -74.07705], [40.624899, -74.077166]]"
515a26ee-7ad5-49f1-863c-8ee5ddff3147,Review Warning Zone 7,40.62613,-74.07805,0.05,"[[40.625715, -74.078277], [40.625757, -74.078379], [40.625812, -74.078469], [40.62588, -74.078543], [40.625958, -74.078598], [40.626042, -74.078631], [40.62613, -74.078643], [40.626218, -74.078631], [40.626302, -74.078598], [40.62638, -74.078543], [40.626448, -74.078469], [40.626503, -74.078379], [40.626545, -74.078277], [40.626571, -74.078166], [40.626579, -74.07805], [40.626571, -74.077934], [40.626545, -74.077823], [40.626503, -74.077721], [40.626448, -74.077631], [40.62638, -74.077557], [40.626302, -74.077502], [40.626218, -74.077469], [40.62613, -74.077457], [40.626042, -74.077469], [40.625958, -74.077502], [40.62588, -74.077557], [40.625812, -74.077631], [40.625757, -74.077721], [40.625715, -74.077823], [40.625689, -74.077934], [40.625681, -74.07805], [40.625689, -74.078166]]"
8a797e1f-4417-4cc0-91a2-d326790c273b,Review Warning Zone 8,40.62725,-74.08235,0.05,"[[40.626835, -74.082577], [40.626877, -74.082679], [40.626932, -74.082769], [40.627, -74.082843], [40.627078, -74.082898], [40.627162, -74.082931], [40.62725, -74.082943], [40.627338, -74.082931], [40.627422, -74.082898], [40.6275, -74.082843], [40.627568, -74.082769], [40.627623, -74.082679], [40.627665, -74.082577], [40.627691, -74.082466], [40.627699, -74.08235], [40.627691, -74.082234], [40.627665, -74.082123], [40.627623, -74.082021], [40.627568, -74.081931], [40.6275, -74.081857], [40.627422, -74.081802], [40.627338, -74.081769], [40.62725, -74.081757], [40.627162, -74.081769], [40.627078, -74.081802], [40.627, -74.081857], [40.626932, -74.081931], [40.626877, -74.082021], [40.626835, -74.082123], [40.626809, -74.082234], [40.626801, -74.08235], [40.626809, -74.082466]]"
ec5f8ffe-ee18-421e-830a-17c2be9f9a12,Review Warning Zone 9,40.62787,-74.00814,0.05,"[[40.627497, -74.008469], [40.627552, -74.008559], [40.62762, -74.008633], [40.627698, -74.008688], [40.627782, -74.008721], [40.62787, -74.008733], [40.627958, -74.008721], [40.628042, -74.008688], [40.62812, -74.008633], [40.628188, -74.008559], [40.628243, -74.008469], [40.628285, -74.008367], [40.628311, -74.008256], [40.628319, -74.00814], [40.628311, -74.008024], [40.628285, -74.007913], [40.628243, -74.007811], [40.628188, -74.007721], [40.62812, -74.007647], [40.628042, -74.007592], [40.627958, -74.007559], [40.62787, -74.007547], [40.627782, -74.007559], [40.627698, -74.007592], [40.62762, -74.007647], [40.627552, -74.007721], [40.627497, -74.007811], [40.627455, -74.007913], [40.627429, -74.008024], [40.627421, -74.00814], [40.627429, -74.008256], [40.627455, -74.008367]]"
a7abb875-1895-419b-894a-470d059d3775,Review Warning Zone 10,40.62817,-74.07965,0.05,"[[40.627797, -74.079979], [40.627852, -74.080069], [40.62792, -74.080143], [40.627998, -74.080198], [40.628082, -74.080231], [40.62817, -74.080243], [40.628258, -74.080231], [40.628342, -74.080198], [40.62842, -74.080143], [40.628488, -74.080069], [40.628543, -74.079979], [40.628585, -74.079877], [40.628611, -74.079766], [40.628619, -74.07965], [40.628611, -74.079534], [40.628585, -74.079423], [40.628543, -74.079321], [40.628488, -74.079231], [40.62842, -74.079157], [40.628342, -74.079102], [40.628258, -74.079069], [40.62817, -74.079057], [40.628082, -74.079069], [40.627998, -74.079102], [40.62792, -74.079157], [40.627852, -74.079231], [40.627797, -74.079321], [40.627755, -74.079423], [40.627729, -74.079534], [40.627721, -74.07965], [40.627729, -74.079766], [40.627755, -74.079877]]"
07310285-805f-4bc0-9789-39d320060767,Review Warning Zone 11,40.62914,-74.15927,0.05,"[[40.628725, -74.159497], [40.628767, -74.159599], [40.628822, -74.159689], [40.62889, -74.159763], [40.628968, -74.159818], [40.629052, -74.159851], [40.62914, -74.159863], [40.629228, -74.159851], [40.629312, -74.159818], [40.62939, -74.159763], [40.629458, -74.159689], [40.629513, -74.159599], [40.629555, -74.159497], [40.629581, -74.159386], [40.629589, -74.15927], [40.629581, -74.159154], [40.629555, -74.159043], [40.629513, -74.158941], [40.629458, -74.158851], [40.62939, -74.158777], [40.629312, -74.158722], [40.629228, -74.158689], [40.62914, -74.158677], [40.629052, -74.158689], [40.628968, -74.158722], [40.62889, -74.158777], [40.628822, -74.158851], [40.628767, -74.158941], [40.628725, -74.159043], [40.628699, -74.159154], [40.628691, -74.15927], [40.628699, -74.159386]]"
07991c3f-decc-4cc0-8eb1-4f560535fc3f,Review Warning Zone 12,40.63006,-74.13708,0.05,"[[40.629645, -74.137307], [40.629687, -74.137409], [40.629742, -74.137499], [40.62981, -74.137573], [40.629888, -74.137628], [40.629972, -74.137661], [40.63006, -74.137673], [40.630148, -74.137661], [40.630232, -74.137628], [40.63031, -74.137573], [40.630378, -74.137499], [40.630433, -74.137409], [40.630475, -74.137307], [40.630501, -74.137196], [40.630509, -74.13708], [40.630501, -74.136964], [40.630475, -74.136853], [40.630433, -74.136751], [40.630378, -74.136661], [40.63031, -74.136587], [40.630232, -74.136532], [40.630148, -74.136499], [40.63006, -74.136487], [40.629972, -74.136499], [40.629888, -74.136532], [40.62981, -74.136587], [40.629742, -74.136661], [40.629687, -74.136751], [40.629645, -74.136853], [40.629619, -74.136964], [40.629611, -74.13708], [40.629619, -74.137196]]"
150ee7b9-0e80-45ef-8ab8-0a3952a394af,Review Warning Zone 13,40.63031,-74.08091,0.05,"[[40.629895, -74.081137], [40.629937, -74.081239], [40.629992, -74.081329], [40.63006, -74.081403], [40.630138, -74.081458], [40.630222, -74.081491], [40.63031, -74.081503], [40.630398, -74.081491], [40.630482, -74.081458], [40.63056, -74.081403], [40.630628, -74.081329], [40.630683, -74.081239], [40.630725, -74.081137], [40.630751, -74.081026], [40.630759, -74.08091], [40.630751, -74.080794], [40.630725, -74.080683], [40.630683, -74.080581], [40.630628, -74.080491], [40.63056, -74.080417], [40.630482, -74.080362], [40.630398, -74.080329], [40.63031, -74.080317], [40.630222, -74.080329], [40.630138, -74.080362], [40.63006, -74.080417], [40.629992, -74.080491], [40.629937, -74.080581], [40.629895, -74.080683], [40.629869, -74.080794], [40.629861, -74.08091], [40.629869, -74.081026]]"
33ba0597-6e43-4189-97ed-942e3f60b046,Review Warning Zone 14,40.63339,-74.0182,0.05,"[[40.633017, -74.018529], [40.633072, -74.018619], [40.63314, -74.018693], [40.633218, -74.018748], [40.633302, -74.018781], [40.63339, -74.018793], [40.633478, -74.018781], [40.633562, -74.018748], [40.63364, -74.018693], [40.633708, -74.018619], [40.633763, -74.018529], [40.633805, -74.018427], [40.633831, -74.018316], [40.633839, -74.0182], [40.633831, -74.018084], [40.633805, -74.017973], [40.633763, -74.017871], [40.633708, -74.017781], [40.63364, -74.017707], [40.633562, -74.017652], [40.633478, -74.017619], [40.63339, -74.017607], [40.633302, -74.017619], [40.633218, -74.017652], [40.63314, -74.017707], [40.633072, -74.017781], [40.633017, -74.017871], [40.632975, -74.017973], [40.632949, -74.018084], [40.632941, -74.0182], [40.632949, -74.018316], [40.632975, -74.018427]]"
6b5408d3-2d4a-4405-a352-46b7008b0cef,Review Warning Zone 15,40.63398,-74.07871,0.05,"[[40.633607, -74.079039], [40.633662, -74.079129], [40.63373, -74.079203], [40.633808, -74.079258], [40.633892, -74.079291], [40.63398, -74.079303], [40.634068, -74.079291], [40.634152, -74.079258], [40.63423, -74.079203], [40.634298, -74.079129], [40.634353, -74.079039], [40.634395, -74.078937], [40.634421, -74.078826], [40.634429, -74.07871], [40.634421, -74.078594], [40.634395, -74.078483], [40.634353, -74.078381], [40.634298, -74.078291], [40.63423, -74.078217], [40.634152, -74.078162], [40.634068, -74.078129], [40.63398, -74.078117], [40.633892, -74.078129], [40.633808, -74.078162], [40.63373, -74.078217], [40.633662, -74.078291], [40.633607, -74.078381], [40.633565, -74.078483], [40.633539, -74.078594], [40.633531, -74.07871], [40.633539, -74.078826], [40.633565, -74.078937]]"
a48bdbcb-8ad6-4dbe-a16f-0eba483e913f,Review Warning Zone 16,40.63597,-74.00936,0.05,"[[40.635555, -74.009587], [40.635597, -74.009689], [40.635652, -74.009779], [40.63572, -74.009853], [40.635798, -74.009908], [40.635882, -74.009941], [40.63597, -74.009953], [40.636058, -74.009941], [40.636142, -74.009908], [40.63622, -74.009853], [40.636288, -74.009779], [40.636343, -74.009689], [40.636385, -74.009587], [40.636411, -74.009476], [40.636419, -74.00936], [40.636411, -74.009244], [40.636385, -74.009133], [40.636343, -74.009031], [40.636288, -74.008941], [40.63622, -74.008867], [40.636142, -74.008812], [40.636058, -74.008779], [40.63597, -74.008767], [40.635882, -74.008779], [40.635798, -74.008812], [40.63572, -74.008867], [40.635652, -74.008941], [40.635597, -74.009031], [40.635555, -74.009133], [40.635529, -74.009244], [40.635521, -74.00936], [40.635529, -74.009476]]"
0a71feae-581f-4979-b87e-a49aacc31452,Review Warning Zone 17,40.63652,-74.07553,0.05,"[[40.636105, -74.075757], [40.636147, -74.075859], [40.636202, -74.075949], [40.63627, -74.076023], [40.636348, -74.076078], [40.636432, -74.076111], [40.63652, -74.076123], [40.636608, -74.076111], [40.636692, -74.076078], [40.63677, -74.076023], [40.636838, -74.075949], [40.636893, -74.075859], [40.636935, -74.075757], [40.636961, -74.075646], [40.636969, -74.07553], [40.636961, -74.075414], [40.636935, -74.075303], [40.636893, -74.075201], [40.636838, -74.075111], [40.63677, -74.075037], [40.636692, -74.074982], [40.636608, -74.074949], [40.63652, -74.074937], [40.636432, -74.074949], [40.636348, -74.074982], [40.63627, -74.075037], [40.636202, -74.075111], [40.636147, -74.075201], [40.636105, -74.075303], [40.636079, -74.075414], [40.636071, -74.07553], [40.636079, -74.075646]]"
fcb59085-d0aa-4933-885a-69b436b7ee2e,Review Warning Zone 18,40.63698,-74.026,0.05,"[[40.636565, -74.026227], [40.636607, -74.026329], [40.636662, -74.026419], [40.63673, -74.026493], [40.636808, -74.026548], [40.636892, -74.026581], [40.63698, -74.026593], [40.637068, -74.026581], [40.637152, -74.026548], [40.63723, -74.026493], [40.637298, -74.026419], [40.637353, -74.026329], [40.637395, -74.026227], [40.637421, -74.026116], [40.637429, -74.026], [40.637421, -74.025884], [40.637395, -74.025773], [40.637353, -74.025671], [40.637298, -74.025581], [40.63723, -74.025507], [40.637152, -74.025452], [40.637068, -74.025419], [40.63698, -74.025407], [40.636892, -74.025419], [40.636808, -74.025452], [40.63673, -74.025507], [40.636662, -74.025581], [40.636607, -74.025671], [40.636565, -74.025773], [40.636539, -74.025884], [40.636531, -74.026], [40.636539, -74.026116]]"
1a047390-e56a-4a16-8a7a-ba3a897c8c49,Review Warning Zone 19,40.640037,-74.08865,0.099,"[[40.639291, -74.089288], [40.639346, -74.089378], [40.639414, -74.089452], [40.639492, -74.089507], [40.639576, -74.08954], [40.639664, -74.089552], [40.639752, -74.08954], [40.639836, -74.089507], [40.639914, -74.089452], [40.639982, -74.089378], [40.640037, -74.089288], [40.640079, -74.089186], [40.640105, -74.089075], [40.640113, -74.088959], [40.640105, -74.088843], [40.640081, -74.088741], [40.640092, -74.088759], [40.64016, -74.088833], [40.640238, -74.088888], [40.640322, -74.088921], [40.64041, -74.088933], [40.640498, -74.088921], [40.640582, -74.088888], [40.64066, -74.088833], [40.640728, -74.088759], [40.640783, -74.088669], [40.640825, -74.088567], [40.640851, -74.088456], [40.640859, -74.08834], [40.640851, -74.088224], [40.640825, -74.088113], [40.640783, -74.088011], [40.640728, -74.087921], [40.64066, -74.087847], [40.640582, -74.087792], [40.640498, -74.087759], [40.64041, -74.087747], [40.640322, -74.087759], [40.640238, -74.087792], [40.64016, -74.087847], [40.640092, -74.087921], [40.640037, -74.088011], [40.639995, -74.088113], [40.639969, -74.088224], [40.639961, -74.08834], [40.639969, -74.088456], [40.639993, -74.088558], [40.639982, -74.08854], [40.639914, -74.088466], [40.639836, -74.088411], [40.639752, -74.088378], [40.639664, -74.088366], [40.639576, -74.088378], [40.639492, -74.088411], [40.639414, -74.088466], [40.639346, -74.08854], [40.639291, -74.08863], [40.639249, -74.088732], [40.639223, -74.088843], [40.639215, -74.088959], [40.639223, -74.089075], [40.639249, -74.089186]]"
3e1253ac-9d6c-4688-b6c1-178fd100594b,Review Warning Zone 20,40.64096,-74.08665,0.05,"[[40.640545, -74.086877], [40.640587, -74.086979], [40.640642, -74.087069], [40.64071, -74.087143], [40.640788, -74.087198], [40.640872, -74.087231], [40.64096, -74.087243], [40.641048, -74.087231], [40.641132, -74.087198], [40.64121, -74.087143], [40.641278, -74.087069], [40.641333, -74.086979], [40.641375, -74.086877], [40.641401, -74.086766], [40.641409, -74.08665], [40.641401, -74.086534], [40.641375, -74.086423], [40.641333, -74.086321], [40.641278, -74.086231], [40.64121, -74.086157], [40.641132, -74.086102], [40.641048, -74.086069], [40.64096, -74.086057], [40.640872, -74.086069], [40.640788, -74.086102], [40.64071, -74.086157], [40.640642, -74.086231], [40.640587, -74.086321], [40.640545, -74.086423], [40.640519, -74.086534], [40.640511, -74.08665], [40.640519, -74.086766]]"
f69c1a23-2ef8-4100-b14f-e35bc94b2750,Review Warning Zone 21,40.64396,-73.99293,0.05,"[[40.643545, -73.993157], [40.643587, -73.993259], [40.643642, -73.993349], [40.64371, -73.993423], [40.643788, -73.993478], [40.643872, -73.993511], [40.64396, -73.993523], [40.644048, -73.993511], [40.644132, -73.993478], [40.64421, -73.993423], [40.644278, -73.993349], [40.644333, -73.993259], [40.644375, -73.993157], [40.644401, -73.993046], [40.644409, -73.99293], [40.644401, -73.992814], [40.644375, -73.992703], [40.644333, -73.992601], [40.644278, -73.992511], [40.64421, -73.992437], [40.644132, -73.992382], [40.644048, -73.992349], [40.64396, -73.992337], [40.643872, -73.992349], [40.643788, -73.992382], [40.64371, -73.992437], [40.643642, -73.992511], [40.643587, -73.992601], [40.643545, -73.992703], [40.643519, -73.992814], [40.643511, -73.99293], [40.643519, -73.993046]]"
99adbbb2-9fe0-4805-99e9-057f7244728f,Review Warning Zone 22,40.64402,-73.99751,0.05,"[[40.643605, -73.997737], [40.643647, -73.997839], [40.643702, -73.997929], [40.64377, -73.998003], [40.643848, -73.998058], [40.643932, -73.998091], [40.64402, -73.998103], [40.644108, -73.998091], [40.644192, -73.998058], [40.64427, -73.998003], [40.644338, -73.997929], [40.644393, -73.997839], [40.644435, -73.997737], [40.644461, -73.997626], [40.644469, -73.99751], [40.644461, -73.997394], [40.644435, -73.997283], [40.644393, -73.997181], [40.644338, -73.997091], [40.64427, -73.997017], [40.644192, -73.996962], [40.644108, -73.996929], [40.64402, -73.996917], [40.643932, -73.996929], [40.643848, -73.996962], [40.64377, -73.997017], [40.643702, -73.997091], [40.643647, -73.997181], [40.643605, -73.997283], [40.643579, -73.997394], [40.643571, -73.99751], [40.643579, -73.997626]]"
af2adb66-2e06-44c4-a1fb-47e1cb9f52a9,Review Warning Zone 23,40.64458,-74.08005,0.05,"[[40.644207, -74.080379], [40.644262, -74.080469], [40.64433, -74.080543], [40.644408, -74.080598], [40.644492, -74.080631], [40.64458, -74.080643], [40.644668, -74.080631], [40.644752, -74.080598], [40.64483, -74.080543], [40.644898, -74.080469], [40.644953, -74.080379], [40.644995, -74.080277], [40.645021, -74.080166], [40.645029, -74.08005], [40.645021, -74.079934], [40.644995, -74.079823], [40.644953, -74.079721], [40.644898, -74.079631], [40.64483, -74.079557], [40.644752, -74.079502], [40.644668, -74.079469], [40.64458, -74.079457], [40.644492, -74.079469], [40.644408, -74.079502], [40.64433, -74.079557], [40.644262, -74.079631], [40.644207, -74.079721], [40.644165, -74.079823], [40.644139, -74.079934], [40.644131, -74.08005], [40.644139, -74.080166], [40.644165, -74.080277]]"
be865175-8471-46d9-8693-aa262bab9f46,Review Warning Zone 24,40.6456,-74.08069,0.05,"[[40.645227, -74.081019], [40.645282, -74.081109], [40.64535, -74.081183], [40.645428, -74.081238], [40.645512, -74.081271], [40.6456, -74.081283], [40.645688, -74.081271], [40.645772, -74.081238], [40.64585, -74.081183], [40.645918, -74.081109], [40.645973, -74.081019], [40.646015, -74.080917], [40.646041, -74.080806], [40.646049, -74.08069], [40.646041, -74.080574], [40.646015, -74.080463], [40.645973, -74.080361], [40.645918, -74.080271], [40.64585, -74.080197], [40.645772, -74.080142], [40.645688, -74.080109], [40.6456, -74.080097], [40.645512, -74.080109], [40.645428, -74.080142], [40.64535, -74.080197], [40.645282, -74.080271], [40.645227, -74.080361], [40.645185, -74.080463], [40.645159, -74.080574], [40.645151, -74.08069], [40.645159, -74.080806], [40.645185, -74.080917]]"
95a72d6a-d7f7-4efd-a70e-51b8b195d9ef,Review Warning Zone 25,40.64564,-74.01245,0.05,"[[40.645225, -74.012677], [40.645267, -74.012779], [40.645322, -74.012869], [40.64539, -74.012943], [40.645468, -74.012998], [40.645552, -74.013031], [40.64564, -74.013043], [40.645728, -74.013031], [40.645812, -74.012998], [40.64589, -74.012943], [40.645958, -74.012869], [40.646013, -74.012779], [40.646055, -74.012677], [40.646081, -74.012566], [40.646089, -74.01245], [40.646081, -74.012334], [40.646055, -74.012223], [40.646013, -74.012121], [40.645958, -74.012031], [40.64589, -74.011957], [40.645812, -74.011902], [40.645728, -74.011869], [40.64564, -74.011857], [40.645552, -74.011869], [40.645468, -74.011902], [40.64539, -74.011957], [40.645322, -74.012031], [40.645267, -74.012121], [40.645225, -74.012223], [40.645199, -74.012334], [40.645191, -74.01245], [40.645199, -74.012566]]"
f926c78c-36cf-4230-8cd9-4a58e8274eda,Review Warning Zone 26,40.64707,-74.01839,0.05,"[[40.646655, -74.018617], [40.646697, -74.018719], [40.646752, -74.018809], [40.64682, -74.018883], [40.646898, -74.018938], [40.646982, -74.018971], [40.64707, -74.018983], [40.647158, -74.018971], [40.647242, -74.018938], [40.64732, -74.018883], [40.647388, -74.018809], [40.647443, -74.018719], [40.647485, -74.018617], [40.647511, -74.018506], [40.647519, -74.01839], [40.647511, -74.018274], [40.647485, -74.018163], [40.647443, -74.018061], [40.647388, -74.017971], [40.64732, -74.017897], [40.647242, -74.017842], [40.647158, -74.017809], [40.64707, -74.017797], [40.646982, -74.017809], [40.646898, -74.017842], [40.64682, -74.017897], [40.646752, -74.017971], [40.646697, -74.018061], [40.646655, -74.018163], [40.646629, -74.018274], [40.646621, -74.01839], [40.646629, -74.018506]]"
f62d9661-6f69-43e7-bd6e-b34ab0c679f6,Review Warning Zone 27,40.65055,-74.00174,0.05,"[[40.650135, -74.001967], [40.650177, -74.002069], [40.650232, -74.002159], [40.6503, -74.002233], [40.650378, -74.002288], [40.650462, -74.002321], [40.65055, -74.002333], [40.650638, -74.002321], [40.650722, -74.002288], [40.6508, -74.002233], [40.650868, -74.002159], [40.650923, -74.002069], [40.650965, -74.001967], [40.650991, -74.001856], [40.650999, -74.00174], [40.650991, -74.001624], [40.650965, -74.001513], [40.650923, -74.001411], [40.650868, -74.001321], [40.6508, -74.001247], [40.650722, -74.001192], [40.650638, -74.001159], [40.65055, -74.001147], [40.650462, -74.001159], [40.650378, -74.001192], [40.6503, -74.001247], [40.650232, -74.001321], [40.650177, -74.001411], [40.650135, -74.001513], [40.650109, -74.001624], [40.650101, -74.00174], [40.650109, -74.001856]]"
267812ba-ae35-42ef-93e5-a83fdf42bb9c,Review Warning Zone 28,40.65482,-74.01142,0.05,"[[40.654447, -74.011749], [40.654502, -74.011839], [40.65457, -74.011913], [40.654648, -74.011968], [40.654732, -74.012001], [40.65482, -74.012013], [40.654908, -74.012001], [40.654992, -74.011968], [40.65507, -74.011913], [40.655138, -74.011839], [40.655193, -74.011749], [40.655235, -74.011647], [40.655261, -74.011536], [40.655269, -74.01142], [40.655261, -74.011304], [40.655235, -74.011193], [40.655193, -74.011091], [40.655138, -74.011001], [40.65507, -74.010927], [40.654992, -74.010872], [40.654908, -74.010839], [40.65482, -74.010827], [40.654732, -74.010839], [40.654648, -74.010872], [40.65457, -74.010927], [40.654502, -74.011001], [40.654447, -74.011091], [40.654405, -74.011193], [40.654379, -74.011304], [40.654371, -74.01142], [40.654379, -74.011536], [40.654405, -74.011647]]"
a086ac69-fa40-412c-a912-e38917a0caa0,Review Warning Zone 29,40.65789,-74.0016,0.05,"[[40.657517, -74.001929], [40.657572, -74.002019], [40.65764, -74.002093], [40.657718, -74.002148], [40.657802, -74.002181], [40.65789, -74.002193], [40.657978, -74.002181], [40.658062, -74.002148], [40.65814, -74.002093], [40.658208, -74.002019], [40.658263, -74.001929], [40.658305, -74.001827], [40.658331, -74.001716], [40.658339, -74.0016], [40.658331, -74.001484], [40.658305, -74.001373], [40.658263, -74.001271], [40.658208, -74.001181], [40.65814, -74.001107], [40.658062, -74.001052], [40.657978, -74.001019], [40.65789, -74.001007], [40.657802, -74.001019], [40.657718, -74.001052], [40.65764, -74.001107], [40.657572, -74.001181], [40.657517, -74.001271], [40.657475, -74.001373], [40.657449, -74.001484], [40.657441, -74.0016], [40.657449, -74.001716], [40.657475, -74.001827]]"
ca92e1e2-8581-4711-b7e2-18abe57eca7a,Review Warning Zone 30,40.66231,-73.99206,0.05,"[[40.661895, -73.992287], [40.661937, -73.992389], [40.661992, -73.992479], [40.66206, -73.992553], [40.662138, -73.992608], [40.662222, -73.992641], [40.66231, -73.992653], [40.662398, -73.992641], [40.662482, -73.992608], [40.66256, -73.992553], [40.662628, -73.992479], [40.662683, -73.992389], [40.662725, -73.992287], [40.662751, -73.992176], [40.662759, -73.99206], [40.662751, -73.991944], [40.662725, -73.991833], [40.662683, -73.991731], [40.662628, -73.991641], [40.66256, -73.991567], [40.662482, -73.991512], [40.662398, -73.991479], [40.66231, -73.991467], [40.662222, -73.991479], [40.662138, -73.991512], [40.66206, -73.991567], [40.661992, -73.991641], [40.661937, -73.991731], [40.661895, -73.991833], [40.661869, -73.991944], [40.661861, -73.99206], [40.661869, -73.992176]]"
ec1e4a30-1787-4873-ab18-2ae6e3a2c1b6,Review Warning Zone 31,40.67726,-74.0091,0.05,"[[40.676845, -74.009327], [40.676887, -74.009429], [40.676942, -74.009519], [40.67701, -74.009593], [40.677088, -74.009648], [40.677172, -74.009681], [40.67726, -74.009693], [40.677348, -74.009681], [40.677432, -74.009648], [40.67751, -74.009593], [40.677578, -74.009519], [40.677633, -74.009429], [40.677675, -74.009327], [40.677701, -74.009216], [40.677709, -74.0091], [40.677701, -74.008984], [40.677675, -74.008873], [40.677633, -74.008771], [40.677578, -74.008681], [40.67751, -74.008607], [40.677432, -74.008552], [40.677348, -74.008519], [40.67726, -74.008507], [40.677172, -74.008519], [40.677088, -74.008552], [40.67701, -74.008607], [40.676942, -74.008681], [40.676887, -74.008771], [40.676845, -74.008873], [40.676819, -74.008984], [40.676811, -74.0091], [40.676819, -74.009216]]"
2aeeab33-9fe5-4362-82c1-af6bf8a560a7,Review Warning Zone 32,40.67887,-74.00785,0.05,"[[40.678455, -74.008077], [40.678497, -74.008179], [40.678552, -74.008269], [40.67862, -74.008343], [40.678698, -74.008398], [40.678782, -74.008431], [40.67887, -74.008443], [40.678958, -74.008431], [40.679042, -74.008398], [40.67912, -74.008343], [40.679188, -74.008269], [40.679243, -74.008179], [40.679285, -74.008077], [40.679311, -74.007966], [40.679319, -74.00785], [40.679311, -74.007734], [40.679285, -74.007623], [40.679243, -74.007521], [40.679188, -74.007431], [40.67912, -74.007357], [40.679042, -74.007302], [40.678958, -74.007269], [40.67887, -74.007257], [40.678782, -74.007269], [40.678698, -74.007302], [40.67862, -74.007357], [40.678552, -74.007431], [40.678497, -74.007521], [40.678455, -74.007623], [40.678429, -74.007734], [40.678421, -74.00785], [40.678429, -74.007966]]"
92145a32-507e-4d27-a0ca-87b638480d06,Review Warning Zone 33,40.68533,-73.99775,0.05,"[[40.684957, -73.998079], [40.685012, -73.998169], [40.68508, -73.998243], [40.685158, -73.998298], [40.685242, -73.998331], [40.68533, -73.998343], [40.685418, -73.998331], [40.685502, -73.998298], [40.68558, -73.998243], [40.685648, -73.998169], [40.685703, -73.998079], [40.685745, -73.997977], [40.685771, -73.997866], [40.685779, -73.99775], [40.685771, -73.997634], [40.685745, -73.997523], [40.685703, -73.997421], [40.685648, -73.997331], [40.68558, -73.997257], [40.685502, -73.997202], [40.685418, -73.997169], [40.68533, -73.997157], [40.685242, -73.997169], [40.685158, -73.997202], [40.68508, -73.997257], [40.685012, -73.997331], [40.684957, -73.997421], [40.684915, -73.997523], [40.684889, -73.997634], [40.684881, -73.99775], [40.684889, -73.997866], [40.684915, -73.997977]]"
ad328db2-ba15-4430-a665-41d85b8e7997,Review Warning Zone 34,40.704903,-74.006416,0.05,"[[40.70453, -74.006745], [40.704585, -74.006835], [40.704653, -74.006909], [40.704731, -74.006964], [40.704815, -74.006997], [40.704903, -74.007009], [40.704991, -74.006997], [40.705075, -74.006964], [40.705153, -74.006909], [40.705221, -74.006835], [40.705276, -74.006745], [40.705318, -74.006643], [40.705344, -74.006532], [40.705352, -74.006416], [40.705344, -74.0063], [40.705318, -74.006189], [40.705276, -74.006087], [40.705221, -74.005997], [40.705153, -74.005923], [40.705075, -74.005868], [40.704991, -74.005835], [40.704903, -74.005823], [40.704815, -74.005835], [40.704731, -74.005868], [40.704653, -74.005923], [40.704585, -74.005997], [40.70453, -74.006087], [40.704488, -74.006189], [40.704462, -74.0063], [40.704454, -74.006416], [40.704462, -74.006532], [40.704488, -74.006643]]"
99d859ea-aed6-42df-bac3-d0f896558b56,Review Warning Zone 35,40.70602,-74.00383,0.05,"[[40.705605, -74.004057], [40.705647, -74.004159], [40.705702, -74.004249], [40.70577, -74.004323], [40.705848, -74.004378], [40.705932, -74.004411], [40.70602, -74.004423], [40.706108, -74.004411], [40.706192, -74.004378], [40.70627, -74.004323], [40.706338, -74.004249], [40.706393, -74.004159], [40.706435, -74.004057], [40.706461, -74.003946], [40.706469, -74.00383], [40.706461, -74.003714], [40.706435, -74.003603], [40.706393, -74.003501], [40.706338, -74.003411], [40.70627, -74.003337], [40.706192, -74.003282], [40.706108, -74.003249], [40.70602, -74.003237], [40.705932, -74.003249], [40.705848, -74.003282], [40.70577, -74.003337], [40.705702, -74.003411], [40.705647, -74.003501], [40.705605, -74.003603], [40.705579, -74.003714], [40.705571, -74.00383], [40.705579, -74.003946]]"
c79f2a9f-e8dd-4393-933f-4897166b436d,Review Warning Zone 36,40.70617,-74.01486,0.05,"[[40.705755, -74.015087], [40.705797, -74.015189], [40.705852, -74.015279], [40.70592, -74.015353], [40.705998, -74.015408], [40.706082, -74.015441], [40.70617, -74.015453], [40.706258, -74.015441], [40.706342, -74.015408], [40.70642, -74.015353], [40.706488, -74.015279], [40.706543, -74.015189], [40.706585, -74.015087], [40.706611, -74.014976], [40.706619, -74.01486], [40.706611, -74.014744], [40.706585, -74.014633], [40.706543, -74.014531], [40.706488, -74.014441], [40.70642, -74.014367], [40.706342, -74.014312], [40.706258, -74.014279], [40.70617, -74.014267], [40.706082, -74.014279], [40.705998, -74.014312], [40.70592, -74.014367], [40.705852, -74.014441], [40.705797, -74.014531], [40.705755, -74.014633], [40.705729, -74.014744], [40.705721, -74.01486], [40.705729, -74.014976]]"
77dcfc41-f892-409c-bd86-4732997bf4a2,Review Warning Zone 37,40.71098,-73.992098,0.05,"[[40.710565, -73.992325], [40.710606, -73.992428], [40.710662, -73.992518], [40.71073, -73.992591], [40.710808, -73.992646], [40.710892, -73.99268], [40.71098, -73.992691], [40.711067, -73.99268], [40.711151, -73.992646], [40.711229, -73.992591], [40.711297, -73.992518], [40.711353, -73.992428], [40.711395, -73.992325], [40.71142, -73.992214], [40.711429, -73.992098], [40.71142, -73.991983], [40.711395, -73.991872], [40.711353, -73.991769], [40.711297, -73.991679], [40.711229, -73.991606], [40.711151, -73.991551], [40.711067, -73.991517], [40.71098, -73.991506], [40.710892, -73.991517], [40.710808, -73.991551], [40.71073, -73.991606], [40.710662, -73.991679], [40.710606, -73.991769], [40.710565, -73.991872], [40.710539, -73.991983], [40.71053, -73.992098], [40.710539, -73.992214]]"
c26a9dd5-132c-4652-9056-448227c3e425,Review Warning Zone 38,40.711035,-74.00922,0.069,"[[40.710549, -74.009324], [40.710541, -74.00944], [40.710549, -74.009556], [40.710575, -74.009667], [40.710617, -74.009769], [40.710672, -74.009859], [40.71074, -74.009933], [40.710818, -74.009988], [40.710902, -74.010021], [40.71099, -74.010033], [40.711078, -74.010021], [40.711162, -74.009988], [40.71124, -74.009933], [40.711308, -74.009859], [40.711363, -74.009769], [40.711405, -74.009667], [40.711431, -74.009556], [40.711439, -74.00944], [40.711438, -74.009423], [40.711483, -74.009349], [40.711525, -74.009247], [40.711551, -74.009136], [40.711559, -74.00902], [40.711551, -74.008904], [40.711525, -74.008793], [40.711483, -74.008691], [40.711428, -74.008601], [40.71136, -74.008527], [40.711282, -74.008472], [40.711198, -74.008439], [40.71111, -74.008427], [40.711022, -74.008439], [40.710938, -74.008472], [40.71086, -74.008527], [40.710793, -74.0086], [40.71074, -74.008637], [40.710672, -74.008711], [40.710617, -74.008801], [40.710575, -74.008903], [40.710549, -74.009014], [40.710541, -74.00913], [40.710549, -74.009246], [40.710559, -74.009285]]"
e8122cb9-d71c-4c17-ab02-917c9acbc8cc,Review Warning Zone 39,40.711806,-73.996245,0.083,"[[40.711217, -73.996157], [40.711259, -73.996259], [40.711314, -73.996349], [40.711383, -73.996423], [40.71146, -73.996477], [40.711535, -73.996507], [40.711531, -73.99656], [40.711539, -73.996676], [40.711565, -73.996787], [40.711607, -73.996889], [40.711662, -73.996979], [40.71173, -73.997053], [40.711808, -73.997108], [40.711892, -73.997141], [40.71198, -73.997153], [40.712068, -73.997141], [40.712152, -73.997108], [40.71223, -73.997053], [40.712298, -73.996979], [40.712353, -73.996889], [40.712395, -73.996787], [40.712421, -73.996676], [40.712429, -73.99656], [40.712421, -73.996444], [40.712395, -73.996333], [40.712353, -73.996231], [40.712298, -73.996141], [40.71223, -73.996067], [40.712152, -73.996012], [40.712077, -73.995983], [40.712081, -73.99593], [40.712073, -73.995814], [40.712047, -73.995703], [40.712006, -73.9956], [40.71195, -73.995511], [40.711882, -73.995437], [40.711804, -73.995382], [40.71172, -73.995348], [40.711632, -73.995337], [40.711544, -73.995348], [40.71146, -73.995382], [40.711383, -73.995437], [40.711314, -73.995511], [40.711259, -73.9956], [40.711217, -73.995703], [40.711192, -73.995814], [40.711183, -73.99593], [40.711192, -73.996045]]"
3dc6c42e-5ac4-44c8-96fd-adfe65f652de,Review Warning Zone 40,40.71301,-73.99454,0.05,"[[40.712637, -73.994869], [40.712692, -73.994959], [40.71276, -73.995033], [40.712838, -73.995088], [40.712922, -73.995121], [40.71301, -73.995133], [40.713098, -73.995121], [40.713182, -73.995088], [40.71326, -73.995033], [40.713328, -73.994959], [40.713383, -73.994869], [40.713425, -73.994767], [40.713451, -73.994656], [40.713459, -73.99454], [40.713451, -73.994424], [40.713425, -73.994313], [40.713383, -73.994211], [40.713328, -73.994121], [40.71326, -73.994047], [40.713182, -73.993992], [40.713098, -73.993959], [40.71301, -73.993947], [40.712922, -73.993959], [40.712838, -73.993992], [40.71276, -73.994047], [40.712692, -73.994121], [40.712637, -73.994211], [40.712595, -73.994313], [40.712569, -73.994424], [40.712561, -73.99454], [40.712569, -73.994656], [40.712595, -73.994767]]"
1718cb40-c048-4a2a-942a-97f60d1b83d4,Review Warning Zone 41,40.71418,-73.99243,0.05,"[[40.713807, -73.992759], [40.713862, -73.992849], [40.71393, -73.992923], [40.714008, -73.992978], [40.714092, -73.993011], [40.71418, -73.993023], [40.714268, -73.993011], [40.714352, -73.992978], [40.71443, -73.992923], [40.714498, -73.992849], [40.714553, -73.992759], [40.714595, -73.992657], [40.714621, -73.992546], [40.714629, -73.99243], [40.714621, -73.992314], [40.714595, -73.992203], [40.714553, -73.992101], [40.714498, -73.992011], [40.71443, -73.991937], [40.714352, -73.991882], [40.714268, -73.991849], [40.71418, -73.991837], [40.714092, -73.991849], [40.714008, -73.991882], [40.71393, -73.991937], [40.713862, -73.992011], [40.713807, -73.992101], [40.713765, -73.992203], [40.713739, -73.992314], [40.713731, -73.99243], [40.713739, -73.992546], [40.713765, -73.992657]]"
6fc869ea-9df4-44f8-a13f-be24c0f42f95,Review Warning Zone 42,40.71521,-73.99953,0.05,"[[40.714795, -73.999757], [40.714837, -73.999859], [40.714892, -73.999949], [40.71496, -74.000023], [40.715038, -74.000078], [40.715122, -74.000111], [40.71521, -74.000123], [40.715298, -74.000111], [40.715382, -74.000078], [40.71546, -74.000023], [40.715528, -73.999949], [40.715583, -73.999859], [40.715625, -73.999757], [40.715651, -73.999646], [40.715659, -73.99953], [40.715651, -73.999414], [40.715625, -73.999303], [40.715583, -73.999201], [40.715528, -73.999111], [40.71546, -73.999037], [40.715382, -73.998982], [40.715298, -73.998949], [40.71521, -73.998937], [40.715122, -73.998949], [40.715038, -73.998982], [40.71496, -73.999037], [40.714892, -73.999111], [40.714837, -73.999201], [40.714795, -73.999303], [40.714769, -73.999414], [40.714761, -73.99953], [40.714769, -73.999646]]"
99dec008-e800-4992-9d06-cd66469ee3cf,Review Warning Zone 43,40.7161,-73.99518,0.05,"[[40.715685, -73.995407], [40.715727, -73.995509], [40.715782, -73.995599], [40.71585, -73.995673], [40.715928, -73.995728], [40.716012, -73.995761], [40.7161, -73.995773], [40.716188, -73.995761], [40.716272, -73.995728], [40.71635, -73.995673], [40.716418, -73.995599], [40.716473, -73.995509], [40.716515, -73.995407], [40.716541, -73.995296], [40.716549, -73.99518], [40.716541, -73.995064], [40.716515, -73.994953], [40.716473, -73.994851], [40.716418, -73.994761], [40.71635, -73.994687], [40.716272, -73.994632], [40.716188, -73.994599], [40.7161, -73.994587], [40.716012, -73.994599], [40.715928, -73.994632], [40.71585, -73.994687], [40.715782, -73.994761], [40.715727, -73.994851], [40.715685, -73.994953], [40.715659, -73.995064], [40.715651, -73.99518], [40.715659, -73.995296]]"
77fa8e0d-ea25-40e0-a38f-cfa6d09d0f05,Review Warning Zone 44,40.71829,-74.00088,0.076,"[[40.717645, -74.001177], [40.717687, -74.001279], [40.717742, -74.001369], [40.71781, -74.001443], [40.717888, -74.001498], [40.717972, -74.001531], [40.71806, -74.001543], [40.718148, -74.001531], [40.718232, -74.001498], [40.71831, -74.001443], [40.718377, -74.001369], [40.718432, -74.001391], [40.71852, -74.001403], [40.718608, -74.001391], [40.718692, -74.001358], [40.71877, -74.001303], [40.718838, -74.001229], [40.718893, -74.001139], [40.718935, -74.001037], [40.718961, -74.000926], [40.718969, -74.00081], [40.718961, -74.000694], [40.718935, -74.000583], [40.718893, -74.000481], [40.718838, -74.000391], [40.71877, -74.000317], [40.718692, -74.000262], [40.718608, -74.000229], [40.71852, -74.000217], [40.718432, -74.000229], [40.718348, -74.000262], [40.71827, -74.000317], [40.718203, -74.000391], [40.718148, -74.000369], [40.71806, -74.000357], [40.717972, -74.000369], [40.717888, -74.000402], [40.71781, -74.000457], [40.717742, -74.000531], [40.717687, -74.000621], [40.717645, -74.000723], [40.717619, -74.000834], [40.717611, -74.00095], [40.717619, -74.001066]]"
cccf226d-e396-4e4f-92f2-2bd5438d562d,Review Warning Zone 45,40.71937,-74.0028,0.05,"[[40.718997, -74.003129], [40.719052, -74.003219], [40.71912, -74.003293], [40.719198, -74.003348], [40.719282, -74.003381], [40.71937, -74.003393], [40.719458, -74.003381], [40.719542, -74.003348], [40.71962, -74.003293], [40.719688, -74.003219], [40.719743, -74.003129], [40.719785, -74.003027], [40.719811, -74.002916], [40.719819, -74.0028], [40.719811, -74.002684], [40.719785, -74.002573], [40.719743, -74.002471], [40.719688, -74.002381], [40.71962, -74.002307], [40.719542, -74.002252], [40.719458, -74.002219], [40.71937, -74.002207], [40.719282, -74.002219], [40.719198, -74.002252], [40.71912, -74.002307], [40.719052, -74.002381], [40.718997, -74.002471], [40.718955, -74.002573], [40.718929, -74.002684], [40.718921, -74.0028], [40.718929, -74.002916], [40.718955, -74.003027]]"
8d986d89-71e4-4f95-bd04-d6b93a9b7e05,Review Warning Zone 46,40.720046,-73.994173,0.088,"[[40.719317, -73.994223], [40.719359, -73.994325], [40.719415, -73.994415], [40.719483, -73.994489], [40.71956, -73.994543], [40.719645, -73.994577], [40.719732, -73.994588], [40.71982, -73.994577], [40.719904, -73.994543], [40.719933, -73.994523], [40.719945, -73.994577], [40.719987, -73.994679], [40.720042, -73.994769], [40.72011, -73.994843], [40.720188, -73.994898], [40.720272, -73.994931], [40.72036, -73.994943], [40.720448, -73.994931], [40.720532, -73.994898], [40.72061, -73.994843], [40.720678, -73.994769], [40.720733, -73.994679], [40.720775, -73.994577], [40.720801, -73.994466], [40.720809, -73.99435], [40.720801, -73.994234], [40.720775, -73.994123], [40.720733, -73.994021], [40.720678, -73.993931], [40.72061, -73.993857], [40.720532, -73.993802], [40.720448, -73.993769], [40.72036, -73.993757], [40.720272, -73.993769], [40.720188, -73.993802], [40.72016, -73.993822], [40.720147, -73.993769], [40.720106, -73.993666], [40.72005, -73.993577], [40.719982, -73.993503], [40.719904, -73.993448], [40.71982, -73.993414], [40.719732, -73.993403], [40.719645, -73.993414], [40.71956, -73.993448], [40.719483, -73.993503], [40.719415, -73.993577], [40.719359, -73.993666], [40.719317, -73.993769], [40.719292, -73.99388], [40.719283, -73.993996], [40.719292, -73.994111]]"
4930e7b7-1f3b-4663-a9db-c2a6ea399ffe,Review Warning Zone 47,40.719792,-73.991908,0.107,"[[40.719595, -73.992747], [40.719637, -73.992849], [40.719692, -73.992939], [40.71976, -73.993013], [40.719838, -73.993068], [40.719922, -73.993101], [40.72001, -73.993113], [40.720098, -73.993101], [40.720182, -73.993068], [40.72026, -73.993013], [40.720328, -73.992939], [40.720383, -73.992849], [40.720425, -73.992747], [40.720451, -73.992636], [40.720459, -73.99252], [40.720451, -73.992404], [40.720425, -73.992293], [40.720383, -73.992191], [40.720328, -73.992101], [40.72026, -73.992027], [40.720182, -73.991972], [40.720098, -73.991939], [40.720012, -73.991928], [40.720048, -73.991889], [40.720103, -73.991799], [40.720145, -73.991697], [40.720171, -73.991586], [40.720179, -73.99147], [40.720171, -73.991354], [40.720145, -73.991243], [40.720103, -73.991141], [40.720048, -73.991051], [40.71998, -73.990977], [40.719902, -73.990922], [40.719818, -73.990889], [40.71973, -73.990877], [40.719716, -73.990879], [40.719692, -73.990862], [40.719608, -73.990829], [40.71952, -73.990817], [40.719432, -73.990829], [40.719348, -73.990862], [40.71927, -73.990917], [40.719202, -73.990991], [40.719147, -73.991081], [40.719105, -73.991183], [40.719079, -73.991294], [40.719071, -73.99141], [40.719079, -73.991526], [40.719105, -73.991637], [40.719147, -73.991739], [40.719202, -73.991829], [40.71927, -73.991903], [40.719348, -73.991958], [40.719432, -73.991991], [40.71952, -73.992003], [40.719534, -73.992001], [40.719558, -73.992018], [40.719642, -73.992051], [40.719728, -73.992062], [40.719692, -73.992101], [40.719637, -73.992191], [40.719595, -73.992293], [40.719569, -73.992404], [40.719561, -73.99252], [40.719569, -73.992636]]"
936fb7a6-9e19-44f3-bcbf-81937fb7d3d7,Review Warning Zone 48,40.72012,-74.00397,0.05,"[[40.719705, -74.004197], [40.719747, -74.004299], [40.719802, -74.004389], [40.71987, -74.004463], [40.719948, -74.004518], [40.720032, -74.004551], [40.72012, -74.004563], [40.720208, -74.004551], [40.720292, -74.004518], [40.72037, -74.004463], [40.720438, -74.004389], [40.720493, -74.004299], [40.720535, -74.004197], [40.720561, -74.004086], [40.720569, -74.00397], [40.720561, -74.003854], [40.720535, -74.003743], [40.720493, -74.003641], [40.720438, -74.003551], [40.72037, -74.003477], [40.720292, -74.003422], [40.720208, -74.003389], [40.72012, -74.003377], [40.720032, -74.003389], [40.719948, -74.003422], [40.71987, -74.003477], [40.719802, -74.003551], [40.719747, -74.003641], [40.719705, -74.003743], [40.719679, -74.003854], [40.719671, -74.00397], [40.719679, -74.004086]]"
48ce1c1b-58cf-4523-bef7-f9411ac37414,Review Warning Zone 49,40.721359,-73.993668,0.05,"[[40.720986, -73.993997], [40.721041, -73.994087], [40.721109, -73.994161], [40.721187, -73.994216], [40.721271, -73.994249], [40.721359, -73.994261], [40.721447, -73.994249], [40.721531, -73.994216], [40.721609, -73.994161], [40.721677, -73.994087], [40.721732, -73.993997], [40.721774, -73.993895], [40.7218, -73.993784], [40.721808, -73.993668], [40.7218, -73.993552], [40.721774, -73.993441], [40.721732, -73.993339], [40.721677, -73.993249], [40.721609, -73.993175], [40.721531, -73.99312], [40.721447, -73.993087], [40.721359, -73.993075], [40.721271, -73.993087], [40.721187, -73.99312], [40.721109, -73.993175], [40.721041, -73.993249], [40.720986, -73.993339], [40.720944, -73.993441], [40.720918, -73.993552], [40.72091, -73.993668], [40.720918, -73.993784], [40.720944, -73.993895]]"
c9f20b7c-7afb-42e9-82e4-9707511f5070,Review Warning Zone 50,40.73118,-74.00316,0.05,"[[40.730765, -74.003387], [40.730807, -74.003489], [40.730862, -74.003579], [40.73093, -74.003653], [40.731008, -74.003708], [40.731092, -74.003741], [40.73118, -74.003753], [40.731268, -74.003741], [40.731352, -74.003708], [40.73143, -74.003653], [40.731498, -74.003579], [40.731553, -74.003489], [40.731595, -74.003387], [40.731621, -74.003276], [40.731629, -74.00316], [40.731621, -74.003044], [40.731595, -74.002933], [40.731553, -74.002831], [40.731498, -74.002741], [40.73143, -74.002667], [40.731352, -74.002612], [40.731268, -74.002579], [40.73118, -74.002567], [40.731092, -74.002579], [40.731008, -74.002612], [40.73093, -74.002667], [40.730862, -74.002741], [40.730807, -74.002831], [40.730765, -74.002933], [40.730739, -74.003044], [40.730731, -74.00316], [40.730739, -74.003276]]"
ea18f411-c7f9-4980-866a-ce729a844730,Review Warning Zone 51,40.7341,-74.00073,0.05,"[[40.733685, -74.000957], [40.733727, -74.001059], [40.733782, -74.001149], [40.73385, -74.001223], [40.733928, -74.001278], [40.734012, -74.001311], [40.7341, -74.001323], [40.734188, -74.001311], [40.734272, -74.001278], [40.73435, -74.001223], [40.734418, -74.001149], [40.734473, -74.001059], [40.734515, -74.000957], [40.734541, -74.000846], [40.734549, -74.00073], [40.734541, -74.000614], [40.734515, -74.000503], [40.734473, -74.000401], [40.734418, -74.000311], [40.73435, -74.000237], [40.734272, -74.000182], [40.734188, -74.000149], [40.7341, -74.000137], [40.734012, -74.000149], [40.733928, -74.000182], [40.73385, -74.000237], [40.733782, -74.000311], [40.733727, -74.000401], [40.733685, -74.000503], [40.733659, -74.000614], [40.733651, -74.00073], [40.733659, -74.000846]]"
835a5621-0f49-4515-b86f-68a03b9e55c2,Review Warning Zone 52,40.73764,-74.0041,0.05,"[[40.737225, -74.004327], [40.737267, -74.004429], [40.737322, -74.004519], [40.73739, -74.004593], [40.737468, -74.004648], [40.737552, -74.004681], [40.73764, -74.004693], [40.737728, -74.004681], [40.737812, -74.004648], [40.73789, -74.004593], [40.737958, -74.004519], [40.738013, -74.004429], [40.738055, -74.004327], [40.738081, -74.004216], [40.738089, -74.0041], [40.738081, -74.003984], [40.738055, -74.003873], [40.738013, -74.003771], [40.737958, -74.003681], [40.73789, -74.003607], [40.737812, -74.003552], [40.737728, -74.003519], [40.73764, -74.003507], [40.737552, -74.003519], [40.737468, -74.003552], [40.73739, -74.003607], [40.737322, -74.003681], [40.737267, -74.003771], [40.737225, -74.003873], [40.737199, -74.003984], [40.737191, -74.0041], [40.737199, -74.004216]]"
df1f77f8-9b82-4026-9a39-cbd6bc85e1eb,Review Warning Zone 53,40.73952,-73.99671,0.05,"[[40.739147, -73.997039], [40.739202, -73.997129], [40.73927, -73.997203], [40.739348, -73.997258], [40.739432, -73.997291], [40.73952, -73.997303], [40.739608, -73.997291], [40.739692, -73.997258], [40.73977, -73.997203], [40.739838, -73.997129], [40.739893, -73.997039], [40.739935, -73.996937], [40.739961, -73.996826], [40.739969, -73.99671], [40.739961, -73.996594], [40.739935, -73.996483], [40.739893, -73.996381], [40.739838, -73.996291], [40.73977, -73.996217], [40.739692, -73.996162], [40.739608, -73.996129], [40.73952, -73.996117], [40.739432, -73.996129], [40.739348, -73.996162], [40.73927, -73.996217], [40.739202, -73.996291], [40.739147, -73.996381], [40.739105, -73.996483], [40.739079, -73.996594], [40.739071, -73.99671], [40.739079, -73.996826], [40.739105, -73.996937]]"
3021c001-0556-4c3e-af97-baabd51e1b22,Review Warning Zone 54,40.74016,-73.995695,0.083,"[[40.739497, -73.995929], [40.739552, -73.996019], [40.73962, -73.996093], [40.739698, -73.996148], [40.739782, -73.996181], [40.73987, -73.996193], [40.739958, -73.996181], [40.740042, -73.996148], [40.740078, -73.996122], [40.740132, -73.996209], [40.7402, -73.996283], [40.740278, -73.996338], [40.740362, -73.996371], [40.74045, -73.996383], [40.740538, -73.996371], [40.740622, -73.996338], [40.7407, -73.996283], [40.740768, -73.996209], [40.740823, -73.996119], [40.740865, -73.996017], [40.740891, -73.995906], [40.740899, -73.99579], [40.740891, -73.995674], [40.740865, -73.995563], [40.740823, -73.995461], [40.740768, -73.995371], [40.7407, -73.995297], [40.740622, -73.995242], [40.740538, -73.995209], [40.74045, -73.995197], [40.740362, -73.995209], [40.740278, -73.995242], [40.740242, -73.995268], [40.740188, -73.995181], [40.74012, -73.995107], [40.740042, -73.995052], [40.739958, -73.995019], [40.73987, -73.995007], [40.739782, -73.995019], [40.739698, -73.995052], [40.73962, -73.995107], [40.739552, -73.995181], [40.739497, -73.995271], [40.739455, -73.995373], [40.739429, -73.995484], [40.739421, -73.9956], [40.739429, -73.995716], [40.739455, -73.995827]]"
e4818fd5-c8fe-4a67-b64f-8253016b72de,Review Warning Zone 55,40.74113,-73.99885,0.05,"[[40.740715, -73.999077], [40.740757, -73.999179], [40.740812, -73.999269], [40.74088, -73.999343], [40.740958, -73.999398], [40.741042, -73.999431], [40.74113, -73.999443], [40.741218, -73.999431], [40.741302, -73.999398], [40.74138, -73.999343], [40.741448, -73.999269], [40.741503, -73.999179], [40.741545, -73.999077], [40.741571, -73.998966], [40.741579, -73.99885], [40.741571, -73.998734], [40.741545, -73.998623], [40.741503, -73.998521], [40.741448, -73.998431], [40.74138, -73.998357], [40.741302, -73.998302], [40.741218, -73.998269], [40.74113, -73.998257], [40.741042, -73.998269], [40.740958, -73.998302], [40.74088, -73.998357], [40.740812, -73.998431], [40.740757, -73.998521], [40.740715, -73.998623], [40.740689, -73.998734], [40.740681, -73.99885], [40.740689, -73.998966]]"
eb7971a0-0a53-46d2-86fe-dbe1a5a5a100,Review Warning Zone 56,40.748736,-73.99554,0.157,"[[40.747655, -73.996687], [40.747697, -73.996789], [40.747752, -73.996879], [40.74782, -73.996953], [40.747898, -73.997008], [40.747982, -73.997041], [40.74807, -73.997053], [40.748109, -73.997048], [40.748122, -73.997069], [40.74819, -73.997143], [40.748268, -73.997198], [40.748352, -73.997231], [40.74844, -73.997243], [40.748528, -73.997231], [40.748612, -73.997198], [40.74869, -73.997143], [40.748758, -73.997069], [40.748813, -73.996979], [40.748855, -73.996877], [40.748881, -73.996766], [40.748889, -73.99665], [40.748881, -73.996534], [40.748855, -73.996423], [40.748813, -73.996321], [40.748758, -73.996231], [40.748753, -73.996225], [40.748822, -73.996198], [40.7489, -73.996143], [40.748968, -73.996069], [40.748976, -73.996055], [40.74898, -73.996053], [40.749048, -73.995979], [40.749103, -73.995889], [40.749145, -73.995787], [40.749171, -73.995676], [40.749179, -73.99556], [40.749171, -73.995444], [40.749158, -73.99539], [40.74916, -73.995393], [40.749238, -73.995448], [40.749322, -73.995481], [40.74941, -73.995493], [40.749498, -73.995481], [40.749582, -73.995448], [40.74966, -73.995393], [40.749728, -73.995319], [40.749783, -73.995229], [40.749825, -73.995127], [40.749851, -73.995016], [40.749859, -73.9949], [40.749851, -73.994784], [40.749825, -73.994673], [40.749783, -73.994571], [40.749728, -73.994481], [40.74966, -73.994407], [40.749582, -73.994352], [40.749516, -73.994326], [40.749495, -73.994233], [40.749453, -73.994131], [40.749398, -73.994041], [40.74933, -73.993967], [40.749252, -73.993912], [40.749168, -73.993879], [40.74908, -73.993867], [40.748992, -73.993879], [40.748908, -73.993912], [40.74883, -73.993967], [40.748762, -73.994041], [40.748707, -73.994131], [40.748678, -73.9942], [40.748648, -73.994212], [40.74857, -73.994267], [40.748502, -73.994341], [40.748447, -73.994431], [40.748405, -73.994533], [40.748379, -73.994644], [40.748371, -73.99476], [40.748379, -73.994876], [40.748405, -73.994987], [40.748447, -73.995089], [40.748452, -73.995098], [40.748412, -73.995141], [40.748404, -73.995155], [40.7484, -73.995157], [40.748332, -73.995231], [40.748277, -73.995321], [40.748235, -73.995423], [40.748209, -73.995534], [40.748201, -73.99565], [40.748209, -73.995766], [40.748235, -73.995877], [40.748252, -73.99592], [40.748242, -73.995912], [40.748158, -73.995879], [40.74807, -73.995867], [40.747982, -73.995879], [40.747898, -73.995912], [40.74782, -73.995967], [40.747752, -73.996041], [40.747697, -73.996131], [40.747655, -73.996233], [40.747629, -73.996344], [40.747621, -73.99646], [40.747629, -73.996576]]"
6d878f86-d9df-4ac1-bbca-1c8823c78de5,Review Warning Zone 57,40.749801,-73.9965,0.122,"[[40.748967, -73.997029], [40.749022, -73.997119], [40.74909, -73.997193], [40.749168, -73.997248], [40.749252, -73.997281], [40.74934, -73.997293], [40.749426, -73.997282], [40.749451, -73.997389], [40.749493, -73.997491], [40.749548, -73.997581], [40.749616, -73.997655], [40.749694, -73.99771], [40.749778, -73.997743], [40.749866, -73.997755], [40.749954, -73.997743], [40.750038, -73.99771], [40.750116, -73.997655], [40.750184, -73.997581], [40.750239, -73.997491], [40.750281, -73.997389], [40.750307, -73.997278], [40.750315, -73.997162], [40.750307, -73.997046], [40.750281, -73.996935], [40.750239, -73.996833], [40.750184, -73.996743], [40.750116, -73.996669], [40.750038, -73.996614], [40.749986, -73.996594], [40.750011, -73.996486], [40.750019, -73.996377], [40.750048, -73.996398], [40.750132, -73.996431], [40.75022, -73.996443], [40.750308, -73.996431], [40.750392, -73.996398], [40.75047, -73.996343], [40.750538, -73.996269], [40.750593, -73.996179], [40.750635, -73.996077], [40.750661, -73.995966], [40.750669, -73.99585], [40.750661, -73.995734], [40.750635, -73.995623], [40.750593, -73.995521], [40.750538, -73.995431], [40.75047, -73.995357], [40.750392, -73.995302], [40.750308, -73.995269], [40.75022, -73.995257], [40.750132, -73.995269], [40.750048, -73.995302], [40.74997, -73.995357], [40.749902, -73.995431], [40.749847, -73.995521], [40.749805, -73.995623], [40.749779, -73.995734], [40.749771, -73.995843], [40.749742, -73.995822], [40.749658, -73.995789], [40.749658, -73.995789], [40.749653, -73.995787], [40.749565, -73.995775], [40.749477, -73.995787], [40.749393, -73.99582], [40.749315, -73.995875], [40.749247, -73.995949], [40.749192, -73.996039], [40.74915, -73.996141], [40.749143, -73.99617], [40.74909, -73.996207], [40.749022, -73.996281], [40.748967, -73.996371], [40.748925, -73.996473], [40.748899, -73.996584], [40.748891, -73.9967], [40.748899, -73.996816], [40.748925, -73.996927]]"
229b4053-c98e-4cf8-b16b-20bddaf5a175,Review Warning Zone 58,40.75099,-73.998,0.05,"[[40.750617, -73.998329], [40.750672, -73.998419], [40.75074, -73.998493], [40.750818, -73.998548], [40.750902, -73.998581], [40.75099, -73.998593], [40.751078, -73.998581], [40.751162, -73.998548], [40.75124, -73.998493], [40.751308, -73.998419], [40.751363, -73.998329], [40.751405, -73.998227], [40.751431, -73.998116], [40.751439, -73.998], [40.751431, -73.997884], [40.751405, -73.997773], [40.751363, -73.997671], [40.751308, -73.997581], [40.75124, -73.997507], [40.751162, -73.997452], [40.751078, -73.997419], [40.75099, -73.997407], [40.750902, -73.997419], [40.750818, -73.997452], [40.75074, -73.997507], [40.750672, -73.997581], [40.750617, -73.997671], [40.750575, -73.997773], [40.750549, -73.997884], [40.750541, -73.998], [40.750549, -73.998116], [40.750575, -73.998227]]"
eb8b4b82-a9d1-4a16-a466-7a3bc3d90ad5,Review Warning Zone 59,40.75128,-74.00256,0.05,"[[40.750865, -74.002787], [40.750907, -74.002889], [40.750962, -74.002979], [40.75103, -74.003053], [40.751108, -74.003108], [40.751192, -74.003141], [40.75128, -74.003153], [40.751368, -74.003141], [40.751452, -74.003108], [40.75153, -74.003053], [40.751598, -74.002979], [40.751653, -74.002889], [40.751695, -74.002787], [40.751721, -74.002676], [40.751729, -74.00256], [40.751721, -74.002444], [40.751695, -74.002333], [40.751653, -74.002231], [40.751598, -74.002141], [40.75153, -74.002067], [40.751452, -74.002012], [40.751368, -74.001979], [40.75128, -74.001967], [40.751192, -74.001979], [40.751108, -74.002012], [40.75103, -74.002067], [40.750962, -74.002141], [40.750907, -74.002231], [40.750865, -74.002333], [40.750839, -74.002444], [40.750831, -74.00256], [40.750839, -74.002676]]"
39a37dac-00de-4834-bdb1-e866e7109e88,Review Warning Zone 60,40.75146,-73.99647,0.05,"[[40.751087, -73.996799], [40.751142, -73.996889], [40.75121, -73.996963], [40.751288, -73.997018], [40.751372, -73.997051], [40.75146, -73.997063], [40.751548, -73.997051], [40.751632, -73.997018], [40.75171, -73.996963], [40.751778, -73.996889], [40.751833, -73.996799], [40.751875, -73.996697], [40.751901, -73.996586], [40.751909, -73.99647], [40.751901, -73.996354], [40.751875, -73.996243], [40.751833, -73.996141], [40.751778, -73.996051], [40.75171, -73.995977], [40.751632, -73.995922], [40.751548, -73.995889], [40.75146, -73.995877], [40.751372, -73.995889], [40.751288, -73.995922], [40.75121, -73.995977], [40.751142, -73.996051], [40.751087, -73.996141], [40.751045, -73.996243], [40.751019, -73.996354], [40.751011, -73.99647], [40.751019, -73.996586], [40.751045, -73.996697]]"
a7ad91e0-434a-4455-845d-3ebdd6ca08af,Review Warning Zone 61,40.754076,-73.993174,0.231,"[[40.752197, -73.993349], [40.752213, -73.993376], [40.752227, -73.993409], [40.752282, -73.993499], [40.75235, -73.993573], [40.752428, -73.993628], [40.752512, -73.993661], [40.7526, -73.993673], [40.752688, -73.993661], [40.752756, -73.993634], [40.752712, -73.993681], [40.752657, -73.993771], [40.752615, -73.993873], [40.752589, -73.993984], [40.752581, -73.9941], [40.752589, -73.994216], [40.752615, -73.994327], [40.752657, -73.994429], [40.752712, -73.994519], [40.75278, -73.994593], [40.752858, -73.994648], [40.752942, -73.994681], [40.75303, -73.994693], [40.753118, -73.994681], [40.753202, -73.994648], [40.75328, -73.994593], [40.753348, -73.994519], [40.753403, -73.994429], [40.753445, -73.994327], [40.753471, -73.994216], [40.753479, -73.9941], [40.753471, -73.993984], [40.753445, -73.993873], [40.753403, -73.993771], [40.753348, -73.993681], [40.75328, -73.993607], [40.753202, -73.993552], [40.753118, -73.993519], [40.75303, -73.993507], [40.752942, -73.993519], [40.752874, -73.993546], [40.752918, -73.993499], [40.752973, -73.993409], [40.753015, -73.993307], [40.753041, -73.993196], [40.753049, -73.99308], [40.753041, -73.992964], [40.753021, -73.99288], [40.75306, -73.992923], [40.753138, -73.992978], [40.753222, -73.993011], [40.753308, -73.993022], [40.753301, -73.99312], [40.753309, -73.993236], [40.753335, -73.993347], [40.753377, -73.993449], [40.753432, -73.993539], [40.7535, -73.993613], [40.753578, -73.993668], [40.753662, -73.993701], [40.75375, -73.993713], [40.753838, -73.993701], [40.753922, -73.993668], [40.753963, -73.993639], [40.753945, -73.993683], [40.753919, -73.993794], [40.753911, -73.99391], [40.753919, -73.994026], [40.753945, -73.994137], [40.753987, -73.994239], [40.754042, -73.994329], [40.75411, -73.994403], [40.754188, -73.994458], [40.754272, -73.994491], [40.75436, -73.994503], [40.754448, -73.994491], [40.754472, -73.994482], [40.754482, -73.994499], [40.75455, -73.994573], [40.754628, -73.994628], [40.754712, -73.994661], [40.7548, -73.994673], [40.754888, -73.994661], [40.754972, -73.994628], [40.75505, -73.994573], [40.755118, -73.994499], [40.755173, -73.994409], [40.755215, -73.994307], [40.755241, -73.994196], [40.755249, -73.99408], [40.755241, -73.993964], [40.755223, -73.993889], [40.755278, -73.993928], [40.755362, -73.993961], [40.75545, -73.993973], [40.755538, -73.993961], [40.755622, -73.993928], [40.7557, -73.993873], [40.755768, -73.993799], [40.755823, -73.993709], [40.755865, -73.993607], [40.755891, -73.993496], [40.755899, -73.99338], [40.755891, -73.993264], [40.755865, -73.993153], [40.755823, -73.993051], [40.755768, -73.992961], [40.7557, -73.992887], [40.755645, -73.992848], [40.755722, -73.992818], [40.7558, -73.992763], [40.755868, -73.992689], [40.755923, -73.992599], [40.755965, -73.992497], [40.755991, -73.992386], [40.755999, -73.99227], [40.755991, -73.992154], [40.755965, -73.992043], [40.755923, -73.991941], [40.755868, -73.991851], [40.7558, -73.991777], [40.755722, -73.991722], [40.755638, -73.991689], [40.75555, -73.991677], [40.755462, -73.991689], [40.755378, -73.991722], [40.7553, -73.991777], [40.755232, -73.991851], [40.755177, -73.991941], [40.755135, -73.992043], [40.755109, -73.992154], [40.755101, -73.99227], [40.755109, -73.992386], [40.755135, -73.992497], [40.755177, -73.992599], [40.755232, -73.992689], [40.7553, -73.992763], [40.755355, -73.992802], [40.755278, -73.992832], [40.7552, -73.992887], [40.755132, -73.992961], [40.755077, -73.993051], [40.755035, -73.993153], [40.755009, -73.993264], [40.755001, -73.99338], [40.755009, -73.993496], [40.755027, -73.993571], [40.754972, -73.993532], [40.754888, -73.993499], [40.7548, -73.993487], [40.754712, -73.993499], [40.754688, -73.993508], [40.754678, -73.993491], [40.75461, -73.993417], [40.754532, -73.993362], [40.754448, -73.993329], [40.75436, -73.993317], [40.754272, -73.993329], [40.754188, -73.993362], [40.754147, -73.993391], [40.754165, -73.993347], [40.754191, -73.993236], [40.754199, -73.99312], [40.754191, -73.993004], [40.754175, -73.992936], [40.754222, -73.992918], [40.7543, -73.992863], [40.754368, -73.992789], [40.754423, -73.992699], [40.754465, -73.992597], [40.754491, -73.992486], [40.754499, -73.99237], [40.754491, -73.992254], [40.754465, -73.992143], [40.754423, -73.992041], [40.754368, -73.991951], [40.7543, -73.991877], [40.754222, -73.991822], [40.754138, -73.991789], [40.75405, -73.991777], [40.753962, -73.991789], [40.753878, -73.991822], [40.7538, -73.991877], [40.753732, -73.991951], [40.753677, -73.992041], [40.753665, -73.99207], [40.753628, -73.992011], [40.75356, -73.991937], [40.753482, -73.991882], [40.753398, -73.991849], [40.75331, -73.991837], [40.753222, -73.991849], [40.753138, -73.991882], [40.75306, -73.991937], [40.752992, -73.992011], [40.752937, -73.992101], [40.752895, -73.992203], [40.752869, -73.992314], [40.752861, -73.99243], [40.752869, -73.992546], [40.75288, -73.992593], [40.75282, -73.992527], [40.752742, -73.992472], [40.752658, -73.992439], [40.75257, -73.992427], [40.752482, -73.992439], [40.752398, -73.992472], [40.75232, -73.992527], [40.752252, -73.992601], [40.752197, -73.992691], [40.752155, -73.992793], [40.752129, -73.992904], [40.752121, -73.99302], [40.752129, -73.993136], [40.752155, -73.993247]]"
ba347793-72d8-43f0-a963-b1c2e0a75b6e,Review Warning Zone 62,40.75468,-73.9984,0.05,"[[40.754307, -73.998729], [40.754362, -73.998819], [40.75443, -73.998893], [40.754508, -73.998948], [40.754592, -73.998981], [40.75468, -73.998993], [40.754768, -73.998981], [40.754852, -73.998948], [40.75493, -73.998893], [40.754998, -73.998819], [40.755053, -73.998729], [40.755095, -73.998627], [40.755121, -73.998516], [40.755129, -73.9984], [40.755121, -73.998284], [40.755095, -73.998173], [40.755053, -73.998071], [40.754998, -73.997981], [40.75493, -73.997907], [40.754852, -73.997852], [40.754768, -73.997819], [40.75468, -73.997807], [40.754592, -73.997819], [40.754508, -73.997852], [40.75443, -73.997907], [40.754362, -73.997981], [40.754307, -73.998071], [40.754265, -73.998173], [40.754239, -73.998284], [40.754231, -73.9984], [40.754239, -73.998516], [40.754265, -73.998627]]"
657760db-c225-4b8d-afe4-36cefbc71de7,Review Warning Zone 63,40.75473,-73.9967,0.05,"[[40.754357, -73.997029], [40.754412, -73.997119], [40.75448, -73.997193], [40.754558, -73.997248], [40.754642, -73.997281], [40.75473, -73.997293], [40.754818, -73.997281], [40.754902, -73.997248], [40.75498, -73.997193], [40.755048, -73.997119], [40.755103, -73.997029], [40.755145, -73.996927], [40.755171, -73.996816], [40.755179, -73.9967], [40.755171, -73.996584], [40.755145, -73.996473], [40.755103, -73.996371], [40.755048, -73.996281], [40.75498, -73.996207], [40.754902, -73.996152], [40.754818, -73.996119], [40.75473, -73.996107], [40.754642, -73.996119], [40.754558, -73.996152], [40.75448, -73.996207], [40.754412, -73.996281], [40.754357, -73.996371], [40.754315, -73.996473], [40.754289, -73.996584], [40.754281, -73.9967], [40.754289, -73.996816], [40.754315, -73.996927]]"
3bba287a-e0fc-4bdc-b31c-3f0269255f28,Review Warning Zone 64,40.75573,-73.99628,0.05,"[[40.755357, -73.996609], [40.755412, -73.996699], [40.75548, -73.996773], [40.755558, -73.996828], [40.755642, -73.996861], [40.75573, -73.996873], [40.755818, -73.996861], [40.755902, -73.996828], [40.75598, -73.996773], [40.756048, -73.996699], [40.756103, -73.996609], [40.756145, -73.996507], [40.756171, -73.996396], [40.756179, -73.99628], [40.756171, -73.996164], [40.756145, -73.996053], [40.756103, -73.995951], [40.756048, -73.995861], [40.75598, -73.995787], [40.755902, -73.995732], [40.755818, -73.995699], [40.75573, -73.995687], [40.755642, -73.995699], [40.755558, -73.995732], [40.75548, -73.995787], [40.755412, -73.995861], [40.755357, -73.995951], [40.755315, -73.996053], [40.755289, -73.996164], [40.755281, -73.99628], [40.755289, -73.996396], [40.755315, -73.996507]]"
c208ce71-4e70-44c2-9a00-9a179f1502f6,Review Warning Zone 65,40.75575,-73.99496,0.05,"[[40.755377, -73.995289], [40.755432, -73.995379], [40.7555, -73.995453], [40.755578, -73.995508], [40.755662, -73.995541], [40.75575, -73.995553], [40.755838, -73.995541], [40.755922, -73.995508], [40.756, -73.995453], [40.756068, -73.995379], [40.756123, -73.995289], [40.756165, -73.995187], [40.756191, -73.995076], [40.756199, -73.99496], [40.756191, -73.994844], [40.756165, -73.994733], [40.756123, -73.994631], [40.756068, -73.994541], [40.756, -73.994467], [40.755922, -73.994412], [40.755838, -73.994379], [40.75575, -73.994367], [40.755662, -73.994379], [40.755578, -73.994412], [40.7555, -73.994467], [40.755432, -73.994541], [40.755377, -73.994631], [40.755335, -73.994733], [40.755309, -73.994844], [40.755301, -73.99496], [40.755309, -73.995076], [40.755335, -73.995187]]"
1c74db0f-be66-4e57-800c-c30776af9b72,Review Warning Zone 66,40.756245,-73.998145,0.071,"[[40.755675, -73.998237], [40.755717, -73.998339], [40.755772, -73.998429], [40.75584, -73.998503], [40.755918, -73.998558], [40.756002, -73.998591], [40.75602, -73.998594], [40.756027, -73.998609], [40.756082, -73.998699], [40.75615, -73.998773], [40.756228, -73.998828], [40.756312, -73.998861], [40.7564, -73.998873], [40.756488, -73.998861], [40.756572, -73.998828], [40.75665, -73.998773], [40.756718, -73.998699], [40.756773, -73.998609], [40.756815, -73.998507], [40.756841, -73.998396], [40.756849, -73.99828], [40.756841, -73.998164], [40.756815, -73.998053], [40.756773, -73.997951], [40.756718, -73.997861], [40.75665, -73.997787], [40.756572, -73.997732], [40.756488, -73.997699], [40.75647, -73.997696], [40.756463, -73.997681], [40.756408, -73.997591], [40.75634, -73.997517], [40.756262, -73.997462], [40.756178, -73.997429], [40.75609, -73.997417], [40.756002, -73.997429], [40.755918, -73.997462], [40.75584, -73.997517], [40.755772, -73.997591], [40.755717, -73.997681], [40.755675, -73.997783], [40.755649, -73.997894], [40.755641, -73.99801], [40.755649, -73.998126]]"
3de93a32-bf57-4898-92d5-cb3649258fa9,Review Warning Zone 67,40.757007,-73.993383,0.1,"[[40.756265, -73.993617], [40.756301, -73.993706], [40.756309, -73.993816], [40.756335, -73.993927], [40.756377, -73.994029], [40.756432, -73.994119], [40.7565, -73.994193], [40.756578, -73.994248], [40.756608, -73.99426], [40.75662, -73.994273], [40.756698, -73.994328], [40.756782, -73.994361], [40.75687, -73.994373], [40.756958, -73.994361], [40.757042, -73.994328], [40.75712, -73.994273], [40.757188, -73.994199], [40.757243, -73.994109], [40.757285, -73.994007], [40.757311, -73.993896], [40.757319, -73.99378], [40.757316, -73.993735], [40.757332, -73.993741], [40.75742, -73.993753], [40.757508, -73.993741], [40.757592, -73.993708], [40.75767, -73.993653], [40.757738, -73.993579], [40.757793, -73.993489], [40.757835, -73.993387], [40.757861, -73.993276], [40.757869, -73.99316], [40.757861, -73.993044], [40.757835, -73.992933], [40.757793, -73.992831], [40.757738, -73.992741], [40.75767, -73.992667], [40.757592, -73.992612], [40.757508, -73.992579], [40.75742, -73.992567], [40.757332, -73.992579], [40.757248, -73.992612], [40.75717, -73.992667], [40.75712, -73.992721], [40.75708, -73.992677], [40.757002, -73.992622], [40.756918, -73.992589], [40.75683, -73.992577], [40.756742, -73.992589], [40.756658, -73.992622], [40.75658, -73.992677], [40.756512, -73.992751], [40.756457, -73.992841], [40.756435, -73.992894], [40.75643, -73.992897], [40.756362, -73.992971], [40.756307, -73.993061], [40.756265, -73.993163], [40.756239, -73.993274], [40.756231, -73.99339], [40.756239, -73.993506]]"
85dcb891-8a20-4a11-94dd-4ada3b5005ea,Review Warning Zone 68,40.756735,-73.996945,0.053,"[[40.756347, -73.997239], [40.756351, -73.997247], [40.756377, -73.997309], [40.756432, -73.997399], [40.7565, -73.997473], [40.756578, -73.997528], [40.756662, -73.997561], [40.75675, -73.997573], [40.756838, -73.997561], [40.756922, -73.997528], [40.757, -73.997473], [40.757068, -73.997399], [40.757123, -73.997309], [40.757165, -73.997207], [40.757191, -73.997096], [40.757199, -73.99698], [40.757191, -73.996864], [40.757165, -73.996753], [40.757123, -73.996651], [40.757119, -73.996643], [40.757093, -73.996581], [40.757038, -73.996491], [40.75697, -73.996417], [40.756892, -73.996362], [40.756808, -73.996329], [40.75672, -73.996317], [40.756632, -73.996329], [40.756548, -73.996362], [40.75647, -73.996417], [40.756402, -73.996491], [40.756347, -73.996581], [40.756305, -73.996683], [40.756279, -73.996794], [40.756271, -73.99691], [40.756279, -73.997026], [40.756305, -73.997137]]"
da8ee40b-4aac-44a4-9062-d6c67b991342,Review Warning Zone 69,40.75682,-74.00147,0.05,"[[40.756405, -74.001697], [40.756447, -74.001799], [40.756502, -74.001889], [40.75657, -74.001963], [40.756648, -74.002018], [40.756732, -74.002051], [40.75682, -74.002063], [40.756908, -74.002051], [40.756992, -74.002018], [40.75707, -74.001963], [40.757138, -74.001889], [40.757193, -74.001799], [40.757235, -74.001697], [40.757261, -74.001586], [40.757269, -74.00147], [40.757261, -74.001354], [40.757235, -74.001243], [40.757193, -74.001141], [40.757138, -74.001051], [40.75707, -74.000977], [40.756992, -74.000922], [40.756908, -74.000889], [40.75682, -74.000877], [40.756732, -74.000889], [40.756648, -74.000922], [40.75657, -74.000977], [40.756502, -74.001051], [40.756447, -74.001141], [40.756405, -74.001243], [40.756379, -74.001354], [40.756371, -74.00147], [40.756379, -74.001586]]"
613a0e4a-b902-43e6-b88a-e150c270bc52,Review Warning Zone 70,40.75726,-73.99539,0.086,"[[40.75699, -73.996313], [40.757068, -73.996368], [40.757152, -73.996401], [40.75724, -73.996413], [40.757328, -73.996401], [40.757412, -73.996368], [40.75749, -73.996313], [40.757558, -73.996239], [40.757613, -73.996149], [40.757655, -73.996047], [40.757681, -73.995936], [40.757689, -73.99582], [40.757681, -73.995704], [40.757655, -73.995593], [40.757613, -73.995491], [40.757566, -73.995414], [40.757598, -73.995379], [40.757653, -73.995289], [40.757695, -73.995187], [40.757721, -73.995076], [40.757729, -73.99496], [40.757721, -73.994844], [40.757695, -73.994733], [40.757653, -73.994631], [40.757598, -73.994541], [40.75753, -73.994467], [40.757452, -73.994412], [40.757368, -73.994379], [40.75728, -73.994367], [40.757192, -73.994379], [40.757108, -73.994412], [40.75703, -73.994467], [40.756962, -73.994541], [40.756907, -73.994631], [40.756865, -73.994733], [40.756839, -73.994844], [40.756831, -73.99496], [40.756839, -73.995076], [40.756865, -73.995187], [40.756907, -73.995289], [40.756954, -73.995366], [40.756922, -73.995401], [40.756867, -73.995491], [40.756825, -73.995593], [40.756799, -73.995704], [40.756791, -73.99582], [40.756799, -73.995936], [40.756825, -73.996047], [40.756867, -73.996149], [40.756922, -73.996239]]"
9328698a-9735-45d4-a603-67069e7f3c0e,Review Warning Zone 71,40.759235,-73.99287,0.086,"[[40.758617, -73.992919], [40.758672, -73.993009], [40.75874, -73.993083], [40.758818, -73.993138], [40.758902, -73.993171], [40.75899, -73.993183], [40.759033, -73.993177], [40.759039, -73.993266], [40.759065, -73.993377], [40.759107, -73.993479], [40.759162, -73.993569], [40.75923, -73.993643], [40.759308, -73.993698], [40.759392, -73.993731], [40.75948, -73.993743], [40.759568, -73.993731], [40.759652, -73.993698], [40.75973, -73.993643], [40.759798, -73.993569], [40.759853, -73.993479], [40.759895, -73.993377], [40.759921, -73.993266], [40.759929, -73.99315], [40.759921, -73.993034], [40.759895, -73.992923], [40.759853, -73.992821], [40.759798, -73.992731], [40.75973, -73.992657], [40.759652, -73.992602], [40.759568, -73.992569], [40.75948, -73.992557], [40.759437, -73.992563], [40.759431, -73.992474], [40.759405, -73.992363], [40.759363, -73.992261], [40.759308, -73.992171], [40.75924, -73.992097], [40.759162, -73.992042], [40.759078, -73.992009], [40.75899, -73.991997], [40.758902, -73.992009], [40.758818, -73.992042], [40.75874, -73.992097], [40.758672, -73.992171], [40.758617, -73.992261], [40.758575, -73.992363], [40.758549, -73.992474], [40.758541, -73.99259], [40.758549, -73.992706], [40.758575, -73.992817]]"
f502fb5c-9158-4e86-a920-87e98ef3b9a3,Review Warning Zone 72,40.764075,-73.994245,0.095,"[[40.763667, -73.995109], [40.763722, -73.995199], [40.76379, -73.995273], [40.763868, -73.995328], [40.763952, -73.995361], [40.76404, -73.995373], [40.764128, -73.995361], [40.764212, -73.995328], [40.76429, -73.995273], [40.764358, -73.995199], [40.764413, -73.995109], [40.764455, -73.995007], [40.764481, -73.994896], [40.764489, -73.99478], [40.764481, -73.994664], [40.764455, -73.994553], [40.764413, -73.994451], [40.764358, -73.994361], [40.76429, -73.994287], [40.76426, -73.994266], [40.764282, -73.994258], [40.76436, -73.994203], [40.764428, -73.994129], [40.764483, -73.994039], [40.764525, -73.993937], [40.764551, -73.993826], [40.764559, -73.99371], [40.764551, -73.993594], [40.764525, -73.993483], [40.764483, -73.993381], [40.764428, -73.993291], [40.76436, -73.993217], [40.764282, -73.993162], [40.764198, -73.993129], [40.76411, -73.993117], [40.764022, -73.993129], [40.763938, -73.993162], [40.76386, -73.993217], [40.763792, -73.993291], [40.763737, -73.993381], [40.763695, -73.993483], [40.763669, -73.993594], [40.763661, -73.99371], [40.763669, -73.993826], [40.763695, -73.993937], [40.763737, -73.994039], [40.763792, -73.994129], [40.76386, -73.994203], [40.76389, -73.994224], [40.763868, -73.994232], [40.76379, -73.994287], [40.763722, -73.994361], [40.763667, -73.994451], [40.763625, -73.994553], [40.763599, -73.994664], [40.763591, -73.99478], [40.763599, -73.994896], [40.763625, -73.995007]]"
63ba7c0b-eb77-4105-9f2b-1f98bd9a3997,Review Warning Zone 73,40.76539,-73.99498,0.05,"[[40.764975, -73.995207], [40.765017, -73.995309], [40.765072, -73.995399], [40.76514, -73.995473], [40.765218, -73.995528], [40.765302, -73.995561], [40.76539, -73.995573], [40.765478, -73.995561], [40.765562, -73.995528], [40.76564, -73.995473], [40.765708, -73.995399], [40.765763, -73.995309], [40.765805, -73.995207], [40.765831, -73.995096], [40.765839, -73.99498], [40.765831, -73.994864], [40.765805, -73.994753], [40.765763, -73.994651], [40.765708, -73.994561], [40.76564, -73.994487], [40.765562, -73.994432], [40.765478, -73.994399], [40.76539, -73.994387], [40.765302, -73.994399], [40.765218, -73.994432], [40.76514, -73.994487], [40.765072, -73.994561], [40.765017, -73.994651], [40.764975, -73.994753], [40.764949, -73.994864], [40.764941, -73.99498], [40.764949, -73.995096]]"
333b099e-4de2-4ac9-b109-ae01c120fe4b,Review Warning Zone 74,40.576569,-73.985207,0.05,"[[40.576196, -73.985536], [40.576251, -73.985626], [40.576319, -73.9857], [40.576397, -73.985755], [40.576481, -73.985788], [40.576569, -73.9858], [40.576657, -73.985788], [40.576741, -73.985755], [40.576819, -73.9857], [40.576887, -73.985626], [40.576942, -73.985536], [40.576984, -73.985434], [40.57701, -73.985323], [40.577018, -73.985207], [40.57701, -73.985091], [40.576984, -73.98498], [40.576942, -73.984878], [40.576887, -73.984788], [40.576819, -73.984714], [40.576741, -73.984659], [40.576657, -73.984626], [40.576569, -73.984614], [40.576481, -73.984626], [40.576397, -73.984659], [40.576319, -73.984714], [40.576251, -73.984788], [40.576196, -73.984878], [40.576154, -73.98498], [40.576128, -73.985091], [40.57612, -73.985207], [40.576128, -73.985323], [40.576154, -73.985434]]"
3182c29c-9392-4673-9cf8-840600fe2930,Review Warning Zone 75,40.61481,-73.9906,0.05,"[[40.614437, -73.990929], [40.614492, -73.991019], [40.61456, -73.991093], [40.614638, -73.991148], [40.614722, -73.991181], [40.61481, -73.991193], [40.614898, -73.991181], [40.614982, -73.991148], [40.61506, -73.991093], [40.615128, -73.991019], [40.615183, -73.990929], [40.615225, -73.990827], [40.615251, -73.990716], [40.615259, -73.9906], [40.615251, -73.990484], [40.615225, -73.990373], [40.615183, -73.990271], [40.615128, -73.990181], [40.61506, -73.990107], [40.614982, -73.990052], [40.614898, -73.990019], [40.61481, -73.990007], [40.614722, -73.990019], [40.614638, -73.990052], [40.61456, -73.990107], [40.614492, -73.990181], [40.614437, -73.990271], [40.614395, -73.990373], [40.614369, -73.990484], [40.614361, -73.9906], [40.614369, -73.990716], [40.614395, -73.990827]]"
19d4c723-1d89-4720-911d-bf661735ff0a,Review Warning Zone 76,40.63984,-73.97482,0.05,"[[40.639425, -73.975047], [40.639467, -73.975149], [40.639522, -73.975239], [40.63959, -73.975313], [40.639668, -73.975368], [40.639752, -73.975401], [40.63984, -73.975413], [40.639928, -73.975401], [40.640012, -73.975368], [40.64009, -73.975313], [40.640158, -73.975239], [40.640213, -73.975149], [40.640255, -73.975047], [40.640281, -73.974936], [40.640289, -73.97482], [40.640281, -73.974704], [40.640255, -73.974593], [40.640213, -73.974491], [40.640158, -73.974401], [40.64009, -73.974327], [40.640012, -73.974272], [40.639928, -73.974239], [40.63984, -73.974227], [40.639752, -73.974239], [40.639668, -73.974272], [40.63959, -73.974327], [40.639522, -73.974401], [40.639467, -73.974491], [40.639425, -73.974593], [40.639399, -73.974704], [40.639391, -73.97482], [40.639399, -73.974936]]"
47b492b1-c907-443d-8472-f027575cec7c,Review Warning Zone 77,40.65774,-73.97557,0.05,"[[40.657325, -73.975797], [40.657367, -73.975899], [40.657422, -73.975989], [40.65749, -73.976063], [40.657568, -73.976118], [40.657652, -73.976151], [40.65774, -73.976163], [40.657828, -73.976151], [40.657912, -73.976118], [40.65799, -73.976063], [40.658058, -73.975989], [40.658113, -73.975899], [40.658155, -73.975797], [40.658181, -73.975686], [40.658189, -73.97557], [40.658181, -73.975454], [40.658155, -73.975343], [40.658113, -73.975241], [40.658058, -73.975151], [40.65799, -73.975077], [40.657912, -73.975022], [40.657828, -73.974989], [40.65774, -73.974977], [40.657652, -73.974989], [40.657568, -73.975022], [40.65749, -73.975077], [40.657422, -73.975151], [40.657367, -73.975241], [40.657325, -73.975343], [40.657299, -73.975454], [40.657291, -73.97557], [40.657299, -73.975686]]"
134009b5-7749-45bb-b944-ff5828aa226e,Review Warning Zone 78,40.65808,-73.98125,0.05,"[[40.657665, -73.981477], [40.657707, -73.981579], [40.657762, -73.981669], [40.65783, -73.981743], [40.657908, -73.981798], [40.657992, -73.981831], [40.65808, -73.981843], [40.658168, -73.981831], [40.658252, -73.981798], [40.65833, -73.981743], [40.658398, -73.981669], [40.658453, -73.981579], [40.658495, -73.981477], [40.658521, -73.981366], [40.658529, -73.98125], [40.658521, -73.981134], [40.658495, -73.981023], [40.658453, -73.980921], [40.658398, -73.980831], [40.65833, -73.980757], [40.658252, -73.980702], [40.658168, -73.980669], [40.65808, -73.980657], [40.657992, -73.980669], [40.657908, -73.980702], [40.65783, -73.980757], [40.657762, -73.980831], [40.657707, -73.980921], [40.657665, -73.981023], [40.657639, -73.981134], [40.657631, -73.98125], [40.657639, -73.981366]]"
5594d496-7833-42ce-a061-d54f24d842cd,Review Warning Zone 79,40.66381,-73.9804,0.05,"[[40.663437, -73.980729], [40.663492, -73.980819], [40.66356, -73.980893], [40.663638, -73.980948], [40.663722, -73.980981], [40.66381, -73.980993], [40.663898, -73.980981], [40.663982, -73.980948], [40.66406, -73.980893], [40.664128, -73.980819], [40.664183, -73.980729], [40.664225, -73.980627], [40.664251, -73.980516], [40.664259, -73.9804], [40.664251, -73.980284], [40.664225, -73.980173], [40.664183, -73.980071], [40.664128, -73.979981], [40.66406, -73.979907], [40.663982, -73.979852], [40.663898, -73.979819], [40.66381, -73.979807], [40.663722, -73.979819], [40.663638, -73.979852], [40.66356, -73.979907], [40.663492, -73.979981], [40.663437, -73.980071], [40.663395, -73.980173], [40.663369, -73.980284], [40.663361, -73.9804], [40.663369, -73.980516], [40.663395, -73.980627]]"
1c0c1f71-a945-4ce3-a5c8-e4fde4e43b05,Review Warning Zone 80,40.6686,-73.98723,0.05,"[[40.668227, -73.987559], [40.668282, -73.987649], [40.66835, -73.987723], [40.668428, -73.987778], [40.668512, -73.987811], [40.6686, -73.987823], [40.668688, -73.987811], [40.668772, -73.987778], [40.66885, -73.987723], [40.668918, -73.987649], [40.668973, -73.987559], [40.669015, -73.987457], [40.669041, -73.987346], [40.669049, -73.98723], [40.669041, -73.987114], [40.669015, -73.987003], [40.668973, -73.986901], [40.668918, -73.986811], [40.66885, -73.986737], [40.668772, -73.986682], [40.668688, -73.986649], [40.6686, -73.986637], [40.668512, -73.986649], [40.668428, -73.986682], [40.66835, -73.986737], [40.668282, -73.986811], [40.668227, -73.986901], [40.668185, -73.987003], [40.668159, -73.987114], [40.668151, -73.98723], [40.668159, -73.987346], [40.668185, -73.987457]]"
d646bbce-b45d-4eca-9a01-e94865064f98,Review Warning Zone 81,40.67174,-73.97464,0.05,"[[40.671325, -73.974867], [40.671367, -73.974969], [40.671422, -73.975059], [40.67149, -73.975133], [40.671568, -73.975188], [40.671652, -73.975221], [40.67174, -73.975233], [40.671828, -73.975221], [40.671912, -73.975188], [40.67199, -73.975133], [40.672058, -73.975059], [40.672113, -73.974969], [40.672155, -73.974867], [40.672181, -73.974756], [40.672189, -73.97464], [40.672181, -73.974524], [40.672155, -73.974413], [40.672113, -73.974311], [40.672058, -73.974221], [40.67199, -73.974147], [40.671912, -73.974092], [40.671828, -73.974059], [40.67174, -73.974047], [40.671652, -73.974059], [40.671568, -73.974092], [40.67149, -73.974147], [40.671422, -73.974221], [40.671367, -73.974311], [40.671325, -73.974413], [40.671299, -73.974524], [40.671291, -73.97464], [40.671299, -73.974756]]"
2c5ea89d-fef6-4e3b-879c-6e8f4b6869b3,Review Warning Zone 82,40.67397,-73.97733,0.05,"[[40.673597, -73.977659], [40.673652, -73.977749], [40.67372, -73.977823], [40.673798, -73.977878], [40.673882, -73.977911], [40.67397, -73.977923], [40.674058, -73.977911], [40.674142, -73.977878], [40.67422, -73.977823], [40.674288, -73.977749], [40.674343, -73.977659], [40.674385, -73.977557], [40.674411, -73.977446], [40.674419, -73.97733], [40.674411, -73.977214], [40.674385, -73.977103], [40.674343, -73.977001], [40.674288, -73.976911], [40.67422, -73.976837], [40.674142, -73.976782], [40.674058, -73.976749], [40.67397, -73.976737], [40.673882, -73.976749], [40.673798, -73.976782], [40.67372, -73.976837], [40.673652, -73.976911], [40.673597, -73.977001], [40.673555, -73.977103], [40.673529, -73.977214], [40.673521, -73.97733], [40.673529, -73.977446], [40.673555, -73.977557]]"
0d142d46-c7fc-4c64-a0c8-bb4d38e5c4ed,Review Warning Zone 83,40.67683,-73.9842,0.05,"[[40.676457, -73.984529], [40.676512, -73.984619], [40.67658, -73.984693], [40.676658, -73.984748], [40.676742, -73.984781], [40.67683, -73.984793], [40.676918, -73.984781], [40.677002, -73.984748], [40.67708, -73.984693], [40.677148, -73.984619], [40.677203, -73.984529], [40.677245, -73.984427], [40.677271, -73.984316], [40.677279, -73.9842], [40.677271, -73.984084], [40.677245, -73.983973], [40.677203, -73.983871], [40.677148, -73.983781], [40.67708, -73.983707], [40.677002, -73.983652], [40.676918, -73.983619], [40.67683, -73.983607], [40.676742, -73.983619], [40.676658, -73.983652], [40.67658, -73.983707], [40.676512, -73.983781], [40.676457, -73.983871], [40.676415, -73.983973], [40.676389, -73.984084], [40.676381, -73.9842], [40.676389, -73.984316], [40.676415, -73.984427]]"
992ed653-2de9-44e6-80e9-f628b408fca8,Review Warning Zone 84,40.68314,-73.98769,0.05,"[[40.682725, -73.987917], [40.682767, -73.988019], [40.682822, -73.988109], [40.68289, -73.988183], [40.682968, -73.988238], [40.683052, -73.988271], [40.68314, -73.988283], [40.683228, -73.988271], [40.683312, -73.988238], [40.68339, -73.988183], [40.683458, -73.988109], [40.683513, -73.988019], [40.683555, -73.987917], [40.683581, -73.987806], [40.683589, -73.98769], [40.683581, -73.987574], [40.683555, -73.987463], [40.683513, -73.987361], [40.683458, -73.987271], [40.68339, -73.987197], [40.683312, -73.987142], [40.683228, -73.987109], [40.68314, -73.987097], [40.683052, -73.987109], [40.682968, -73.987142], [40.68289, -73.987197], [40.682822, -73.987271], [40.682767, -73.987361], [40.682725, -73.987463], [40.682699, -73.987574], [40.682691, -73.98769], [40.682699, -73.987806]]"
c6f2f002-f5f8-41fd-bc99-84d2eb7a91b2,Review Warning Zone 85,40.68369,-73.98586,0.05,"[[40.683317, -73.986189], [40.683372, -73.986279], [40.68344, -73.986353], [40.683518, -73.986408], [40.683602, -73.986441], [40.68369, -73.986453], [40.683778, -73.986441], [40.683862, -73.986408], [40.68394, -73.986353], [40.684008, -73.986279], [40.684063, -73.986189], [40.684105, -73.986087], [40.684131, -73.985976], [40.684139, -73.98586], [40.684131, -73.985744], [40.684105, -73.985633], [40.684063, -73.985531], [40.684008, -73.985441], [40.68394, -73.985367], [40.683862, -73.985312], [40.683778, -73.985279], [40.68369, -73.985267], [40.683602, -73.985279], [40.683518, -73.985312], [40.68344, -73.985367], [40.683372, -73.985441], [40.683317, -73.985531], [40.683275, -73.985633], [40.683249, -73.985744], [40.683241, -73.98586], [40.683249, -73.985976], [40.683275, -73.986087]]"
34df490f-d487-4ef2-b04f-ade869b2690a,Review Warning Zone 86,40.68452,-73.99093,0.05,"[[40.684147, -73.991259], [40.684202, -73.991349], [40.68427, -73.991423], [40.684348, -73.991478], [40.684432, -73.991511], [40.68452, -73.991523], [40.684608, -73.991511], [40.684692, -73.991478], [40.68477, -73.991423], [40.684838, -73.991349], [40.684893, -73.991259], [40.684935, -73.991157], [40.684961, -73.991046], [40.684969, -73.99093], [40.684961, -73.990814], [40.684935, -73.990703], [40.684893, -73.990601], [40.684838, -73.990511], [40.68477, -73.990437], [40.684692, -73.990382], [40.684608, -73.990349], [40.68452, -73.990337], [40.684432, -73.990349], [40.684348, -73.990382], [40.68427, -73.990437], [40.684202, -73.990511], [40.684147, -73.990601], [40.684105, -73.990703], [40.684079, -73.990814], [40.684071, -73.99093], [40.684079, -73.991046], [40.684105, -73.991157]]"
102e1298-6a89-4781-8e24-65dbb108e9aa,Review Warning Zone 87,40.68826,-73.98558,0.05,"[[40.687845, -73.985807], [40.687887, -73.985909], [40.687942, -73.985999], [40.68801, -73.986073], [40.688088, -73.986128], [40.688172, -73.986161], [40.68826, -73.986173], [40.688348, -73.986161], [40.688432, -73.986128], [40.68851, -73.986073], [40.688578, -73.985999], [40.688633, -73.985909], [40.688675, -73.985807], [40.688701, -73.985696], [40.688709, -73.98558], [40.688701, -73.985464], [40.688675, -73.985353], [40.688633, -73.985251], [40.688578, -73.985161], [40.68851, -73.985087], [40.688432, -73.985032], [40.688348, -73.984999], [40.68826, -73.984987], [40.688172, -73.984999], [40.688088, -73.985032], [40.68801, -73.985087], [40.687942, -73.985161], [40.687887, -73.985251], [40.687845, -73.985353], [40.687819, -73.985464], [40.687811, -73.98558], [40.687819, -73.985696]]"
7d32739d-ecbd-4800-9620-b87e0954b876,Review Warning Zone 88,40.68908,-73.98111,0.05,"[[40.688665, -73.981337], [40.688707, -73.981439], [40.688762, -73.981529], [40.68883, -73.981603], [40.688908, -73.981658], [40.688992, -73.981691], [40.68908, -73.981703], [40.689168, -73.981691], [40.689252, -73.981658], [40.68933, -73.981603], [40.689398, -73.981529], [40.689453, -73.981439], [40.689495, -73.981337], [40.689521, -73.981226], [40.689529, -73.98111], [40.689521, -73.980994], [40.689495, -73.980883], [40.689453, -73.980781], [40.689398, -73.980691], [40.68933, -73.980617], [40.689252, -73.980562], [40.689168, -73.980529], [40.68908, -73.980517], [40.688992, -73.980529], [40.688908, -73.980562], [40.68883, -73.980617], [40.688762, -73.980691], [40.688707, -73.980781], [40.688665, -73.980883], [40.688639, -73.980994], [40.688631, -73.98111], [40.688639, -73.981226]]"
d982eb07-13a0-47aa-8d12-a42afad7b829,Review Warning Zone 89,40.69009,-73.98312,0.05,"[[40.689675, -73.983347], [40.689717, -73.983449], [40.689772, -73.983539], [40.68984, -73.983613], [40.689918, -73.983668], [40.690002, -73.983701], [40.69009, -73.983713], [40.690178, -73.983701], [40.690262, -73.983668], [40.69034, -73.983613], [40.690408, -73.983539], [40.690463, -73.983449], [40.690505, -73.983347], [40.690531, -73.983236], [40.690539, -73.98312], [40.690531, -73.983004], [40.690505, -73.982893], [40.690463, -73.982791], [40.690408, -73.982701], [40.69034, -73.982627], [40.690262, -73.982572], [40.690178, -73.982539], [40.69009, -73.982527], [40.690002, -73.982539], [40.689918, -73.982572], [40.68984, -73.982627], [40.689772, -73.982701], [40.689717, -73.982791], [40.689675, -73.982893], [40.689649, -73.983004], [40.689641, -73.98312], [40.689649, -73.983236]]"
3032951d-0690-494a-8435-21e8a66ce1ce,Review Warning Zone 90,40.6903,-73.97589,0.05,"[[40.689927, -73.976219], [40.689982, -73.976309], [40.69005, -73.976383], [40.690128, -73.976438], [40.690212, -73.976471], [40.6903, -73.976483], [40.690388, -73.976471], [40.690472, -73.976438], [40.69055, -73.976383], [40.690618, -73.976309], [40.690673, -73.976219], [40.690715, -73.976117], [40.690741, -73.976006], [40.690749, -73.97589], [40.690741, -73.975774], [40.690715, -73.975663], [40.690673, -73.975561], [40.690618, -73.975471], [40.69055, -73.975397], [40.690472, -73.975342], [40.690388, -73.975309], [40.6903, -73.975297], [40.690212, -73.975309], [40.690128, -73.975342], [40.69005, -73.975397], [40.689982, -73.975471], [40.689927, -73.975561], [40.689885, -73.975663], [40.689859, -73.975774], [40.689851, -73.97589], [40.689859, -73.976006], [40.689885, -73.976117]]"
844250cd-082c-4881-b7b6-a7f7ee1fc307,Review Warning Zone 91,40.691276,-73.972881,0.066,"[[40.690947, -73.973389], [40.691002, -73.973479], [40.69107, -73.973553], [40.691148, -73.973608], [40.691232, -73.973641], [40.69132, -73.973653], [40.691408, -73.973641], [40.691492, -73.973608], [40.69157, -73.973553], [40.691638, -73.973479], [40.691693, -73.973389], [40.691735, -73.973287], [40.691761, -73.973176], [40.691769, -73.97306], [40.691761, -73.972944], [40.691735, -73.972833], [40.691693, -73.972731], [40.691681, -73.972711], [40.691682, -73.972702], [40.691674, -73.972586], [40.691648, -73.972475], [40.691606, -73.972373], [40.691551, -73.972283], [40.691483, -73.972209], [40.691405, -73.972154], [40.691321, -73.972121], [40.691233, -73.972109], [40.691145, -73.972121], [40.691061, -73.972154], [40.690983, -73.972209], [40.690915, -73.972283], [40.69086, -73.972373], [40.690818, -73.972475], [40.690792, -73.972586], [40.690784, -73.972702], [40.690792, -73.972818], [40.690818, -73.972929], [40.69086, -73.973031], [40.690872, -73.973051], [40.690871, -73.97306], [40.690879, -73.973176], [40.690905, -73.973287]]"
e9e8452f-7fb2-4399-983e-67268f4e48b1,Review Warning Zone 92,40.69424,-73.97312,0.05,"[[40.693825, -73.973347], [40.693867, -73.973449], [40.693922, -73.973539], [40.69399, -73.973613], [40.694068, -73.973668], [40.694152, -73.973701], [40.69424, -73.973713], [40.694328, -73.973701], [40.694412, -73.973668], [40.69449, -73.973613], [40.694558, -73.973539], [40.694613, -73.973449], [40.694655, -73.973347], [40.694681, -73.973236], [40.694689, -73.97312], [40.694681, -73.973004], [40.694655, -73.972893], [40.694613, -73.972791], [40.694558, -73.972701], [40.69449, -73.972627], [40.694412, -73.972572], [40.694328, -73.972539], [40.69424, -73.972527], [40.694152, -73.972539], [40.694068, -73.972572], [40.69399, -73.972627], [40.693922, -73.972701], [40.693867, -73.972791], [40.693825, -73.972893], [40.693799, -73.973004], [40.693791, -73.97312], [40.693799, -73.973236]]"
db7a4c19-42cf-4002-a7f5-a12397203ec5,Review Warning Zone 93,40.69575,-73.9743,0.05,"[[40.695335, -73.974527], [40.695377, -73.974629], [40.695432, -73.974719], [40.6955, -73.974793], [40.695578, -73.974848], [40.695662, -73.974881], [40.69575, -73.974893], [40.695838, -73.974881], [40.695922, -73.974848], [40.696, -73.974793], [40.696068, -73.974719], [40.696123, -73.974629], [40.696165, -73.974527], [40.696191, -73.974416], [40.696199, -73.9743], [40.696191, -73.974184], [40.696165, -73.974073], [40.696123, -73.973971], [40.696068, -73.973881], [40.696, -73.973807], [40.695922, -73.973752], [40.695838, -73.973719], [40.69575, -73.973707], [40.695662, -73.973719], [40.695578, -73.973752], [40.6955, -73.973807], [40.695432, -73.973881], [40.695377, -73.973971], [40.695335, -73.974073], [40.695309, -73.974184], [40.695301, -73.9743], [40.695309, -73.974416]]"
fc901299-7f5c-4438-b82c-720d52d4ad80,Review Warning Zone 94,40.69691,-73.97592,0.05,"[[40.696495, -73.976147], [40.696537, -73.976249], [40.696592, -73.976339], [40.69666, -73.976413], [40.696738, -73.976468], [40.696822, -73.976501], [40.69691, -73.976513], [40.696998, -73.976501], [40.697082, -73.976468], [40.69716, -73.976413], [40.697228, -73.976339], [40.697283, -73.976249], [40.697325, -73.976147], [40.697351, -73.976036], [40.697359, -73.97592], [40.697351, -73.975804], [40.697325, -73.975693], [40.697283, -73.975591], [40.697228, -73.975501], [40.69716, -73.975427], [40.697082, -73.975372], [40.696998, -73.975339], [40.69691, -73.975327], [40.696822, -73.975339], [40.696738, -73.975372], [40.69666, -73.975427], [40.696592, -73.975501], [40.696537, -73.975591], [40.696495, -73.975693], [40.696469, -73.975804], [40.696461, -73.97592], [40.696469, -73.976036]]"
f8c6e8c0-a70f-4dda-aeaa-49f7cca0a024,Review Warning Zone 95,40.71271,-73.99104,0.05,"[[40.712337, -73.991369], [40.712392, -73.991459], [40.71246, -73.991533], [40.712538, -73.991588], [40.712622, -73.991621], [40.71271, -73.991633], [40.712798, -73.991621], [40.712882, -73.991588], [40.71296, -73.991533], [40.713028, -73.991459], [40.713083, -73.991369], [40.713125, -73.991267], [40.713151, -73.991156], [40.713159, -73.99104], [40.713151, -73.990924], [40.713125, -73.990813], [40.713083, -73.990711], [40.713028, -73.990621], [40.71296, -73.990547], [40.712882, -73.990492], [40.712798, -73.990459], [40.71271, -73.990447], [40.712622, -73.990459], [40.712538, -73.990492], [40.71246, -73.990547], [40.712392, -73.990621], [40.712337, -73.990711], [40.712295, -73.990813], [40.712269, -73.990924], [40.712261, -73.99104], [40.712269, -73.991156], [40.712295, -73.991267]]"
a087e2ce-76f1-4b1b-98b5-22f1b622863b,Review Warning Zone 96,40.714285,-73.989625,0.084,"[[40.713777, -73.990319], [40.713832, -73.990409], [40.7139, -73.990483], [40.713978, -73.990538], [40.714062, -73.990571], [40.71415, -73.990583], [40.714238, -73.990571], [40.714322, -73.990538], [40.7144, -73.990483], [40.714468, -73.990409], [40.714523, -73.990319], [40.714565, -73.990217], [40.714591, -73.990106], [40.714599, -73.98999], [40.714591, -73.989874], [40.714577, -73.989814], [40.714592, -73.989808], [40.71467, -73.989753], [40.714738, -73.989679], [40.714793, -73.989589], [40.714835, -73.989487], [40.714861, -73.989376], [40.714869, -73.98926], [40.714861, -73.989144], [40.714835, -73.989033], [40.714793, -73.988931], [40.714738, -73.988841], [40.71467, -73.988767], [40.714592, -73.988712], [40.714508, -73.988679], [40.71442, -73.988667], [40.714332, -73.988679], [40.714248, -73.988712], [40.71417, -73.988767], [40.714102, -73.988841], [40.714047, -73.988931], [40.714005, -73.989033], [40.713979, -73.989144], [40.713971, -73.98926], [40.713979, -73.989376], [40.713993, -73.989436], [40.713978, -73.989442], [40.7139, -73.989497], [40.713832, -73.989571], [40.713777, -73.989661], [40.713735, -73.989763], [40.713709, -73.989874], [40.713701, -73.98999], [40.713709, -73.990106], [40.713735, -73.990217]]"
907c1077-228c-40bf-a5bc-d2afdb42c57c,Review Warning Zone 97,40.71451,-73.985935,0.099,"[[40.713825, -73.986617], [40.713867, -73.986719], [40.713922, -73.986809], [40.71399, -73.986883], [40.714068, -73.986938], [40.714152, -73.986971], [40.71424, -73.986983], [40.714328, -73.986971], [40.714412, -73.986938], [40.71449, -73.986883], [40.714558, -73.986809], [40.714613, -73.986719], [40.714655, -73.986617], [40.714681, -73.986506], [40.714689, -73.98639], [40.714681, -73.986274], [40.714655, -73.986163], [40.714613, -73.986061], [40.714581, -73.986008], [40.714608, -73.986028], [40.714692, -73.986061], [40.71478, -73.986073], [40.714868, -73.986061], [40.714952, -73.986028], [40.71503, -73.985973], [40.715098, -73.985899], [40.715153, -73.985809], [40.715195, -73.985707], [40.715221, -73.985596], [40.715229, -73.98548], [40.715221, -73.985364], [40.715195, -73.985253], [40.715153, -73.985151], [40.715098, -73.985061], [40.71503, -73.984987], [40.714952, -73.984932], [40.714868, -73.984899], [40.71478, -73.984887], [40.714692, -73.984899], [40.714608, -73.984932], [40.71453, -73.984987], [40.714462, -73.985061], [40.714407, -73.985151], [40.714365, -73.985253], [40.714339, -73.985364], [40.714331, -73.98548], [40.714339, -73.985596], [40.714365, -73.985707], [40.714407, -73.985809], [40.714439, -73.985862], [40.714412, -73.985842], [40.714328, -73.985809], [40.71424, -73.985797], [40.714152, -73.985809], [40.714068, -73.985842], [40.71399, -73.985897], [40.713922, -73.985971], [40.713867, -73.986061], [40.713825, -73.986163], [40.713799, -73.986274], [40.713791, -73.98639], [40.713799, -73.986506]]"
70de0422-2f99-4e77-a6a0-99317e01cbc3,Review Warning Zone 98,40.71474,-73.99096,0.05,"[[40.714325, -73.991187], [40.714367, -73.991289], [40.714422, -73.991379], [40.71449, -73.991453], [40.714568, -73.991508], [40.714652, -73.991541], [40.71474, -73.991553], [40.714828, -73.991541], [40.714912, -73.991508], [40.71499, -73.991453], [40.715058, -73.991379], [40.715113, -73.991289], [40.715155, -73.991187], [40.715181, -73.991076], [40.715189, -73.99096], [40.715181, -73.990844], [40.715155, -73.990733], [40.715113, -73.990631], [40.715058, -73.990541], [40.71499, -73.990467], [40.714912, -73.990412], [40.714828, -73.990379], [40.71474, -73.990367], [40.714652, -73.990379], [40.714568, -73.990412], [40.71449, -73.990467], [40.714422, -73.990541], [40.714367, -73.990631], [40.714325, -73.990733], [40.714299, -73.990844], [40.714291, -73.99096], [40.714299, -73.991076]]"
8f5d5365-2799-4d88-b65f-a09c74aab35d,Review Warning Zone 99,40.716157,-73.990608,0.089,"[[40.715477, -73.990719], [40.715532, -73.990809], [40.7156, -73.990883], [40.715678, -73.990938], [40.715762, -73.990971], [40.71585, -73.990983], [40.715938, -73.990971], [40.715949, -73.990967], [40.715949, -73.990976], [40.715975, -73.991087], [40.716017, -73.991189], [40.716072, -73.991279], [40.71614, -73.991353], [40.716218, -73.991408], [40.716302, -73.991441], [40.71639, -73.991453], [40.716478, -73.991441], [40.716562, -73.991408], [40.71664, -73.991353], [40.716708, -73.991279], [40.716763, -73.991189], [40.716805, -73.991087], [40.716814, -73.991049], [40.716855, -73.990947], [40.716881, -73.990836], [40.716889, -73.99072], [40.716881, -73.990604], [40.716855, -73.990493], [40.716813, -73.990391], [40.716758, -73.990301], [40.71669, -73.990227], [40.716612, -73.990172], [40.716528, -73.990139], [40.71644, -73.990127], [40.716352, -73.990139], [40.716268, -73.990172], [40.716267, -73.990173], [40.716265, -73.990163], [40.716223, -73.990061], [40.716168, -73.989971], [40.7161, -73.989897], [40.716022, -73.989842], [40.715938, -73.989809], [40.71585, -73.989797], [40.715762, -73.989809], [40.715678, -73.989842], [40.7156, -73.989897], [40.715532, -73.989971], [40.715477, -73.990061], [40.715435, -73.990163], [40.715409, -73.990274], [40.715401, -73.99039], [40.715409, -73.990506], [40.715435, -73.990617]]"
37cc40bf-f182-4002-878b-378a07073c58,Review Warning Zone 100,40.71776,-73.98187,0.05,"[[40.717345, -73.982097], [40.717387, -73.982199], [40.717442, -73.982289], [40.71751, -73.982363], [40.717588, -73.982418], [40.717672, -73.982451], [40.71776, -73.982463], [40.717848, -73.982451], [40.717932, -73.982418], [40.71801, -73.982363], [40.718078, -73.982289], [40.718133, -73.982199], [40.718175, -73.982097], [40.718201, -73.981986], [40.718209, -73.98187], [40.718201, -73.981754], [40.718175, -73.981643], [40.718133, -73.981541], [40.718078, -73.981451], [40.71801, -73.981377], [40.717932, -73.981322], [40.717848, -73.981289], [40.71776, -73.981277], [40.717672, -73.981289], [40.717588, -73.981322], [40.71751, -73.981377], [40.717442, -73.981451], [40.717387, -73.981541], [40.717345, -73.981643], [40.717319, -73.981754], [40.717311, -73.98187], [40.717319, -73.981986]]"
f543c30c-786b-4404-888d-d69cbf2526a0,Review Warning Zone 101,40.717763,-73.983528,0.05,"[[40.717389, -73.983857], [40.717445, -73.983947], [40.717513, -73.984021], [40.717591, -73.984076], [40.717675, -73.984109], [40.717763, -73.984121], [40.71785, -73.984109], [40.717935, -73.984076], [40.718012, -73.984021], [40.71808, -73.983947], [40.718136, -73.983857], [40.718178, -73.983755], [40.718203, -73.983644], [40.718212, -73.983528], [40.718203, -73.983412], [40.718178, -73.983301], [40.718136, -73.983199], [40.71808, -73.983109], [40.718012, -73.983035], [40.717935, -73.98298], [40.71785, -73.982947], [40.717763, -73.982935], [40.717675, -73.982947], [40.717591, -73.98298], [40.717513, -73.983035], [40.717445, -73.983109], [40.717389, -73.983199], [40.717348, -73.983301], [40.717322, -73.983412], [40.717313, -73.983528], [40.717322, -73.983644], [40.717348, -73.983755]]"
9326fabe-9b5b-4261-8c92-ffd4e570afa6,Review Warning Zone 102,40.72051,-73.99054,0.05,"[[40.720095, -73.990767], [40.720137, -73.990869], [40.720192, -73.990959], [40.72026, -73.991033], [40.720338, -73.991088], [40.720422, -73.991121], [40.72051, -73.991133], [40.720598, -73.991121], [40.720682, -73.991088], [40.72076, -73.991033], [40.720828, -73.990959], [40.720883, -73.990869], [40.720925, -73.990767], [40.720951, -73.990656], [40.720959, -73.99054], [40.720951, -73.990424], [40.720925, -73.990313], [40.720883, -73.990211], [40.720828, -73.990121], [40.72076, -73.990047], [40.720682, -73.989992], [40.720598, -73.989959], [40.72051, -73.989947], [40.720422, -73.989959], [40.720338, -73.989992], [40.72026, -73.990047], [40.720192, -73.990121], [40.720137, -73.990211], [40.720095, -73.990313], [40.720069, -73.990424], [40.720061, -73.99054], [40.720069, -73.990656]]"
7e54381e-439a-4b97-a1b1-d972c4dba7e6,Review Warning Zone 103,40.72085,-73.98204,0.05,"[[40.720435, -73.982267], [40.720477, -73.982369], [40.720532, -73.982459], [40.7206, -73.982533], [40.720678, -73.982588], [40.720762, -73.982621], [40.72085, -73.982633], [40.720938, -73.982621], [40.721022, -73.982588], [40.7211, -73.982533], [40.721168, -73.982459], [40.721223, -73.982369], [40.721265, -73.982267], [40.721291, -73.982156], [40.721299, -73.98204], [40.721291, -73.981924], [40.721265, -73.981813], [40.721223, -73.981711], [40.721168, -73.981621], [40.7211, -73.981547], [40.721022, -73.981492], [40.720938, -73.981459], [40.72085, -73.981447], [40.720762, -73.981459], [40.720678, -73.981492], [40.7206, -73.981547], [40.720532, -73.981621], [40.720477, -73.981711], [40.720435, -73.981813], [40.720409, -73.981924], [40.720401, -73.98204], [40.720409, -73.982156]]"
8cd7cf3b-b6a0-4eb0-855e-5ba75431206b,Review Warning Zone 104,40.72175,-73.98361,0.05,"[[40.721377, -73.983939], [40.721432, -73.984029], [40.7215, -73.984103], [40.721578, -73.984158], [40.721662, -73.984191], [40.72175, -73.984203], [40.721838, -73.984191], [40.721922, -73.984158], [40.722, -73.984103], [40.722068, -73.984029], [40.722123, -73.983939], [40.722165, -73.983837], [40.722191, -73.983726], [40.722199, -73.98361], [40.722191, -73.983494], [40.722165, -73.983383], [40.722123, -73.983281], [40.722068, -73.983191], [40.722, -73.983117], [40.721922, -73.983062], [40.721838, -73.983029], [40.72175, -73.983017], [40.721662, -73.983029], [40.721578, -73.983062], [40.7215, -73.983117], [40.721432, -73.983191], [40.721377, -73.983281], [40.721335, -73.983383], [40.721309, -73.983494], [40.721301, -73.98361], [40.721309, -73.983726], [40.721335, -73.983837]]"
fe3e6c8f-67b7-403e-9ab5-bbb81dcd8e9b,Review Warning Zone 105,40.722375,-73.97944,0.068,"[[40.721867, -73.979649], [40.721922, -73.979739], [40.72199, -73.979813], [40.722068, -73.979868], [40.722141, -73.979897], [40.722192, -73.979979], [40.72226, -73.980053], [40.722338, -73.980108], [40.722422, -73.980141], [40.72251, -73.980153], [40.722598, -73.980141], [40.722682, -73.980108], [40.72276, -73.980053], [40.722828, -73.979979], [40.722883, -73.979889], [40.722925, -73.979787], [40.722951, -73.979676], [40.722959, -73.97956], [40.722951, -73.979444], [40.722925, -73.979333], [40.722883, -73.979231], [40.722828, -73.979141], [40.72276, -73.979067], [40.722682, -73.979012], [40.722609, -73.978983], [40.722558, -73.978901], [40.72249, -73.978827], [40.722412, -73.978772], [40.722328, -73.978739], [40.72224, -73.978727], [40.722152, -73.978739], [40.722068, -73.978772], [40.72199, -73.978827], [40.721922, -73.978901], [40.721867, -73.978991], [40.721825, -73.979093], [40.721799, -73.979204], [40.721791, -73.97932], [40.721799, -73.979436], [40.721825, -73.979547]]"
de918881-4aaa-417f-aabe-51a4eb89ffa3,Review Warning Zone 106,40.722775,-73.991125,0.082,"[[40.722175, -73.991637], [40.722217, -73.991739], [40.722272, -73.991829], [40.72234, -73.991903], [40.722418, -73.991958], [40.722502, -73.991991], [40.72259, -73.992003], [40.722678, -73.991991], [40.722762, -73.991958], [40.72284, -73.991903], [40.722908, -73.991829], [40.722963, -73.991739], [40.723005, -73.991637], [40.723031, -73.991526], [40.723038, -73.991423], [40.723048, -73.991421], [40.723132, -73.991388], [40.72321, -73.991333], [40.723278, -73.991259], [40.723333, -73.991169], [40.723375, -73.991067], [40.723401, -73.990956], [40.723409, -73.99084], [40.723401, -73.990724], [40.723375, -73.990613], [40.723333, -73.990511], [40.723278, -73.990421], [40.72321, -73.990347], [40.723132, -73.990292], [40.723048, -73.990259], [40.72296, -73.990247], [40.722872, -73.990259], [40.722788, -73.990292], [40.72271, -73.990347], [40.722642, -73.990421], [40.722587, -73.990511], [40.722545, -73.990613], [40.722519, -73.990724], [40.722512, -73.990827], [40.722502, -73.990829], [40.722418, -73.990862], [40.72234, -73.990917], [40.722272, -73.990991], [40.722217, -73.991081], [40.722175, -73.991183], [40.722149, -73.991294], [40.722141, -73.99141], [40.722149, -73.991526]]"
fb2e76ee-c795-45a7-8835-8d4489a1b991,Review Warning Zone 107,40.72297,-73.98265,0.05,"[[40.722597, -73.982979], [40.722652, -73.983069], [40.72272, -73.983143], [40.722798, -73.983198], [40.722882, -73.983231], [40.72297, -73.983243], [40.723058, -73.983231], [40.723142, -73.983198], [40.72322, -73.983143], [40.723288, -73.983069], [40.723343, -73.982979], [40.723385, -73.982877], [40.723411, -73.982766], [40.723419, -73.98265], [40.723411, -73.982534], [40.723385, -73.982423], [40.723343, -73.982321], [40.723288, -73.982231], [40.72322, -73.982157], [40.723142, -73.982102], [40.723058, -73.982069], [40.72297, -73.982057], [40.722882, -73.982069], [40.722798, -73.982102], [40.72272, -73.982157], [40.722652, -73.982231], [40.722597, -73.982321], [40.722555, -73.982423], [40.722529, -73.982534], [40.722521, -73.98265], [40.722529, -73.982766], [40.722555, -73.982877]]"
1861d011-efd5-4139-bb17-f5eafd80cd97,Review Warning Zone 108,40.72333,-73.975025,0.086,"[[40.722637, -73.975339], [40.722692, -73.975429], [40.72276, -73.975503], [40.722838, -73.975558], [40.722922, -73.975591], [40.72301, -73.975603], [40.723098, -73.975591], [40.723182, -73.975558], [40.72326, -73.975503], [40.723319, -73.975438], [40.723332, -73.975459], [40.7234, -73.975533], [40.723478, -73.975588], [40.723562, -73.975621], [40.72365, -73.975633], [40.723738, -73.975621], [40.723822, -73.975588], [40.7239, -73.975533], [40.723968, -73.975459], [40.724023, -73.975369], [40.724065, -73.975267], [40.724091, -73.975156], [40.724099, -73.97504], [40.724091, -73.974924], [40.724065, -73.974813], [40.724023, -73.974711], [40.723968, -73.974621], [40.7239, -73.974547], [40.723822, -73.974492], [40.723738, -73.974459], [40.72365, -73.974447], [40.723562, -73.974459], [40.723478, -73.974492], [40.7234, -73.974547], [40.723341, -73.974612], [40.723328, -73.974591], [40.72326, -73.974517], [40.723182, -73.974462], [40.723098, -73.974429], [40.72301, -73.974417], [40.722922, -73.974429], [40.722838, -73.974462], [40.72276, -73.974517], [40.722692, -73.974591], [40.722637, -73.974681], [40.722595, -73.974783], [40.722569, -73.974894], [40.722561, -73.97501], [40.722569, -73.975126], [40.722595, -73.975237]]"
d0505bb1-c07f-40ad-b78c-1670c3da0b3e,Review Warning Zone 109,40.723863,-73.976777,0.142,"[[40.722635, -73.976987], [40.722677, -73.977089], [40.722732, -73.977179], [40.7228, -73.977253], [40.722878, -73.977308], [40.722962, -73.977341], [40.72305, -73.977353], [40.723138, -73.977341], [40.723222, -73.977308], [40.7233, -73.977253], [40.723368, -73.977179], [40.723423, -73.977089], [40.72345, -73.977023], [40.723457, -73.977039], [40.723512, -73.977129], [40.72358, -73.977203], [40.723658, -73.977258], [40.723742, -73.977291], [40.72383, -73.977303], [40.723918, -73.977291], [40.724002, -73.977258], [40.72408, -73.977203], [40.724148, -73.977129], [40.724203, -73.977039], [40.724245, -73.976937], [40.724246, -73.976932], [40.724249, -73.976976], [40.724275, -73.977087], [40.724317, -73.977189], [40.724372, -73.977279], [40.72444, -73.977353], [40.724518, -73.977408], [40.724602, -73.977441], [40.72469, -73.977453], [40.724778, -73.977441], [40.724862, -73.977408], [40.72494, -73.977353], [40.725008, -73.977279], [40.725063, -73.977189], [40.725105, -73.977087], [40.725131, -73.976976], [40.725139, -73.97686], [40.725131, -73.976744], [40.725105, -73.976633], [40.725063, -73.976531], [40.725008, -73.976441], [40.72494, -73.976367], [40.724862, -73.976312], [40.724778, -73.976279], [40.72469, -73.976267], [40.724602, -73.976279], [40.724518, -73.976312], [40.72444, -73.976367], [40.724372, -73.976441], [40.724317, -73.976531], [40.724275, -73.976633], [40.724274, -73.976638], [40.724271, -73.976594], [40.724245, -73.976483], [40.724203, -73.976381], [40.724148, -73.976291], [40.72408, -73.976217], [40.724002, -73.976162], [40.723918, -73.976129], [40.72383, -73.976117], [40.723742, -73.976129], [40.723658, -73.976162], [40.72358, -73.976217], [40.723512, -73.976291], [40.723457, -73.976381], [40.72343, -73.976447], [40.723423, -73.976431], [40.723368, -73.976341], [40.7233, -73.976267], [40.723222, -73.976212], [40.723138, -73.976179], [40.72305, -73.976167], [40.722962, -73.976179], [40.722878, -73.976212], [40.7228, -73.976267], [40.722732, -73.976341], [40.722677, -73.976431], [40.722635, -73.976533], [40.722609, -73.976644], [40.722601, -73.97676], [40.722609, -73.976876]]"
d2c419cd-41a7-44e6-9af2-b3216377cc42,Review Warning Zone 110,40.72361,-73.98693,0.05,"[[40.723195, -73.987157], [40.723237, -73.987259], [40.723292, -73.987349], [40.72336, -73.987423], [40.723438, -73.987478], [40.723522, -73.987511], [40.72361, -73.987523], [40.723698, -73.987511], [40.723782, -73.987478], [40.72386, -73.987423], [40.723928, -73.987349], [40.723983, -73.987259], [40.724025, -73.987157], [40.724051, -73.987046], [40.724059, -73.98693], [40.724051, -73.986814], [40.724025, -73.986703], [40.723983, -73.986601], [40.723928, -73.986511], [40.72386, -73.986437], [40.723782, -73.986382], [40.723698, -73.986349], [40.72361, -73.986337], [40.723522, -73.986349], [40.723438, -73.986382], [40.72336, -73.986437], [40.723292, -73.986511], [40.723237, -73.986601], [40.723195, -73.986703], [40.723169, -73.986814], [40.723161, -73.98693], [40.723169, -73.987046]]"
15f1a8e6-9cef-428a-9f04-66304f529540,Review Warning Zone 111,40.72409,-73.99054,0.085,"[[40.723427, -73.990709], [40.723482, -73.990799], [40.72355, -73.990873], [40.723628, -73.990928], [40.723712, -73.990961], [40.7238, -73.990973], [40.723888, -73.990961], [40.723966, -73.99093], [40.724007, -73.991029], [40.724062, -73.991119], [40.72413, -73.991193], [40.724208, -73.991248], [40.724292, -73.991281], [40.72438, -73.991293], [40.724468, -73.991281], [40.724552, -73.991248], [40.72463, -73.991193], [40.724698, -73.991119], [40.724753, -73.991029], [40.724795, -73.990927], [40.724821, -73.990816], [40.724829, -73.9907], [40.724821, -73.990584], [40.724795, -73.990473], [40.724753, -73.990371], [40.724698, -73.990281], [40.72463, -73.990207], [40.724552, -73.990152], [40.724468, -73.990119], [40.72438, -73.990107], [40.724292, -73.990119], [40.724214, -73.99015], [40.724173, -73.990051], [40.724118, -73.989961], [40.72405, -73.989887], [40.723972, -73.989832], [40.723888, -73.989799], [40.7238, -73.989787], [40.723712, -73.989799], [40.723628, -73.989832], [40.72355, -73.989887], [40.723482, -73.989961], [40.723427, -73.990051], [40.723385, -73.990153], [40.723359, -73.990264], [40.723351, -73.99038], [40.723359, -73.990496], [40.723385, -73.990607]]"
55eab2a0-694f-49da-8ac6-e0304debe0fa,Review Warning Zone 112,40.72472,-73.98755,0.05,"[[40.724347, -73.987879], [40.724402, -73.987969], [40.72447, -73.988043], [40.724548, -73.988098], [40.724632, -73.988131], [40.72472, -73.988143], [40.724808, -73.988131], [40.724892, -73.988098], [40.72497, -73.988043], [40.725038, -73.987969], [40.725093, -73.987879], [40.725135, -73.987777], [40.725161, -73.987666], [40.725169, -73.98755], [40.725161, -73.987434], [40.725135, -73.987323], [40.725093, -73.987221], [40.725038, -73.987131], [40.72497, -73.987057], [40.724892, -73.987002], [40.724808, -73.986969], [40.72472, -73.986957], [40.724632, -73.986969], [40.724548, -73.987002], [40.72447, -73.987057], [40.724402, -73.987131], [40.724347, -73.987221], [40.724305, -73.987323], [40.724279, -73.987434], [40.724271, -73.98755], [40.724279, -73.987666], [40.724305, -73.987777]]"
e5bfa6b4-5818-4e5a-b98d-84a546a772a9,Review Warning Zone 113,40.72489,-73.9781,0.05,"[[40.724475, -73.978327], [40.724517, -73.978429], [40.724572, -73.978519], [40.72464, -73.978593], [40.724718, -73.978648], [40.724802, -73.978681], [40.72489, -73.978693], [40.724978, -73.978681], [40.725062, -73.978648], [40.72514, -73.978593], [40.725208, -73.978519], [40.725263, -73.978429], [40.725305, -73.978327], [40.725331, -73.978216], [40.725339, -73.9781], [40.725331, -73.977984], [40.725305, -73.977873], [40.725263, -73.977771], [40.725208, -73.977681], [40.72514, -73.977607], [40.725062, -73.977552], [40.724978, -73.977519], [40.72489, -73.977507], [40.724802, -73.977519], [40.724718, -73.977552], [40.72464, -73.977607], [40.724572, -73.977681], [40.724517, -73.977771], [40.724475, -73.977873], [40.724449, -73.977984], [40.724441, -73.9781], [40.724449, -73.978216]]"
03321350-b40f-409f-8e29-f132a5cd0a7e,Review Warning Zone 114,40.72518,-73.9845,0.05,"[[40.724807, -73.984829], [40.724862, -73.984919], [40.72493, -73.984993], [40.725008, -73.985048], [40.725092, -73.985081], [40.72518, -73.985093], [40.725268, -73.985081], [40.725352, -73.985048], [40.72543, -73.984993], [40.725498, -73.984919], [40.725553, -73.984829], [40.725595, -73.984727], [40.725621, -73.984616], [40.725629, -73.9845], [40.725621, -73.984384], [40.725595, -73.984273], [40.725553, -73.984171], [40.725498, -73.984081], [40.72543, -73.984007], [40.725352, -73.983952], [40.725268, -73.983919], [40.72518, -73.983907], [40.725092, -73.983919], [40.725008, -73.983952], [40.72493, -73.984007], [40.724862, -73.984081], [40.724807, -73.984171], [40.724765, -73.984273], [40.724739, -73.984384], [40.724731, -73.9845], [40.724739, -73.984616], [40.724765, -73.984727]]"
8d5505d2-0c18-4e50-9936-8044e7bcfb16,Review Warning Zone 115,40.72576,-73.9761,0.05,"[[40.725387, -73.976429], [40.725442, -73.976519], [40.72551, -73.976593], [40.725588, -73.976648], [40.725672, -73.976681], [40.72576, -73.976693], [40.725848, -73.976681], [40.725932, -73.976648], [40.72601, -73.976593], [40.726078, -73.976519], [40.726133, -73.976429], [40.726175, -73.976327], [40.726201, -73.976216], [40.726209, -73.9761], [40.726201, -73.975984], [40.726175, -73.975873], [40.726133, -73.975771], [40.726078, -73.975681], [40.72601, -73.975607], [40.725932, -73.975552], [40.725848, -73.975519], [40.72576, -73.975507], [40.725672, -73.975519], [40.725588, -73.975552], [40.72551, -73.975607], [40.725442, -73.975681], [40.725387, -73.975771], [40.725345, -73.975873], [40.725319, -73.975984], [40.725311, -73.9761], [40.725319, -73.976216], [40.725345, -73.976327]]"
eeca15a2-df33-405b-8603-da0fa0eebf89,Review Warning Zone 116,40.72663,-73.98299,0.05,"[[40.726215, -73.983217], [40.726257, -73.983319], [40.726312, -73.983409], [40.72638, -73.983483], [40.726458, -73.983538], [40.726542, -73.983571], [40.72663, -73.983583], [40.726718, -73.983571], [40.726802, -73.983538], [40.72688, -73.983483], [40.726948, -73.983409], [40.727003, -73.983319], [40.727045, -73.983217], [40.727071, -73.983106], [40.727079, -73.98299], [40.727071, -73.982874], [40.727045, -73.982763], [40.727003, -73.982661], [40.726948, -73.982571], [40.72688, -73.982497], [40.726802, -73.982442], [40.726718, -73.982409], [40.72663, -73.982397], [40.726542, -73.982409], [40.726458, -73.982442], [40.72638, -73.982497], [40.726312, -73.982571], [40.726257, -73.982661], [40.726215, -73.982763], [40.726189, -73.982874], [40.726181, -73.98299], [40.726189, -73.983106]]"
a85eb3e3-fa61-4ca5-80d4-8478a3a1bb05,Review Warning Zone 117,40.7289,-73.98243,0.05,"[[40.728485, -73.982657], [40.728527, -73.982759], [40.728582, -73.982849], [40.72865, -73.982923], [40.728728, -73.982978], [40.728812, -73.983011], [40.7289, -73.983023], [40.728988, -73.983011], [40.729072, -73.982978], [40.72915, -73.982923], [40.729218, -73.982849], [40.729273, -73.982759], [40.729315, -73.982657], [40.729341, -73.982546], [40.729349, -73.98243], [40.729341, -73.982314], [40.729315, -73.982203], [40.729273, -73.982101], [40.729218, -73.982011], [40.72915, -73.981937], [40.729072, -73.981882], [40.728988, -73.981849], [40.7289, -73.981837], [40.728812, -73.981849], [40.728728, -73.981882], [40.72865, -73.981937], [40.728582, -73.982011], [40.728527, -73.982101], [40.728485, -73.982203], [40.728459, -73.982314], [40.728451, -73.98243], [40.728459, -73.982546]]"
8f85a64c-a2a0-4e5b-821c-f1fb34dc5843,Review Warning Zone 118,40.73153,-73.98398,0.05,"[[40.731115, -73.984207], [40.731157, -73.984309], [40.731212, -73.984399], [40.73128, -73.984473], [40.731358, -73.984528], [40.731442, -73.984561], [40.73153, -73.984573], [40.731618, -73.984561], [40.731702, -73.984528], [40.73178, -73.984473], [40.731848, -73.984399], [40.731903, -73.984309], [40.731945, -73.984207], [40.731971, -73.984096], [40.731979, -73.98398], [40.731971, -73.983864], [40.731945, -73.983753], [40.731903, -73.983651], [40.731848, -73.983561], [40.73178, -73.983487], [40.731702, -73.983432], [40.731618, -73.983399], [40.73153, -73.983387], [40.731442, -73.983399], [40.731358, -73.983432], [40.73128, -73.983487], [40.731212, -73.983561], [40.731157, -73.983651], [40.731115, -73.983753], [40.731089, -73.983864], [40.731081, -73.98398], [40.731089, -73.984096]]"
007901b2-8481-4a21-b3ac-2b7f26a25a69,Review Warning Zone 119,40.73534,-73.98676,0.05,"[[40.734967, -73.987089], [40.735022, -73.987179], [40.73509, -73.987253], [40.735168, -73.987308], [40.735252, -73.987341], [40.73534, -73.987353], [40.735428, -73.987341], [40.735512, -73.987308], [40.73559, -73.987253], [40.735658, -73.987179], [40.735713, -73.987089], [40.735755, -73.986987], [40.735781, -73.986876], [40.735789, -73.98676], [40.735781, -73.986644], [40.735755, -73.986533], [40.735713, -73.986431], [40.735658, -73.986341], [40.73559, -73.986267], [40.735512, -73.986212], [40.735428, -73.986179], [40.73534, -73.986167], [40.735252, -73.986179], [40.735168, -73.986212], [40.73509, -73.986267], [40.735022, -73.986341], [40.734967, -73.986431], [40.734925, -73.986533], [40.734899, -73.986644], [40.734891, -73.98676], [40.734899, -73.986876], [40.734925, -73.986987]]"
80bbd757-1c2b-4f39-a24b-1b2621af6deb,Review Warning Zone 120,40.7403,-73.98599,0.05,"[[40.739927, -73.986319], [40.739982, -73.986409], [40.74005, -73.986483], [40.740128, -73.986538], [40.740212, -73.986571], [40.7403, -73.986583], [40.740388, -73.986571], [40.740472, -73.986538], [40.74055, -73.986483], [40.740618, -73.986409], [40.740673, -73.986319], [40.740715, -73.986217], [40.740741, -73.986106], [40.740749, -73.98599], [40.740741, -73.985874], [40.740715, -73.985763], [40.740673, -73.985661], [40.740618, -73.985571], [40.74055, -73.985497], [40.740472, -73.985442], [40.740388, -73.985409], [40.7403, -73.985397], [40.740212, -73.985409], [40.740128, -73.985442], [40.74005, -73.985497], [40.739982, -73.985571], [40.739927, -73.985661], [40.739885, -73.985763], [40.739859, -73.985874], [40.739851, -73.98599], [40.739859, -73.986106], [40.739885, -73.986217]]"
1055ea3b-a049-4261-893d-d8abb876ad21,Review Warning Zone 121,40.74136,-73.98337,0.05,"[[40.740945, -73.983597], [40.740987, -73.983699], [40.741042, -73.983789], [40.74111, -73.983863], [40.741188, -73.983918], [40.741272, -73.983951], [40.74136, -73.983963], [40.741448, -73.983951], [40.741532, -73.983918], [40.74161, -73.983863], [40.741678, -73.983789], [40.741733, -73.983699], [40.741775, -73.983597], [40.741801, -73.983486], [40.741809, -73.98337], [40.741801, -73.983254], [40.741775, -73.983143], [40.741733, -73.983041], [40.741678, -73.982951], [40.74161, -73.982877], [40.741532, -73.982822], [40.741448, -73.982789], [40.74136, -73.982777], [40.741272, -73.982789], [40.741188, -73.982822], [40.74111, -73.982877], [40.741042, -73.982951], [40.740987, -73.983041], [40.740945, -73.983143], [40.740919, -73.983254], [40.740911, -73.98337], [40.740919, -73.983486]]"
e034a57a-6610-4d08-b7c7-6f85a3f13fdd,Review Warning Zone 122,40.747289,-73.987703,0.19,"[[40.745727, -73.988489], [40.745782, -73.988579], [40.745832, -73.988633], [40.745839, -73.988736], [40.745865, -73.988847], [40.745907, -73.988949], [40.745962, -73.989039], [40.74603, -73.989113], [40.746108, -73.989168], [40.746192, -73.989201], [40.74628, -73.989213], [40.746368, -73.989201], [40.746452, -73.989168], [40.74653, -73.989113], [40.746598, -73.989039], [40.746653, -73.988949], [40.746695, -73.988847], [40.746721, -73.988736], [40.746729, -73.98862], [40.746721, -73.988504], [40.746695, -73.988393], [40.746658, -73.988303], [40.746685, -73.988237], [40.746698, -73.988181], [40.746752, -73.988269], [40.74682, -73.988343], [40.746898, -73.988398], [40.746931, -73.988411], [40.74696, -73.988443], [40.747038, -73.988498], [40.747122, -73.988531], [40.74721, -73.988543], [40.747298, -73.988531], [40.747382, -73.988498], [40.747397, -73.988487], [40.747379, -73.988564], [40.747371, -73.98868], [40.747379, -73.988796], [40.747405, -73.988907], [40.747447, -73.989009], [40.747502, -73.989099], [40.74757, -73.989173], [40.747648, -73.989228], [40.747732, -73.989261], [40.747789, -73.989269], [40.747832, -73.989339], [40.7479, -73.989413], [40.747978, -73.989468], [40.748062, -73.989501], [40.74815, -73.989513], [40.748238, -73.989501], [40.748322, -73.989468], [40.7484, -73.989413], [40.748468, -73.989339], [40.748523, -73.989249], [40.748565, -73.989147], [40.748591, -73.989036], [40.748599, -73.98892], [40.748596, -73.988876], [40.748601, -73.988856], [40.748609, -73.98874], [40.748602, -73.98864], [40.748632, -73.988628], [40.74871, -73.988573], [40.748778, -73.988499], [40.748833, -73.988409], [40.748875, -73.988307], [40.748901, -73.988196], [40.748909, -73.98808], [40.748901, -73.987964], [40.748875, -73.987853], [40.748833, -73.987751], [40.748778, -73.987661], [40.74871, -73.987587], [40.748632, -73.987532], [40.748584, -73.987513], [40.748595, -73.987487], [40.748621, -73.987376], [40.748629, -73.98726], [40.748621, -73.987144], [40.748595, -73.987033], [40.748569, -73.98697], [40.748571, -73.986966], [40.748579, -73.98685], [40.748571, -73.986734], [40.748557, -73.986674], [40.748559, -73.98664], [40.748551, -73.986524], [40.748525, -73.986413], [40.748483, -73.986311], [40.748428, -73.986221], [40.74836, -73.986147], [40.748282, -73.986092], [40.748198, -73.986059], [40.74811, -73.986047], [40.748022, -73.986059], [40.747938, -73.986092], [40.74786, -73.986147], [40.747792, -73.986221], [40.747783, -73.986235], [40.74772, -73.986227], [40.747632, -73.986239], [40.747548, -73.986272], [40.74747, -73.986327], [40.747402, -73.986401], [40.747347, -73.986491], [40.747313, -73.986574], [40.747283, -73.986501], [40.747228, -73.986411], [40.74716, -73.986337], [40.747082, -73.986282], [40.746998, -73.986249], [40.74691, -73.986237], [40.746822, -73.986249], [40.746738, -73.986282], [40.74666, -73.986337], [40.746592, -73.986411], [40.74658, -73.986431], [40.74654, -73.986387], [40.746462, -73.986332], [40.746378, -73.986299], [40.74629, -73.986287], [40.746202, -73.986299], [40.746118, -73.986332], [40.74604, -73.986387], [40.745972, -73.986461], [40.745917, -73.986551], [40.745875, -73.986653], [40.745865, -73.986695], [40.745832, -73.986731], [40.745777, -73.986821], [40.745735, -73.986923], [40.745709, -73.987034], [40.745701, -73.98715], [40.745709, -73.987266], [40.745735, -73.987377], [40.745777, -73.987479], [40.745832, -73.987569], [40.745894, -73.987636], [40.74585, -73.987667], [40.745782, -73.987741], [40.745727, -73.987831], [40.745685, -73.987933], [40.745659, -73.988044], [40.745651, -73.98816], [40.745659, -73.988276], [40.745685, -73.988387]]"
e012e3a8-70c5-40e0-8bc2-39612b2a889a,Review Warning Zone 123,40.74623,-73.98499,0.05,"[[40.745857, -73.985319], [40.745912, -73.985409], [40.74598, -73.985483], [40.746058, -73.985538], [40.746142, -73.985571], [40.74623, -73.985583], [40.746318, -73.985571], [40.746402, -73.985538], [40.74648, -73.985483], [40.746548, -73.985409], [40.746603, -73.985319], [40.746645, -73.985217], [40.746671, -73.985106], [40.746679, -73.98499], [40.746671, -73.984874], [40.746645, -73.984763], [40.746603, -73.984661], [40.746548, -73.984571], [40.74648, -73.984497], [40.746402, -73.984442], [40.746318, -73.984409], [40.74623, -73.984397], [40.746142, -73.984409], [40.746058, -73.984442], [40.74598, -73.984497], [40.745912, -73.984571], [40.745857, -73.984661], [40.745815, -73.984763], [40.745789, -73.984874], [40.745781, -73.98499], [40.745789, -73.985106], [40.745815, -73.985217]]"
665d58c7-86e2-464c-8d9e-b9aa1ad812a7,Review Warning Zone 124,40.74691,-73.9915,0.05,"[[40.746495, -73.991727], [40.746537, -73.991829], [40.746592, -73.991919], [40.74666, -73.991993], [40.746738, -73.992048], [40.746822, -73.992081], [40.74691, -73.992093], [40.746998, -73.992081], [40.747082, -73.992048], [40.74716, -73.991993], [40.747228, -73.991919], [40.747283, -73.991829], [40.747325, -73.991727], [40.747351, -73.991616], [40.747359, -73.9915], [40.747351, -73.991384], [40.747325, -73.991273], [40.747283, -73.991171], [40.747228, -73.991081], [40.74716, -73.991007], [40.747082, -73.990952], [40.746998, -73.990919], [40.74691, -73.990907], [40.746822, -73.990919], [40.746738, -73.990952], [40.74666, -73.991007], [40.746592, -73.991081], [40.746537, -73.991171], [40.746495, -73.991273], [40.746469, -73.991384], [40.746461, -73.9915], [40.746469, -73.991616]]"
ea5946cb-2980-47ac-a9e4-c266d33d47dc,Review Warning Zone 125,40.74759,-73.9771,0.05,"[[40.747217, -73.977429], [40.747272, -73.977519], [40.74734, -73.977593], [40.747418, -73.977648], [40.747502, -73.977681], [40.74759, -73.977693], [40.747678, -73.977681], [40.747762, -73.977648], [40.74784, -73.977593], [40.747908, -73.977519], [40.747963, -73.977429], [40.748005, -73.977327], [40.748031, -73.977216], [40.748039, -73.9771], [40.748031, -73.976984], [40.748005, -73.976873], [40.747963, -73.976771], [40.747908, -73.976681], [40.74784, -73.976607], [40.747762, -73.976552], [40.747678, -73.976519], [40.74759, -73.976507], [40.747502, -73.976519], [40.747418, -73.976552], [40.74734, -73.976607], [40.747272, -73.976681], [40.747217, -73.976771], [40.747175, -73.976873], [40.747149, -73.976984], [40.747141, -73.9771], [40.747149, -73.977216], [40.747175, -73.977327]]"
442c9700-dfd0-4985-baac-74236de824c6,Review Warning Zone 126,40.7479,-73.99125,0.05,"[[40.747485, -73.991477], [40.747527, -73.991579], [40.747582, -73.991669], [40.74765, -73.991743], [40.747728, -73.991798], [40.747812, -73.991831], [40.7479, -73.991843], [40.747988, -73.991831], [40.748072, -73.991798], [40.74815, -73.991743], [40.748218, -73.991669], [40.748273, -73.991579], [40.748315, -73.991477], [40.748341, -73.991366], [40.748349, -73.99125], [40.748341, -73.991134], [40.748315, -73.991023], [40.748273, -73.990921], [40.748218, -73.990831], [40.74815, -73.990757], [40.748072, -73.990702], [40.747988, -73.990669], [40.7479, -73.990657], [40.747812, -73.990669], [40.747728, -73.990702], [40.74765, -73.990757], [40.747582, -73.990831], [40.747527, -73.990921], [40.747485, -73.991023], [40.747459, -73.991134], [40.747451, -73.99125], [40.747459, -73.991366]]"
4098303c-212d-4287-94d9-13a52f2ad411,Review Warning Zone 127,40.7557,-73.98375,0.05,"[[40.755327, -73.984079], [40.755382, -73.984169], [40.75545, -73.984243], [40.755528, -73.984298], [40.755612, -73.984331], [40.7557, -73.984343], [40.755788, -73.984331], [40.755872, -73.984298], [40.75595, -73.984243], [40.756018, -73.984169], [40.756073, -73.984079], [40.756115, -73.983977], [40.756141, -73.983866], [40.756149, -73.98375], [40.756141, -73.983634], [40.756115, -73.983523], [40.756073, -73.983421], [40.756018, -73.983331], [40.75595, -73.983257], [40.755872, -73.983202], [40.755788, -73.983169], [40.7557, -73.983157], [40.755612, -73.983169], [40.755528, -73.983202], [40.75545, -73.983257], [40.755382, -73.983331], [40.755327, -73.983421], [40.755285, -73.983523], [40.755259, -73.983634], [40.755251, -73.98375], [40.755259, -73.983866], [40.755285, -73.983977]]"
81dec62d-ac2f-401d-ba5b-67b58abac1e0,Review Warning Zone 128,40.75613,-73.98573,0.05,"[[40.755715, -73.985957], [40.755757, -73.986059], [40.755812, -73.986149], [40.75588, -73.986223], [40.755958, -73.986278], [40.756042, -73.986311], [40.75613, -73.986323], [40.756218, -73.986311], [40.756302, -73.986278], [40.75638, -73.986223], [40.756448, -73.986149], [40.756503, -73.986059], [40.756545, -73.985957], [40.756571, -73.985846], [40.756579, -73.98573], [40.756571, -73.985614], [40.756545, -73.985503], [40.756503, -73.985401], [40.756448, -73.985311], [40.75638, -73.985237], [40.756302, -73.985182], [40.756218, -73.985149], [40.75613, -73.985137], [40.756042, -73.985149], [40.755958, -73.985182], [40.75588, -73.985237], [40.755812, -73.985311], [40.755757, -73.985401], [40.755715, -73.985503], [40.755689, -73.985614], [40.755681, -73.98573], [40.755689, -73.985846]]"
7c2dd4a0-9145-4745-8c38-cafbe3a929bd,Review Warning Zone 129,40.75632,-73.98113,0.05,"[[40.755905, -73.981357], [40.755947, -73.981459], [40.756002, -73.981549], [40.75607, -73.981623], [40.756148, -73.981678], [40.756232, -73.981711], [40.75632, -73.981723], [40.756408, -73.981711], [40.756492, -73.981678], [40.75657, -73.981623], [40.756638, -73.981549], [40.756693, -73.981459], [40.756735, -73.981357], [40.756761, -73.981246], [40.756769, -73.98113], [40.756761, -73.981014], [40.756735, -73.980903], [40.756693, -73.980801], [40.756638, -73.980711], [40.75657, -73.980637], [40.756492, -73.980582], [40.756408, -73.980549], [40.75632, -73.980537], [40.756232, -73.980549], [40.756148, -73.980582], [40.75607, -73.980637], [40.756002, -73.980711], [40.755947, -73.980801], [40.755905, -73.980903], [40.755879, -73.981014], [40.755871, -73.98113], [40.755879, -73.981246]]"
82e07a83-6c52-4dc4-bc66-a41a22ac6da6,Review Warning Zone 130,40.75692,-73.99039,0.05,"[[40.756505, -73.990617], [40.756547, -73.990719], [40.756602, -73.990809], [40.75667, -73.990883], [40.756748, -73.990938], [40.756832, -73.990971], [40.75692, -73.990983], [40.757008, -73.990971], [40.757092, -73.990938], [40.75717, -73.990883], [40.757238, -73.990809], [40.757293, -73.990719], [40.757335, -73.990617], [40.757361, -73.990506], [40.757369, -73.99039], [40.757361, -73.990274], [40.757335, -73.990163], [40.757293, -73.990061], [40.757238, -73.989971], [40.75717, -73.989897], [40.757092, -73.989842], [40.757008, -73.989809], [40.75692, -73.989797], [40.756832, -73.989809], [40.756748, -73.989842], [40.75667, -73.989897], [40.756602, -73.989971], [40.756547, -73.990061], [40.756505, -73.990163], [40.756479, -73.990274], [40.756471, -73.99039], [40.756479, -73.990506]]"
dfafc1a9-dd41-4a66-a420-77de76e358ac,Review Warning Zone 131,40.75755,-73.98573,0.05,"[[40.757177, -73.986059], [40.757232, -73.986149], [40.7573, -73.986223], [40.757378, -73.986278], [40.757462, -73.986311], [40.75755, -73.986323], [40.757638, -73.986311], [40.757722, -73.986278], [40.7578, -73.986223], [40.757868, -73.986149], [40.757923, -73.986059], [40.757965, -73.985957], [40.757991, -73.985846], [40.757999, -73.98573], [40.757991, -73.985614], [40.757965, -73.985503], [40.757923, -73.985401], [40.757868, -73.985311], [40.7578, -73.985237], [40.757722, -73.985182], [40.757638, -73.985149], [40.75755, -73.985137], [40.757462, -73.985149], [40.757378, -73.985182], [40.7573, -73.985237], [40.757232, -73.985311], [40.757177, -73.985401], [40.757135, -73.985503], [40.757109, -73.985614], [40.757101, -73.98573], [40.757109, -73.985846], [40.757135, -73.985957]]"
85b40c1d-0262-4530-9e5a-3f3f52b565f7,Review Warning Zone 132,40.759125,-73.983765,0.05,"[[40.758752, -73.984094], [40.758807, -73.984184], [40.758875, -73.984258], [40.758953, -73.984313], [40.759037, -73.984346], [40.759125, -73.984358], [40.759213, -73.984346], [40.759297, -73.984313], [40.759375, -73.984258], [40.759443, -73.984184], [40.759498, -73.984094], [40.75954, -73.983992], [40.759566, -73.983881], [40.759574, -73.983765], [40.759566, -73.983649], [40.75954, -73.983538], [40.759498, -73.983436], [40.759443, -73.983346], [40.759375, -73.983272], [40.759297, -73.983217], [40.759213, -73.983184], [40.759125, -73.983172], [40.759037, -73.983184], [40.758953, -73.983217], [40.758875, -73.983272], [40.758807, -73.983346], [40.758752, -73.983436], [40.75871, -73.983538], [40.758684, -73.983649], [40.758676, -73.983765], [40.758684, -73.983881], [40.75871, -73.983992]]"
9baa497a-9a7a-486d-b681-fc5cd51a3ddc,Review Warning Zone 133,40.76018,-73.99078,0.05,"[[40.759765, -73.991007], [40.759807, -73.991109], [40.759862, -73.991199], [40.75993, -73.991273], [40.760008, -73.991328], [40.760092, -73.991361], [40.76018, -73.991373], [40.760268, -73.991361], [40.760352, -73.991328], [40.76043, -73.991273], [40.760498, -73.991199], [40.760553, -73.991109], [40.760595, -73.991007], [40.760621, -73.990896], [40.760629, -73.99078], [40.760621, -73.990664], [40.760595, -73.990553], [40.760553, -73.990451], [40.760498, -73.990361], [40.76043, -73.990287], [40.760352, -73.990232], [40.760268, -73.990199], [40.76018, -73.990187], [40.760092, -73.990199], [40.760008, -73.990232], [40.75993, -73.990287], [40.759862, -73.990361], [40.759807, -73.990451], [40.759765, -73.990553], [40.759739, -73.990664], [40.759731, -73.99078], [40.759739, -73.990896]]"
a0e6d4c0-6f57-4e72-8621-98d206a3ef1f,Review Warning Zone 134,40.76125,-73.9919,0.05,"[[40.760835, -73.992127], [40.760877, -73.992229], [40.760932, -73.992319], [40.761, -73.992393], [40.761078, -73.992448], [40.761162, -73.992481], [40.76125, -73.992493], [40.761338, -73.992481], [40.761422, -73.992448], [40.7615, -73.992393], [40.761568, -73.992319], [40.761623, -73.992229], [40.761665, -73.992127], [40.761691, -73.992016], [40.761699, -73.9919], [40.761691, -73.991784], [40.761665, -73.991673], [40.761623, -73.991571], [40.761568, -73.991481], [40.7615, -73.991407], [40.761422, -73.991352], [40.761338, -73.991319], [40.76125, -73.991307], [40.761162, -73.991319], [40.761078, -73.991352], [40.761, -73.991407], [40.760932, -73.991481], [40.760877, -73.991571], [40.760835, -73.991673], [40.760809, -73.991784], [40.760801, -73.9919], [40.760809, -73.992016]]"
ca954e06-f9e3-4a3f-912a-efd050e1b63c,Review Warning Zone 135,40.76151,-73.98951,0.05,"[[40.761095, -73.989737], [40.761137, -73.989839], [40.761192, -73.989929], [40.76126, -73.990003], [40.761338, -73.990058], [40.761422, -73.990091], [40.76151, -73.990103], [40.761598, -73.990091], [40.761682, -73.990058], [40.76176, -73.990003], [40.761828, -73.989929], [40.761883, -73.989839], [40.761925, -73.989737], [40.761951, -73.989626], [40.761959, -73.98951], [40.761951, -73.989394], [40.761925, -73.989283], [40.761883, -73.989181], [40.761828, -73.989091], [40.76176, -73.989017], [40.761682, -73.988962], [40.761598, -73.988929], [40.76151, -73.988917], [40.761422, -73.988929], [40.761338, -73.988962], [40.76126, -73.989017], [40.761192, -73.989091], [40.761137, -73.989181], [40.761095, -73.989283], [40.761069, -73.989394], [40.761061, -73.98951], [40.761069, -73.989626]]"
0847d827-6101-4fd7-96bb-2e03d09fd902,Review Warning Zone 136,40.762295,-73.990895,0.061,"[[40.761851, -73.99103], [40.761859, -73.991146], [40.761885, -73.991257], [40.761927, -73.991359], [40.761982, -73.991449], [40.76205, -73.991523], [40.762128, -73.991578], [40.762212, -73.991611], [40.7623, -73.991623], [40.762388, -73.991611], [40.762472, -73.991578], [40.76255, -73.991523], [40.762618, -73.991449], [40.762673, -73.991359], [40.762715, -73.991257], [40.762741, -73.991146], [40.762749, -73.99103], [40.762741, -73.990914], [40.762731, -73.990872], [40.762739, -73.99076], [40.762731, -73.990644], [40.762705, -73.990533], [40.762663, -73.990431], [40.762608, -73.990341], [40.76254, -73.990267], [40.762462, -73.990212], [40.762378, -73.990179], [40.76229, -73.990167], [40.762202, -73.990179], [40.762118, -73.990212], [40.76204, -73.990267], [40.761972, -73.990341], [40.761917, -73.990431], [40.761875, -73.990533], [40.761849, -73.990644], [40.761841, -73.99076], [40.761849, -73.990876], [40.761859, -73.990918]]"
dd463c12-e238-48e3-b614-0f7c2db3f1d8,Review Warning Zone 137,40.76232,-73.98893,0.05,"[[40.761905, -73.989157], [40.761947, -73.989259], [40.762002, -73.989349], [40.76207, -73.989423], [40.762148, -73.989478], [40.762232, -73.989511], [40.76232, -73.989523], [40.762408, -73.989511], [40.762492, -73.989478], [40.76257, -73.989423], [40.762638, -73.989349], [40.762693, -73.989259], [40.762735, -73.989157], [40.762761, -73.989046], [40.762769, -73.98893], [40.762761, -73.988814], [40.762735, -73.988703], [40.762693, -73.988601], [40.762638, -73.988511], [40.76257, -73.988437], [40.762492, -73.988382], [40.762408, -73.988349], [40.76232, -73.988337], [40.762232, -73.988349], [40.762148, -73.988382], [40.76207, -73.988437], [40.762002, -73.988511], [40.761947, -73.988601], [40.761905, -73.988703], [40.761879, -73.988814], [40.761871, -73.98893], [40.761879, -73.989046]]"
530ca3f5-168e-43cd-bc52-15df3b1f2464,Review Warning Zone 138,40.76385,-73.98892,0.05,"[[40.763435, -73.989147], [40.763477, -73.989249], [40.763532, -73.989339], [40.7636, -73.989413], [40.763678, -73.989468], [40.763762, -73.989501], [40.76385, -73.989513], [40.763938, -73.989501], [40.764022, -73.989468], [40.7641, -73.989413], [40.764168, -73.989339], [40.764223, -73.989249], [40.764265, -73.989147], [40.764291, -73.989036], [40.764299, -73.98892], [40.764291, -73.988804], [40.764265, -73.988693], [40.764223, -73.988591], [40.764168, -73.988501], [40.7641, -73.988427], [40.764022, -73.988372], [40.763938, -73.988339], [40.76385, -73.988327], [40.763762, -73.988339], [40.763678, -73.988372], [40.7636, -73.988427], [40.763532, -73.988501], [40.763477, -73.988591], [40.763435, -73.988693], [40.763409, -73.988804], [40.763401, -73.98892], [40.763409, -73.989036]]"
a50f04d6-d142-4bb8-b3a2-8a1967ec20e9,Review Warning Zone 139,40.76639,-73.98449,0.05,"[[40.765975, -73.984717], [40.766017, -73.984819], [40.766072, -73.984909], [40.76614, -73.984983], [40.766218, -73.985038], [40.766302, -73.985071], [40.76639, -73.985083], [40.766478, -73.985071], [40.766562, -73.985038], [40.76664, -73.984983], [40.766708, -73.984909], [40.766763, -73.984819], [40.766805, -73.984717], [40.766831, -73.984606], [40.766839, -73.98449], [40.766831, -73.984374], [40.766805, -73.984263], [40.766763, -73.984161], [40.766708, -73.984071], [40.76664, -73.983997], [40.766562, -73.983942], [40.766478, -73.983909], [40.76639, -73.983897], [40.766302, -73.983909], [40.766218, -73.983942], [40.76614, -73.983997], [40.766072, -73.984071], [40.766017, -73.984161], [40.765975, -73.984263], [40.765949, -73.984374], [40.765941, -73.98449], [40.765949, -73.984606]]"
d6eeee6a-cdc7-4622-9c03-9f6635177fae,Review Warning Zone 140,40.767484,-73.986609,0.05,"[[40.767111, -73.986938], [40.767167, -73.987028], [40.767235, -73.987102], [40.767312, -73.987156], [40.767397, -73.98719], [40.767484, -73.987201], [40.767572, -73.98719], [40.767656, -73.987156], [40.767734, -73.987102], [40.767802, -73.987028], [40.767858, -73.986938], [40.767899, -73.986836], [40.767925, -73.986724], [40.767933, -73.986609], [40.767925, -73.986493], [40.767899, -73.986382], [40.767858, -73.986279], [40.767802, -73.98619], [40.767734, -73.986116], [40.767656, -73.986061], [40.767572, -73.986027], [40.767484, -73.986016], [40.767397, -73.986027], [40.767312, -73.986061], [40.767235, -73.986116], [40.767167, -73.98619], [40.767111, -73.986279], [40.767069, -73.986382], [40.767044, -73.986493], [40.767035, -73.986609], [40.767044, -73.986724], [40.767069, -73.986836]]"
d3230c95-784f-4fdf-8b63-c7db8840b0da,Review Warning Zone 141,40.7675,-73.98541,0.05,"[[40.767127, -73.985739], [40.767182, -73.985829], [40.76725, -73.985903], [40.767328, -73.985958], [40.767412, -73.985991], [40.7675, -73.986003], [40.767588, -73.985991], [40.767672, -73.985958], [40.76775, -73.985903], [40.767818, -73.985829], [40.767873, -73.985739], [40.767915, -73.985637], [40.767941, -73.985526], [40.767949, -73.98541], [40.767941, -73.985294], [40.767915, -73.985183], [40.767873, -73.985081], [40.767818, -73.984991], [40.76775, -73.984917], [40.767672, -73.984862], [40.767588, -73.984829], [40.7675, -73.984817], [40.767412, -73.984829], [40.767328, -73.984862], [40.76725, -73.984917], [40.767182, -73.984991], [40.767127, -73.985081], [40.767085, -73.985183], [40.767059, -73.985294], [40.767051, -73.98541], [40.767059, -73.985526], [40.767085, -73.985637]]"
da3d3e02-2548-480e-9cd6-6a69878c6f4a,Review Warning Zone 142,40.78336,-73.97812,0.05,"[[40.782945, -73.978347], [40.782987, -73.978449], [40.783042, -73.978539], [40.78311, -73.978613], [40.783188, -73.978668], [40.783272, -73.978701], [40.78336, -73.978713], [40.783448, -73.978701], [40.783532, -73.978668], [40.78361, -73.978613], [40.783678, -73.978539], [40.783733, -73.978449], [40.783775, -73.978347], [40.783801, -73.978236], [40.783809, -73.97812], [40.783801, -73.978004], [40.783775, -73.977893], [40.783733, -73.977791], [40.783678, -73.977701], [40.78361, -73.977627], [40.783532, -73.977572], [40.783448, -73.977539], [40.78336, -73.977527], [40.783272, -73.977539], [40.783188, -73.977572], [40.78311, -73.977627], [40.783042, -73.977701], [40.782987, -73.977791], [40.782945, -73.977893], [40.782919, -73.978004], [40.782911, -73.97812], [40.782919, -73.978236]]"
f5b5af93-c876-442f-ae77-f1c91f21e0ae,Review Warning Zone 143,40.78463,-73.97726,0.05,"[[40.784215, -73.977487], [40.784257, -73.977589], [40.784312, -73.977679], [40.78438, -73.977753], [40.784458, -73.977808], [40.784542, -73.977841], [40.78463, -73.977853], [40.784718, -73.977841], [40.784802, -73.977808], [40.78488, -73.977753], [40.784948, -73.977679], [40.785003, -73.977589], [40.785045, -73.977487], [40.785071, -73.977376], [40.785079, -73.97726], [40.785071, -73.977144], [40.785045, -73.977033], [40.785003, -73.976931], [40.784948, -73.976841], [40.78488, -73.976767], [40.784802, -73.976712], [40.784718, -73.976679], [40.78463, -73.976667], [40.784542, -73.976679], [40.784458, -73.976712], [40.78438, -73.976767], [40.784312, -73.976841], [40.784257, -73.976931], [40.784215, -73.977033], [40.784189, -73.977144], [40.784181, -73.97726], [40.784189, -73.977376]]"
c19995b0-15a4-4e61-8092-bd14da53e432,Review Warning Zone 144,40.78547,-73.97488,0.05,"[[40.785055, -73.975107], [40.785097, -73.975209], [40.785152, -73.975299], [40.78522, -73.975373], [40.785298, -73.975428], [40.785382, -73.975461], [40.78547, -73.975473], [40.785558, -73.975461], [40.785642, -73.975428], [40.78572, -73.975373], [40.785788, -73.975299], [40.785843, -73.975209], [40.785885, -73.975107], [40.785911, -73.974996], [40.785919, -73.97488], [40.785911, -73.974764], [40.785885, -73.974653], [40.785843, -73.974551], [40.785788, -73.974461], [40.78572, -73.974387], [40.785642, -73.974332], [40.785558, -73.974299], [40.78547, -73.974287], [40.785382, -73.974299], [40.785298, -73.974332], [40.78522, -73.974387], [40.785152, -73.974461], [40.785097, -73.974551], [40.785055, -73.974653], [40.785029, -73.974764], [40.785021, -73.97488], [40.785029, -73.974996]]"
6f9c4831-504e-4b98-b486-8852cbd505c4,Review Warning Zone 145,40.78846,-73.97459,0.05,"[[40.788087, -73.974919], [40.788142, -73.975009], [40.78821, -73.975083], [40.788288, -73.975138], [40.788372, -73.975171], [40.78846, -73.975183], [40.788548, -73.975171], [40.788632, -73.975138], [40.78871, -73.975083], [40.788778, -73.975009], [40.788833, -73.974919], [40.788875, -73.974817], [40.788901, -73.974706], [40.788909, -73.97459], [40.788901, -73.974474], [40.788875, -73.974363], [40.788833, -73.974261], [40.788778, -73.974171], [40.78871, -73.974097], [40.788632, -73.974042], [40.788548, -73.974009], [40.78846, -73.973997], [40.788372, -73.974009], [40.788288, -73.974042], [40.78821, -73.974097], [40.788142, -73.974171], [40.788087, -73.974261], [40.788045, -73.974363], [40.788019, -73.974474], [40.788011, -73.97459], [40.788019, -73.974706], [40.788045, -73.974817]]"
67c447c5-3e49-48f7-b4d6-85be78d70996,Review Warning Zone 146,40.79543,-73.97359,0.05,"[[40.795057, -73.973919], [40.795112, -73.974009], [40.79518, -73.974083], [40.795258, -73.974138], [40.795342, -73.974171], [40.79543, -73.974183], [40.795518, -73.974171], [40.795602, -73.974138], [40.79568, -73.974083], [40.795748, -73.974009], [40.795803, -73.973919], [40.795845, -73.973817], [40.795871, -73.973706], [40.795879, -73.97359], [40.795871, -73.973474], [40.795845, -73.973363], [40.795803, -73.973261], [40.795748, -73.973171], [40.79568, -73.973097], [40.795602, -73.973042], [40.795518, -73.973009], [40.79543, -73.972997], [40.795342, -73.973009], [40.795258, -73.973042], [40.79518, -73.973097], [40.795112, -73.973171], [40.795057, -73.973261], [40.795015, -73.973363], [40.794989, -73.973474], [40.794981, -73.97359], [40.794989, -73.973706], [40.795015, -73.973817]]"
73f010c8-8e52-4c4d-bbd3-b34eb4bf5bd0,Review Warning Zone 147,40.58418,-73.95929,0.05,"[[40.583765, -73.959517], [40.583807, -73.959619], [40.583862, -73.959709], [40.58393, -73.959783], [40.584008, -73.959838], [40.584092, -73.959871], [40.58418, -73.959883], [40.584268, -73.959871], [40.584352, -73.959838], [40.58443, -73.959783], [40.584498, -73.959709], [40.584553, -73.959619], [40.584595, -73.959517], [40.584621, -73.959406], [40.584629, -73.95929], [40.584621, -73.959174], [40.584595, -73.959063], [40.584553, -73.958961], [40.584498, -73.958871], [40.58443, -73.958797], [40.584352, -73.958742], [40.584268, -73.958709], [40.58418, -73.958697], [40.584092, -73.958709], [40.584008, -73.958742], [40.58393, -73.958797], [40.583862, -73.958871], [40.583807, -73.958961], [40.583765, -73.959063], [40.583739, -73.959174], [40.583731, -73.95929], [40.583739, -73.959406]]"
15e91cef-c7d9-4eb4-9858-a736c3450dde,Review Warning Zone 148,40.5973,-73.96166,0.05,"[[40.596885, -73.961887], [40.596927, -73.961989], [40.596982, -73.962079], [40.59705, -73.962153], [40.597128, -73.962208], [40.597212, -73.962241], [40.5973, -73.962253], [40.597388, -73.962241], [40.597472, -73.962208], [40.59755, -73.962153], [40.597618, -73.962079], [40.597673, -73.961989], [40.597715, -73.961887], [40.597741, -73.961776], [40.597749, -73.96166], [40.597741, -73.961544], [40.597715, -73.961433], [40.597673, -73.961331], [40.597618, -73.961241], [40.59755, -73.961167], [40.597472, -73.961112], [40.597388, -73.961079], [40.5973, -73.961067], [40.597212, -73.961079], [40.597128, -73.961112], [40.59705, -73.961167], [40.596982, -73.961241], [40.596927, -73.961331], [40.596885, -73.961433], [40.596859, -73.961544], [40.596851, -73.96166], [40.596859, -73.961776]]"
40dea780-35e8-4642-a680-799f666dd268,Review Warning Zone 149,40.59997,-73.9563,0.05,"[[40.599555, -73.956527], [40.599597, -73.956629], [40.599652, -73.956719], [40.59972, -73.956793], [40.599798, -73.956848], [40.599882, -73.956881], [40.59997, -73.956893], [40.600058, -73.956881], [40.600142, -73.956848], [40.60022, -73.956793], [40.600288, -73.956719], [40.600343, -73.956629], [40.600385, -73.956527], [40.600411, -73.956416], [40.600419, -73.9563], [40.600411, -73.956184], [40.600385, -73.956073], [40.600343, -73.955971], [40.600288, -73.955881], [40.60022, -73.955807], [40.600142, -73.955752], [40.600058, -73.955719], [40.59997, -73.955707], [40.599882, -73.955719], [40.599798, -73.955752], [40.59972, -73.955807], [40.599652, -73.955881], [40.599597, -73.955971], [40.599555, -73.956073], [40.599529, -73.956184], [40.599521, -73.9563], [40.599529, -73.956416]]"
87f2a029-a892-425a-92f4-a313a89827fe,Review Warning Zone 150,40.60417,-73.95651,0.05,"[[40.603797, -73.956839], [40.603852, -73.956929], [40.60392, -73.957003], [40.603998, -73.957058], [40.604082, -73.957091], [40.60417, -73.957103], [40.604258, -73.957091], [40.604342, -73.957058], [40.60442, -73.957003], [40.604488, -73.956929], [40.604543, -73.956839], [40.604585, -73.956737], [40.604611, -73.956626], [40.604619, -73.95651], [40.604611, -73.956394], [40.604585, -73.956283], [40.604543, -73.956181], [40.604488, -73.956091], [40.60442, -73.956017], [40.604342, -73.955962], [40.604258, -73.955929], [40.60417, -73.955917], [40.604082, -73.955929], [40.603998, -73.955962], [40.60392, -73.956017], [40.603852, -73.956091], [40.603797, -73.956181], [40.603755, -73.956283], [40.603729, -73.956394], [40.603721, -73.95651], [40.603729, -73.956626], [40.603755, -73.956737]]"
6116a575-76b1-4f94-b73e-e93eaeece67f,Review Warning Zone 151,40.63222,-73.95436,0.05,"[[40.631847, -73.954689], [40.631902, -73.954779], [40.63197, -73.954853], [40.632048, -73.954908], [40.632132, -73.954941], [40.63222, -73.954953], [40.632308, -73.954941], [40.632392, -73.954908], [40.63247, -73.954853], [40.632538, -73.954779], [40.632593, -73.954689], [40.632635, -73.954587], [40.632661, -73.954476], [40.632669, -73.95436], [40.632661, -73.954244], [40.632635, -73.954133], [40.632593, -73.954031], [40.632538, -73.953941], [40.63247, -73.953867], [40.632392, -73.953812], [40.632308, -73.953779], [40.63222, -73.953767], [40.632132, -73.953779], [40.632048, -73.953812], [40.63197, -73.953867], [40.631902, -73.953941], [40.631847, -73.954031], [40.631805, -73.954133], [40.631779, -73.954244], [40.631771, -73.95436], [40.631779, -73.954476], [40.631805, -73.954587]]"
1199f5e8-7335-44ed-bc25-8c5b2fc59140,Review Warning Zone 152,40.64163,-73.96001,0.05,"[[40.641215, -73.960237], [40.641257, -73.960339], [40.641312, -73.960429], [40.64138, -73.960503], [40.641458, -73.960558], [40.641542, -73.960591], [40.64163, -73.960603], [40.641718, -73.960591], [40.641802, -73.960558], [40.64188, -73.960503], [40.641948, -73.960429], [40.642003, -73.960339], [40.642045, -73.960237], [40.642071, -73.960126], [40.642079, -73.96001], [40.642071, -73.959894], [40.642045, -73.959783], [40.642003, -73.959681], [40.641948, -73.959591], [40.64188, -73.959517], [40.641802, -73.959462], [40.641718, -73.959429], [40.64163, -73.959417], [40.641542, -73.959429], [40.641458, -73.959462], [40.64138, -73.959517], [40.641312, -73.959591], [40.641257, -73.959681], [40.641215, -73.959783], [40.641189, -73.959894], [40.641181, -73.96001], [40.641189, -73.960126]]"
9fc47bc6-4946-45b1-8bfa-a3d9b9d28f8a,Review Warning Zone 153,40.64366,-73.95547,0.05,"[[40.643245, -73.955697], [40.643287, -73.955799], [40.643342, -73.955889], [40.64341, -73.955963], [40.643488, -73.956018], [40.643572, -73.956051], [40.64366, -73.956063], [40.643748, -73.956051], [40.643832, -73.956018], [40.64391, -73.955963], [40.643978, -73.955889], [40.644033, -73.955799], [40.644075, -73.955697], [40.644101, -73.955586], [40.644109, -73.95547], [40.644101, -73.955354], [40.644075, -73.955243], [40.644033, -73.955141], [40.643978, -73.955051], [40.64391, -73.954977], [40.643832, -73.954922], [40.643748, -73.954889], [40.64366, -73.954877], [40.643572, -73.954889], [40.643488, -73.954922], [40.64341, -73.954977], [40.643342, -73.955051], [40.643287, -73.955141], [40.643245, -73.955243], [40.643219, -73.955354], [40.643211, -73.95547], [40.643219, -73.955586]]"
1123f5cc-6906-4389-8c51-743cec53a3fa,Review Warning Zone 154,40.64799,-73.955525,0.097,"[[40.647545, -73.955197], [40.647587, -73.955299], [40.647642, -73.955389], [40.64771, -73.955463], [40.647788, -73.955518], [40.64784, -73.955538], [40.64777, -73.955587], [40.647702, -73.955661], [40.647647, -73.955751], [40.647605, -73.955853], [40.647579, -73.955964], [40.647571, -73.95608], [40.647579, -73.956196], [40.647605, -73.956307], [40.647647, -73.956409], [40.647702, -73.956499], [40.64777, -73.956573], [40.647848, -73.956628], [40.647932, -73.956661], [40.64802, -73.956673], [40.648108, -73.956661], [40.648192, -73.956628], [40.64827, -73.956573], [40.648338, -73.956499], [40.648393, -73.956409], [40.648435, -73.956307], [40.648461, -73.956196], [40.648469, -73.95608], [40.648461, -73.955964], [40.648435, -73.955853], [40.648393, -73.955751], [40.648338, -73.955661], [40.64827, -73.955587], [40.648192, -73.955532], [40.64814, -73.955512], [40.64821, -73.955463], [40.648278, -73.955389], [40.648333, -73.955299], [40.648375, -73.955197], [40.648401, -73.955086], [40.648409, -73.95497], [40.648401, -73.954854], [40.648375, -73.954743], [40.648333, -73.954641], [40.648278, -73.954551], [40.64821, -73.954477], [40.648132, -73.954422], [40.648048, -73.954389], [40.64796, -73.954377], [40.647872, -73.954389], [40.647788, -73.954422], [40.64771, -73.954477], [40.647642, -73.954551], [40.647587, -73.954641], [40.647545, -73.954743], [40.647519, -73.954854], [40.647511, -73.95497], [40.647519, -73.955086]]"
a5b5d1b7-9afa-4cf2-9e25-0b6b531faf85,Review Warning Zone 155,40.65112,-73.961295,0.096,"[[40.650687, -73.962159], [40.650742, -73.962249], [40.65081, -73.962323], [40.650888, -73.962378], [40.650972, -73.962411], [40.65106, -73.962423], [40.651148, -73.962411], [40.651232, -73.962378], [40.65131, -73.962323], [40.651378, -73.962249], [40.651433, -73.962159], [40.651475, -73.962057], [40.651501, -73.961946], [40.651509, -73.96183], [40.651501, -73.961714], [40.651475, -73.961603], [40.651433, -73.961501], [40.651378, -73.961411], [40.65131, -73.961337], [40.651298, -73.961329], [40.651352, -73.961308], [40.65143, -73.961253], [40.651498, -73.961179], [40.651553, -73.961089], [40.651595, -73.960987], [40.651621, -73.960876], [40.651629, -73.96076], [40.651621, -73.960644], [40.651595, -73.960533], [40.651553, -73.960431], [40.651498, -73.960341], [40.65143, -73.960267], [40.651352, -73.960212], [40.651268, -73.960179], [40.65118, -73.960167], [40.651092, -73.960179], [40.651008, -73.960212], [40.65093, -73.960267], [40.650862, -73.960341], [40.650807, -73.960431], [40.650765, -73.960533], [40.650739, -73.960644], [40.650731, -73.96076], [40.650739, -73.960876], [40.650765, -73.960987], [40.650807, -73.961089], [40.650862, -73.961179], [40.65093, -73.961253], [40.650942, -73.961261], [40.650888, -73.961282], [40.65081, -73.961337], [40.650742, -73.961411], [40.650687, -73.961501], [40.650645, -73.961603], [40.650619, -73.961714], [40.650611, -73.96183], [40.650619, -73.961946], [40.650645, -73.962057]]"
70ca90b2-569e-428c-85fa-a925e2fa0093,Review Warning Zone 156,40.651923,-73.957688,0.091,"[[40.651445, -73.957437], [40.651487, -73.957539], [40.651538, -73.957622], [40.651525, -73.957653], [40.651499, -73.957764], [40.651491, -73.95788], [40.651499, -73.957996], [40.651525, -73.958107], [40.651542, -73.958148], [40.651541, -73.95816], [40.651549, -73.958276], [40.651575, -73.958387], [40.651617, -73.958489], [40.651672, -73.958579], [40.65174, -73.958653], [40.651818, -73.958708], [40.651902, -73.958741], [40.65199, -73.958753], [40.652078, -73.958741], [40.652162, -73.958708], [40.65224, -73.958653], [40.652308, -73.958579], [40.652363, -73.958489], [40.652405, -73.958387], [40.652431, -73.958276], [40.652439, -73.95816], [40.652431, -73.958044], [40.652405, -73.957933], [40.652388, -73.957892], [40.652389, -73.95788], [40.652381, -73.957764], [40.652355, -73.957653], [40.652313, -73.957551], [40.652262, -73.957468], [40.652275, -73.957437], [40.652301, -73.957326], [40.652309, -73.95721], [40.652301, -73.957094], [40.652275, -73.956983], [40.652233, -73.956881], [40.652178, -73.956791], [40.65211, -73.956717], [40.652032, -73.956662], [40.651948, -73.956629], [40.65186, -73.956617], [40.651772, -73.956629], [40.651688, -73.956662], [40.65161, -73.956717], [40.651542, -73.956791], [40.651487, -73.956881], [40.651445, -73.956983], [40.651419, -73.957094], [40.651411, -73.95721], [40.651419, -73.957326]]"
d5d58b59-2dd8-4a9f-b472-fd015c811317,Review Warning Zone 157,40.6522,-73.96164,0.05,"[[40.651827, -73.961969], [40.651882, -73.962059], [40.65195, -73.962133], [40.652028, -73.962188], [40.652112, -73.962221], [40.6522, -73.962233], [40.652288, -73.962221], [40.652372, -73.962188], [40.65245, -73.962133], [40.652518, -73.962059], [40.652573, -73.961969], [40.652615, -73.961867], [40.652641, -73.961756], [40.652649, -73.96164], [40.652641, -73.961524], [40.652615, -73.961413], [40.652573, -73.961311], [40.652518, -73.961221], [40.65245, -73.961147], [40.652372, -73.961092], [40.652288, -73.961059], [40.6522, -73.961047], [40.652112, -73.961059], [40.652028, -73.961092], [40.65195, -73.961147], [40.651882, -73.961221], [40.651827, -73.961311], [40.651785, -73.961413], [40.651759, -73.961524], [40.651751, -73.96164], [40.651759, -73.961756], [40.651785, -73.961867]]"
dac3888c-691b-4b7f-90b1-2112ecc2313c,Review Warning Zone 158,40.65278,-73.95744,0.05,"[[40.652365, -73.957667], [40.652407, -73.957769], [40.652462, -73.957859], [40.65253, -73.957933], [40.652608, -73.957988], [40.652692, -73.958021], [40.65278, -73.958033], [40.652868, -73.958021], [40.652952, -73.957988], [40.65303, -73.957933], [40.653098, -73.957859], [40.653153, -73.957769], [40.653195, -73.957667], [40.653221, -73.957556], [40.653229, -73.95744], [40.653221, -73.957324], [40.653195, -73.957213], [40.653153, -73.957111], [40.653098, -73.957021], [40.65303, -73.956947], [40.652952, -73.956892], [40.652868, -73.956859], [40.65278, -73.956847], [40.652692, -73.956859], [40.652608, -73.956892], [40.65253, -73.956947], [40.652462, -73.957021], [40.652407, -73.957111], [40.652365, -73.957213], [40.652339, -73.957324], [40.652331, -73.95744], [40.652339, -73.957556]]"
f319cb07-e5df-4033-a9fe-aa99d93814cb,Review Warning Zone 159,40.65534,-73.95557,0.05,"[[40.654925, -73.955797], [40.654967, -73.955899], [40.655022, -73.955989], [40.65509, -73.956063], [40.655168, -73.956118], [40.655252, -73.956151], [40.65534, -73.956163], [40.655428, -73.956151], [40.655512, -73.956118], [40.65559, -73.956063], [40.655658, -73.955989], [40.655713, -73.955899], [40.655755, -73.955797], [40.655781, -73.955686], [40.655789, -73.95557], [40.655781, -73.955454], [40.655755, -73.955343], [40.655713, -73.955241], [40.655658, -73.955151], [40.65559, -73.955077], [40.655512, -73.955022], [40.655428, -73.954989], [40.65534, -73.954977], [40.655252, -73.954989], [40.655168, -73.955022], [40.65509, -73.955077], [40.655022, -73.955151], [40.654967, -73.955241], [40.654925, -73.955343], [40.654899, -73.955454], [40.654891, -73.95557], [40.654899, -73.955686]]"
a380584d-51a4-4152-b6c7-62826e57be2a,Review Warning Zone 160,40.65579,-73.9581,0.05,"[[40.655375, -73.958327], [40.655417, -73.958429], [40.655472, -73.958519], [40.65554, -73.958593], [40.655618, -73.958648], [40.655702, -73.958681], [40.65579, -73.958693], [40.655878, -73.958681], [40.655962, -73.958648], [40.65604, -73.958593], [40.656108, -73.958519], [40.656163, -73.958429], [40.656205, -73.958327], [40.656231, -73.958216], [40.656239, -73.9581], [40.656231, -73.957984], [40.656205, -73.957873], [40.656163, -73.957771], [40.656108, -73.957681], [40.65604, -73.957607], [40.655962, -73.957552], [40.655878, -73.957519], [40.65579, -73.957507], [40.655702, -73.957519], [40.655618, -73.957552], [40.65554, -73.957607], [40.655472, -73.957681], [40.655417, -73.957771], [40.655375, -73.957873], [40.655349, -73.957984], [40.655341, -73.9581], [40.655349, -73.958216]]"
378074af-db1e-4482-8596-8c29cec6e7fb,Review Warning Zone 161,40.657107,-73.959414,0.05,"[[40.656734, -73.959743], [40.65679, -73.959833], [40.656858, -73.959906], [40.656936, -73.959961], [40.65702, -73.959995], [40.657107, -73.960006], [40.657195, -73.959995], [40.657279, -73.959961], [40.657357, -73.959906], [40.657425, -73.959833], [40.657481, -73.959743], [40.657522, -73.95964], [40.657548, -73.959529], [40.657557, -73.959414], [40.657548, -73.959298], [40.657522, -73.959187], [40.657481, -73.959084], [40.657425, -73.958994], [40.657357, -73.958921], [40.657279, -73.958866], [40.657195, -73.958832], [40.657107, -73.958821], [40.65702, -73.958832], [40.656936, -73.958866], [40.656858, -73.958921], [40.65679, -73.958994], [40.656734, -73.959084], [40.656692, -73.959187], [40.656667, -73.959298], [40.656658, -73.959414], [40.656667, -73.959529], [40.656692, -73.95964]]"
1098c5ed-5901-4348-9269-515f2abd5cd8,Review Warning Zone 162,40.65712,-73.96105,0.05,"[[40.656747, -73.961379], [40.656802, -73.961469], [40.65687, -73.961543], [40.656948, -73.961598], [40.657032, -73.961631], [40.65712, -73.961643], [40.657208, -73.961631], [40.657292, -73.961598], [40.65737, -73.961543], [40.657438, -73.961469], [40.657493, -73.961379], [40.657535, -73.961277], [40.657561, -73.961166], [40.657569, -73.96105], [40.657561, -73.960934], [40.657535, -73.960823], [40.657493, -73.960721], [40.657438, -73.960631], [40.65737, -73.960557], [40.657292, -73.960502], [40.657208, -73.960469], [40.65712, -73.960457], [40.657032, -73.960469], [40.656948, -73.960502], [40.65687, -73.960557], [40.656802, -73.960631], [40.656747, -73.960721], [40.656705, -73.960823], [40.656679, -73.960934], [40.656671, -73.96105], [40.656679, -73.961166], [40.656705, -73.961277]]"
1a534451-f06f-4e79-bff0-8516c43680de,Review Warning Zone 163,40.65796,-73.95901,0.05,"[[40.657545, -73.959237], [40.657587, -73.959339], [40.657642, -73.959429], [40.65771, -73.959503], [40.657788, -73.959558], [40.657872, -73.959591], [40.65796, -73.959603], [40.658048, -73.959591], [40.658132, -73.959558], [40.65821, -73.959503], [40.658278, -73.959429], [40.658333, -73.959339], [40.658375, -73.959237], [40.658401, -73.959126], [40.658409, -73.95901], [40.658401, -73.958894], [40.658375, -73.958783], [40.658333, -73.958681], [40.658278, -73.958591], [40.65821, -73.958517], [40.658132, -73.958462], [40.658048, -73.958429], [40.65796, -73.958417], [40.657872, -73.958429], [40.657788, -73.958462], [40.65771, -73.958517], [40.657642, -73.958591], [40.657587, -73.958681], [40.657545, -73.958783], [40.657519, -73.958894], [40.657511, -73.95901], [40.657519, -73.959126]]"
c37f9059-c1ac-48bb-b14b-e295b109e17d,Review Warning Zone 164,40.658816,-73.960007,0.092,"[[40.658542, -73.960997], [40.65862, -73.961052], [40.658704, -73.961085], [40.658792, -73.961097], [40.658879, -73.961085], [40.658963, -73.961052], [40.659041, -73.960997], [40.659109, -73.960923], [40.659165, -73.960833], [40.659207, -73.960731], [40.659232, -73.96062], [40.659241, -73.960504], [40.659232, -73.960388], [40.659207, -73.960277], [40.659165, -73.960175], [40.659109, -73.960085], [40.659056, -73.960027], [40.65909, -73.960003], [40.659158, -73.959929], [40.659213, -73.959839], [40.659255, -73.959737], [40.659281, -73.959626], [40.659289, -73.95951], [40.659281, -73.959394], [40.659255, -73.959283], [40.659213, -73.959181], [40.659158, -73.959091], [40.65909, -73.959017], [40.659012, -73.958962], [40.658928, -73.958929], [40.65884, -73.958917], [40.658752, -73.958929], [40.658668, -73.958962], [40.65859, -73.959017], [40.658522, -73.959091], [40.658467, -73.959181], [40.658425, -73.959283], [40.658399, -73.959394], [40.658391, -73.95951], [40.658399, -73.959626], [40.658425, -73.959737], [40.658467, -73.959839], [40.658522, -73.959929], [40.658576, -73.959987], [40.658542, -73.960011], [40.658474, -73.960085], [40.658418, -73.960175], [40.658377, -73.960277], [40.658351, -73.960388], [40.658342, -73.960504], [40.658351, -73.96062], [40.658377, -73.960731], [40.658418, -73.960833], [40.658474, -73.960923]]"
e8f5d9ba-b03b-4a73-93be-eb8b81c45959,Review Warning Zone 165,40.66095,-73.95916,0.05,"[[40.660535, -73.959387], [40.660577, -73.959489], [40.660632, -73.959579], [40.6607, -73.959653], [40.660778, -73.959708], [40.660862, -73.959741], [40.66095, -73.959753], [40.661038, -73.959741], [40.661122, -73.959708], [40.6612, -73.959653], [40.661268, -73.959579], [40.661323, -73.959489], [40.661365, -73.959387], [40.661391, -73.959276], [40.661399, -73.95916], [40.661391, -73.959044], [40.661365, -73.958933], [40.661323, -73.958831], [40.661268, -73.958741], [40.6612, -73.958667], [40.661122, -73.958612], [40.661038, -73.958579], [40.66095, -73.958567], [40.660862, -73.958579], [40.660778, -73.958612], [40.6607, -73.958667], [40.660632, -73.958741], [40.660577, -73.958831], [40.660535, -73.958933], [40.660509, -73.959044], [40.660501, -73.95916], [40.660509, -73.959276]]"
72b6fcfe-0207-4b9f-8ce5-1a314e36b821,Review Warning Zone 166,40.66113,-73.96229,0.05,"[[40.660757, -73.962619], [40.660812, -73.962709], [40.66088, -73.962783], [40.660958, -73.962838], [40.661042, -73.962871], [40.66113, -73.962883], [40.661218, -73.962871], [40.661302, -73.962838], [40.66138, -73.962783], [40.661448, -73.962709], [40.661503, -73.962619], [40.661545, -73.962517], [40.661571, -73.962406], [40.661579, -73.96229], [40.661571, -73.962174], [40.661545, -73.962063], [40.661503, -73.961961], [40.661448, -73.961871], [40.66138, -73.961797], [40.661302, -73.961742], [40.661218, -73.961709], [40.66113, -73.961697], [40.661042, -73.961709], [40.660958, -73.961742], [40.66088, -73.961797], [40.660812, -73.961871], [40.660757, -73.961961], [40.660715, -73.962063], [40.660689, -73.962174], [40.660681, -73.96229], [40.660689, -73.962406], [40.660715, -73.962517]]"
1701d4eb-fbdd-42d2-a776-8dfb76920eff,Review Warning Zone 167,40.66161,-73.95644,0.05,"[[40.661237, -73.956769], [40.661292, -73.956859], [40.66136, -73.956933], [40.661438, -73.956988], [40.661522, -73.957021], [40.66161, -73.957033], [40.661698, -73.957021], [40.661782, -73.956988], [40.66186, -73.956933], [40.661928, -73.956859], [40.661983, -73.956769], [40.662025, -73.956667], [40.662051, -73.956556], [40.662059, -73.95644], [40.662051, -73.956324], [40.662025, -73.956213], [40.661983, -73.956111], [40.661928, -73.956021], [40.66186, -73.955947], [40.661782, -73.955892], [40.661698, -73.955859], [40.66161, -73.955847], [40.661522, -73.955859], [40.661438, -73.955892], [40.66136, -73.955947], [40.661292, -73.956021], [40.661237, -73.956111], [40.661195, -73.956213], [40.661169, -73.956324], [40.661161, -73.95644], [40.661169, -73.956556], [40.661195, -73.956667]]"
307eae01-4f2b-4c0e-90a9-c19273d15058,Review Warning Zone 168,40.66553,-73.95638,0.05,"[[40.665115, -73.956607], [40.665157, -73.956709], [40.665212, -73.956799], [40.66528, -73.956873], [40.665358, -73.956928], [40.665442, -73.956961], [40.66553, -73.956973], [40.665618, -73.956961], [40.665702, -73.956928], [40.66578, -73.956873], [40.665848, -73.956799], [40.665903, -73.956709], [40.665945, -73.956607], [40.665971, -73.956496], [40.665979, -73.95638], [40.665971, -73.956264], [40.665945, -73.956153], [40.665903, -73.956051], [40.665848, -73.955961], [40.66578, -73.955887], [40.665702, -73.955832], [40.665618, -73.955799], [40.66553, -73.955787], [40.665442, -73.955799], [40.665358, -73.955832], [40.66528, -73.955887], [40.665212, -73.955961], [40.665157, -73.956051], [40.665115, -73.956153], [40.665089, -73.956264], [40.665081, -73.95638], [40.665089, -73.956496]]"
f5205614-a7e9-4bf7-9352-2a982f626bde,Review Warning Zone 169,40.66776,-73.9588,0.05,"[[40.667345, -73.959027], [40.667387, -73.959129], [40.667442, -73.959219], [40.66751, -73.959293], [40.667588, -73.959348], [40.667672, -73.959381], [40.66776, -73.959393], [40.667848, -73.959381], [40.667932, -73.959348], [40.66801, -73.959293], [40.668078, -73.959219], [40.668133, -73.959129], [40.668175, -73.959027], [40.668201, -73.958916], [40.668209, -73.9588], [40.668201, -73.958684], [40.668175, -73.958573], [40.668133, -73.958471], [40.668078, -73.958381], [40.66801, -73.958307], [40.667932, -73.958252], [40.667848, -73.958219], [40.66776, -73.958207], [40.667672, -73.958219], [40.667588, -73.958252], [40.66751, -73.958307], [40.667442, -73.958381], [40.667387, -73.958471], [40.667345, -73.958573], [40.667319, -73.958684], [40.667311, -73.9588], [40.667319, -73.958916]]"
341062b3-a5ec-40b7-9111-7505bce2774d,Review Warning Zone 170,40.67046,-73.95618,0.05,"[[40.670045, -73.956407], [40.670087, -73.956509], [40.670142, -73.956599], [40.67021, -73.956673], [40.670288, -73.956728], [40.670372, -73.956761], [40.67046, -73.956773], [40.670548, -73.956761], [40.670632, -73.956728], [40.67071, -73.956673], [40.670778, -73.956599], [40.670833, -73.956509], [40.670875, -73.956407], [40.670901, -73.956296], [40.670909, -73.95618], [40.670901, -73.956064], [40.670875, -73.955953], [40.670833, -73.955851], [40.670778, -73.955761], [40.67071, -73.955687], [40.670632, -73.955632], [40.670548, -73.955599], [40.67046, -73.955587], [40.670372, -73.955599], [40.670288, -73.955632], [40.67021, -73.955687], [40.670142, -73.955761], [40.670087, -73.955851], [40.670045, -73.955953], [40.670019, -73.956064], [40.670011, -73.95618], [40.670019, -73.956296]]"
6ec5f899-47ea-49d0-b563-03de27ec2574,Review Warning Zone 171,40.67357,-73.9645,0.05,"[[40.673197, -73.964829], [40.673252, -73.964919], [40.67332, -73.964993], [40.673398, -73.965048], [40.673482, -73.965081], [40.67357, -73.965093], [40.673658, -73.965081], [40.673742, -73.965048], [40.67382, -73.964993], [40.673888, -73.964919], [40.673943, -73.964829], [40.673985, -73.964727], [40.674011, -73.964616], [40.674019, -73.9645], [40.674011, -73.964384], [40.673985, -73.964273], [40.673943, -73.964171], [40.673888, -73.964081], [40.67382, -73.964007], [40.673742, -73.963952], [40.673658, -73.963919], [40.67357, -73.963907], [40.673482, -73.963919], [40.673398, -73.963952], [40.67332, -73.964007], [40.673252, -73.964081], [40.673197, -73.964171], [40.673155, -73.964273], [40.673129, -73.964384], [40.673121, -73.9645], [40.673129, -73.964616], [40.673155, -73.964727]]"
5a0258fa-3c1d-4357-9c0c-f01848765dd5,Review Warning Zone 172,40.67389,-73.95817,0.05,"[[40.673517, -73.958499], [40.673572, -73.958589], [40.67364, -73.958663], [40.673718, -73.958718], [40.673802, -73.958751], [40.67389, -73.958763], [40.673978, -73.958751], [40.674062, -73.958718], [40.67414, -73.958663], [40.674208, -73.958589], [40.674263, -73.958499], [40.674305, -73.958397], [40.674331, -73.958286], [40.674339, -73.95817], [40.674331, -73.958054], [40.674305, -73.957943], [40.674263, -73.957841], [40.674208, -73.957751], [40.67414, -73.957677], [40.674062, -73.957622], [40.673978, -73.957589], [40.67389, -73.957577], [40.673802, -73.957589], [40.673718, -73.957622], [40.67364, -73.957677], [40.673572, -73.957751], [40.673517, -73.957841], [40.673475, -73.957943], [40.673449, -73.958054], [40.673441, -73.95817], [40.673449, -73.958286], [40.673475, -73.958397]]"
5de29076-0e16-415a-bd06-0a8f88ccad29,Review Warning Zone 173,40.675861,-73.956103,0.05,"[[40.675446, -73.95633], [40.675487, -73.956433], [40.675543, -73.956522], [40.675611, -73.956596], [40.675689, -73.956651], [40.675773, -73.956685], [40.675861, -73.956696], [40.675948, -73.956685], [40.676032, -73.956651], [40.67611, -73.956596], [40.676178, -73.956522], [40.676234, -73.956433], [40.676276, -73.95633], [40.676301, -73.956219], [40.67631, -73.956103], [40.676301, -73.955988], [40.676276, -73.955876], [40.676234, -73.955774], [40.676178, -73.955684], [40.67611, -73.95561], [40.676032, -73.955556], [40.675948, -73.955522], [40.675861, -73.955511], [40.675773, -73.955522], [40.675689, -73.955556], [40.675611, -73.95561], [40.675543, -73.955684], [40.675487, -73.955774], [40.675446, -73.955876], [40.67542, -73.955988], [40.675411, -73.956103], [40.67542, -73.956219]]"
04ca8963-3f3f-42f1-b5c3-466a95325c6e,Review Warning Zone 174,40.67701,-73.97118,0.05,"[[40.676595, -73.971407], [40.676637, -73.971509], [40.676692, -73.971599], [40.67676, -73.971673], [40.676838, -73.971728], [40.676922, -73.971761], [40.67701, -73.971773], [40.677098, -73.971761], [40.677182, -73.971728], [40.67726, -73.971673], [40.677328, -73.971599], [40.677383, -73.971509], [40.677425, -73.971407], [40.677451, -73.971296], [40.677459, -73.97118], [40.677451, -73.971064], [40.677425, -73.970953], [40.677383, -73.970851], [40.677328, -73.970761], [40.67726, -73.970687], [40.677182, -73.970632], [40.677098, -73.970599], [40.67701, -73.970587], [40.676922, -73.970599], [40.676838, -73.970632], [40.67676, -73.970687], [40.676692, -73.970761], [40.676637, -73.970851], [40.676595, -73.970953], [40.676569, -73.971064], [40.676561, -73.97118], [40.676569, -73.971296]]"
abb0057d-33c1-41ff-b96e-340ef58da90f,Review Warning Zone 175,40.68089,-73.9629,0.05,"[[40.680475, -73.963127], [40.680517, -73.963229], [40.680572, -73.963319], [40.68064, -73.963393], [40.680718, -73.963448], [40.680802, -73.963481], [40.68089, -73.963493], [40.680978, -73.963481], [40.681062, -73.963448], [40.68114, -73.963393], [40.681208, -73.963319], [40.681263, -73.963229], [40.681305, -73.963127], [40.681331, -73.963016], [40.681339, -73.9629], [40.681331, -73.962784], [40.681305, -73.962673], [40.681263, -73.962571], [40.681208, -73.962481], [40.68114, -73.962407], [40.681062, -73.962352], [40.680978, -73.962319], [40.68089, -73.962307], [40.680802, -73.962319], [40.680718, -73.962352], [40.68064, -73.962407], [40.680572, -73.962481], [40.680517, -73.962571], [40.680475, -73.962673], [40.680449, -73.962784], [40.680441, -73.9629], [40.680449, -73.963016]]"
144ad12c-72c5-4013-91de-dd9e5d240761,Review Warning Zone 176,40.68251,-73.96071,0.05,"[[40.682137, -73.961039], [40.682192, -73.961129], [40.68226, -73.961203], [40.682338, -73.961258], [40.682422, -73.961291], [40.68251, -73.961303], [40.682598, -73.961291], [40.682682, -73.961258], [40.68276, -73.961203], [40.682828, -73.961129], [40.682883, -73.961039], [40.682925, -73.960937], [40.682951, -73.960826], [40.682959, -73.96071], [40.682951, -73.960594], [40.682925, -73.960483], [40.682883, -73.960381], [40.682828, -73.960291], [40.68276, -73.960217], [40.682682, -73.960162], [40.682598, -73.960129], [40.68251, -73.960117], [40.682422, -73.960129], [40.682338, -73.960162], [40.68226, -73.960217], [40.682192, -73.960291], [40.682137, -73.960381], [40.682095, -73.960483], [40.682069, -73.960594], [40.682061, -73.96071], [40.682069, -73.960826], [40.682095, -73.960937]]"
9bd342a6-9eee-4e29-a822-a14b847ced9d,Review Warning Zone 177,40.682954,-73.956442,0.082,"[[40.682495, -73.956761], [40.682491, -73.95682], [40.682499, -73.956936], [40.682525, -73.957047], [40.682567, -73.957149], [40.682622, -73.957239], [40.68269, -73.957313], [40.682768, -73.957368], [40.682852, -73.957401], [40.68294, -73.957413], [40.683028, -73.957401], [40.683112, -73.957368], [40.68319, -73.957313], [40.683258, -73.957239], [40.683313, -73.957149], [40.683355, -73.957047], [40.683381, -73.956936], [40.683389, -73.95682], [40.683381, -73.956704], [40.683355, -73.956593], [40.683325, -73.956519], [40.683327, -73.95649], [40.683328, -73.956489], [40.683383, -73.956399], [40.683425, -73.956297], [40.683451, -73.956186], [40.683459, -73.95607], [40.683451, -73.955954], [40.683425, -73.955843], [40.683383, -73.955741], [40.683328, -73.955651], [40.68326, -73.955577], [40.683182, -73.955522], [40.683098, -73.955489], [40.68301, -73.955477], [40.682922, -73.955489], [40.682838, -73.955522], [40.68276, -73.955577], [40.682692, -73.955651], [40.682637, -73.955741], [40.682595, -73.955843], [40.682569, -73.955954], [40.682563, -73.95604], [40.682562, -73.956041], [40.682507, -73.956131], [40.682465, -73.956233], [40.682439, -73.956344], [40.682431, -73.95646], [40.682439, -73.956576], [40.682465, -73.956687]]"
e336283e-83d6-4ad5-a242-ae2ad2bb64dc,Review Warning Zone 178,40.68352,-73.95952,0.05,"[[40.683105, -73.959747], [40.683147, -73.959849], [40.683202, -73.959939], [40.68327, -73.960013], [40.683348, -73.960068], [40.683432, -73.960101], [40.68352, -73.960113], [40.683608, -73.960101], [40.683692, -73.960068], [40.68377, -73.960013], [40.683838, -73.959939], [40.683893, -73.959849], [40.683935, -73.959747], [40.683961, -73.959636], [40.683969, -73.95952], [40.683961, -73.959404], [40.683935, -73.959293], [40.683893, -73.959191], [40.683838, -73.959101], [40.68377, -73.959027], [40.683692, -73.958972], [40.683608, -73.958939], [40.68352, -73.958927], [40.683432, -73.958939], [40.683348, -73.958972], [40.68327, -73.959027], [40.683202, -73.959101], [40.683147, -73.959191], [40.683105, -73.959293], [40.683079, -73.959404], [40.683071, -73.95952], [40.683079, -73.959636]]"
1e65f25d-68c9-4335-9a0a-16bb3a831cec,Review Warning Zone 179,40.6844,-73.95924,0.05,"[[40.684027, -73.959569], [40.684082, -73.959659], [40.68415, -73.959733], [40.684228, -73.959788], [40.684312, -73.959821], [40.6844, -73.959833], [40.684488, -73.959821], [40.684572, -73.959788], [40.68465, -73.959733], [40.684718, -73.959659], [40.684773, -73.959569], [40.684815, -73.959467], [40.684841, -73.959356], [40.684849, -73.95924], [40.684841, -73.959124], [40.684815, -73.959013], [40.684773, -73.958911], [40.684718, -73.958821], [40.68465, -73.958747], [40.684572, -73.958692], [40.684488, -73.958659], [40.6844, -73.958647], [40.684312, -73.958659], [40.684228, -73.958692], [40.68415, -73.958747], [40.684082, -73.958821], [40.684027, -73.958911], [40.683985, -73.959013], [40.683959, -73.959124], [40.683951, -73.95924], [40.683959, -73.959356], [40.683985, -73.959467]]"
bbb247dd-ed60-4022-b764-37f6b9f36eb6,Review Warning Zone 180,40.68466,-73.96635,0.05,"[[40.684287, -73.966679], [40.684342, -73.966769], [40.68441, -73.966843], [40.684488, -73.966898], [40.684572, -73.966931], [40.68466, -73.966943], [40.684748, -73.966931], [40.684832, -73.966898], [40.68491, -73.966843], [40.684978, -73.966769], [40.685033, -73.966679], [40.685075, -73.966577], [40.685101, -73.966466], [40.685109, -73.96635], [40.685101, -73.966234], [40.685075, -73.966123], [40.685033, -73.966021], [40.684978, -73.965931], [40.68491, -73.965857], [40.684832, -73.965802], [40.684748, -73.965769], [40.68466, -73.965757], [40.684572, -73.965769], [40.684488, -73.965802], [40.68441, -73.965857], [40.684342, -73.965931], [40.684287, -73.966021], [40.684245, -73.966123], [40.684219, -73.966234], [40.684211, -73.96635], [40.684219, -73.966466], [40.684245, -73.966577]]"
aaf6c401-3821-4875-96d6-19a1f36a6be3,Review Warning Zone 181,40.685,-73.96044,0.05,"[[40.684585, -73.960667], [40.684627, -73.960769], [40.684682, -73.960859], [40.68475, -73.960933], [40.684828, -73.960988], [40.684912, -73.961021], [40.685, -73.961033], [40.685088, -73.961021], [40.685172, -73.960988], [40.68525, -73.960933], [40.685318, -73.960859], [40.685373, -73.960769], [40.685415, -73.960667], [40.685441, -73.960556], [40.685449, -73.96044], [40.685441, -73.960324], [40.685415, -73.960213], [40.685373, -73.960111], [40.685318, -73.960021], [40.68525, -73.959947], [40.685172, -73.959892], [40.685088, -73.959859], [40.685, -73.959847], [40.684912, -73.959859], [40.684828, -73.959892], [40.68475, -73.959947], [40.684682, -73.960021], [40.684627, -73.960111], [40.684585, -73.960213], [40.684559, -73.960324], [40.684551, -73.96044], [40.684559, -73.960556]]"
4245ebdc-4d9f-466a-8536-bf0e6787fd06,Review Warning Zone 182,40.68501,-73.97273,0.05,"[[40.684595, -73.972957], [40.684637, -73.973059], [40.684692, -73.973149], [40.68476, -73.973223], [40.684838, -73.973278], [40.684922, -73.973311], [40.68501, -73.973323], [40.685098, -73.973311], [40.685182, -73.973278], [40.68526, -73.973223], [40.685328, -73.973149], [40.685383, -73.973059], [40.685425, -73.972957], [40.685451, -73.972846], [40.685459, -73.97273], [40.685451, -73.972614], [40.685425, -73.972503], [40.685383, -73.972401], [40.685328, -73.972311], [40.68526, -73.972237], [40.685182, -73.972182], [40.685098, -73.972149], [40.68501, -73.972137], [40.684922, -73.972149], [40.684838, -73.972182], [40.68476, -73.972237], [40.684692, -73.972311], [40.684637, -73.972401], [40.684595, -73.972503], [40.684569, -73.972614], [40.684561, -73.97273], [40.684569, -73.972846]]"
e42643f8-ea3f-4442-b57b-789bff5e2528,Review Warning Zone 183,40.686572,-73.95596,0.099,"[[40.685745, -73.956147], [40.685787, -73.956249], [40.685842, -73.956339], [40.68591, -73.956413], [40.685988, -73.956468], [40.686062, -73.956497], [40.686067, -73.956509], [40.686122, -73.956599], [40.68619, -73.956673], [40.686268, -73.956728], [40.686352, -73.956761], [40.68644, -73.956773], [40.686528, -73.956761], [40.686612, -73.956728], [40.68669, -73.956673], [40.686758, -73.956599], [40.686813, -73.956509], [40.686855, -73.956407], [40.686857, -73.956396], [40.686915, -73.956419], [40.687003, -73.956431], [40.68709, -73.956419], [40.687175, -73.956386], [40.687252, -73.956331], [40.68732, -73.956257], [40.687376, -73.956167], [40.687418, -73.956065], [40.687443, -73.955954], [40.687452, -73.955838], [40.687443, -73.955722], [40.687418, -73.955611], [40.687376, -73.955509], [40.68732, -73.955419], [40.687252, -73.955345], [40.687175, -73.95529], [40.68709, -73.955257], [40.687003, -73.955245], [40.686915, -73.955257], [40.686831, -73.95529], [40.686753, -73.955345], [40.686685, -73.955419], [40.686629, -73.955509], [40.686588, -73.955611], [40.686585, -73.955622], [40.686538, -73.955603], [40.686533, -73.955591], [40.686478, -73.955501], [40.68641, -73.955427], [40.686332, -73.955372], [40.686248, -73.955339], [40.68616, -73.955327], [40.686072, -73.955339], [40.685988, -73.955372], [40.68591, -73.955427], [40.685842, -73.955501], [40.685787, -73.955591], [40.685745, -73.955693], [40.685719, -73.955804], [40.685711, -73.95592], [40.685719, -73.956036]]"
333361cf-5900-413f-a654-4f3067a8cc3d,Review Warning Zone 184,40.688745,-73.956395,0.093,"[[40.688065, -73.956247], [40.688107, -73.956349], [40.688162, -73.956439], [40.68823, -73.956513], [40.688308, -73.956568], [40.688392, -73.956601], [40.68848, -73.956613], [40.688568, -73.956601], [40.688583, -73.956595], [40.688569, -73.956654], [40.688561, -73.95677], [40.688569, -73.956886], [40.688595, -73.956997], [40.688637, -73.957099], [40.688692, -73.957189], [40.68876, -73.957263], [40.688838, -73.957318], [40.688922, -73.957351], [40.68901, -73.957363], [40.689098, -73.957351], [40.689182, -73.957318], [40.68926, -73.957263], [40.689328, -73.957189], [40.689383, -73.957099], [40.689425, -73.956997], [40.689451, -73.956886], [40.689459, -73.95677], [40.689451, -73.956654], [40.689425, -73.956543], [40.689383, -73.956441], [40.689328, -73.956351], [40.68926, -73.956277], [40.689182, -73.956222], [40.689098, -73.956189], [40.68901, -73.956177], [40.688922, -73.956189], [40.688907, -73.956195], [40.688921, -73.956136], [40.688929, -73.95602], [40.688921, -73.955904], [40.688895, -73.955793], [40.688853, -73.955691], [40.688798, -73.955601], [40.68873, -73.955527], [40.688652, -73.955472], [40.688568, -73.955439], [40.68848, -73.955427], [40.688392, -73.955439], [40.688308, -73.955472], [40.68823, -73.955527], [40.688162, -73.955601], [40.688107, -73.955691], [40.688065, -73.955793], [40.688039, -73.955904], [40.688031, -73.95602], [40.688039, -73.956136]]"
6d7f015b-5b92-4a96-8913-1266bcae1545,Review Warning Zone 185,40.68921,-73.95439,0.05,"[[40.688795, -73.954617], [40.688837, -73.954719], [40.688892, -73.954809], [40.68896, -73.954883], [40.689038, -73.954938], [40.689122, -73.954971], [40.68921, -73.954983], [40.689298, -73.954971], [40.689382, -73.954938], [40.68946, -73.954883], [40.689528, -73.954809], [40.689583, -73.954719], [40.689625, -73.954617], [40.689651, -73.954506], [40.689659, -73.95439], [40.689651, -73.954274], [40.689625, -73.954163], [40.689583, -73.954061], [40.689528, -73.953971], [40.68946, -73.953897], [40.689382, -73.953842], [40.689298, -73.953809], [40.68921, -73.953797], [40.689122, -73.953809], [40.689038, -73.953842], [40.68896, -73.953897], [40.688892, -73.953971], [40.688837, -73.954061], [40.688795, -73.954163], [40.688769, -73.954274], [40.688761, -73.95439], [40.688769, -73.954506]]"
b40e6529-7333-4c1c-add4-c1c7e096ad01,Review Warning Zone 186,40.69033,-73.96086,0.05,"[[40.689957, -73.961189], [40.690012, -73.961279], [40.69008, -73.961353], [40.690158, -73.961408], [40.690242, -73.961441], [40.69033, -73.961453], [40.690418, -73.961441], [40.690502, -73.961408], [40.69058, -73.961353], [40.690648, -73.961279], [40.690703, -73.961189], [40.690745, -73.961087], [40.690771, -73.960976], [40.690779, -73.96086], [40.690771, -73.960744], [40.690745, -73.960633], [40.690703, -73.960531], [40.690648, -73.960441], [40.69058, -73.960367], [40.690502, -73.960312], [40.690418, -73.960279], [40.69033, -73.960267], [40.690242, -73.960279], [40.690158, -73.960312], [40.69008, -73.960367], [40.690012, -73.960441], [40.689957, -73.960531], [40.689915, -73.960633], [40.689889, -73.960744], [40.689881, -73.96086], [40.689889, -73.960976], [40.689915, -73.961087]]"
b5f46ff1-1ba5-448c-83cf-4ea69862e480,Review Warning Zone 187,40.69121,-73.96804,0.05,"[[40.690837, -73.968369], [40.690892, -73.968459], [40.69096, -73.968533], [40.691038, -73.968588], [40.691122, -73.968621], [40.69121, -73.968633], [40.691298, -73.968621], [40.691382, -73.968588], [40.69146, -73.968533], [40.691528, -73.968459], [40.691583, -73.968369], [40.691625, -73.968267], [40.691651, -73.968156], [40.691659, -73.96804], [40.691651, -73.967924], [40.691625, -73.967813], [40.691583, -73.967711], [40.691528, -73.967621], [40.69146, -73.967547], [40.691382, -73.967492], [40.691298, -73.967459], [40.69121, -73.967447], [40.691122, -73.967459], [40.691038, -73.967492], [40.69096, -73.967547], [40.690892, -73.967621], [40.690837, -73.967711], [40.690795, -73.967813], [40.690769, -73.967924], [40.690761, -73.96804], [40.690769, -73.968156], [40.690795, -73.968267]]"
0273f21b-b6a4-40b8-892d-cc1726ca017e,Review Warning Zone 188,40.69183,-73.95823,0.092,"[[40.691337, -73.959029], [40.691392, -73.959119], [40.69146, -73.959193], [40.691538, -73.959248], [40.691622, -73.959281], [40.69171, -73.959293], [40.691798, -73.959281], [40.691882, -73.959248], [40.69196, -73.959193], [40.692028, -73.959119], [40.692083, -73.959029], [40.692125, -73.958927], [40.692151, -73.958816], [40.692159, -73.9587], [40.692151, -73.958584], [40.692125, -73.958473], [40.692102, -73.958416], [40.692172, -73.958388], [40.69225, -73.958333], [40.692318, -73.958259], [40.692373, -73.958169], [40.692415, -73.958067], [40.692441, -73.957956], [40.692449, -73.95784], [40.692441, -73.957724], [40.692415, -73.957613], [40.692373, -73.957511], [40.692318, -73.957421], [40.69225, -73.957347], [40.692172, -73.957292], [40.692088, -73.957259], [40.692, -73.957247], [40.691912, -73.957259], [40.69186, -73.95728], [40.69184, -73.957277], [40.691752, -73.957289], [40.691668, -73.957322], [40.69159, -73.957377], [40.691522, -73.957451], [40.691467, -73.957541], [40.691425, -73.957643], [40.691399, -73.957754], [40.691391, -73.95787], [40.691399, -73.957986], [40.691425, -73.958097], [40.691467, -73.958199], [40.691468, -73.958202], [40.69146, -73.958207], [40.691392, -73.958281], [40.691337, -73.958371], [40.691295, -73.958473], [40.691269, -73.958584], [40.691261, -73.9587], [40.691269, -73.958816], [40.691295, -73.958927]]"
3a049e6c-9c8e-42c4-bce7-dbbb9ca70b8e,Review Warning Zone 189,40.69341,-73.96319,0.05,"[[40.693037, -73.963519], [40.693092, -73.963609], [40.69316, -73.963683], [40.693238, -73.963738], [40.693322, -73.963771], [40.69341, -73.963783], [40.693498, -73.963771], [40.693582, -73.963738], [40.69366, -73.963683], [40.693728, -73.963609], [40.693783, -73.963519], [40.693825, -73.963417], [40.693851, -73.963306], [40.693859, -73.96319], [40.693851, -73.963074], [40.693825, -73.962963], [40.693783, -73.962861], [40.693728, -73.962771], [40.69366, -73.962697], [40.693582, -73.962642], [40.693498, -73.962609], [40.69341, -73.962597], [40.693322, -73.962609], [40.693238, -73.962642], [40.69316, -73.962697], [40.693092, -73.962771], [40.693037, -73.962861], [40.692995, -73.962963], [40.692969, -73.963074], [40.692961, -73.96319], [40.692969, -73.963306], [40.692995, -73.963417]]"
44adbfd1-2805-4035-8265-90afdb002910,Review Warning Zone 190,40.69509,-73.96605,0.05,"[[40.694675, -73.966277], [40.694717, -73.966379], [40.694772, -73.966469], [40.69484, -73.966543], [40.694918, -73.966598], [40.695002, -73.966631], [40.69509, -73.966643], [40.695178, -73.966631], [40.695262, -73.966598], [40.69534, -73.966543], [40.695408, -73.966469], [40.695463, -73.966379], [40.695505, -73.966277], [40.695531, -73.966166], [40.695539, -73.96605], [40.695531, -73.965934], [40.695505, -73.965823], [40.695463, -73.965721], [40.695408, -73.965631], [40.69534, -73.965557], [40.695262, -73.965502], [40.695178, -73.965469], [40.69509, -73.965457], [40.695002, -73.965469], [40.694918, -73.965502], [40.69484, -73.965557], [40.694772, -73.965631], [40.694717, -73.965721], [40.694675, -73.965823], [40.694649, -73.965934], [40.694641, -73.96605], [40.694649, -73.966166]]"
43a6abb4-281d-472d-ad1c-44d840050577,Review Warning Zone 191,40.69576,-73.96181,0.05,"[[40.695345, -73.962037], [40.695387, -73.962139], [40.695442, -73.962229], [40.69551, -73.962303], [40.695588, -73.962358], [40.695672, -73.962391], [40.69576, -73.962403], [40.695848, -73.962391], [40.695932, -73.962358], [40.69601, -73.962303], [40.696078, -73.962229], [40.696133, -73.962139], [40.696175, -73.962037], [40.696201, -73.961926], [40.696209, -73.96181], [40.696201, -73.961694], [40.696175, -73.961583], [40.696133, -73.961481], [40.696078, -73.961391], [40.69601, -73.961317], [40.695932, -73.961262], [40.695848, -73.961229], [40.69576, -73.961217], [40.695672, -73.961229], [40.695588, -73.961262], [40.69551, -73.961317], [40.695442, -73.961391], [40.695387, -73.961481], [40.695345, -73.961583], [40.695319, -73.961694], [40.695311, -73.96181], [40.695319, -73.961926]]"
cee2ec76-69ad-4dc7-9ac3-ddc19f5c3eca,Review Warning Zone 192,40.69613,-73.96585,0.05,"[[40.695715, -73.966077], [40.695757, -73.966179], [40.695812, -73.966269], [40.69588, -73.966343], [40.695958, -73.966398], [40.696042, -73.966431], [40.69613, -73.966443], [40.696218, -73.966431], [40.696302, -73.966398], [40.69638, -73.966343], [40.696448, -73.966269], [40.696503, -73.966179], [40.696545, -73.966077], [40.696571, -73.965966], [40.696579, -73.96585], [40.696571, -73.965734], [40.696545, -73.965623], [40.696503, -73.965521], [40.696448, -73.965431], [40.69638, -73.965357], [40.696302, -73.965302], [40.696218, -73.965269], [40.69613, -73.965257], [40.696042, -73.965269], [40.695958, -73.965302], [40.69588, -73.965357], [40.695812, -73.965431], [40.695757, -73.965521], [40.695715, -73.965623], [40.695689, -73.965734], [40.695681, -73.96585], [40.695689, -73.965966]]"
7bbdc63b-3a43-4bca-ae21-d3dac0b32b45,Review Warning Zone 193,40.69892,-73.95498,0.05,"[[40.698547, -73.955309], [40.698602, -73.955399], [40.69867, -73.955473], [40.698748, -73.955528], [40.698832, -73.955561], [40.69892, -73.955573], [40.699008, -73.955561], [40.699092, -73.955528], [40.69917, -73.955473], [40.699238, -73.955399], [40.699293, -73.955309], [40.699335, -73.955207], [40.699361, -73.955096], [40.699369, -73.95498], [40.699361, -73.954864], [40.699335, -73.954753], [40.699293, -73.954651], [40.699238, -73.954561], [40.69917, -73.954487], [40.699092, -73.954432], [40.699008, -73.954399], [40.69892, -73.954387], [40.698832, -73.954399], [40.698748, -73.954432], [40.69867, -73.954487], [40.698602, -73.954561], [40.698547, -73.954651], [40.698505, -73.954753], [40.698479, -73.954864], [40.698471, -73.95498], [40.698479, -73.955096], [40.698505, -73.955207]]"
da864b80-757b-4afa-b96e-fccf3f101431,Review Warning Zone 194,40.70746,-73.95992,0.05,"[[40.707087, -73.960249], [40.707142, -73.960339], [40.70721, -73.960413], [40.707288, -73.960468], [40.707372, -73.960501], [40.70746, -73.960513], [40.707548, -73.960501], [40.707632, -73.960468], [40.70771, -73.960413], [40.707778, -73.960339], [40.707833, -73.960249], [40.707875, -73.960147], [40.707901, -73.960036], [40.707909, -73.95992], [40.707901, -73.959804], [40.707875, -73.959693], [40.707833, -73.959591], [40.707778, -73.959501], [40.70771, -73.959427], [40.707632, -73.959372], [40.707548, -73.959339], [40.70746, -73.959327], [40.707372, -73.959339], [40.707288, -73.959372], [40.70721, -73.959427], [40.707142, -73.959501], [40.707087, -73.959591], [40.707045, -73.959693], [40.707019, -73.959804], [40.707011, -73.95992], [40.707019, -73.960036], [40.707045, -73.960147]]"
638d36f6-6396-4163-8b80-498f5de4edf4,Review Warning Zone 195,40.70792,-73.95422,0.05,"[[40.707505, -73.954447], [40.707547, -73.954549], [40.707602, -73.954639], [40.70767, -73.954713], [40.707748, -73.954768], [40.707832, -73.954801], [40.70792, -73.954813], [40.708008, -73.954801], [40.708092, -73.954768], [40.70817, -73.954713], [40.708238, -73.954639], [40.708293, -73.954549], [40.708335, -73.954447], [40.708361, -73.954336], [40.708369, -73.95422], [40.708361, -73.954104], [40.708335, -73.953993], [40.708293, -73.953891], [40.708238, -73.953801], [40.70817, -73.953727], [40.708092, -73.953672], [40.708008, -73.953639], [40.70792, -73.953627], [40.707832, -73.953639], [40.707748, -73.953672], [40.70767, -73.953727], [40.707602, -73.953801], [40.707547, -73.953891], [40.707505, -73.953993], [40.707479, -73.954104], [40.707471, -73.95422], [40.707479, -73.954336]]"
b4eaaefe-a560-4c9b-be51-cc5cf299a477,Review Warning Zone 196,40.70832,-73.95588,0.05,"[[40.707947, -73.956209], [40.708002, -73.956299], [40.70807, -73.956373], [40.708148, -73.956428], [40.708232, -73.956461], [40.70832, -73.956473], [40.708408, -73.956461], [40.708492, -73.956428], [40.70857, -73.956373], [40.708638, -73.956299], [40.708693, -73.956209], [40.708735, -73.956107], [40.708761, -73.955996], [40.708769, -73.95588], [40.708761, -73.955764], [40.708735, -73.955653], [40.708693, -73.955551], [40.708638, -73.955461], [40.70857, -73.955387], [40.708492, -73.955332], [40.708408, -73.955299], [40.70832, -73.955287], [40.708232, -73.955299], [40.708148, -73.955332], [40.70807, -73.955387], [40.708002, -73.955461], [40.707947, -73.955551], [40.707905, -73.955653], [40.707879, -73.955764], [40.707871, -73.95588], [40.707879, -73.955996], [40.707905, -73.956107]]"
a8445ee7-20bb-4950-9bbd-03f0fa9f9e00,Review Warning Zone 197,40.70876,-73.96418,0.05,"[[40.708387, -73.964509], [40.708442, -73.964599], [40.70851, -73.964673], [40.708588, -73.964728], [40.708672, -73.964761], [40.70876, -73.964773], [40.708848, -73.964761], [40.708932, -73.964728], [40.70901, -73.964673], [40.709078, -73.964599], [40.709133, -73.964509], [40.709175, -73.964407], [40.709201, -73.964296], [40.709209, -73.96418], [40.709201, -73.964064], [40.709175, -73.963953], [40.709133, -73.963851], [40.709078, -73.963761], [40.70901, -73.963687], [40.708932, -73.963632], [40.708848, -73.963599], [40.70876, -73.963587], [40.708672, -73.963599], [40.708588, -73.963632], [40.70851, -73.963687], [40.708442, -73.963761], [40.708387, -73.963851], [40.708345, -73.963953], [40.708319, -73.964064], [40.708311, -73.96418], [40.708319, -73.964296], [40.708345, -73.964407]]"
7ae12ed1-e7ee-40a3-a4cb-1c6b4b6b2731,Review Warning Zone 198,40.711026,-73.965175,0.081,"[[40.710623, -73.965949], [40.710691, -73.966023], [40.710769, -73.966078], [40.710853, -73.966111], [40.710941, -73.966123], [40.711029, -73.966111], [40.711113, -73.966078], [40.711191, -73.966023], [40.711259, -73.965949], [40.711314, -73.965859], [40.711356, -73.965757], [40.711382, -73.965646], [40.71139, -73.96553], [40.711382, -73.965414], [40.711358, -73.965314], [40.71136, -73.965313], [40.711428, -73.965239], [40.711483, -73.965149], [40.711525, -73.965047], [40.711551, -73.964936], [40.711559, -73.96482], [40.711551, -73.964704], [40.711525, -73.964593], [40.711483, -73.964491], [40.711428, -73.964401], [40.71136, -73.964327], [40.711282, -73.964272], [40.711198, -73.964239], [40.71111, -73.964227], [40.711022, -73.964239], [40.710938, -73.964272], [40.71086, -73.964327], [40.710792, -73.964401], [40.710737, -73.964491], [40.710695, -73.964593], [40.710669, -73.964704], [40.710661, -73.96482], [40.710669, -73.964936], [40.710693, -73.965036], [40.710691, -73.965037], [40.710623, -73.965111], [40.710568, -73.965201], [40.710526, -73.965303], [40.7105, -73.965414], [40.710492, -73.96553], [40.7105, -73.965646], [40.710526, -73.965757], [40.710568, -73.965859]]"
6cccb08a-aab0-4f48-b493-843d167dbdcd,Review Warning Zone 199,40.71163,-73.95716,0.05,"[[40.711257, -73.957489], [40.711312, -73.957579], [40.71138, -73.957653], [40.711458, -73.957708], [40.711542, -73.957741], [40.71163, -73.957753], [40.711718, -73.957741], [40.711802, -73.957708], [40.71188, -73.957653], [40.711948, -73.957579], [40.712003, -73.957489], [40.712045, -73.957387], [40.712071, -73.957276], [40.712079, -73.95716], [40.712071, -73.957044], [40.712045, -73.956933], [40.712003, -73.956831], [40.711948, -73.956741], [40.71188, -73.956667], [40.711802, -73.956612], [40.711718, -73.956579], [40.71163, -73.956567], [40.711542, -73.956579], [40.711458, -73.956612], [40.71138, -73.956667], [40.711312, -73.956741], [40.711257, -73.956831], [40.711215, -73.956933], [40.711189, -73.957044], [40.711181, -73.95716], [40.711189, -73.957276], [40.711215, -73.957387]]"
642dfc8a-5033-454b-b026-8bda49735b2a,Review Warning Zone 200,40.71164,-73.96108,0.05,"[[40.711225, -73.961307], [40.711267, -73.961409], [40.711322, -73.961499], [40.71139, -73.961573], [40.711468, -73.961628], [40.711552, -73.961661], [40.71164, -73.961673], [40.711728, -73.961661], [40.711812, -73.961628], [40.71189, -73.961573], [40.711958, -73.961499], [40.712013, -73.961409], [40.712055, -73.961307], [40.712081, -73.961196], [40.712089, -73.96108], [40.712081, -73.960964], [40.712055, -73.960853], [40.712013, -73.960751], [40.711958, -73.960661], [40.71189, -73.960587], [40.711812, -73.960532], [40.711728, -73.960499], [40.71164, -73.960487], [40.711552, -73.960499], [40.711468, -73.960532], [40.71139, -73.960587], [40.711322, -73.960661], [40.711267, -73.960751], [40.711225, -73.960853], [40.711199, -73.960964], [40.711191, -73.96108], [40.711199, -73.961196]]"
2b27ea9b-aa58-44ea-a9a5-4704161ad749,Review Warning Zone 201,40.71224,-73.9624,0.05,"[[40.711825, -73.962627], [40.711867, -73.962729], [40.711922, -73.962819], [40.71199, -73.962893], [40.712068, -73.962948], [40.712152, -73.962981], [40.71224, -73.962993], [40.712328, -73.962981], [40.712412, -73.962948], [40.71249, -73.962893], [40.712558, -73.962819], [40.712613, -73.962729], [40.712655, -73.962627], [40.712681, -73.962516], [40.712689, -73.9624], [40.712681, -73.962284], [40.712655, -73.962173], [40.712613, -73.962071], [40.712558, -73.961981], [40.71249, -73.961907], [40.712412, -73.961852], [40.712328, -73.961819], [40.71224, -73.961807], [40.712152, -73.961819], [40.712068, -73.961852], [40.71199, -73.961907], [40.711922, -73.961981], [40.711867, -73.962071], [40.711825, -73.962173], [40.711799, -73.962284], [40.711791, -73.9624], [40.711799, -73.962516]]"
fd329e48-5af0-437d-9bc6-d9cca45f288a,Review Warning Zone 202,40.713696,-73.962456,0.05,"[[40.713281, -73.962683], [40.713322, -73.962785], [40.713378, -73.962875], [40.713446, -73.962949], [40.713524, -73.963003], [40.713608, -73.963037], [40.713696, -73.963048], [40.713783, -73.963037], [40.713867, -73.963003], [40.713945, -73.962949], [40.714013, -73.962875], [40.714069, -73.962785], [40.71411, -73.962683], [40.714136, -73.962571], [40.714145, -73.962456], [40.714136, -73.96234], [40.71411, -73.962229], [40.714069, -73.962126], [40.714013, -73.962037], [40.713945, -73.961963], [40.713867, -73.961908], [40.713783, -73.961874], [40.713696, -73.961863], [40.713608, -73.961874], [40.713524, -73.961908], [40.713446, -73.961963], [40.713378, -73.962037], [40.713322, -73.962126], [40.713281, -73.962229], [40.713255, -73.96234], [40.713246, -73.962456], [40.713255, -73.962571]]"
74fcdead-d8ce-4609-a855-3e0e52ce887f,Review Warning Zone 203,40.71495,-73.96079,0.05,"[[40.714577, -73.961119], [40.714632, -73.961209], [40.7147, -73.961283], [40.714778, -73.961338], [40.714862, -73.961371], [40.71495, -73.961383], [40.715038, -73.961371], [40.715122, -73.961338], [40.7152, -73.961283], [40.715268, -73.961209], [40.715323, -73.961119], [40.715365, -73.961017], [40.715391, -73.960906], [40.715399, -73.96079], [40.715391, -73.960674], [40.715365, -73.960563], [40.715323, -73.960461], [40.715268, -73.960371], [40.7152, -73.960297], [40.715122, -73.960242], [40.715038, -73.960209], [40.71495, -73.960197], [40.714862, -73.960209], [40.714778, -73.960242], [40.7147, -73.960297], [40.714632, -73.960371], [40.714577, -73.960461], [40.714535, -73.960563], [40.714509, -73.960674], [40.714501, -73.96079], [40.714509, -73.960906], [40.714535, -73.961017]]"
dc12e11e-22a8-4a82-857b-b754aed53268,Review Warning Zone 204,40.727314,-73.954637,0.05,"[[40.72694, -73.954966], [40.726996, -73.955056], [40.727064, -73.95513], [40.727142, -73.955185], [40.727226, -73.955218], [40.727314, -73.95523], [40.727401, -73.955218], [40.727485, -73.955185], [40.727563, -73.95513], [40.727631, -73.955056], [40.727687, -73.954966], [40.727728, -73.954864], [40.727754, -73.954753], [40.727763, -73.954637], [40.727754, -73.954521], [40.727728, -73.95441], [40.727687, -73.954308], [40.727631, -73.954218], [40.727563, -73.954144], [40.727485, -73.954089], [40.727401, -73.954056], [40.727314, -73.954044], [40.727226, -73.954056], [40.727142, -73.954089], [40.727064, -73.954144], [40.726996, -73.954218], [40.72694, -73.954308], [40.726899, -73.95441], [40.726873, -73.954521], [40.726864, -73.954637], [40.726873, -73.954753], [40.726899, -73.954864]]"
acab8632-ca6a-435a-90b7-78e8b99308f1,Review Warning Zone 205,40.75304,-73.97162,0.05,"[[40.752625, -73.971847], [40.752667, -73.971949], [40.752722, -73.972039], [40.75279, -73.972113], [40.752868, -73.972168], [40.752952, -73.972201], [40.75304, -73.972213], [40.753128, -73.972201], [40.753212, -73.972168], [40.75329, -73.972113], [40.753358, -73.972039], [40.753413, -73.971949], [40.753455, -73.971847], [40.753481, -73.971736], [40.753489, -73.97162], [40.753481, -73.971504], [40.753455, -73.971393], [40.753413, -73.971291], [40.753358, -73.971201], [40.75329, -73.971127], [40.753212, -73.971072], [40.753128, -73.971039], [40.75304, -73.971027], [40.752952, -73.971039], [40.752868, -73.971072], [40.75279, -73.971127], [40.752722, -73.971201], [40.752667, -73.971291], [40.752625, -73.971393], [40.752599, -73.971504], [40.752591, -73.97162], [40.752599, -73.971736]]"
26377955-f027-4257-b9a8-33f14d945a09,Review Warning Zone 206,40.75403,-73.96951,0.05,"[[40.753615, -73.969737], [40.753657, -73.969839], [40.753712, -73.969929], [40.75378, -73.970003], [40.753858, -73.970058], [40.753942, -73.970091], [40.75403, -73.970103], [40.754118, -73.970091], [40.754202, -73.970058], [40.75428, -73.970003], [40.754348, -73.969929], [40.754403, -73.969839], [40.754445, -73.969737], [40.754471, -73.969626], [40.754479, -73.96951], [40.754471, -73.969394], [40.754445, -73.969283], [40.754403, -73.969181], [40.754348, -73.969091], [40.75428, -73.969017], [40.754202, -73.968962], [40.754118, -73.968929], [40.75403, -73.968917], [40.753942, -73.968929], [40.753858, -73.968962], [40.75378, -73.969017], [40.753712, -73.969091], [40.753657, -73.969181], [40.753615, -73.969283], [40.753589, -73.969394], [40.753581, -73.96951], [40.753589, -73.969626]]"
1ae97c3e-7a75-4082-98a7-7c6653589cb4,Review Warning Zone 207,40.75552,-73.96699,0.05,"[[40.755105, -73.967217], [40.755147, -73.967319], [40.755202, -73.967409], [40.75527, -73.967483], [40.755348, -73.967538], [40.755432, -73.967571], [40.75552, -73.967583], [40.755608, -73.967571], [40.755692, -73.967538], [40.75577, -73.967483], [40.755838, -73.967409], [40.755893, -73.967319], [40.755935, -73.967217], [40.755961, -73.967106], [40.755969, -73.96699], [40.755961, -73.966874], [40.755935, -73.966763], [40.755893, -73.966661], [40.755838, -73.966571], [40.75577, -73.966497], [40.755692, -73.966442], [40.755608, -73.966409], [40.75552, -73.966397], [40.755432, -73.966409], [40.755348, -73.966442], [40.75527, -73.966497], [40.755202, -73.966571], [40.755147, -73.966661], [40.755105, -73.966763], [40.755079, -73.966874], [40.755071, -73.96699], [40.755079, -73.967106]]"
3d88658a-9f07-493d-9a58-d5186d7ec75c,Review Warning Zone 208,40.75892,-73.96104,0.05,"[[40.758547, -73.961369], [40.758602, -73.961459], [40.75867, -73.961533], [40.758748, -73.961588], [40.758832, -73.961621], [40.75892, -73.961633], [40.759008, -73.961621], [40.759092, -73.961588], [40.75917, -73.961533], [40.759238, -73.961459], [40.759293, -73.961369], [40.759335, -73.961267], [40.759361, -73.961156], [40.759369, -73.96104], [40.759361, -73.960924], [40.759335, -73.960813], [40.759293, -73.960711], [40.759238, -73.960621], [40.75917, -73.960547], [40.759092, -73.960492], [40.759008, -73.960459], [40.75892, -73.960447], [40.758832, -73.960459], [40.758748, -73.960492], [40.75867, -73.960547], [40.758602, -73.960621], [40.758547, -73.960711], [40.758505, -73.960813], [40.758479, -73.960924], [40.758471, -73.96104], [40.758479, -73.961156], [40.758505, -73.961267]]"
20cee515-ec20-49f4-97d3-f68461b0061d,Review Warning Zone 209,40.75905,-73.96246,0.05,"[[40.758677, -73.962789], [40.758732, -73.962879], [40.7588, -73.962953], [40.758878, -73.963008], [40.758962, -73.963041], [40.75905, -73.963053], [40.759138, -73.963041], [40.759222, -73.963008], [40.7593, -73.962953], [40.759368, -73.962879], [40.759423, -73.962789], [40.759465, -73.962687], [40.759491, -73.962576], [40.759499, -73.96246], [40.759491, -73.962344], [40.759465, -73.962233], [40.759423, -73.962131], [40.759368, -73.962041], [40.7593, -73.961967], [40.759222, -73.961912], [40.759138, -73.961879], [40.75905, -73.961867], [40.758962, -73.961879], [40.758878, -73.961912], [40.7588, -73.961967], [40.758732, -73.962041], [40.758677, -73.962131], [40.758635, -73.962233], [40.758609, -73.962344], [40.758601, -73.96246], [40.758609, -73.962576], [40.758635, -73.962687]]"
5c82ea71-efbc-4d6e-ba18-636442854fc2,Review Warning Zone 210,40.76148,-73.96077,0.05,"[[40.761065, -73.960997], [40.761107, -73.961099], [40.761162, -73.961189], [40.76123, -73.961263], [40.761308, -73.961318], [40.761392, -73.961351], [40.76148, -73.961363], [40.761568, -73.961351], [40.761652, -73.961318], [40.76173, -73.961263], [40.761798, -73.961189], [40.761853, -73.961099], [40.761895, -73.960997], [40.761921, -73.960886], [40.761929, -73.96077], [40.761921, -73.960654], [40.761895, -73.960543], [40.761853, -73.960441], [40.761798, -73.960351], [40.76173, -73.960277], [40.761652, -73.960222], [40.761568, -73.960189], [40.76148, -73.960177], [40.761392, -73.960189], [40.761308, -73.960222], [40.76123, -73.960277], [40.761162, -73.960351], [40.761107, -73.960441], [40.761065, -73.960543], [40.761039, -73.960654], [40.761031, -73.96077], [40.761039, -73.960886]]"
2cae0f2a-4459-454e-a243-0ac4499dfaba,Review Warning Zone 211,40.76246,-73.96359,0.05,"[[40.762045, -73.963817], [40.762087, -73.963919], [40.762142, -73.964009], [40.76221, -73.964083], [40.762288, -73.964138], [40.762372, -73.964171], [40.76246, -73.964183], [40.762548, -73.964171], [40.762632, -73.964138], [40.76271, -73.964083], [40.762778, -73.964009], [40.762833, -73.963919], [40.762875, -73.963817], [40.762901, -73.963706], [40.762909, -73.96359], [40.762901, -73.963474], [40.762875, -73.963363], [40.762833, -73.963261], [40.762778, -73.963171], [40.76271, -73.963097], [40.762632, -73.963042], [40.762548, -73.963009], [40.76246, -73.962997], [40.762372, -73.963009], [40.762288, -73.963042], [40.76221, -73.963097], [40.762142, -73.963171], [40.762087, -73.963261], [40.762045, -73.963363], [40.762019, -73.963474], [40.762011, -73.96359], [40.762019, -73.963706]]"
eee8e325-020f-4014-8aee-4ab7e0394974,Review Warning Zone 212,40.7673,-73.958925,0.084,"[[40.766835, -73.958747], [40.766877, -73.958849], [40.766932, -73.958939], [40.766982, -73.958992], [40.766977, -73.959001], [40.766935, -73.959103], [40.766909, -73.959214], [40.766901, -73.95933], [40.766909, -73.959446], [40.766935, -73.959557], [40.766977, -73.959659], [40.767032, -73.959749], [40.7671, -73.959823], [40.767178, -73.959878], [40.767262, -73.959911], [40.76735, -73.959923], [40.767438, -73.959911], [40.767522, -73.959878], [40.7676, -73.959823], [40.767668, -73.959749], [40.767723, -73.959659], [40.767765, -73.959557], [40.767791, -73.959446], [40.767799, -73.95933], [40.767791, -73.959214], [40.767765, -73.959103], [40.767723, -73.959001], [40.767668, -73.958911], [40.767618, -73.958858], [40.767623, -73.958849], [40.767665, -73.958747], [40.767691, -73.958636], [40.767699, -73.95852], [40.767691, -73.958404], [40.767665, -73.958293], [40.767623, -73.958191], [40.767568, -73.958101], [40.7675, -73.958027], [40.767422, -73.957972], [40.767338, -73.957939], [40.76725, -73.957927], [40.767162, -73.957939], [40.767078, -73.957972], [40.767, -73.958027], [40.766932, -73.958101], [40.766877, -73.958191], [40.766835, -73.958293], [40.766809, -73.958404], [40.766801, -73.95852], [40.766809, -73.958636]]"
4fa4355c-1671-4e6f-a1c6-e3882136e5ad,Review Warning Zone 213,40.77364,-73.95511,0.05,"[[40.773267, -73.955439], [40.773322, -73.955529], [40.77339, -73.955603], [40.773468, -73.955658], [40.773552, -73.955691], [40.77364, -73.955703], [40.773728, -73.955691], [40.773812, -73.955658], [40.77389, -73.955603], [40.773958, -73.955529], [40.774013, -73.955439], [40.774055, -73.955337], [40.774081, -73.955226], [40.774089, -73.95511], [40.774081, -73.954994], [40.774055, -73.954883], [40.774013, -73.954781], [40.773958, -73.954691], [40.77389, -73.954617], [40.773812, -73.954562], [40.773728, -73.954529], [40.77364, -73.954517], [40.773552, -73.954529], [40.773468, -73.954562], [40.77339, -73.954617], [40.773322, -73.954691], [40.773267, -73.954781], [40.773225, -73.954883], [40.773199, -73.954994], [40.773191, -73.95511], [40.773199, -73.955226], [40.773225, -73.955337]]"
ff927275-114a-459d-bd26-9e39fdde08ab,Review Warning Zone 214,40.78721,-73.97,0.05,"[[40.786795, -73.970227], [40.786837, -73.970329], [40.786892, -73.970419], [40.78696, -73.970493], [40.787038, -73.970548], [40.787122, -73.970581], [40.78721, -73.970593], [40.787298, -73.970581], [40.787382, -73.970548], [40.78746, -73.970493], [40.787528, -73.970419], [40.787583, -73.970329], [40.787625, -73.970227], [40.787651, -73.970116], [40.787659, -73.97], [40.787651, -73.969884], [40.787625, -73.969773], [40.787583, -73.969671], [40.787528, -73.969581], [40.78746, -73.969507], [40.787382, -73.969452], [40.787298, -73.969419], [40.78721, -73.969407], [40.787122, -73.969419], [40.787038, -73.969452], [40.78696, -73.969507], [40.786892, -73.969581], [40.786837, -73.969671], [40.786795, -73.969773], [40.786769, -73.969884], [40.786761, -73.97], [40.786769, -73.970116]]"
7bd27ae8-82d8-4a63-be1c-e8782af68be8,Review Warning Zone 215,40.78764,-73.97274,0.05,"[[40.787225, -73.972967], [40.787267, -73.973069], [40.787322, -73.973159], [40.78739, -73.973233], [40.787468, -73.973288], [40.787552, -73.973321], [40.78764, -73.973333], [40.787728, -73.973321], [40.787812, -73.973288], [40.78789, -73.973233], [40.787958, -73.973159], [40.788013, -73.973069], [40.788055, -73.972967], [40.788081, -73.972856], [40.788089, -73.97274], [40.788081, -73.972624], [40.788055, -73.972513], [40.788013, -73.972411], [40.787958, -73.972321], [40.78789, -73.972247], [40.787812, -73.972192], [40.787728, -73.972159], [40.78764, -73.972147], [40.787552, -73.972159], [40.787468, -73.972192], [40.78739, -73.972247], [40.787322, -73.972321], [40.787267, -73.972411], [40.787225, -73.972513], [40.787199, -73.972624], [40.787191, -73.97274], [40.787199, -73.972856]]"
a97e0a1f-24b2-4625-9804-67cc66edc971,Review Warning Zone 216,40.795475,-73.963227,0.081,"[[40.794904, -73.963141], [40.794946, -73.963243], [40.795001, -73.963333], [40.795069, -73.963407], [40.795147, -73.963462], [40.795186, -73.963477], [40.795181, -73.96354], [40.795189, -73.963656], [40.795215, -73.963767], [40.795257, -73.963869], [40.795312, -73.963959], [40.79538, -73.964033], [40.795458, -73.964088], [40.795542, -73.964121], [40.79563, -73.964133], [40.795718, -73.964121], [40.795802, -73.964088], [40.79588, -73.964033], [40.795948, -73.963959], [40.796003, -73.963869], [40.796045, -73.963767], [40.796071, -73.963656], [40.796079, -73.96354], [40.796071, -73.963424], [40.796045, -73.963313], [40.796003, -73.963211], [40.795948, -73.963121], [40.79588, -73.963047], [40.795802, -73.962992], [40.795763, -73.962977], [40.795768, -73.962914], [40.79576, -73.962798], [40.795734, -73.962687], [40.795692, -73.962585], [40.795637, -73.962495], [40.795569, -73.962421], [40.795491, -73.962366], [40.795407, -73.962333], [40.795319, -73.962321], [40.795231, -73.962333], [40.795147, -73.962366], [40.795069, -73.962421], [40.795001, -73.962495], [40.794946, -73.962585], [40.794904, -73.962687], [40.794878, -73.962798], [40.79487, -73.962914], [40.794878, -73.96303]]"
3ee3e744-c216-46d0-8ecf-430205b1ec3d,Review Warning Zone 217,40.79713,-73.96145,0.05,"[[40.796757, -73.961779], [40.796812, -73.961869], [40.79688, -73.961943], [40.796958, -73.961998], [40.797042, -73.962031], [40.79713, -73.962043], [40.797218, -73.962031], [40.797302, -73.961998], [40.79738, -73.961943], [40.797448, -73.961869], [40.797503, -73.961779], [40.797545, -73.961677], [40.797571, -73.961566], [40.797579, -73.96145], [40.797571, -73.961334], [40.797545, -73.961223], [40.797503, -73.961121], [40.797448, -73.961031], [40.79738, -73.960957], [40.797302, -73.960902], [40.797218, -73.960869], [40.79713, -73.960857], [40.797042, -73.960869], [40.796958, -73.960902], [40.79688, -73.960957], [40.796812, -73.961031], [40.796757, -73.961121], [40.796715, -73.961223], [40.796689, -73.961334], [40.796681, -73.96145], [40.796689, -73.961566], [40.796715, -73.961677]]"
82d24c41-d5f8-42c7-b661-49127f3ee95c,Review Warning Zone 218,40.7983,-73.96204,0.05,"[[40.797885, -73.962267], [40.797927, -73.962369], [40.797982, -73.962459], [40.79805, -73.962533], [40.798128, -73.962588], [40.798212, -73.962621], [40.7983, -73.962633], [40.798388, -73.962621], [40.798472, -73.962588], [40.79855, -73.962533], [40.798618, -73.962459], [40.798673, -73.962369], [40.798715, -73.962267], [40.798741, -73.962156], [40.798749, -73.96204], [40.798741, -73.961924], [40.798715, -73.961813], [40.798673, -73.961711], [40.798618, -73.961621], [40.79855, -73.961547], [40.798472, -73.961492], [40.798388, -73.961459], [40.7983, -73.961447], [40.798212, -73.961459], [40.798128, -73.961492], [40.79805, -73.961547], [40.797982, -73.961621], [40.797927, -73.961711], [40.797885, -73.961813], [40.797859, -73.961924], [40.797851, -73.96204], [40.797859, -73.962156]]"
caa511fc-5297-4f6b-a313-59a22dccca48,Review Warning Zone 219,40.79933,-73.96245,0.05,"[[40.798915, -73.962677], [40.798957, -73.962779], [40.799012, -73.962869], [40.79908, -73.962943], [40.799158, -73.962998], [40.799242, -73.963031], [40.79933, -73.963043], [40.799418, -73.963031], [40.799502, -73.962998], [40.79958, -73.962943], [40.799648, -73.962869], [40.799703, -73.962779], [40.799745, -73.962677], [40.799771, -73.962566], [40.799779, -73.96245], [40.799771, -73.962334], [40.799745, -73.962223], [40.799703, -73.962121], [40.799648, -73.962031], [40.79958, -73.961957], [40.799502, -73.961902], [40.799418, -73.961869], [40.79933, -73.961857], [40.799242, -73.961869], [40.799158, -73.961902], [40.79908, -73.961957], [40.799012, -73.962031], [40.798957, -73.962121], [40.798915, -73.962223], [40.798889, -73.962334], [40.798881, -73.96245], [40.798889, -73.962566]]"
d2a59957-54d4-499e-9898-1fb7616eced0,Review Warning Zone 220,40.799491,-73.954805,0.111,"[[40.799195, -73.955387], [40.799237, -73.955489], [40.799292, -73.955579], [40.79936, -73.955653], [40.799438, -73.955708], [40.799522, -73.955741], [40.799525, -73.955742], [40.79959, -73.955813], [40.799668, -73.955868], [40.799752, -73.955901], [40.79984, -73.955913], [40.799928, -73.955901], [40.800012, -73.955868], [40.80009, -73.955813], [40.800158, -73.955739], [40.800213, -73.955649], [40.800255, -73.955547], [40.800281, -73.955436], [40.800289, -73.95532], [40.800281, -73.955204], [40.800255, -73.955093], [40.800213, -73.954991], [40.800158, -73.954901], [40.80009, -73.954827], [40.800012, -73.954772], [40.799928, -73.954739], [40.799925, -73.954738], [40.79986, -73.954667], [40.799782, -73.954612], [40.799698, -73.954579], [40.79961, -73.954567], [40.799522, -73.954579], [40.799518, -73.95458], [40.799543, -73.954539], [40.799585, -73.954437], [40.799611, -73.954326], [40.799619, -73.95421], [40.799611, -73.954094], [40.799585, -73.953983], [40.799543, -73.953881], [40.799488, -73.953791], [40.79942, -73.953717], [40.799342, -73.953662], [40.799258, -73.953629], [40.79917, -73.953617], [40.799082, -73.953629], [40.798998, -73.953662], [40.79892, -73.953717], [40.798852, -73.953791], [40.798797, -73.953881], [40.798755, -73.953983], [40.798729, -73.954094], [40.798721, -73.95421], [40.798729, -73.954326], [40.798755, -73.954437], [40.798797, -73.954539], [40.798852, -73.954629], [40.79892, -73.954703], [40.798998, -73.954758], [40.799082, -73.954791], [40.79917, -73.954803], [40.799258, -73.954791], [40.799262, -73.95479], [40.799237, -73.954831], [40.799195, -73.954933], [40.799169, -73.955044], [40.799161, -73.95516], [40.799169, -73.955276]]"
8bd18ce7-7a63-4e3e-9910-242c542dc837,Review Warning Zone 221,40.801518,-73.956438,0.104,"[[40.800727, -73.956459], [40.800782, -73.956549], [40.80085, -73.956623], [40.800928, -73.956678], [40.801012, -73.956711], [40.8011, -73.956723], [40.801117, -73.956721], [40.801158, -73.956787], [40.801226, -73.95686], [40.801304, -73.956915], [40.801388, -73.956949], [40.801476, -73.95696], [40.801506, -73.956956], [40.801515, -73.956997], [40.801557, -73.957099], [40.801612, -73.957189], [40.80168, -73.957263], [40.801758, -73.957318], [40.801842, -73.957351], [40.80193, -73.957363], [40.802018, -73.957351], [40.802102, -73.957318], [40.80218, -73.957263], [40.802248, -73.957189], [40.802303, -73.957099], [40.802345, -73.956997], [40.802371, -73.956886], [40.802379, -73.95677], [40.802371, -73.956654], [40.802345, -73.956543], [40.802303, -73.956441], [40.802248, -73.956351], [40.80218, -73.956277], [40.802102, -73.956222], [40.802018, -73.956189], [40.80193, -73.956177], [40.8019, -73.956181], [40.80189, -73.956141], [40.801849, -73.956038], [40.801793, -73.955948], [40.801725, -73.955875], [40.801647, -73.95582], [40.801563, -73.955786], [40.801476, -73.955775], [40.801459, -73.955777], [40.801418, -73.955711], [40.80135, -73.955637], [40.801272, -73.955582], [40.801188, -73.955549], [40.8011, -73.955537], [40.801012, -73.955549], [40.800928, -73.955582], [40.80085, -73.955637], [40.800782, -73.955711], [40.800727, -73.955801], [40.800685, -73.955903], [40.800659, -73.956014], [40.800651, -73.95613], [40.800659, -73.956246], [40.800685, -73.956357]]"
6479e1fb-21b7-4d2c-8862-3bc5fe2084d4,Review Warning Zone 222,40.80127,-73.95868,0.05,"[[40.800855, -73.958907], [40.800897, -73.959009], [40.800952, -73.959099], [40.80102, -73.959173], [40.801098, -73.959228], [40.801182, -73.959261], [40.80127, -73.959273], [40.801358, -73.959261], [40.801442, -73.959228], [40.80152, -73.959173], [40.801588, -73.959099], [40.801643, -73.959009], [40.801685, -73.958907], [40.801711, -73.958796], [40.801719, -73.95868], [40.801711, -73.958564], [40.801685, -73.958453], [40.801643, -73.958351], [40.801588, -73.958261], [40.80152, -73.958187], [40.801442, -73.958132], [40.801358, -73.958099], [40.80127, -73.958087], [40.801182, -73.958099], [40.801098, -73.958132], [40.80102, -73.958187], [40.800952, -73.958261], [40.800897, -73.958351], [40.800855, -73.958453], [40.800829, -73.958564], [40.800821, -73.95868], [40.800829, -73.958796]]"
685f0b7e-bb28-4f5a-b780-4b36eb11084e,Review Warning Zone 223,40.80206,-73.95442,0.05,"[[40.801687, -73.954749], [40.801742, -73.954839], [40.80181, -73.954913], [40.801888, -73.954968], [40.801972, -73.955001], [40.80206, -73.955013], [40.802148, -73.955001], [40.802232, -73.954968], [40.80231, -73.954913], [40.802378, -73.954839], [40.802433, -73.954749], [40.802475, -73.954647], [40.802501, -73.954536], [40.802509, -73.95442], [40.802501, -73.954304], [40.802475, -73.954193], [40.802433, -73.954091], [40.802378, -73.954001], [40.80231, -73.953927], [40.802232, -73.953872], [40.802148, -73.953839], [40.80206, -73.953827], [40.801972, -73.953839], [40.801888, -73.953872], [40.80181, -73.953927], [40.801742, -73.954001], [40.801687, -73.954091], [40.801645, -73.954193], [40.801619, -73.954304], [40.801611, -73.95442], [40.801619, -73.954536], [40.801645, -73.954647]]"
be0f2b5b-b9c3-4f0a-8c6b-f23d58141d11,Review Warning Zone 224,40.80503,-73.95853,0.05,"[[40.804657, -73.958859], [40.804712, -73.958949], [40.80478, -73.959023], [40.804858, -73.959078], [40.804942, -73.959111], [40.80503, -73.959123], [40.805118, -73.959111], [40.805202, -73.959078], [40.80528, -73.959023], [40.805348, -73.958949], [40.805403, -73.958859], [40.805445, -73.958757], [40.805471, -73.958646], [40.805479, -73.95853], [40.805471, -73.958414], [40.805445, -73.958303], [40.805403, -73.958201], [40.805348, -73.958111], [40.80528, -73.958037], [40.805202, -73.957982], [40.805118, -73.957949], [40.80503, -73.957937], [40.804942, -73.957949], [40.804858, -73.957982], [40.80478, -73.958037], [40.804712, -73.958111], [40.804657, -73.958201], [40.804615, -73.958303], [40.804589, -73.958414], [40.804581, -73.95853], [40.804589, -73.958646], [40.804615, -73.958757]]"
f770cdae-a039-4610-bce7-5283ec3d5e1f,Review Warning Zone 225,40.80504,-73.95732,0.05,"[[40.804625, -73.957547], [40.804667, -73.957649], [40.804722, -73.957739], [40.80479, -73.957813], [40.804868, -73.957868], [40.804952, -73.957901], [40.80504, -73.957913], [40.805128, -73.957901], [40.805212, -73.957868], [40.80529, -73.957813], [40.805358, -73.957739], [40.805413, -73.957649], [40.805455, -73.957547], [40.805481, -73.957436], [40.805489, -73.95732], [40.805481, -73.957204], [40.805455, -73.957093], [40.805413, -73.956991], [40.805358, -73.956901], [40.80529, -73.956827], [40.805212, -73.956772], [40.805128, -73.956739], [40.80504, -73.956727], [40.804952, -73.956739], [40.804868, -73.956772], [40.80479, -73.956827], [40.804722, -73.956901], [40.804667, -73.956991], [40.804625, -73.957093], [40.804599, -73.957204], [40.804591, -73.95732], [40.804599, -73.957436]]"
e1a4e52d-7228-44fc-9a59-4a2fb4bc6d54,Review Warning Zone 226,40.80559,-73.95632,0.05,"[[40.805175, -73.956547], [40.805217, -73.956649], [40.805272, -73.956739], [40.80534, -73.956813], [40.805418, -73.956868], [40.805502, -73.956901], [40.80559, -73.956913], [40.805678, -73.956901], [40.805762, -73.956868], [40.80584, -73.956813], [40.805908, -73.956739], [40.805963, -73.956649], [40.806005, -73.956547], [40.806031, -73.956436], [40.806039, -73.95632], [40.806031, -73.956204], [40.806005, -73.956093], [40.805963, -73.955991], [40.805908, -73.955901], [40.80584, -73.955827], [40.805762, -73.955772], [40.805678, -73.955739], [40.80559, -73.955727], [40.805502, -73.955739], [40.805418, -73.955772], [40.80534, -73.955827], [40.805272, -73.955901], [40.805217, -73.955991], [40.805175, -73.956093], [40.805149, -73.956204], [40.805141, -73.95632], [40.805149, -73.956436]]"
491b8dcf-7e08-4026-9c59-e59d76dcbc7d,Review Warning Zone 227,40.80804,-73.95798,0.05,"[[40.807625, -73.958207], [40.807667, -73.958309], [40.807722, -73.958399], [40.80779, -73.958473], [40.807868, -73.958528], [40.807952, -73.958561], [40.80804, -73.958573], [40.808128, -73.958561], [40.808212, -73.958528], [40.80829, -73.958473], [40.808358, -73.958399], [40.808413, -73.958309], [40.808455, -73.958207], [40.808481, -73.958096], [40.808489, -73.95798], [40.808481, -73.957864], [40.808455, -73.957753], [40.808413, -73.957651], [40.808358, -73.957561], [40.80829, -73.957487], [40.808212, -73.957432], [40.808128, -73.957399], [40.80804, -73.957387], [40.807952, -73.957399], [40.807868, -73.957432], [40.80779, -73.957487], [40.807722, -73.957561], [40.807667, -73.957651], [40.807625, -73.957753], [40.807599, -73.957864], [40.807591, -73.95798], [40.807599, -73.958096]]"
e49c3783-7a16-4f9f-b129-47e5a7005dc4,Review Warning Zone 228,40.80834,-73.954875,0.07,"[[40.807787, -73.955199], [40.807842, -73.955289], [40.80791, -73.955363], [40.807988, -73.955418], [40.808072, -73.955451], [40.80816, -73.955463], [40.808248, -73.955451], [40.808332, -73.955418], [40.808333, -73.955417], [40.808348, -73.955428], [40.808432, -73.955461], [40.80852, -73.955473], [40.808608, -73.955461], [40.808692, -73.955428], [40.80877, -73.955373], [40.808838, -73.955299], [40.808893, -73.955209], [40.808935, -73.955107], [40.808961, -73.954996], [40.808969, -73.95488], [40.808961, -73.954764], [40.808935, -73.954653], [40.808893, -73.954551], [40.808838, -73.954461], [40.80877, -73.954387], [40.808692, -73.954332], [40.808608, -73.954299], [40.80852, -73.954287], [40.808432, -73.954299], [40.808348, -73.954332], [40.808347, -73.954333], [40.808332, -73.954322], [40.808248, -73.954289], [40.80816, -73.954277], [40.808072, -73.954289], [40.807988, -73.954322], [40.80791, -73.954377], [40.807842, -73.954451], [40.807787, -73.954541], [40.807745, -73.954643], [40.807719, -73.954754], [40.807711, -73.95487], [40.807719, -73.954986], [40.807745, -73.955097]]"
9b8014f1-18c2-40de-a035-d0117fca0e43,Review Warning Zone 229,40.81082,-73.95711,0.05,"[[40.810405, -73.957337], [40.810447, -73.957439], [40.810502, -73.957529], [40.81057, -73.957603], [40.810648, -73.957658], [40.810732, -73.957691], [40.81082, -73.957703], [40.810908, -73.957691], [40.810992, -73.957658], [40.81107, -73.957603], [40.811138, -73.957529], [40.811193, -73.957439], [40.811235, -73.957337], [40.811261, -73.957226], [40.811269, -73.95711], [40.811261, -73.956994], [40.811235, -73.956883], [40.811193, -73.956781], [40.811138, -73.956691], [40.81107, -73.956617], [40.810992, -73.956562], [40.810908, -73.956529], [40.81082, -73.956517], [40.810732, -73.956529], [40.810648, -73.956562], [40.81057, -73.956617], [40.810502, -73.956691], [40.810447, -73.956781], [40.810405, -73.956883], [40.810379, -73.956994], [40.810371, -73.95711], [40.810379, -73.957226]]"
5eb3164c-3924-4680-af0b-72d459d55399,Review Warning Zone 230,40.819344,-73.953706,0.127,"[[40.819137, -73.954929], [40.819192, -73.955019], [40.81926, -73.955093], [40.819338, -73.955148], [40.819422, -73.955181], [40.81951, -73.955193], [40.819598, -73.955181], [40.819682, -73.955148], [40.81976, -73.955093], [40.819828, -73.955019], [40.819883, -73.954929], [40.819925, -73.954827], [40.819951, -73.954716], [40.819959, -73.9546], [40.819951, -73.954484], [40.819925, -73.954373], [40.819883, -73.954271], [40.819828, -73.954181], [40.81976, -73.954107], [40.819682, -73.954052], [40.819669, -73.954047], [40.819686, -73.954004], [40.819712, -73.953893], [40.81972, -73.953777], [40.819712, -73.953661], [40.819701, -73.953614], [40.81976, -73.953573], [40.819828, -73.953499], [40.819883, -73.953409], [40.819925, -73.953307], [40.819951, -73.953196], [40.819959, -73.95308], [40.819951, -73.952964], [40.819925, -73.952853], [40.819883, -73.952751], [40.819828, -73.952661], [40.81976, -73.952587], [40.819682, -73.952532], [40.819598, -73.952499], [40.81951, -73.952487], [40.819422, -73.952499], [40.819338, -73.952532], [40.81926, -73.952587], [40.819234, -73.952615], [40.819202, -73.952592], [40.819118, -73.952559], [40.81903, -73.952547], [40.818942, -73.952559], [40.818858, -73.952592], [40.81878, -73.952647], [40.818712, -73.952721], [40.818657, -73.952811], [40.818615, -73.952913], [40.818589, -73.953024], [40.818581, -73.95314], [40.818589, -73.953256], [40.818615, -73.953367], [40.818657, -73.953469], [40.818712, -73.953559], [40.81878, -73.953633], [40.81883, -73.953668], [40.818822, -73.953777], [40.818831, -73.953893], [40.818856, -73.954004], [40.818898, -73.954106], [40.818954, -73.954196], [40.819022, -73.95427], [40.819099, -73.954325], [40.819113, -73.95433], [40.819095, -73.954373], [40.819069, -73.954484], [40.819061, -73.9546], [40.819069, -73.954716], [40.819095, -73.954827]]"
3b63171f-a630-412c-b950-8d5761e29573,Review Warning Zone 231,40.821771,-73.956537,0.08,"[[40.821127, -73.956879], [40.821182, -73.956969], [40.82125, -73.957043], [40.821328, -73.957098], [40.821412, -73.957131], [40.8215, -73.957143], [40.821588, -73.957131], [40.821672, -73.957098], [40.821698, -73.957079], [40.82171, -73.957093], [40.821788, -73.957148], [40.821872, -73.957181], [40.82196, -73.957193], [40.822048, -73.957181], [40.822132, -73.957148], [40.82221, -73.957093], [40.822278, -73.957019], [40.822333, -73.956929], [40.822372, -73.956833], [40.822393, -73.956799], [40.822435, -73.956697], [40.822461, -73.956586], [40.822469, -73.95647], [40.822461, -73.956354], [40.822435, -73.956243], [40.822393, -73.956141], [40.822338, -73.956051], [40.82227, -73.955977], [40.822192, -73.955922], [40.822108, -73.955889], [40.82202, -73.955877], [40.821932, -73.955889], [40.821848, -73.955922], [40.82177, -73.955977], [40.821717, -73.956035], [40.821672, -73.956002], [40.821588, -73.955969], [40.8215, -73.955957], [40.821412, -73.955969], [40.821328, -73.956002], [40.82125, -73.956057], [40.821182, -73.956131], [40.821127, -73.956221], [40.821085, -73.956323], [40.821059, -73.956434], [40.821051, -73.95655], [40.821059, -73.956666], [40.821085, -73.956777]]"
a7e551f0-d728-4236-a463-ca01e6b8cf72,Review Warning Zone 232,40.824085,-73.954755,0.094,"[[40.823367, -73.954819], [40.823422, -73.954909], [40.82349, -73.954983], [40.823568, -73.955038], [40.823652, -73.955071], [40.82374, -73.955083], [40.823828, -73.955071], [40.823912, -73.955038], [40.823983, -73.954987], [40.823981, -73.95502], [40.823989, -73.955136], [40.824015, -73.955247], [40.824057, -73.955349], [40.824112, -73.955439], [40.82418, -73.955513], [40.824258, -73.955568], [40.824342, -73.955601], [40.82443, -73.955613], [40.824518, -73.955601], [40.824602, -73.955568], [40.82468, -73.955513], [40.824748, -73.955439], [40.824803, -73.955349], [40.824845, -73.955247], [40.824871, -73.955136], [40.824879, -73.95502], [40.824871, -73.954904], [40.824845, -73.954793], [40.824803, -73.954691], [40.824748, -73.954601], [40.82468, -73.954527], [40.824602, -73.954472], [40.824518, -73.954439], [40.82443, -73.954427], [40.824342, -73.954439], [40.824258, -73.954472], [40.824187, -73.954523], [40.824189, -73.95449], [40.824181, -73.954374], [40.824155, -73.954263], [40.824113, -73.954161], [40.824058, -73.954071], [40.82399, -73.953997], [40.823912, -73.953942], [40.823828, -73.953909], [40.82374, -73.953897], [40.823652, -73.953909], [40.823568, -73.953942], [40.82349, -73.953997], [40.823422, -73.954071], [40.823367, -73.954161], [40.823325, -73.954263], [40.823299, -73.954374], [40.823291, -73.95449], [40.823299, -73.954606], [40.823325, -73.954717]]"
ddd4f506-e2f1-4ea8-8d71-056bf75cc225,Review Warning Zone 233,40.6363,-73.95254,0.05,"[[40.635885, -73.952767], [40.635927, -73.952869], [40.635982, -73.952959], [40.63605, -73.953033], [40.636128, -73.953088], [40.636212, -73.953121], [40.6363, -73.953133], [40.636388, -73.953121], [40.636472, -73.953088], [40.63655, -73.953033], [40.636618, -73.952959], [40.636673, -73.952869], [40.636715, -73.952767], [40.636741, -73.952656], [40.636749, -73.95254], [40.636741, -73.952424], [40.636715, -73.952313], [40.636673, -73.952211], [40.636618, -73.952121], [40.63655, -73.952047], [40.636472, -73.951992], [40.636388, -73.951959], [40.6363, -73.951947], [40.636212, -73.951959], [40.636128, -73.951992], [40.63605, -73.952047], [40.635982, -73.952121], [40.635927, -73.952211], [40.635885, -73.952313], [40.635859, -73.952424], [40.635851, -73.95254], [40.635859, -73.952656]]"
10fa63a3-209e-4d51-b443-985d15527aaf,Review Warning Zone 234,40.63763,-73.94979,0.05,"[[40.637215, -73.950017], [40.637257, -73.950119], [40.637312, -73.950209], [40.63738, -73.950283], [40.637458, -73.950338], [40.637542, -73.950371], [40.63763, -73.950383], [40.637718, -73.950371], [40.637802, -73.950338], [40.63788, -73.950283], [40.637948, -73.950209], [40.638003, -73.950119], [40.638045, -73.950017], [40.638071, -73.949906], [40.638079, -73.94979], [40.638071, -73.949674], [40.638045, -73.949563], [40.638003, -73.949461], [40.637948, -73.949371], [40.63788, -73.949297], [40.637802, -73.949242], [40.637718, -73.949209], [40.63763, -73.949197], [40.637542, -73.949209], [40.637458, -73.949242], [40.63738, -73.949297], [40.637312, -73.949371], [40.637257, -73.949461], [40.637215, -73.949563], [40.637189, -73.949674], [40.637181, -73.94979], [40.637189, -73.949906]]"
97ff0433-cf5c-4b26-8b9e-0b4c8ee39021,Review Warning Zone 235,40.63957,-73.95129,0.05,"[[40.639197, -73.951619], [40.639252, -73.951709], [40.63932, -73.951783], [40.639398, -73.951838], [40.639482, -73.951871], [40.63957, -73.951883], [40.639658, -73.951871], [40.639742, -73.951838], [40.63982, -73.951783], [40.639888, -73.951709], [40.639943, -73.951619], [40.639985, -73.951517], [40.640011, -73.951406], [40.640019, -73.95129], [40.640011, -73.951174], [40.639985, -73.951063], [40.639943, -73.950961], [40.639888, -73.950871], [40.63982, -73.950797], [40.639742, -73.950742], [40.639658, -73.950709], [40.63957, -73.950697], [40.639482, -73.950709], [40.639398, -73.950742], [40.63932, -73.950797], [40.639252, -73.950871], [40.639197, -73.950961], [40.639155, -73.951063], [40.639129, -73.951174], [40.639121, -73.95129], [40.639129, -73.951406], [40.639155, -73.951517]]"
8e1f4549-ac31-426c-a076-d2a6dc9a1257,Review Warning Zone 236,40.64225,-73.94935,0.05,"[[40.641877, -73.949679], [40.641932, -73.949769], [40.642, -73.949843], [40.642078, -73.949898], [40.642162, -73.949931], [40.64225, -73.949943], [40.642338, -73.949931], [40.642422, -73.949898], [40.6425, -73.949843], [40.642568, -73.949769], [40.642623, -73.949679], [40.642665, -73.949577], [40.642691, -73.949466], [40.642699, -73.94935], [40.642691, -73.949234], [40.642665, -73.949123], [40.642623, -73.949021], [40.642568, -73.948931], [40.6425, -73.948857], [40.642422, -73.948802], [40.642338, -73.948769], [40.64225, -73.948757], [40.642162, -73.948769], [40.642078, -73.948802], [40.642, -73.948857], [40.641932, -73.948931], [40.641877, -73.949021], [40.641835, -73.949123], [40.641809, -73.949234], [40.641801, -73.94935], [40.641809, -73.949466], [40.641835, -73.949577]]"
0445feab-3187-4315-ad8e-8b80298692cb,Review Warning Zone 237,40.643209,-73.947754,0.116,"[[40.642305, -73.948417], [40.642347, -73.948519], [40.642402, -73.948609], [40.64247, -73.948683], [40.642548, -73.948738], [40.642632, -73.948771], [40.64272, -73.948783], [40.642808, -73.948771], [40.642892, -73.948738], [40.64297, -73.948683], [40.643038, -73.948609], [40.643093, -73.948519], [40.643135, -73.948417], [40.643161, -73.948306], [40.643169, -73.94819], [40.643161, -73.948074], [40.643148, -73.948018], [40.643198, -73.948011], [40.643282, -73.947978], [40.64336, -73.947923], [40.643392, -73.947888], [40.643417, -73.947949], [40.643472, -73.948039], [40.64354, -73.948113], [40.643618, -73.948168], [40.643702, -73.948201], [40.64379, -73.948213], [40.643878, -73.948201], [40.643962, -73.948168], [40.64404, -73.948113], [40.644108, -73.948039], [40.644163, -73.947949], [40.644205, -73.947847], [40.644231, -73.947736], [40.644239, -73.94762], [40.644231, -73.947504], [40.644205, -73.947393], [40.644163, -73.947291], [40.644108, -73.947201], [40.64404, -73.947127], [40.643962, -73.947072], [40.643878, -73.947039], [40.64379, -73.947027], [40.643702, -73.947039], [40.643618, -73.947072], [40.64354, -73.947127], [40.643508, -73.947162], [40.643483, -73.947101], [40.643428, -73.947011], [40.64336, -73.946937], [40.643282, -73.946882], [40.643198, -73.946849], [40.64311, -73.946837], [40.643022, -73.946849], [40.642938, -73.946882], [40.64286, -73.946937], [40.642792, -73.947011], [40.642737, -73.947101], [40.642695, -73.947203], [40.642669, -73.947314], [40.642661, -73.94743], [40.642669, -73.947546], [40.642682, -73.947602], [40.642632, -73.947609], [40.642548, -73.947642], [40.64247, -73.947697], [40.642402, -73.947771], [40.642347, -73.947861], [40.642305, -73.947963], [40.642279, -73.948074], [40.642271, -73.94819], [40.642279, -73.948306]]"
95488e8f-df8e-480e-a8ff-9a714037925e,Review Warning Zone 238,40.6438,-73.94973,0.05,"[[40.643385, -73.949957], [40.643427, -73.950059], [40.643482, -73.950149], [40.64355, -73.950223], [40.643628, -73.950278], [40.643712, -73.950311], [40.6438, -73.950323], [40.643888, -73.950311], [40.643972, -73.950278], [40.64405, -73.950223], [40.644118, -73.950149], [40.644173, -73.950059], [40.644215, -73.949957], [40.644241, -73.949846], [40.644249, -73.94973], [40.644241, -73.949614], [40.644215, -73.949503], [40.644173, -73.949401], [40.644118, -73.949311], [40.64405, -73.949237], [40.643972, -73.949182], [40.643888, -73.949149], [40.6438, -73.949137], [40.643712, -73.949149], [40.643628, -73.949182], [40.64355, -73.949237], [40.643482, -73.949311], [40.643427, -73.949401], [40.643385, -73.949503], [40.643359, -73.949614], [40.643351, -73.94973], [40.643359, -73.949846]]"
5eeab116-b91c-4a0a-a9fc-336ded933297,Review Warning Zone 239,40.6453,-73.95114,0.05,"[[40.644885, -73.951367], [40.644927, -73.951469], [40.644982, -73.951559], [40.64505, -73.951633], [40.645128, -73.951688], [40.645212, -73.951721], [40.6453, -73.951733], [40.645388, -73.951721], [40.645472, -73.951688], [40.64555, -73.951633], [40.645618, -73.951559], [40.645673, -73.951469], [40.645715, -73.951367], [40.645741, -73.951256], [40.645749, -73.95114], [40.645741, -73.951024], [40.645715, -73.950913], [40.645673, -73.950811], [40.645618, -73.950721], [40.64555, -73.950647], [40.645472, -73.950592], [40.645388, -73.950559], [40.6453, -73.950547], [40.645212, -73.950559], [40.645128, -73.950592], [40.64505, -73.950647], [40.644982, -73.950721], [40.644927, -73.950811], [40.644885, -73.950913], [40.644859, -73.951024], [40.644851, -73.95114], [40.644859, -73.951256]]"
74e3e2af-835b-4ef5-be55-04e1cca523c0,Review Warning Zone 240,40.64665,-73.95015,0.05,"[[40.646277, -73.950479], [40.646332, -73.950569], [40.6464, -73.950643], [40.646478, -73.950698], [40.646562, -73.950731], [40.64665, -73.950743], [40.646738, -73.950731], [40.646822, -73.950698], [40.6469, -73.950643], [40.646968, -73.950569], [40.647023, -73.950479], [40.647065, -73.950377], [40.647091, -73.950266], [40.647099, -73.95015], [40.647091, -73.950034], [40.647065, -73.949923], [40.647023, -73.949821], [40.646968, -73.949731], [40.6469, -73.949657], [40.646822, -73.949602], [40.646738, -73.949569], [40.64665, -73.949557], [40.646562, -73.949569], [40.646478, -73.949602], [40.6464, -73.949657], [40.646332, -73.949731], [40.646277, -73.949821], [40.646235, -73.949923], [40.646209, -73.950034], [40.646201, -73.95015], [40.646209, -73.950266], [40.646235, -73.950377]]"
29abfa4a-48cc-484c-a58e-e32edd1620f4,Review Warning Zone 241,40.64669,-73.94813,0.05,"[[40.646317, -73.948459], [40.646372, -73.948549], [40.64644, -73.948623], [40.646518, -73.948678], [40.646602, -73.948711], [40.64669, -73.948723], [40.646778, -73.948711], [40.646862, -73.948678], [40.64694, -73.948623], [40.647008, -73.948549], [40.647063, -73.948459], [40.647105, -73.948357], [40.647131, -73.948246], [40.647139, -73.94813], [40.647131, -73.948014], [40.647105, -73.947903], [40.647063, -73.947801], [40.647008, -73.947711], [40.64694, -73.947637], [40.646862, -73.947582], [40.646778, -73.947549], [40.64669, -73.947537], [40.646602, -73.947549], [40.646518, -73.947582], [40.64644, -73.947637], [40.646372, -73.947711], [40.646317, -73.947801], [40.646275, -73.947903], [40.646249, -73.948014], [40.646241, -73.94813], [40.646249, -73.948246], [40.646275, -73.948357]]"
e1697bcc-43ea-4d2c-8e35-d1366b326e1b,Review Warning Zone 242,40.646955,-73.95356,0.093,"[[40.646305, -73.954197], [40.646347, -73.954299], [40.646402, -73.954389], [40.64647, -73.954463], [40.646548, -73.954518], [40.646632, -73.954551], [40.64672, -73.954563], [40.646808, -73.954551], [40.646892, -73.954518], [40.64697, -73.954463], [40.647038, -73.954389], [40.647093, -73.954299], [40.647135, -73.954197], [40.647161, -73.954086], [40.647169, -73.95397], [40.647161, -73.953854], [40.647135, -73.953743], [40.647132, -73.953735], [40.64719, -73.953743], [40.647278, -73.953731], [40.647362, -73.953698], [40.64744, -73.953643], [40.647508, -73.953569], [40.647563, -73.953479], [40.647605, -73.953377], [40.647631, -73.953266], [40.647639, -73.95315], [40.647631, -73.953034], [40.647605, -73.952923], [40.647563, -73.952821], [40.647508, -73.952731], [40.64744, -73.952657], [40.647362, -73.952602], [40.647278, -73.952569], [40.64719, -73.952557], [40.647102, -73.952569], [40.647018, -73.952602], [40.64694, -73.952657], [40.646872, -73.952731], [40.646817, -73.952821], [40.646775, -73.952923], [40.646749, -73.953034], [40.646741, -73.95315], [40.646749, -73.953266], [40.646775, -73.953377], [40.646778, -73.953385], [40.64672, -73.953377], [40.646632, -73.953389], [40.646548, -73.953422], [40.64647, -73.953477], [40.646402, -73.953551], [40.646347, -73.953641], [40.646305, -73.953743], [40.646279, -73.953854], [40.646271, -73.95397], [40.646279, -73.954086]]"
15976e38-75cb-46cf-baf7-78a5d5505d98,Review Warning Zone 243,40.64815,-73.95108,0.05,"[[40.647735, -73.951307], [40.647777, -73.951409], [40.647832, -73.951499], [40.6479, -73.951573], [40.647978, -73.951628], [40.648062, -73.951661], [40.64815, -73.951673], [40.648238, -73.951661], [40.648322, -73.951628], [40.6484, -73.951573], [40.648468, -73.951499], [40.648523, -73.951409], [40.648565, -73.951307], [40.648591, -73.951196], [40.648599, -73.95108], [40.648591, -73.950964], [40.648565, -73.950853], [40.648523, -73.950751], [40.648468, -73.950661], [40.6484, -73.950587], [40.648322, -73.950532], [40.648238, -73.950499], [40.64815, -73.950487], [40.648062, -73.950499], [40.647978, -73.950532], [40.6479, -73.950587], [40.647832, -73.950661], [40.647777, -73.950751], [40.647735, -73.950853], [40.647709, -73.950964], [40.647701, -73.95108], [40.647709, -73.951196]]"
a424bcd3-392e-483a-a87a-e82a0e3cb84c,Review Warning Zone 244,40.65104,-73.94982,0.05,"[[40.650667, -73.950149], [40.650722, -73.950239], [40.65079, -73.950313], [40.650868, -73.950368], [40.650952, -73.950401], [40.65104, -73.950413], [40.651128, -73.950401], [40.651212, -73.950368], [40.65129, -73.950313], [40.651358, -73.950239], [40.651413, -73.950149], [40.651455, -73.950047], [40.651481, -73.949936], [40.651489, -73.94982], [40.651481, -73.949704], [40.651455, -73.949593], [40.651413, -73.949491], [40.651358, -73.949401], [40.65129, -73.949327], [40.651212, -73.949272], [40.651128, -73.949239], [40.65104, -73.949227], [40.650952, -73.949239], [40.650868, -73.949272], [40.65079, -73.949327], [40.650722, -73.949401], [40.650667, -73.949491], [40.650625, -73.949593], [40.650599, -73.949704], [40.650591, -73.94982], [40.650599, -73.949936], [40.650625, -73.950047]]"
bc75ced1-621a-46ce-abb6-3ffcae20b676,Review Warning Zone 245,40.65355,-73.94799,0.05,"[[40.653177, -73.948319], [40.653232, -73.948409], [40.6533, -73.948483], [40.653378, -73.948538], [40.653462, -73.948571], [40.65355, -73.948583], [40.653638, -73.948571], [40.653722, -73.948538], [40.6538, -73.948483], [40.653868, -73.948409], [40.653923, -73.948319], [40.653965, -73.948217], [40.653991, -73.948106], [40.653999, -73.94799], [40.653991, -73.947874], [40.653965, -73.947763], [40.653923, -73.947661], [40.653868, -73.947571], [40.6538, -73.947497], [40.653722, -73.947442], [40.653638, -73.947409], [40.65355, -73.947397], [40.653462, -73.947409], [40.653378, -73.947442], [40.6533, -73.947497], [40.653232, -73.947571], [40.653177, -73.947661], [40.653135, -73.947763], [40.653109, -73.947874], [40.653101, -73.94799], [40.653109, -73.948106], [40.653135, -73.948217]]"
3f7fef55-b8bb-4a96-940c-780de5ca5619,Review Warning Zone 246,40.65418,-73.95344,0.05,"[[40.653765, -73.953667], [40.653807, -73.953769], [40.653862, -73.953859], [40.65393, -73.953933], [40.654008, -73.953988], [40.654092, -73.954021], [40.65418, -73.954033], [40.654268, -73.954021], [40.654352, -73.953988], [40.65443, -73.953933], [40.654498, -73.953859], [40.654553, -73.953769], [40.654595, -73.953667], [40.654621, -73.953556], [40.654629, -73.95344], [40.654621, -73.953324], [40.654595, -73.953213], [40.654553, -73.953111], [40.654498, -73.953021], [40.65443, -73.952947], [40.654352, -73.952892], [40.654268, -73.952859], [40.65418, -73.952847], [40.654092, -73.952859], [40.654008, -73.952892], [40.65393, -73.952947], [40.653862, -73.953021], [40.653807, -73.953111], [40.653765, -73.953213], [40.653739, -73.953324], [40.653731, -73.95344], [40.653739, -73.953556]]"
8dd7ee78-b0ca-42c4-b191-6e85311b95e2,Review Warning Zone 247,40.65633,-73.95311,0.05,"[[40.655915, -73.953337], [40.655957, -73.953439], [40.656012, -73.953529], [40.65608, -73.953603], [40.656158, -73.953658], [40.656242, -73.953691], [40.65633, -73.953703], [40.656418, -73.953691], [40.656502, -73.953658], [40.65658, -73.953603], [40.656648, -73.953529], [40.656703, -73.953439], [40.656745, -73.953337], [40.656771, -73.953226], [40.656779, -73.95311], [40.656771, -73.952994], [40.656745, -73.952883], [40.656703, -73.952781], [40.656648, -73.952691], [40.65658, -73.952617], [40.656502, -73.952562], [40.656418, -73.952529], [40.65633, -73.952517], [40.656242, -73.952529], [40.656158, -73.952562], [40.65608, -73.952617], [40.656012, -73.952691], [40.655957, -73.952781], [40.655915, -73.952883], [40.655889, -73.952994], [40.655881, -73.95311], [40.655889, -73.953226]]"
6632c716-8552-4fa1-ae44-5c7a534e9ba0,Review Warning Zone 248,40.65715,-73.94925,0.05,"[[40.656735, -73.949477], [40.656777, -73.949579], [40.656832, -73.949669], [40.6569, -73.949743], [40.656978, -73.949798], [40.657062, -73.949831], [40.65715, -73.949843], [40.657238, -73.949831], [40.657322, -73.949798], [40.6574, -73.949743], [40.657468, -73.949669], [40.657523, -73.949579], [40.657565, -73.949477], [40.657591, -73.949366], [40.657599, -73.94925], [40.657591, -73.949134], [40.657565, -73.949023], [40.657523, -73.948921], [40.657468, -73.948831], [40.6574, -73.948757], [40.657322, -73.948702], [40.657238, -73.948669], [40.65715, -73.948657], [40.657062, -73.948669], [40.656978, -73.948702], [40.6569, -73.948757], [40.656832, -73.948831], [40.656777, -73.948921], [40.656735, -73.949023], [40.656709, -73.949134], [40.656701, -73.94925], [40.656709, -73.949366]]"
ea929748-6b5a-4671-b40a-7a9362cf16c9,Review Warning Zone 249,40.65815,-73.95127,0.05,"[[40.657777, -73.951599], [40.657832, -73.951689], [40.6579, -73.951763], [40.657978, -73.951818], [40.658062, -73.951851], [40.65815, -73.951863], [40.658238, -73.951851], [40.658322, -73.951818], [40.6584, -73.951763], [40.658468, -73.951689], [40.658523, -73.951599], [40.658565, -73.951497], [40.658591, -73.951386], [40.658599, -73.95127], [40.658591, -73.951154], [40.658565, -73.951043], [40.658523, -73.950941], [40.658468, -73.950851], [40.6584, -73.950777], [40.658322, -73.950722], [40.658238, -73.950689], [40.65815, -73.950677], [40.658062, -73.950689], [40.657978, -73.950722], [40.6579, -73.950777], [40.657832, -73.950851], [40.657777, -73.950941], [40.657735, -73.951043], [40.657709, -73.951154], [40.657701, -73.95127], [40.657709, -73.951386], [40.657735, -73.951497]]"
72a85174-a602-4d67-b35f-c316edcbdf3a,Review Warning Zone 250,40.65982,-73.95116,0.05,"[[40.659447, -73.951489], [40.659502, -73.951579], [40.65957, -73.951653], [40.659648, -73.951708], [40.659732, -73.951741], [40.65982, -73.951753], [40.659908, -73.951741], [40.659992, -73.951708], [40.66007, -73.951653], [40.660138, -73.951579], [40.660193, -73.951489], [40.660235, -73.951387], [40.660261, -73.951276], [40.660269, -73.95116], [40.660261, -73.951044], [40.660235, -73.950933], [40.660193, -73.950831], [40.660138, -73.950741], [40.66007, -73.950667], [40.659992, -73.950612], [40.659908, -73.950579], [40.65982, -73.950567], [40.659732, -73.950579], [40.659648, -73.950612], [40.65957, -73.950667], [40.659502, -73.950741], [40.659447, -73.950831], [40.659405, -73.950933], [40.659379, -73.951044], [40.659371, -73.95116], [40.659379, -73.951276], [40.659405, -73.951387]]"
c1428411-014b-4891-b1e2-07efd871d7fc,Review Warning Zone 251,40.66074,-73.95144,0.05,"[[40.660325, -73.951667], [40.660367, -73.951769], [40.660422, -73.951859], [40.66049, -73.951933], [40.660568, -73.951988], [40.660652, -73.952021], [40.66074, -73.952033], [40.660828, -73.952021], [40.660912, -73.951988], [40.66099, -73.951933], [40.661058, -73.951859], [40.661113, -73.951769], [40.661155, -73.951667], [40.661181, -73.951556], [40.661189, -73.95144], [40.661181, -73.951324], [40.661155, -73.951213], [40.661113, -73.951111], [40.661058, -73.951021], [40.66099, -73.950947], [40.660912, -73.950892], [40.660828, -73.950859], [40.66074, -73.950847], [40.660652, -73.950859], [40.660568, -73.950892], [40.66049, -73.950947], [40.660422, -73.951021], [40.660367, -73.951111], [40.660325, -73.951213], [40.660299, -73.951324], [40.660291, -73.95144], [40.660299, -73.951556]]"
b1ceb471-f4d0-47f0-b163-19f3962d07c7,Review Warning Zone 252,40.66146,-73.95063,0.05,"[[40.661045, -73.950857], [40.661087, -73.950959], [40.661142, -73.951049], [40.66121, -73.951123], [40.661288, -73.951178], [40.661372, -73.951211], [40.66146, -73.951223], [40.661548, -73.951211], [40.661632, -73.951178], [40.66171, -73.951123], [40.661778, -73.951049], [40.661833, -73.950959], [40.661875, -73.950857], [40.661901, -73.950746], [40.661909, -73.95063], [40.661901, -73.950514], [40.661875, -73.950403], [40.661833, -73.950301], [40.661778, -73.950211], [40.66171, -73.950137], [40.661632, -73.950082], [40.661548, -73.950049], [40.66146, -73.950037], [40.661372, -73.950049], [40.661288, -73.950082], [40.66121, -73.950137], [40.661142, -73.950211], [40.661087, -73.950301], [40.661045, -73.950403], [40.661019, -73.950514], [40.661011, -73.95063], [40.661019, -73.950746]]"
85882d38-9781-4583-b84b-06846757bea0,Review Warning Zone 253,40.66169,-73.95277,0.05,"[[40.661275, -73.952997], [40.661317, -73.953099], [40.661372, -73.953189], [40.66144, -73.953263], [40.661518, -73.953318], [40.661602, -73.953351], [40.66169, -73.953363], [40.661778, -73.953351], [40.661862, -73.953318], [40.66194, -73.953263], [40.662008, -73.953189], [40.662063, -73.953099], [40.662105, -73.952997], [40.662131, -73.952886], [40.662139, -73.95277], [40.662131, -73.952654], [40.662105, -73.952543], [40.662063, -73.952441], [40.662008, -73.952351], [40.66194, -73.952277], [40.661862, -73.952222], [40.661778, -73.952189], [40.66169, -73.952177], [40.661602, -73.952189], [40.661518, -73.952222], [40.66144, -73.952277], [40.661372, -73.952351], [40.661317, -73.952441], [40.661275, -73.952543], [40.661249, -73.952654], [40.661241, -73.95277], [40.661249, -73.952886]]"
34b8902a-5680-4de0-bf39-a1aaefb6c14d,Review Warning Zone 254,40.66276,-73.95091,0.05,"[[40.662387, -73.951239], [40.662442, -73.951329], [40.66251, -73.951403], [40.662588, -73.951458], [40.662672, -73.951491], [40.66276, -73.951503], [40.662848, -73.951491], [40.662932, -73.951458], [40.66301, -73.951403], [40.663078, -73.951329], [40.663133, -73.951239], [40.663175, -73.951137], [40.663201, -73.951026], [40.663209, -73.95091], [40.663201, -73.950794], [40.663175, -73.950683], [40.663133, -73.950581], [40.663078, -73.950491], [40.66301, -73.950417], [40.662932, -73.950362], [40.662848, -73.950329], [40.66276, -73.950317], [40.662672, -73.950329], [40.662588, -73.950362], [40.66251, -73.950417], [40.662442, -73.950491], [40.662387, -73.950581], [40.662345, -73.950683], [40.662319, -73.950794], [40.662311, -73.95091], [40.662319, -73.951026], [40.662345, -73.951137]]"
71354280-fdb6-469a-b4b7-352a6f247413,Review Warning Zone 255,40.66296,-73.95361,0.05,"[[40.662587, -73.953939], [40.662642, -73.954029], [40.66271, -73.954103], [40.662788, -73.954158], [40.662872, -73.954191], [40.66296, -73.954203], [40.663048, -73.954191], [40.663132, -73.954158], [40.66321, -73.954103], [40.663278, -73.954029], [40.663333, -73.953939], [40.663375, -73.953837], [40.663401, -73.953726], [40.663409, -73.95361], [40.663401, -73.953494], [40.663375, -73.953383], [40.663333, -73.953281], [40.663278, -73.953191], [40.66321, -73.953117], [40.663132, -73.953062], [40.663048, -73.953029], [40.66296, -73.953017], [40.662872, -73.953029], [40.662788, -73.953062], [40.66271, -73.953117], [40.662642, -73.953191], [40.662587, -73.953281], [40.662545, -73.953383], [40.662519, -73.953494], [40.662511, -73.95361], [40.662519, -73.953726], [40.662545, -73.953837]]"
bc8ba13a-60d0-4ec1-8412-b769b76e32b5,Review Warning Zone 256,40.66941,-73.94988,0.05,"[[40.668995, -73.950107], [40.669037, -73.950209], [40.669092, -73.950299], [40.66916, -73.950373], [40.669238, -73.950428], [40.669322, -73.950461], [40.66941, -73.950473], [40.669498, -73.950461], [40.669582, -73.950428], [40.66966, -73.950373], [40.669728, -73.950299], [40.669783, -73.950209], [40.669825, -73.950107], [40.669851, -73.949996], [40.669859, -73.94988], [40.669851, -73.949764], [40.669825, -73.949653], [40.669783, -73.949551], [40.669728, -73.949461], [40.66966, -73.949387], [40.669582, -73.949332], [40.669498, -73.949299], [40.66941, -73.949287], [40.669322, -73.949299], [40.669238, -73.949332], [40.66916, -73.949387], [40.669092, -73.949461], [40.669037, -73.949551], [40.668995, -73.949653], [40.668969, -73.949764], [40.668961, -73.94988], [40.668969, -73.949996]]"
c125c16d-8c1c-4d4f-b262-f1aeb6bfe73f,Review Warning Zone 257,40.67176,-73.95136,0.085,"[[40.671267, -73.952079], [40.671322, -73.952169], [40.67139, -73.952243], [40.671468, -73.952298], [40.671552, -73.952331], [40.67164, -73.952343], [40.671728, -73.952331], [40.671812, -73.952298], [40.67189, -73.952243], [40.671958, -73.952169], [40.672013, -73.952079], [40.672055, -73.951977], [40.672081, -73.951866], [40.672089, -73.95175], [40.672081, -73.951634], [40.672055, -73.951523], [40.672053, -73.951517], [40.67213, -73.951463], [40.672198, -73.951389], [40.672253, -73.951299], [40.672295, -73.951197], [40.672321, -73.951086], [40.672329, -73.95097], [40.672321, -73.950854], [40.672295, -73.950743], [40.672253, -73.950641], [40.672198, -73.950551], [40.67213, -73.950477], [40.672052, -73.950422], [40.671968, -73.950389], [40.67188, -73.950377], [40.671792, -73.950389], [40.671708, -73.950422], [40.67163, -73.950477], [40.671562, -73.950551], [40.671507, -73.950641], [40.671465, -73.950743], [40.671439, -73.950854], [40.671431, -73.95097], [40.671439, -73.951086], [40.671465, -73.951197], [40.671467, -73.951203], [40.67139, -73.951257], [40.671322, -73.951331], [40.671267, -73.951421], [40.671225, -73.951523], [40.671199, -73.951634], [40.671191, -73.95175], [40.671199, -73.951866], [40.671225, -73.951977]]"
951b81b0-5aeb-4fe4-afc6-5c2d021f8b45,Review Warning Zone 258,40.67294,-73.95203,0.05,"[[40.672567, -73.952359], [40.672622, -73.952449], [40.67269, -73.952523], [40.672768, -73.952578], [40.672852, -73.952611], [40.67294, -73.952623], [40.673028, -73.952611], [40.673112, -73.952578], [40.67319, -73.952523], [40.673258, -73.952449], [40.673313, -73.952359], [40.673355, -73.952257], [40.673381, -73.952146], [40.673389, -73.95203], [40.673381, -73.951914], [40.673355, -73.951803], [40.673313, -73.951701], [40.673258, -73.951611], [40.67319, -73.951537], [40.673112, -73.951482], [40.673028, -73.951449], [40.67294, -73.951437], [40.672852, -73.951449], [40.672768, -73.951482], [40.67269, -73.951537], [40.672622, -73.951611], [40.672567, -73.951701], [40.672525, -73.951803], [40.672499, -73.951914], [40.672491, -73.95203], [40.672499, -73.952146], [40.672525, -73.952257]]"
756a8d96-a98a-433f-8ecb-0c3dc30b545e,Review Warning Zone 259,40.67478,-73.95165,0.05,"[[40.674407, -73.951979], [40.674462, -73.952069], [40.67453, -73.952143], [40.674608, -73.952198], [40.674692, -73.952231], [40.67478, -73.952243], [40.674868, -73.952231], [40.674952, -73.952198], [40.67503, -73.952143], [40.675098, -73.952069], [40.675153, -73.951979], [40.675195, -73.951877], [40.675221, -73.951766], [40.675229, -73.95165], [40.675221, -73.951534], [40.675195, -73.951423], [40.675153, -73.951321], [40.675098, -73.951231], [40.67503, -73.951157], [40.674952, -73.951102], [40.674868, -73.951069], [40.67478, -73.951057], [40.674692, -73.951069], [40.674608, -73.951102], [40.67453, -73.951157], [40.674462, -73.951231], [40.674407, -73.951321], [40.674365, -73.951423], [40.674339, -73.951534], [40.674331, -73.95165], [40.674339, -73.951766], [40.674365, -73.951877]]"
d83f4153-78ff-4835-98c7-670cd1c59e9d,Review Warning Zone 260,40.67582,-73.9518,0.05,"[[40.675405, -73.952027], [40.675447, -73.952129], [40.675502, -73.952219], [40.67557, -73.952293], [40.675648, -73.952348], [40.675732, -73.952381], [40.67582, -73.952393], [40.675908, -73.952381], [40.675992, -73.952348], [40.67607, -73.952293], [40.676138, -73.952219], [40.676193, -73.952129], [40.676235, -73.952027], [40.676261, -73.951916], [40.676269, -73.9518], [40.676261, -73.951684], [40.676235, -73.951573], [40.676193, -73.951471], [40.676138, -73.951381], [40.67607, -73.951307], [40.675992, -73.951252], [40.675908, -73.951219], [40.67582, -73.951207], [40.675732, -73.951219], [40.675648, -73.951252], [40.67557, -73.951307], [40.675502, -73.951381], [40.675447, -73.951471], [40.675405, -73.951573], [40.675379, -73.951684], [40.675371, -73.9518], [40.675379, -73.951916]]"
5863364f-b60d-494a-8167-c88236b9eddb,Review Warning Zone 261,40.676955,-73.951065,0.092,"[[40.676235, -73.951007], [40.676277, -73.951109], [40.676332, -73.951199], [40.6764, -73.951273], [40.676478, -73.951328], [40.676562, -73.951361], [40.67665, -73.951373], [40.676738, -73.951361], [40.676812, -73.951331], [40.676811, -73.95135], [40.676819, -73.951466], [40.676845, -73.951577], [40.676887, -73.951679], [40.676942, -73.951769], [40.67701, -73.951843], [40.677088, -73.951898], [40.677172, -73.951931], [40.67726, -73.951943], [40.677348, -73.951931], [40.677432, -73.951898], [40.67751, -73.951843], [40.677578, -73.951769], [40.677633, -73.951679], [40.677675, -73.951577], [40.677701, -73.951466], [40.677709, -73.95135], [40.677701, -73.951234], [40.677675, -73.951123], [40.677633, -73.951021], [40.677578, -73.950931], [40.67751, -73.950857], [40.677432, -73.950802], [40.677348, -73.950769], [40.67726, -73.950757], [40.677172, -73.950769], [40.677098, -73.950799], [40.677099, -73.95078], [40.677091, -73.950664], [40.677065, -73.950553], [40.677023, -73.950451], [40.676968, -73.950361], [40.6769, -73.950287], [40.676822, -73.950232], [40.676738, -73.950199], [40.67665, -73.950187], [40.676562, -73.950199], [40.676478, -73.950232], [40.6764, -73.950287], [40.676332, -73.950361], [40.676277, -73.950451], [40.676235, -73.950553], [40.676209, -73.950664], [40.676201, -73.95078], [40.676209, -73.950896]]"
a514e694-67d3-48db-8b97-b7428513c038,Review Warning Zone 262,40.678111,-73.947713,0.109,"[[40.677267, -73.948359], [40.677322, -73.948449], [40.67739, -73.948523], [40.677468, -73.948578], [40.677552, -73.948611], [40.67764, -73.948623], [40.677728, -73.948611], [40.677812, -73.948578], [40.67789, -73.948523], [40.677958, -73.948449], [40.678013, -73.948359], [40.678055, -73.948257], [40.678081, -73.948146], [40.678089, -73.948036], [40.678105, -73.948107], [40.678147, -73.948209], [40.678202, -73.948299], [40.67827, -73.948373], [40.678348, -73.948428], [40.678432, -73.948461], [40.67852, -73.948473], [40.678608, -73.948461], [40.678692, -73.948428], [40.67877, -73.948373], [40.678838, -73.948299], [40.678893, -73.948209], [40.678935, -73.948107], [40.678961, -73.947996], [40.678969, -73.94788], [40.678961, -73.947764], [40.678935, -73.947653], [40.678893, -73.947551], [40.678838, -73.947461], [40.67877, -73.947387], [40.678692, -73.947332], [40.678667, -73.947322], [40.678671, -73.947306], [40.678679, -73.94719], [40.678671, -73.947074], [40.678645, -73.946963], [40.678603, -73.946861], [40.678548, -73.946771], [40.67848, -73.946697], [40.678402, -73.946642], [40.678318, -73.946609], [40.67823, -73.946597], [40.678142, -73.946609], [40.678058, -73.946642], [40.67798, -73.946697], [40.677912, -73.946771], [40.677857, -73.946861], [40.677815, -73.946963], [40.677789, -73.947074], [40.677781, -73.94719], [40.677789, -73.947306], [40.677815, -73.947417], [40.677853, -73.947512], [40.677812, -73.947482], [40.677728, -73.947449], [40.67764, -73.947437], [40.677552, -73.947449], [40.677468, -73.947482], [40.67739, -73.947537], [40.677322, -73.947611], [40.677267, -73.947701], [40.677225, -73.947803], [40.677199, -73.947914], [40.677191, -73.94803], [40.677199, -73.948146], [40.677225, -73.948257]]"
72565b29-12bf-4f35-8e3b-b917a39b87fb,Review Warning Zone 263,40.67824,-73.95098,0.05,"[[40.677867, -73.951309], [40.677922, -73.951399], [40.67799, -73.951473], [40.678068, -73.951528], [40.678152, -73.951561], [40.67824, -73.951573], [40.678328, -73.951561], [40.678412, -73.951528], [40.67849, -73.951473], [40.678558, -73.951399], [40.678613, -73.951309], [40.678655, -73.951207], [40.678681, -73.951096], [40.678689, -73.95098], [40.678681, -73.950864], [40.678655, -73.950753], [40.678613, -73.950651], [40.678558, -73.950561], [40.67849, -73.950487], [40.678412, -73.950432], [40.678328, -73.950399], [40.67824, -73.950387], [40.678152, -73.950399], [40.678068, -73.950432], [40.67799, -73.950487], [40.677922, -73.950561], [40.677867, -73.950651], [40.677825, -73.950753], [40.677799, -73.950864], [40.677791, -73.95098], [40.677799, -73.951096], [40.677825, -73.951207]]"
1b630a1b-9566-41a1-9a73-de5226aed0f5,Review Warning Zone 264,40.67935,-73.94992,0.05,"[[40.678935, -73.950147], [40.678977, -73.950249], [40.679032, -73.950339], [40.6791, -73.950413], [40.679178, -73.950468], [40.679262, -73.950501], [40.67935, -73.950513], [40.679438, -73.950501], [40.679522, -73.950468], [40.6796, -73.950413], [40.679668, -73.950339], [40.679723, -73.950249], [40.679765, -73.950147], [40.679791, -73.950036], [40.679799, -73.94992], [40.679791, -73.949804], [40.679765, -73.949693], [40.679723, -73.949591], [40.679668, -73.949501], [40.6796, -73.949427], [40.679522, -73.949372], [40.679438, -73.949339], [40.67935, -73.949327], [40.679262, -73.949339], [40.679178, -73.949372], [40.6791, -73.949427], [40.679032, -73.949501], [40.678977, -73.949591], [40.678935, -73.949693], [40.678909, -73.949804], [40.678901, -73.94992], [40.678909, -73.950036]]"
49f1d108-110a-45f4-970a-7d4f18514128,Review Warning Zone 265,40.680381,-73.949185,0.138,"[[40.679455, -73.948857], [40.679497, -73.948959], [40.679552, -73.949049], [40.67962, -73.949123], [40.679698, -73.949178], [40.679782, -73.949211], [40.679855, -73.949221], [40.679851, -73.94927], [40.679859, -73.949386], [40.679885, -73.949497], [40.679927, -73.949599], [40.679982, -73.949689], [40.68005, -73.949763], [40.680128, -73.949818], [40.680139, -73.949822], [40.680097, -73.949891], [40.680055, -73.949993], [40.680029, -73.950104], [40.680021, -73.95022], [40.680029, -73.950336], [40.680055, -73.950447], [40.680097, -73.950549], [40.680152, -73.950639], [40.68022, -73.950713], [40.680298, -73.950768], [40.680382, -73.950801], [40.68047, -73.950813], [40.680558, -73.950801], [40.680642, -73.950768], [40.68072, -73.950713], [40.680788, -73.950639], [40.680843, -73.950549], [40.680885, -73.950447], [40.680911, -73.950336], [40.680919, -73.95022], [40.680911, -73.950104], [40.680885, -73.949993], [40.680843, -73.949891], [40.680788, -73.949801], [40.68072, -73.949727], [40.680642, -73.949672], [40.680631, -73.949668], [40.680673, -73.949599], [40.680715, -73.949497], [40.680741, -73.949386], [40.680749, -73.94927], [40.680743, -73.949183], [40.680762, -73.949191], [40.68085, -73.949203], [40.680938, -73.949191], [40.681022, -73.949158], [40.6811, -73.949103], [40.681168, -73.949029], [40.681223, -73.948939], [40.681265, -73.948837], [40.681291, -73.948726], [40.681299, -73.94861], [40.681291, -73.948494], [40.681265, -73.948383], [40.681223, -73.948281], [40.681168, -73.948191], [40.6811, -73.948117], [40.681022, -73.948062], [40.680938, -73.948029], [40.68085, -73.948017], [40.680762, -73.948029], [40.680678, -73.948062], [40.6806, -73.948117], [40.680532, -73.948191], [40.680477, -73.948281], [40.680435, -73.948383], [40.680409, -73.948494], [40.680401, -73.94861], [40.680407, -73.948697], [40.680388, -73.948689], [40.680315, -73.948679], [40.680319, -73.94863], [40.680311, -73.948514], [40.680285, -73.948403], [40.680243, -73.948301], [40.680188, -73.948211], [40.68012, -73.948137], [40.680042, -73.948082], [40.679958, -73.948049], [40.67987, -73.948037], [40.679782, -73.948049], [40.679698, -73.948082], [40.67962, -73.948137], [40.679552, -73.948211], [40.679497, -73.948301], [40.679455, -73.948403], [40.679429, -73.948514], [40.679421, -73.94863], [40.679429, -73.948746]]"
fb55c6cf-aa98-45f3-96de-2a69b6c2e46d,Review Warning Zone 266,40.679993,-73.952271,0.05,"[[40.679578, -73.952498], [40.67962, -73.9526], [40.679675, -73.95269], [40.679743, -73.952764], [40.679821, -73.952819], [40.679905, -73.952852], [40.679993, -73.952864], [40.680081, -73.952852], [40.680165, -73.952819], [40.680243, -73.952764], [40.680311, -73.95269], [40.680366, -73.9526], [40.680408, -73.952498], [40.680434, -73.952387], [40.680442, -73.952271], [40.680434, -73.952155], [40.680408, -73.952044], [40.680366, -73.951942], [40.680311, -73.951852], [40.680243, -73.951778], [40.680165, -73.951723], [40.680081, -73.95169], [40.679993, -73.951678], [40.679905, -73.95169], [40.679821, -73.951723], [40.679743, -73.951778], [40.679675, -73.951852], [40.67962, -73.951942], [40.679578, -73.952044], [40.679552, -73.952155], [40.679544, -73.952271], [40.679552, -73.952387]]"
e112ba16-0452-471e-b6c2-4efe8f213071,Review Warning Zone 267,40.68229,-73.950015,0.089,"[[40.681665, -73.949877], [40.681707, -73.949979], [40.681762, -73.950069], [40.68183, -73.950143], [40.681908, -73.950198], [40.681992, -73.950231], [40.682065, -73.950241], [40.682059, -73.950264], [40.682051, -73.95038], [40.682059, -73.950496], [40.682085, -73.950607], [40.682127, -73.950709], [40.682182, -73.950799], [40.68225, -73.950873], [40.682328, -73.950928], [40.682412, -73.950961], [40.6825, -73.950973], [40.682588, -73.950961], [40.682672, -73.950928], [40.68275, -73.950873], [40.682818, -73.950799], [40.682873, -73.950709], [40.682915, -73.950607], [40.682941, -73.950496], [40.682949, -73.95038], [40.682941, -73.950264], [40.682915, -73.950153], [40.682873, -73.950051], [40.682818, -73.949961], [40.68275, -73.949887], [40.682672, -73.949832], [40.682588, -73.949799], [40.682515, -73.949789], [40.682521, -73.949766], [40.682529, -73.94965], [40.682521, -73.949534], [40.682495, -73.949423], [40.682453, -73.949321], [40.682398, -73.949231], [40.68233, -73.949157], [40.682252, -73.949102], [40.682168, -73.949069], [40.68208, -73.949057], [40.681992, -73.949069], [40.681908, -73.949102], [40.68183, -73.949157], [40.681762, -73.949231], [40.681707, -73.949321], [40.681665, -73.949423], [40.681639, -73.949534], [40.681631, -73.94965], [40.681639, -73.949766]]"
3186dc4e-ce8b-45a5-93f8-5bc3cfd7d2ef,Review Warning Zone 268,40.68244,-73.95225,0.05,"[[40.682025, -73.952477], [40.682067, -73.952579], [40.682122, -73.952669], [40.68219, -73.952743], [40.682268, -73.952798], [40.682352, -73.952831], [40.68244, -73.952843], [40.682528, -73.952831], [40.682612, -73.952798], [40.68269, -73.952743], [40.682758, -73.952669], [40.682813, -73.952579], [40.682855, -73.952477], [40.682881, -73.952366], [40.682889, -73.95225], [40.682881, -73.952134], [40.682855, -73.952023], [40.682813, -73.951921], [40.682758, -73.951831], [40.68269, -73.951757], [40.682612, -73.951702], [40.682528, -73.951669], [40.68244, -73.951657], [40.682352, -73.951669], [40.682268, -73.951702], [40.68219, -73.951757], [40.682122, -73.951831], [40.682067, -73.951921], [40.682025, -73.952023], [40.681999, -73.952134], [40.681991, -73.95225], [40.681999, -73.952366]]"
2042e637-f04d-4097-8734-3a65b152d819,Review Warning Zone 269,40.684245,-73.953779,0.13,"[[40.683177, -73.954339], [40.683232, -73.954429], [40.6833, -73.954503], [40.683378, -73.954558], [40.683462, -73.954591], [40.68355, -73.954603], [40.683638, -73.954591], [40.683722, -73.954558], [40.6838, -73.954503], [40.683868, -73.954429], [40.683923, -73.954339], [40.683961, -73.954247], [40.684012, -73.954329], [40.68408, -73.954403], [40.684158, -73.954458], [40.684242, -73.954491], [40.68433, -73.954503], [40.684418, -73.954491], [40.684502, -73.954458], [40.68458, -73.954403], [40.684648, -73.954329], [40.684703, -73.954239], [40.684745, -73.954137], [40.684771, -73.954026], [40.684774, -73.95398], [40.684802, -73.953991], [40.68489, -73.954003], [40.684978, -73.953991], [40.685062, -73.953958], [40.68514, -73.953903], [40.685208, -73.953829], [40.685263, -73.953739], [40.685305, -73.953637], [40.685331, -73.953526], [40.685339, -73.95341], [40.685331, -73.953294], [40.685305, -73.953183], [40.685263, -73.953081], [40.685208, -73.952991], [40.68514, -73.952917], [40.685062, -73.952862], [40.684978, -73.952829], [40.68489, -73.952817], [40.684802, -73.952829], [40.684718, -73.952862], [40.68464, -73.952917], [40.684572, -73.952991], [40.684517, -73.953081], [40.684475, -73.953183], [40.684449, -73.953294], [40.684446, -73.95334], [40.684418, -73.953329], [40.68433, -73.953317], [40.684242, -73.953329], [40.684158, -73.953362], [40.68408, -73.953417], [40.684012, -73.953491], [40.683957, -73.953581], [40.683919, -73.953673], [40.683868, -73.953591], [40.6838, -73.953517], [40.683722, -73.953462], [40.683638, -73.953429], [40.68355, -73.953417], [40.683462, -73.953429], [40.683378, -73.953462], [40.6833, -73.953517], [40.683232, -73.953591], [40.683177, -73.953681], [40.683135, -73.953783], [40.683109, -73.953894], [40.683101, -73.95401], [40.683109, -73.954126], [40.683135, -73.954237]]"
d48b80d1-3579-4fb9-a43a-c58a02978953,Review Warning Zone 270,40.68548,-73.95144,0.05,"[[40.685065, -73.951667], [40.685107, -73.951769], [40.685162, -73.951859], [40.68523, -73.951933], [40.685308, -73.951988], [40.685392, -73.952021], [40.68548, -73.952033], [40.685568, -73.952021], [40.685652, -73.951988], [40.68573, -73.951933], [40.685798, -73.951859], [40.685853, -73.951769], [40.685895, -73.951667], [40.685921, -73.951556], [40.685929, -73.95144], [40.685921, -73.951324], [40.685895, -73.951213], [40.685853, -73.951111], [40.685798, -73.951021], [40.68573, -73.950947], [40.685652, -73.950892], [40.685568, -73.950859], [40.68548, -73.950847], [40.685392, -73.950859], [40.685308, -73.950892], [40.68523, -73.950947], [40.685162, -73.951021], [40.685107, -73.951111], [40.685065, -73.951213], [40.685039, -73.951324], [40.685031, -73.95144], [40.685039, -73.951556]]"
4afd4250-d858-41da-9120-b31226590c06,Review Warning Zone 271,40.68659,-73.950835,0.087,"[[40.685967, -73.950879], [40.686022, -73.950969], [40.68609, -73.951043], [40.686168, -73.951098], [40.686252, -73.951131], [40.68634, -73.951143], [40.686392, -73.951136], [40.686399, -73.951236], [40.686425, -73.951347], [40.686467, -73.951449], [40.686522, -73.951539], [40.68659, -73.951613], [40.686668, -73.951668], [40.686752, -73.951701], [40.68684, -73.951713], [40.686928, -73.951701], [40.687012, -73.951668], [40.68709, -73.951613], [40.687158, -73.951539], [40.687213, -73.951449], [40.687255, -73.951347], [40.687281, -73.951236], [40.687289, -73.95112], [40.687281, -73.951004], [40.687255, -73.950893], [40.687213, -73.950791], [40.687158, -73.950701], [40.68709, -73.950627], [40.687012, -73.950572], [40.686928, -73.950539], [40.68684, -73.950527], [40.686788, -73.950534], [40.686781, -73.950434], [40.686755, -73.950323], [40.686713, -73.950221], [40.686658, -73.950131], [40.68659, -73.950057], [40.686512, -73.950002], [40.686428, -73.949969], [40.68634, -73.949957], [40.686252, -73.949969], [40.686168, -73.950002], [40.68609, -73.950057], [40.686022, -73.950131], [40.685967, -73.950221], [40.685925, -73.950323], [40.685899, -73.950434], [40.685891, -73.95055], [40.685899, -73.950666], [40.685925, -73.950777]]"
f362260c-5f00-475b-99c5-eda1911e811a,Review Warning Zone 272,40.68702,-73.94917,0.05,"[[40.686605, -73.949397], [40.686647, -73.949499], [40.686702, -73.949589], [40.68677, -73.949663], [40.686848, -73.949718], [40.686932, -73.949751], [40.68702, -73.949763], [40.687108, -73.949751], [40.687192, -73.949718], [40.68727, -73.949663], [40.687338, -73.949589], [40.687393, -73.949499], [40.687435, -73.949397], [40.687461, -73.949286], [40.687469, -73.94917], [40.687461, -73.949054], [40.687435, -73.948943], [40.687393, -73.948841], [40.687338, -73.948751], [40.68727, -73.948677], [40.687192, -73.948622], [40.687108, -73.948589], [40.68702, -73.948577], [40.686932, -73.948589], [40.686848, -73.948622], [40.68677, -73.948677], [40.686702, -73.948751], [40.686647, -73.948841], [40.686605, -73.948943], [40.686579, -73.949054], [40.686571, -73.94917], [40.686579, -73.949286]]"
3cefb571-6b4b-4abf-8237-357b576a7eb7,Review Warning Zone 273,40.68867,-73.94935,0.05,"[[40.688255, -73.949577], [40.688297, -73.949679], [40.688352, -73.949769], [40.68842, -73.949843], [40.688498, -73.949898], [40.688582, -73.949931], [40.68867, -73.949943], [40.688758, -73.949931], [40.688842, -73.949898], [40.68892, -73.949843], [40.688988, -73.949769], [40.689043, -73.949679], [40.689085, -73.949577], [40.689111, -73.949466], [40.689119, -73.94935], [40.689111, -73.949234], [40.689085, -73.949123], [40.689043, -73.949021], [40.688988, -73.948931], [40.68892, -73.948857], [40.688842, -73.948802], [40.688758, -73.948769], [40.68867, -73.948757], [40.688582, -73.948769], [40.688498, -73.948802], [40.68842, -73.948857], [40.688352, -73.948931], [40.688297, -73.949021], [40.688255, -73.949123], [40.688229, -73.949234], [40.688221, -73.94935], [40.688229, -73.949466]]"
0a4e0c8b-1030-4fd8-8eae-259a4f6cb5f5,Review Warning Zone 274,40.68987,-73.95308,0.05,"[[40.689455, -73.953307], [40.689497, -73.953409], [40.689552, -73.953499], [40.68962, -73.953573], [40.689698, -73.953628], [40.689782, -73.953661], [40.68987, -73.953673], [40.689958, -73.953661], [40.690042, -73.953628], [40.69012, -73.953573], [40.690188, -73.953499], [40.690243, -73.953409], [40.690285, -73.953307], [40.690311, -73.953196], [40.690319, -73.95308], [40.690311, -73.952964], [40.690285, -73.952853], [40.690243, -73.952751], [40.690188, -73.952661], [40.69012, -73.952587], [40.690042, -73.952532], [40.689958, -73.952499], [40.68987, -73.952487], [40.689782, -73.952499], [40.689698, -73.952532], [40.68962, -73.952587], [40.689552, -73.952661], [40.689497, -73.952751], [40.689455, -73.952853], [40.689429, -73.952964], [40.689421, -73.95308], [40.689429, -73.953196]]"
5bdf522c-129f-4e1f-b797-eb24fbb41cef,Review Warning Zone 275,40.69101,-73.95018,0.05,"[[40.690637, -73.950509], [40.690692, -73.950599], [40.69076, -73.950673], [40.690838, -73.950728], [40.690922, -73.950761], [40.69101, -73.950773], [40.691098, -73.950761], [40.691182, -73.950728], [40.69126, -73.950673], [40.691328, -73.950599], [40.691383, -73.950509], [40.691425, -73.950407], [40.691451, -73.950296], [40.691459, -73.95018], [40.691451, -73.950064], [40.691425, -73.949953], [40.691383, -73.949851], [40.691328, -73.949761], [40.69126, -73.949687], [40.691182, -73.949632], [40.691098, -73.949599], [40.69101, -73.949587], [40.690922, -73.949599], [40.690838, -73.949632], [40.69076, -73.949687], [40.690692, -73.949761], [40.690637, -73.949851], [40.690595, -73.949953], [40.690569, -73.950064], [40.690561, -73.95018], [40.690569, -73.950296], [40.690595, -73.950407]]"
323d07b5-2df1-41b1-8442-59e833346ac5,Review Warning Zone 276,40.69146,-73.94873,0.05,"[[40.691087, -73.949059], [40.691142, -73.949149], [40.69121, -73.949223], [40.691288, -73.949278], [40.691372, -73.949311], [40.69146, -73.949323], [40.691548, -73.949311], [40.691632, -73.949278], [40.69171, -73.949223], [40.691778, -73.949149], [40.691833, -73.949059], [40.691875, -73.948957], [40.691901, -73.948846], [40.691909, -73.94873], [40.691901, -73.948614], [40.691875, -73.948503], [40.691833, -73.948401], [40.691778, -73.948311], [40.69171, -73.948237], [40.691632, -73.948182], [40.691548, -73.948149], [40.69146, -73.948137], [40.691372, -73.948149], [40.691288, -73.948182], [40.69121, -73.948237], [40.691142, -73.948311], [40.691087, -73.948401], [40.691045, -73.948503], [40.691019, -73.948614], [40.691011, -73.94873], [40.691019, -73.948846], [40.691045, -73.948957]]"
53b40d40-db77-4e0c-998d-8c59fb349b0f,Review Warning Zone 277,40.69299,-73.9482,0.05,"[[40.692575, -73.948427], [40.692617, -73.948529], [40.692672, -73.948619], [40.69274, -73.948693], [40.692818, -73.948748], [40.692902, -73.948781], [40.69299, -73.948793], [40.693078, -73.948781], [40.693162, -73.948748], [40.69324, -73.948693], [40.693308, -73.948619], [40.693363, -73.948529], [40.693405, -73.948427], [40.693431, -73.948316], [40.693439, -73.9482], [40.693431, -73.948084], [40.693405, -73.947973], [40.693363, -73.947871], [40.693308, -73.947781], [40.69324, -73.947707], [40.693162, -73.947652], [40.693078, -73.947619], [40.69299, -73.947607], [40.692902, -73.947619], [40.692818, -73.947652], [40.69274, -73.947707], [40.692672, -73.947781], [40.692617, -73.947871], [40.692575, -73.947973], [40.692549, -73.948084], [40.692541, -73.9482], [40.692549, -73.948316]]"
f4686798-12e4-4eb5-8e72-8ac66af6cd5e,Review Warning Zone 278,40.69908,-73.95317,0.05,"[[40.698665, -73.953397], [40.698707, -73.953499], [40.698762, -73.953589], [40.69883, -73.953663], [40.698908, -73.953718], [40.698992, -73.953751], [40.69908, -73.953763], [40.699168, -73.953751], [40.699252, -73.953718], [40.69933, -73.953663], [40.699398, -73.953589], [40.699453, -73.953499], [40.699495, -73.953397], [40.699521, -73.953286], [40.699529, -73.95317], [40.699521, -73.953054], [40.699495, -73.952943], [40.699453, -73.952841], [40.699398, -73.952751], [40.69933, -73.952677], [40.699252, -73.952622], [40.699168, -73.952589], [40.69908, -73.952577], [40.698992, -73.952589], [40.698908, -73.952622], [40.69883, -73.952677], [40.698762, -73.952751], [40.698707, -73.952841], [40.698665, -73.952943], [40.698639, -73.953054], [40.698631, -73.95317], [40.698639, -73.953286]]"
0eb1bc10-016b-4015-92be-1a96da89e4ee,Review Warning Zone 279,40.70154,-73.95256,0.05,"[[40.701125, -73.952787], [40.701167, -73.952889], [40.701222, -73.952979], [40.70129, -73.953053], [40.701368, -73.953108], [40.701452, -73.953141], [40.70154, -73.953153], [40.701628, -73.953141], [40.701712, -73.953108], [40.70179, -73.953053], [40.701858, -73.952979], [40.701913, -73.952889], [40.701955, -73.952787], [40.701981, -73.952676], [40.701989, -73.95256], [40.701981, -73.952444], [40.701955, -73.952333], [40.701913, -73.952231], [40.701858, -73.952141], [40.70179, -73.952067], [40.701712, -73.952012], [40.701628, -73.951979], [40.70154, -73.951967], [40.701452, -73.951979], [40.701368, -73.952012], [40.70129, -73.952067], [40.701222, -73.952141], [40.701167, -73.952231], [40.701125, -73.952333], [40.701099, -73.952444], [40.701091, -73.95256], [40.701099, -73.952676]]"
c6e56e2f-44dd-4bca-91ac-97d1e7fe9581,Review Warning Zone 280,40.70693,-73.94922,0.05,"[[40.706557, -73.949549], [40.706612, -73.949639], [40.70668, -73.949713], [40.706758, -73.949768], [40.706842, -73.949801], [40.70693, -73.949813], [40.707018, -73.949801], [40.707102, -73.949768], [40.70718, -73.949713], [40.707248, -73.949639], [40.707303, -73.949549], [40.707345, -73.949447], [40.707371, -73.949336], [40.707379, -73.94922], [40.707371, -73.949104], [40.707345, -73.948993], [40.707303, -73.948891], [40.707248, -73.948801], [40.70718, -73.948727], [40.707102, -73.948672], [40.707018, -73.948639], [40.70693, -73.948627], [40.706842, -73.948639], [40.706758, -73.948672], [40.70668, -73.948727], [40.706612, -73.948801], [40.706557, -73.948891], [40.706515, -73.948993], [40.706489, -73.949104], [40.706481, -73.94922], [40.706489, -73.949336], [40.706515, -73.949447]]"
31c44813-f5ae-4111-a783-a10d9e509669,Review Warning Zone 281,40.71118,-73.95192,0.05,"[[40.710807, -73.952249], [40.710862, -73.952339], [40.71093, -73.952413], [40.711008, -73.952468], [40.711092, -73.952501], [40.71118, -73.952513], [40.711268, -73.952501], [40.711352, -73.952468], [40.71143, -73.952413], [40.711498, -73.952339], [40.711553, -73.952249], [40.711595, -73.952147], [40.711621, -73.952036], [40.711629, -73.95192], [40.711621, -73.951804], [40.711595, -73.951693], [40.711553, -73.951591], [40.711498, -73.951501], [40.71143, -73.951427], [40.711352, -73.951372], [40.711268, -73.951339], [40.71118, -73.951327], [40.711092, -73.951339], [40.711008, -73.951372], [40.71093, -73.951427], [40.710862, -73.951501], [40.710807, -73.951591], [40.710765, -73.951693], [40.710739, -73.951804], [40.710731, -73.95192], [40.710739, -73.952036], [40.710765, -73.952147]]"
540f0da9-26d8-40e1-9a83-a459763b2968,Review Warning Zone 282,40.75923,-73.95378,0.05,"[[40.758815, -73.954007], [40.758857, -73.954109], [40.758912, -73.954199], [40.75898, -73.954273], [40.759058, -73.954328], [40.759142, -73.954361], [40.75923, -73.954373], [40.759318, -73.954361], [40.759402, -73.954328], [40.75948, -73.954273], [40.759548, -73.954199], [40.759603, -73.954109], [40.759645, -73.954007], [40.759671, -73.953896], [40.759679, -73.95378], [40.759671, -73.953664], [40.759645, -73.953553], [40.759603, -73.953451], [40.759548, -73.953361], [40.75948, -73.953287], [40.759402, -73.953232], [40.759318, -73.953199], [40.75923, -73.953187], [40.759142, -73.953199], [40.759058, -73.953232], [40.75898, -73.953287], [40.758912, -73.953361], [40.758857, -73.953451], [40.758815, -73.953553], [40.758789, -73.953664], [40.758781, -73.95378], [40.758789, -73.953896]]"
2c6f1b8e-0194-41ab-b71e-a1aedf96f1db,Review Warning Zone 283,40.77395,-73.95153,0.05,"[[40.773535, -73.951757], [40.773577, -73.951859], [40.773632, -73.951949], [40.7737, -73.952023], [40.773778, -73.952078], [40.773862, -73.952111], [40.77395, -73.952123], [40.774038, -73.952111], [40.774122, -73.952078], [40.7742, -73.952023], [40.774268, -73.951949], [40.774323, -73.951859], [40.774365, -73.951757], [40.774391, -73.951646], [40.774399, -73.95153], [40.774391, -73.951414], [40.774365, -73.951303], [40.774323, -73.951201], [40.774268, -73.951111], [40.7742, -73.951037], [40.774122, -73.950982], [40.774038, -73.950949], [40.77395, -73.950937], [40.773862, -73.950949], [40.773778, -73.950982], [40.7737, -73.951037], [40.773632, -73.951111], [40.773577, -73.951201], [40.773535, -73.951303], [40.773509, -73.951414], [40.773501, -73.95153], [40.773509, -73.951646]]"
25bf351c-27d2-42f7-9995-4fc06ffbbb7b,Review Warning Zone 284,40.785671,-73.949539,0.05,"[[40.785256, -73.949766], [40.785298, -73.949868], [40.785353, -73.949958], [40.785421, -73.950032], [40.785499, -73.950087], [40.785583, -73.95012], [40.785671, -73.950132], [40.785759, -73.95012], [40.785843, -73.950087], [40.785921, -73.950032], [40.785989, -73.949958], [40.786044, -73.949868], [40.786086, -73.949766], [40.786112, -73.949655], [40.78612, -73.949539], [40.786112, -73.949423], [40.786086, -73.949312], [40.786044, -73.94921], [40.785989, -73.94912], [40.785921, -73.949046], [40.785843, -73.948991], [40.785759, -73.948958], [40.785671, -73.948946], [40.785583, -73.948958], [40.785499, -73.948991], [40.785421, -73.949046], [40.785353, -73.94912], [40.785298, -73.94921], [40.785256, -73.949312], [40.78523, -73.949423], [40.785222, -73.949539], [40.78523, -73.949655]]"
841cd7a4-a346-4b58-854d-a917b2439a69,Review Warning Zone 285,40.78802,-73.94954,0.05,"[[40.787647, -73.949869], [40.787702, -73.949959], [40.78777, -73.950033], [40.787848, -73.950088], [40.787932, -73.950121], [40.78802, -73.950133], [40.788108, -73.950121], [40.788192, -73.950088], [40.78827, -73.950033], [40.788338, -73.949959], [40.788393, -73.949869], [40.788435, -73.949767], [40.788461, -73.949656], [40.788469, -73.94954], [40.788461, -73.949424], [40.788435, -73.949313], [40.788393, -73.949211], [40.788338, -73.949121], [40.78827, -73.949047], [40.788192, -73.948992], [40.788108, -73.948959], [40.78802, -73.948947], [40.787932, -73.948959], [40.787848, -73.948992], [40.78777, -73.949047], [40.787702, -73.949121], [40.787647, -73.949211], [40.787605, -73.949313], [40.787579, -73.949424], [40.787571, -73.94954], [40.787579, -73.949656], [40.787605, -73.949767]]"
861c11e1-8b36-4132-b9f3-5bb64e637aaf,Review Warning Zone 286,40.79016,-73.95092,0.05,"[[40.789787, -73.951249], [40.789842, -73.951339], [40.78991, -73.951413], [40.789988, -73.951468], [40.790072, -73.951501], [40.79016, -73.951513], [40.790248, -73.951501], [40.790332, -73.951468], [40.79041, -73.951413], [40.790478, -73.951339], [40.790533, -73.951249], [40.790575, -73.951147], [40.790601, -73.951036], [40.790609, -73.95092], [40.790601, -73.950804], [40.790575, -73.950693], [40.790533, -73.950591], [40.790478, -73.950501], [40.79041, -73.950427], [40.790332, -73.950372], [40.790248, -73.950339], [40.79016, -73.950327], [40.790072, -73.950339], [40.789988, -73.950372], [40.78991, -73.950427], [40.789842, -73.950501], [40.789787, -73.950591], [40.789745, -73.950693], [40.789719, -73.950804], [40.789711, -73.95092], [40.789719, -73.951036], [40.789745, -73.951147]]"
0ee2b51a-0795-43bc-b7de-e6358fd0fe4f,Review Warning Zone 287,40.79052,-73.9485,0.05,"[[40.790105, -73.948727], [40.790147, -73.948829], [40.790202, -73.948919], [40.79027, -73.948993], [40.790348, -73.949048], [40.790432, -73.949081], [40.79052, -73.949093], [40.790608, -73.949081], [40.790692, -73.949048], [40.79077, -73.948993], [40.790838, -73.948919], [40.790893, -73.948829], [40.790935, -73.948727], [40.790961, -73.948616], [40.790969, -73.9485], [40.790961, -73.948384], [40.790935, -73.948273], [40.790893, -73.948171], [40.790838, -73.948081], [40.79077, -73.948007], [40.790692, -73.947952], [40.790608, -73.947919], [40.79052, -73.947907], [40.790432, -73.947919], [40.790348, -73.947952], [40.79027, -73.948007], [40.790202, -73.948081], [40.790147, -73.948171], [40.790105, -73.948273], [40.790079, -73.948384], [40.790071, -73.9485], [40.790079, -73.948616]]"
2f0ecb07-1e0a-446e-a60d-69a612fb456f,Review Warning Zone 288,40.79179,-73.94828,0.05,"[[40.791375, -73.948507], [40.791417, -73.948609], [40.791472, -73.948699], [40.79154, -73.948773], [40.791618, -73.948828], [40.791702, -73.948861], [40.79179, -73.948873], [40.791878, -73.948861], [40.791962, -73.948828], [40.79204, -73.948773], [40.792108, -73.948699], [40.792163, -73.948609], [40.792205, -73.948507], [40.792231, -73.948396], [40.792239, -73.94828], [40.792231, -73.948164], [40.792205, -73.948053], [40.792163, -73.947951], [40.792108, -73.947861], [40.79204, -73.947787], [40.791962, -73.947732], [40.791878, -73.947699], [40.79179, -73.947687], [40.791702, -73.947699], [40.791618, -73.947732], [40.79154, -73.947787], [40.791472, -73.947861], [40.791417, -73.947951], [40.791375, -73.948053], [40.791349, -73.948164], [40.791341, -73.94828], [40.791349, -73.948396]]"
d5dbde85-2378-472e-97ed-30e47b534d34,Review Warning Zone 289,40.79484,-73.94957,0.05,"[[40.794425, -73.949797], [40.794467, -73.949899], [40.794522, -73.949989], [40.79459, -73.950063], [40.794668, -73.950118], [40.794752, -73.950151], [40.79484, -73.950163], [40.794928, -73.950151], [40.795012, -73.950118], [40.79509, -73.950063], [40.795158, -73.949989], [40.795213, -73.949899], [40.795255, -73.949797], [40.795281, -73.949686], [40.795289, -73.94957], [40.795281, -73.949454], [40.795255, -73.949343], [40.795213, -73.949241], [40.795158, -73.949151], [40.79509, -73.949077], [40.795012, -73.949022], [40.794928, -73.948989], [40.79484, -73.948977], [40.794752, -73.948989], [40.794668, -73.949022], [40.79459, -73.949077], [40.794522, -73.949151], [40.794467, -73.949241], [40.794425, -73.949343], [40.794399, -73.949454], [40.794391, -73.94957], [40.794399, -73.949686]]"
1e27a984-4aed-4de6-af82-1a7b1308747d,Review Warning Zone 290,40.79614,-73.94867,0.05,"[[40.795767, -73.948999], [40.795822, -73.949089], [40.79589, -73.949163], [40.795968, -73.949218], [40.796052, -73.949251], [40.79614, -73.949263], [40.796228, -73.949251], [40.796312, -73.949218], [40.79639, -73.949163], [40.796458, -73.949089], [40.796513, -73.948999], [40.796555, -73.948897], [40.796581, -73.948786], [40.796589, -73.94867], [40.796581, -73.948554], [40.796555, -73.948443], [40.796513, -73.948341], [40.796458, -73.948251], [40.79639, -73.948177], [40.796312, -73.948122], [40.796228, -73.948089], [40.79614, -73.948077], [40.796052, -73.948089], [40.795968, -73.948122], [40.79589, -73.948177], [40.795822, -73.948251], [40.795767, -73.948341], [40.795725, -73.948443], [40.795699, -73.948554], [40.795691, -73.94867], [40.795699, -73.948786], [40.795725, -73.948897]]"
8bb3bb88-70a9-4d5e-90b2-774d202be90d,Review Warning Zone 291,40.79717,-73.948185,0.093,"[[40.796907, -73.949009], [40.796962, -73.949099], [40.79703, -73.949173], [40.797108, -73.949228], [40.797192, -73.949261], [40.79728, -73.949273], [40.797368, -73.949261], [40.797452, -73.949228], [40.79753, -73.949173], [40.797598, -73.949099], [40.797653, -73.949009], [40.797695, -73.948907], [40.797721, -73.948796], [40.797729, -73.94868], [40.797721, -73.948564], [40.797695, -73.948453], [40.797653, -73.948351], [40.797598, -73.948261], [40.79753, -73.948187], [40.797452, -73.948132], [40.797381, -73.948104], [40.797433, -73.948019], [40.797475, -73.947917], [40.797501, -73.947806], [40.797509, -73.94769], [40.797501, -73.947574], [40.797475, -73.947463], [40.797433, -73.947361], [40.797378, -73.947271], [40.79731, -73.947197], [40.797232, -73.947142], [40.797148, -73.947109], [40.79706, -73.947097], [40.796972, -73.947109], [40.796888, -73.947142], [40.79681, -73.947197], [40.796742, -73.947271], [40.796687, -73.947361], [40.796645, -73.947463], [40.796619, -73.947574], [40.796611, -73.94769], [40.796619, -73.947806], [40.796645, -73.947917], [40.796687, -73.948019], [40.796742, -73.948109], [40.79681, -73.948183], [40.796888, -73.948238], [40.796959, -73.948266], [40.796907, -73.948351], [40.796865, -73.948453], [40.796839, -73.948564], [40.796831, -73.94868], [40.796839, -73.948796], [40.796865, -73.948907]]"
7452489a-3915-4c99-bee5-4f987cec68ff,Review Warning Zone 292,40.79847,-73.94833,0.05,"[[40.798055, -73.948557], [40.798097, -73.948659], [40.798152, -73.948749], [40.79822, -73.948823], [40.798298, -73.948878], [40.798382, -73.948911], [40.79847, -73.948923], [40.798558, -73.948911], [40.798642, -73.948878], [40.79872, -73.948823], [40.798788, -73.948749], [40.798843, -73.948659], [40.798885, -73.948557], [40.798911, -73.948446], [40.798919, -73.94833], [40.798911, -73.948214], [40.798885, -73.948103], [40.798843, -73.948001], [40.798788, -73.947911], [40.79872, -73.947837], [40.798642, -73.947782], [40.798558, -73.947749], [40.79847, -73.947737], [40.798382, -73.947749], [40.798298, -73.947782], [40.79822, -73.947837], [40.798152, -73.947911], [40.798097, -73.948001], [40.798055, -73.948103], [40.798029, -73.948214], [40.798021, -73.94833], [40.798029, -73.948446]]"
09af575e-9fe7-4852-8236-85bbe6ca0f2b,Review Warning Zone 293,40.800857,-73.952779,0.096,"[[40.800095, -73.952697], [40.800137, -73.952799], [40.800192, -73.952889], [40.80026, -73.952963], [40.800338, -73.953018], [40.800422, -73.953051], [40.80051, -73.953063], [40.800548, -73.953058], [40.800582, -73.953071], [40.800657, -73.953081], [40.800649, -73.953114], [40.800641, -73.95323], [40.800649, -73.953346], [40.800675, -73.953457], [40.800717, -73.953559], [40.800772, -73.953649], [40.80084, -73.953723], [40.800918, -73.953778], [40.801002, -73.953811], [40.80109, -73.953823], [40.801178, -73.953811], [40.801262, -73.953778], [40.80134, -73.953723], [40.801408, -73.953649], [40.801463, -73.953559], [40.801505, -73.953457], [40.801531, -73.953346], [40.801539, -73.95323], [40.801531, -73.953114], [40.801505, -73.953003], [40.801463, -73.952901], [40.80146, -73.952895], [40.801481, -73.952806], [40.801489, -73.95269], [40.801481, -73.952574], [40.801455, -73.952463], [40.801413, -73.952361], [40.801358, -73.952271], [40.80129, -73.952197], [40.801212, -73.952142], [40.801128, -73.952109], [40.80104, -73.952097], [40.801007, -73.952102], [40.800988, -73.952071], [40.80092, -73.951997], [40.800842, -73.951942], [40.800758, -73.951909], [40.80067, -73.951897], [40.800632, -73.951902], [40.800598, -73.951889], [40.80051, -73.951877], [40.800422, -73.951889], [40.800338, -73.951922], [40.80026, -73.951977], [40.800192, -73.952051], [40.800137, -73.952141], [40.800095, -73.952243], [40.800069, -73.952354], [40.800061, -73.95247], [40.800069, -73.952586]]"
f95683ad-0ceb-436b-8781-8a783d1d16d8,Review Warning Zone 294,40.80077,-73.947875,0.092,"[[40.800347, -73.948699], [40.800402, -73.948789], [40.80047, -73.948863], [40.800548, -73.948918], [40.800632, -73.948951], [40.80072, -73.948963], [40.800808, -73.948951], [40.800892, -73.948918], [40.80097, -73.948863], [40.801038, -73.948789], [40.801093, -73.948699], [40.801135, -73.948597], [40.801161, -73.948486], [40.801169, -73.94837], [40.801161, -73.948254], [40.801135, -73.948143], [40.801093, -73.948041], [40.801038, -73.947951], [40.801007, -73.947917], [40.80107, -73.947873], [40.801138, -73.947799], [40.801193, -73.947709], [40.801235, -73.947607], [40.801261, -73.947496], [40.801269, -73.94738], [40.801261, -73.947264], [40.801235, -73.947153], [40.801193, -73.947051], [40.801138, -73.946961], [40.80107, -73.946887], [40.800992, -73.946832], [40.800908, -73.946799], [40.80082, -73.946787], [40.800732, -73.946799], [40.800648, -73.946832], [40.80057, -73.946887], [40.800502, -73.946961], [40.800447, -73.947051], [40.800405, -73.947153], [40.800379, -73.947264], [40.800371, -73.94738], [40.800379, -73.947496], [40.800405, -73.947607], [40.800447, -73.947709], [40.800502, -73.947799], [40.800533, -73.947833], [40.80047, -73.947877], [40.800402, -73.947951], [40.800347, -73.948041], [40.800305, -73.948143], [40.800279, -73.948254], [40.800271, -73.94837], [40.800279, -73.948486], [40.800305, -73.948597]]"
88c6b0dc-4948-429d-84d6-a4ee96832def,Review Warning Zone 295,40.80116,-73.95043,0.05,"[[40.800787, -73.950759], [40.800842, -73.950849], [40.80091, -73.950923], [40.800988, -73.950978], [40.801072, -73.951011], [40.80116, -73.951023], [40.801248, -73.951011], [40.801332, -73.950978], [40.80141, -73.950923], [40.801478, -73.950849], [40.801533, -73.950759], [40.801575, -73.950657], [40.801601, -73.950546], [40.801609, -73.95043], [40.801601, -73.950314], [40.801575, -73.950203], [40.801533, -73.950101], [40.801478, -73.950011], [40.80141, -73.949937], [40.801332, -73.949882], [40.801248, -73.949849], [40.80116, -73.949837], [40.801072, -73.949849], [40.800988, -73.949882], [40.80091, -73.949937], [40.800842, -73.950011], [40.800787, -73.950101], [40.800745, -73.950203], [40.800719, -73.950314], [40.800711, -73.95043], [40.800719, -73.950546], [40.800745, -73.950657]]"
ed407a50-20aa-47bd-8dde-7fe74417b0df,Review Warning Zone 296,40.80219,-73.95272,0.05,"[[40.801775, -73.952947], [40.801817, -73.953049], [40.801872, -73.953139], [40.80194, -73.953213], [40.802018, -73.953268], [40.802102, -73.953301], [40.80219, -73.953313], [40.802278, -73.953301], [40.802362, -73.953268], [40.80244, -73.953213], [40.802508, -73.953139], [40.802563, -73.953049], [40.802605, -73.952947], [40.802631, -73.952836], [40.802639, -73.95272], [40.802631, -73.952604], [40.802605, -73.952493], [40.802563, -73.952391], [40.802508, -73.952301], [40.80244, -73.952227], [40.802362, -73.952172], [40.802278, -73.952139], [40.80219, -73.952127], [40.802102, -73.952139], [40.802018, -73.952172], [40.80194, -73.952227], [40.801872, -73.952301], [40.801817, -73.952391], [40.801775, -73.952493], [40.801749, -73.952604], [40.801741, -73.95272], [40.801749, -73.952836]]"
06e84530-d06c-4d4a-aac1-8412d8e34e4c,Review Warning Zone 297,40.804341,-73.949753,0.106,"[[40.803517, -73.949779], [40.803572, -73.949869], [40.80364, -73.949943], [40.803718, -73.949998], [40.803802, -73.950031], [40.80389, -73.950043], [40.803978, -73.950031], [40.804062, -73.949998], [40.80414, -73.949943], [40.804177, -73.949902], [40.804185, -73.949937], [40.804227, -73.950039], [40.804233, -73.95005], [40.804229, -73.950064], [40.804221, -73.95018], [40.804229, -73.950296], [40.804255, -73.950407], [40.804297, -73.950509], [40.804352, -73.950599], [40.80442, -73.950673], [40.804498, -73.950728], [40.804582, -73.950761], [40.80467, -73.950773], [40.804758, -73.950761], [40.804842, -73.950728], [40.80492, -73.950673], [40.804988, -73.950599], [40.805043, -73.950509], [40.805085, -73.950407], [40.805111, -73.950296], [40.805119, -73.95018], [40.805111, -73.950064], [40.805085, -73.949953], [40.805043, -73.949851], [40.805037, -73.94984], [40.805041, -73.949826], [40.805049, -73.94971], [40.805041, -73.949594], [40.805015, -73.949483], [40.804973, -73.949381], [40.804918, -73.949291], [40.80485, -73.949217], [40.804772, -73.949162], [40.804688, -73.949129], [40.8046, -73.949117], [40.804512, -73.949129], [40.804428, -73.949162], [40.80435, -73.949217], [40.804313, -73.949258], [40.804305, -73.949223], [40.804263, -73.949121], [40.804208, -73.949031], [40.80414, -73.948957], [40.804062, -73.948902], [40.803978, -73.948869], [40.80389, -73.948857], [40.803802, -73.948869], [40.803718, -73.948902], [40.80364, -73.948957], [40.803572, -73.949031], [40.803517, -73.949121], [40.803475, -73.949223], [40.803449, -73.949334], [40.803441, -73.94945], [40.803449, -73.949566], [40.803475, -73.949677]]"
10b9ba64-1fb1-42a4-9fe4-d76ebb9a8e5d,Review Warning Zone 298,40.80577,-73.95394,0.086,"[[40.805105, -73.954437], [40.805147, -73.954539], [40.805202, -73.954629], [40.80527, -73.954703], [40.805348, -73.954758], [40.805432, -73.954791], [40.80552, -73.954803], [40.805608, -73.954791], [40.805692, -73.954758], [40.80577, -73.954703], [40.805838, -73.954629], [40.805893, -73.954539], [40.805935, -73.954437], [40.805961, -73.954326], [40.805966, -73.954256], [40.80602, -73.954263], [40.806108, -73.954251], [40.806192, -73.954218], [40.80627, -73.954163], [40.806338, -73.954089], [40.806393, -73.953999], [40.806435, -73.953897], [40.806461, -73.953786], [40.806469, -73.95367], [40.806461, -73.953554], [40.806435, -73.953443], [40.806393, -73.953341], [40.806338, -73.953251], [40.80627, -73.953177], [40.806192, -73.953122], [40.806108, -73.953089], [40.80602, -73.953077], [40.805932, -73.953089], [40.805848, -73.953122], [40.80577, -73.953177], [40.805702, -73.953251], [40.805647, -73.953341], [40.805605, -73.953443], [40.805579, -73.953554], [40.805574, -73.953624], [40.80552, -73.953617], [40.805432, -73.953629], [40.805348, -73.953662], [40.80527, -73.953717], [40.805202, -73.953791], [40.805147, -73.953881], [40.805105, -73.953983], [40.805079, -73.954094], [40.805071, -73.95421], [40.805079, -73.954326]]"
bc1c9e87-e27a-497b-a166-b353f7cb7f12,Review Warning Zone 299,40.806615,-73.94847,0.215,"[[40.805757, -73.950659], [40.805812, -73.950749], [40.80588, -73.950823], [40.805958, -73.950878], [40.806042, -73.950911], [40.80613, -73.950923], [40.806218, -73.950911], [40.806302, -73.950878], [40.80638, -73.950823], [40.806448, -73.950749], [40.806503, -73.950659], [40.806545, -73.950557], [40.806571, -73.950446], [40.806579, -73.95033], [40.806571, -73.950214], [40.806545, -73.950103], [40.806503, -73.950001], [40.806448, -73.949911], [40.806439, -73.949902], [40.806461, -73.949899], [40.806492, -73.949911], [40.80658, -73.949923], [40.806668, -73.949911], [40.806752, -73.949878], [40.80683, -73.949823], [40.806898, -73.949749], [40.806953, -73.949659], [40.806995, -73.949557], [40.807021, -73.949446], [40.807029, -73.94933], [40.807021, -73.949214], [40.806995, -73.949103], [40.806953, -73.949001], [40.806898, -73.948911], [40.806848, -73.948857], [40.80689, -73.948863], [40.806978, -73.948851], [40.807062, -73.948818], [40.80714, -73.948763], [40.807208, -73.948689], [40.807263, -73.948599], [40.807305, -73.948497], [40.807331, -73.948386], [40.807339, -73.94827], [40.807337, -73.948247], [40.807372, -73.948261], [40.80746, -73.948273], [40.807548, -73.948261], [40.807632, -73.948228], [40.80771, -73.948173], [40.807778, -73.948099], [40.807833, -73.948009], [40.807875, -73.947907], [40.807901, -73.947796], [40.807909, -73.94768], [40.807901, -73.947564], [40.807875, -73.947453], [40.807833, -73.947351], [40.807778, -73.947261], [40.80771, -73.947187], [40.807632, -73.947132], [40.807548, -73.947099], [40.80746, -73.947087], [40.807372, -73.947099], [40.807288, -73.947132], [40.80721, -73.947187], [40.807142, -73.947261], [40.807087, -73.947351], [40.807045, -73.947453], [40.807019, -73.947564], [40.807011, -73.94768], [40.807013, -73.947703], [40.806978, -73.947689], [40.80689, -73.947677], [40.806802, -73.947689], [40.806718, -73.947722], [40.80664, -73.947777], [40.806572, -73.947851], [40.806546, -73.947894], [40.806585, -73.947797], [40.806611, -73.947686], [40.806612, -73.94767], [40.806692, -73.947638], [40.80677, -73.947583], [40.806838, -73.947509], [40.806893, -73.947419], [40.806935, -73.947317], [40.806961, -73.947206], [40.806969, -73.94709], [40.806961, -73.946974], [40.806935, -73.946863], [40.806893, -73.946761], [40.806838, -73.946671], [40.80677, -73.946597], [40.806692, -73.946542], [40.806608, -73.946509], [40.80652, -73.946497], [40.806432, -73.946509], [40.806348, -73.946542], [40.80627, -73.946597], [40.806202, -73.946671], [40.806147, -73.946761], [40.806105, -73.946863], [40.806079, -73.946974], [40.806078, -73.94699], [40.805998, -73.947022], [40.80592, -73.947077], [40.805852, -73.947151], [40.805797, -73.947241], [40.805755, -73.947343], [40.805729, -73.947454], [40.805721, -73.94757], [40.805729, -73.947686], [40.805755, -73.947797], [40.805797, -73.947899], [40.805852, -73.947989], [40.80592, -73.948063], [40.805998, -73.948118], [40.806082, -73.948151], [40.80617, -73.948163], [40.806258, -73.948151], [40.806342, -73.948118], [40.80642, -73.948063], [40.806488, -73.947989], [40.806514, -73.947946], [40.806475, -73.948043], [40.806449, -73.948154], [40.806441, -73.94827], [40.806449, -73.948386], [40.806475, -73.948497], [40.806517, -73.948599], [40.806572, -73.948689], [40.806622, -73.948743], [40.80658, -73.948737], [40.806549, -73.948741], [40.806518, -73.948729], [40.80643, -73.948717], [40.806342, -73.948729], [40.806258, -73.948762], [40.80618, -73.948817], [40.806112, -73.948891], [40.806057, -73.948981], [40.806015, -73.949083], [40.805989, -73.949194], [40.805981, -73.94931], [40.805989, -73.949426], [40.806015, -73.949537], [40.806057, -73.949639], [40.806112, -73.949729], [40.806121, -73.949738], [40.806042, -73.949749], [40.805958, -73.949782], [40.80588, -73.949837], [40.805812, -73.949911], [40.805757, -73.950001], [40.805715, -73.950103], [40.805689, -73.950214], [40.805681, -73.95033], [40.805689, -73.950446], [40.805715, -73.950557]]"
245d8d26-10c0-4d24-bd85-4e5226290435,Review Warning Zone 300,40.80717,-73.95065,0.05,"[[40.806755, -73.950877], [40.806797, -73.950979], [40.806852, -73.951069], [40.80692, -73.951143], [40.806998, -73.951198], [40.807082, -73.951231], [40.80717, -73.951243], [40.807258, -73.951231], [40.807342, -73.951198], [40.80742, -73.951143], [40.807488, -73.951069], [40.807543, -73.950979], [40.807585, -73.950877], [40.807611, -73.950766], [40.807619, -73.95065], [40.807611, -73.950534], [40.807585, -73.950423], [40.807543, -73.950321], [40.807488, -73.950231], [40.80742, -73.950157], [40.807342, -73.950102], [40.807258, -73.950069], [40.80717, -73.950057], [40.807082, -73.950069], [40.806998, -73.950102], [40.80692, -73.950157], [40.806852, -73.950231], [40.806797, -73.950321], [40.806755, -73.950423], [40.806729, -73.950534], [40.806721, -73.95065], [40.806729, -73.950766]]"
397d97e0-ad10-4e1d-98a8-00cc1951da13,Review Warning Zone 301,40.80885,-73.94821,0.05,"[[40.808477, -73.948539], [40.808532, -73.948629], [40.8086, -73.948703], [40.808678, -73.948758], [40.808762, -73.948791], [40.80885, -73.948803], [40.808938, -73.948791], [40.809022, -73.948758], [40.8091, -73.948703], [40.809168, -73.948629], [40.809223, -73.948539], [40.809265, -73.948437], [40.809291, -73.948326], [40.809299, -73.94821], [40.809291, -73.948094], [40.809265, -73.947983], [40.809223, -73.947881], [40.809168, -73.947791], [40.8091, -73.947717], [40.809022, -73.947662], [40.808938, -73.947629], [40.80885, -73.947617], [40.808762, -73.947629], [40.808678, -73.947662], [40.8086, -73.947717], [40.808532, -73.947791], [40.808477, -73.947881], [40.808435, -73.947983], [40.808409, -73.948094], [40.808401, -73.94821], [40.808409, -73.948326], [40.808435, -73.948437]]"
bb986142-a214-4bba-a4f2-faa9f7738c37,Review Warning Zone 302,40.8091,-73.95326,0.05,"[[40.808727, -73.953589], [40.808782, -73.953679], [40.80885, -73.953753], [40.808928, -73.953808], [40.809012, -73.953841], [40.8091, -73.953853], [40.809188, -73.953841], [40.809272, -73.953808], [40.80935, -73.953753], [40.809418, -73.953679], [40.809473, -73.953589], [40.809515, -73.953487], [40.809541, -73.953376], [40.809549, -73.95326], [40.809541, -73.953144], [40.809515, -73.953033], [40.809473, -73.952931], [40.809418, -73.952841], [40.80935, -73.952767], [40.809272, -73.952712], [40.809188, -73.952679], [40.8091, -73.952667], [40.809012, -73.952679], [40.808928, -73.952712], [40.80885, -73.952767], [40.808782, -73.952841], [40.808727, -73.952931], [40.808685, -73.953033], [40.808659, -73.953144], [40.808651, -73.95326], [40.808659, -73.953376], [40.808685, -73.953487]]"
8e082e47-5ac0-4ec7-aae1-34dc2a27ba05,Review Warning Zone 303,40.81176,-73.95303,0.05,"[[40.811345, -73.953257], [40.811387, -73.953359], [40.811442, -73.953449], [40.81151, -73.953523], [40.811588, -73.953578], [40.811672, -73.953611], [40.81176, -73.953623], [40.811848, -73.953611], [40.811932, -73.953578], [40.81201, -73.953523], [40.812078, -73.953449], [40.812133, -73.953359], [40.812175, -73.953257], [40.812201, -73.953146], [40.812209, -73.95303], [40.812201, -73.952914], [40.812175, -73.952803], [40.812133, -73.952701], [40.812078, -73.952611], [40.81201, -73.952537], [40.811932, -73.952482], [40.811848, -73.952449], [40.81176, -73.952437], [40.811672, -73.952449], [40.811588, -73.952482], [40.81151, -73.952537], [40.811442, -73.952611], [40.811387, -73.952701], [40.811345, -73.952803], [40.811319, -73.952914], [40.811311, -73.95303], [40.811319, -73.953146]]"
301a6abe-ecca-4efe-bf3d-d065378fe4a7,Review Warning Zone 304,40.813225,-73.952945,0.09,"[[40.812545, -73.952857], [40.812587, -73.952959], [40.812642, -73.953049], [40.81271, -73.953123], [40.812788, -73.953178], [40.812872, -73.953211], [40.81296, -73.953223], [40.813044, -73.953212], [40.813041, -73.95326], [40.813049, -73.953376], [40.813075, -73.953487], [40.813117, -73.953589], [40.813172, -73.953679], [40.81324, -73.953753], [40.813318, -73.953808], [40.813402, -73.953841], [40.81349, -73.953853], [40.813578, -73.953841], [40.813662, -73.953808], [40.81374, -73.953753], [40.813808, -73.953679], [40.813863, -73.953589], [40.813905, -73.953487], [40.813931, -73.953376], [40.813939, -73.95326], [40.813931, -73.953144], [40.813905, -73.953033], [40.813863, -73.952931], [40.813808, -73.952841], [40.81374, -73.952767], [40.813662, -73.952712], [40.813578, -73.952679], [40.81349, -73.952667], [40.813406, -73.952678], [40.813409, -73.95263], [40.813401, -73.952514], [40.813375, -73.952403], [40.813333, -73.952301], [40.813278, -73.952211], [40.81321, -73.952137], [40.813132, -73.952082], [40.813048, -73.952049], [40.81296, -73.952037], [40.812872, -73.952049], [40.812788, -73.952082], [40.81271, -73.952137], [40.812642, -73.952211], [40.812587, -73.952301], [40.812545, -73.952403], [40.812519, -73.952514], [40.812511, -73.95263], [40.812519, -73.952746]]"
53677759-6107-4b7b-a2ba-d861d2a4eb60,Review Warning Zone 305,40.81322,-73.95122,0.05,"[[40.812805, -73.951447], [40.812847, -73.951549], [40.812902, -73.951639], [40.81297, -73.951713], [40.813048, -73.951768], [40.813132, -73.951801], [40.81322, -73.951813], [40.813308, -73.951801], [40.813392, -73.951768], [40.81347, -73.951713], [40.813538, -73.951639], [40.813593, -73.951549], [40.813635, -73.951447], [40.813661, -73.951336], [40.813669, -73.95122], [40.813661, -73.951104], [40.813635, -73.950993], [40.813593, -73.950891], [40.813538, -73.950801], [40.81347, -73.950727], [40.813392, -73.950672], [40.813308, -73.950639], [40.81322, -73.950627], [40.813132, -73.950639], [40.813048, -73.950672], [40.81297, -73.950727], [40.812902, -73.950801], [40.812847, -73.950891], [40.812805, -73.950993], [40.812779, -73.951104], [40.812771, -73.95122], [40.812779, -73.951336]]"
84b7cd25-b620-40d8-ac7d-0e753659f57b,Review Warning Zone 306,40.81616,-73.94991,0.05,"[[40.815787, -73.950239], [40.815842, -73.950329], [40.81591, -73.950403], [40.815988, -73.950458], [40.816072, -73.950491], [40.81616, -73.950503], [40.816248, -73.950491], [40.816332, -73.950458], [40.81641, -73.950403], [40.816478, -73.950329], [40.816533, -73.950239], [40.816575, -73.950137], [40.816601, -73.950026], [40.816609, -73.94991], [40.816601, -73.949794], [40.816575, -73.949683], [40.816533, -73.949581], [40.816478, -73.949491], [40.81641, -73.949417], [40.816332, -73.949362], [40.816248, -73.949329], [40.81616, -73.949317], [40.816072, -73.949329], [40.815988, -73.949362], [40.81591, -73.949417], [40.815842, -73.949491], [40.815787, -73.949581], [40.815745, -73.949683], [40.815719, -73.949794], [40.815711, -73.94991], [40.815719, -73.950026], [40.815745, -73.950137]]"
0a01a4ac-27aa-4cc7-b239-090eaa661b05,Review Warning Zone 307,40.82207,-73.953815,0.099,"[[40.821367, -73.953759], [40.821422, -73.953849], [40.82149, -73.953923], [40.821568, -73.953978], [40.821652, -73.954011], [40.82174, -73.954023], [40.821828, -73.954011], [40.821912, -73.953978], [40.82199, -73.953923], [40.822018, -73.953892], [40.821985, -73.953973], [40.821959, -73.954084], [40.821951, -73.9542], [40.821959, -73.954316], [40.821985, -73.954427], [40.822027, -73.954529], [40.822082, -73.954619], [40.82215, -73.954693], [40.822228, -73.954748], [40.822312, -73.954781], [40.8224, -73.954793], [40.822488, -73.954781], [40.822572, -73.954748], [40.82265, -73.954693], [40.822718, -73.954619], [40.822773, -73.954529], [40.822815, -73.954427], [40.822841, -73.954316], [40.822849, -73.9542], [40.822841, -73.954084], [40.822815, -73.953973], [40.822773, -73.953871], [40.822718, -73.953781], [40.82265, -73.953707], [40.822572, -73.953652], [40.822488, -73.953619], [40.8224, -73.953607], [40.822312, -73.953619], [40.822228, -73.953652], [40.82215, -73.953707], [40.822122, -73.953738], [40.822155, -73.953657], [40.822181, -73.953546], [40.822189, -73.95343], [40.822181, -73.953314], [40.822155, -73.953203], [40.822113, -73.953101], [40.822058, -73.953011], [40.82199, -73.952937], [40.821912, -73.952882], [40.821828, -73.952849], [40.82174, -73.952837], [40.821652, -73.952849], [40.821568, -73.952882], [40.82149, -73.952937], [40.821422, -73.953011], [40.821367, -73.953101], [40.821325, -73.953203], [40.821299, -73.953314], [40.821291, -73.95343], [40.821299, -73.953546], [40.821325, -73.953657]]"
6c6c82e0-537f-4343-ab95-9fb5f7f51828,Review Warning Zone 308,40.82256,-73.95141,0.05,"[[40.822145, -73.951637], [40.822187, -73.951739], [40.822242, -73.951829], [40.82231, -73.951903], [40.822388, -73.951958], [40.822472, -73.951991], [40.82256, -73.952003], [40.822648, -73.951991], [40.822732, -73.951958], [40.82281, -73.951903], [40.822878, -73.951829], [40.822933, -73.951739], [40.822975, -73.951637], [40.823001, -73.951526], [40.823009, -73.95141], [40.823001, -73.951294], [40.822975, -73.951183], [40.822933, -73.951081], [40.822878, -73.950991], [40.82281, -73.950917], [40.822732, -73.950862], [40.822648, -73.950829], [40.82256, -73.950817], [40.822472, -73.950829], [40.822388, -73.950862], [40.82231, -73.950917], [40.822242, -73.950991], [40.822187, -73.951081], [40.822145, -73.951183], [40.822119, -73.951294], [40.822111, -73.95141], [40.822119, -73.951526]]"
6fd72266-d80f-4252-b27c-645ce7a82c2a,Review Warning Zone 309,40.82458,-73.94963,0.05,"[[40.824165, -73.949857], [40.824207, -73.949959], [40.824262, -73.950049], [40.82433, -73.950123], [40.824408, -73.950178], [40.824492, -73.950211], [40.82458, -73.950223], [40.824668, -73.950211], [40.824752, -73.950178], [40.82483, -73.950123], [40.824898, -73.950049], [40.824953, -73.949959], [40.824995, -73.949857], [40.825021, -73.949746], [40.825029, -73.94963], [40.825021, -73.949514], [40.824995, -73.949403], [40.824953, -73.949301], [40.824898, -73.949211], [40.82483, -73.949137], [40.824752, -73.949082], [40.824668, -73.949049], [40.82458, -73.949037], [40.824492, -73.949049], [40.824408, -73.949082], [40.82433, -73.949137], [40.824262, -73.949211], [40.824207, -73.949301], [40.824165, -73.949403], [40.824139, -73.949514], [40.824131, -73.94963], [40.824139, -73.949746]]"
e9ffe6e4-5203-47cc-b64b-e9dfb60267dd,Review Warning Zone 310,40.82556,-73.94838,0.05,"[[40.825145, -73.948607], [40.825187, -73.948709], [40.825242, -73.948799], [40.82531, -73.948873], [40.825388, -73.948928], [40.825472, -73.948961], [40.82556, -73.948973], [40.825648, -73.948961], [40.825732, -73.948928], [40.82581, -73.948873], [40.825878, -73.948799], [40.825933, -73.948709], [40.825975, -73.948607], [40.826001, -73.948496], [40.826009, -73.94838], [40.826001, -73.948264], [40.825975, -73.948153], [40.825933, -73.948051], [40.825878, -73.947961], [40.82581, -73.947887], [40.825732, -73.947832], [40.825648, -73.947799], [40.82556, -73.947787], [40.825472, -73.947799], [40.825388, -73.947832], [40.82531, -73.947887], [40.825242, -73.947961], [40.825187, -73.948051], [40.825145, -73.948153], [40.825119, -73.948264], [40.825111, -73.94838], [40.825119, -73.948496]]"
87632121-8dd7-4ba5-8896-f51f985f9566,Review Warning Zone 311,40.8261,-73.95131,0.05,"[[40.825727, -73.951639], [40.825782, -73.951729], [40.82585, -73.951803], [40.825928, -73.951858], [40.826012, -73.951891], [40.8261, -73.951903], [40.826188, -73.951891], [40.826272, -73.951858], [40.82635, -73.951803], [40.826418, -73.951729], [40.826473, -73.951639], [40.826515, -73.951537], [40.826541, -73.951426], [40.826549, -73.95131], [40.826541, -73.951194], [40.826515, -73.951083], [40.826473, -73.950981], [40.826418, -73.950891], [40.82635, -73.950817], [40.826272, -73.950762], [40.826188, -73.950729], [40.8261, -73.950717], [40.826012, -73.950729], [40.825928, -73.950762], [40.82585, -73.950817], [40.825782, -73.950891], [40.825727, -73.950981], [40.825685, -73.951083], [40.825659, -73.951194], [40.825651, -73.95131], [40.825659, -73.951426], [40.825685, -73.951537]]"
b0539156-a88b-4182-811b-7b1107441be0,Review Warning Zone 312,40.828095,-73.94809,0.074,"[[40.827567, -73.948619], [40.827622, -73.948709], [40.82769, -73.948783], [40.827768, -73.948838], [40.827852, -73.948871], [40.82794, -73.948883], [40.828028, -73.948871], [40.828112, -73.948838], [40.82819, -73.948783], [40.828258, -73.948709], [40.828313, -73.948619], [40.828355, -73.948517], [40.828368, -73.948459], [40.828422, -73.948438], [40.8285, -73.948383], [40.828568, -73.948309], [40.828623, -73.948219], [40.828665, -73.948117], [40.828691, -73.948006], [40.828699, -73.94789], [40.828691, -73.947774], [40.828665, -73.947663], [40.828623, -73.947561], [40.828568, -73.947471], [40.8285, -73.947397], [40.828422, -73.947342], [40.828338, -73.947309], [40.82825, -73.947297], [40.828162, -73.947309], [40.828078, -73.947342], [40.828, -73.947397], [40.827932, -73.947471], [40.827877, -73.947561], [40.827835, -73.947663], [40.827822, -73.947721], [40.827768, -73.947742], [40.82769, -73.947797], [40.827622, -73.947871], [40.827567, -73.947961], [40.827525, -73.948063], [40.827499, -73.948174], [40.827491, -73.94829], [40.827499, -73.948406], [40.827525, -73.948517]]"
1ca30bbd-2ecd-43ed-9d68-e6cc3c569c05,Review Warning Zone 313,40.829663,-73.948126,0.175,"[[40.829212, -73.949649], [40.82928, -73.949723], [40.829358, -73.949778], [40.829442, -73.949811], [40.82953, -73.949823], [40.829618, -73.949811], [40.829702, -73.949778], [40.829775, -73.949726], [40.829797, -73.949779], [40.829852, -73.949869], [40.82992, -73.949943], [40.829998, -73.949998], [40.830082, -73.950031], [40.83017, -73.950043], [40.830258, -73.950031], [40.830342, -73.949998], [40.83042, -73.949943], [40.830488, -73.949869], [40.830543, -73.949779], [40.830585, -73.949677], [40.830611, -73.949566], [40.830619, -73.94945], [40.830611, -73.949334], [40.830585, -73.949223], [40.830543, -73.949121], [40.830488, -73.949031], [40.83042, -73.948957], [40.830342, -73.948902], [40.830258, -73.948869], [40.83017, -73.948857], [40.830082, -73.948869], [40.829998, -73.948902], [40.829925, -73.948954], [40.829903, -73.948901], [40.829863, -73.948836], [40.82991, -73.948803], [40.829978, -73.948729], [40.830033, -73.948639], [40.830064, -73.948564], [40.83008, -73.948553], [40.830148, -73.948479], [40.830203, -73.948389], [40.830245, -73.948287], [40.830271, -73.948176], [40.830279, -73.94806], [40.830271, -73.947944], [40.830245, -73.947833], [40.830203, -73.947731], [40.830148, -73.947641], [40.83008, -73.947567], [40.830002, -73.947512], [40.829937, -73.947487], [40.83, -73.947443], [40.830068, -73.947369], [40.830123, -73.947279], [40.830165, -73.947177], [40.830191, -73.947066], [40.830199, -73.94695], [40.830191, -73.946834], [40.830165, -73.946723], [40.830123, -73.946621], [40.830068, -73.946531], [40.83, -73.946457], [40.829922, -73.946402], [40.829838, -73.946369], [40.82975, -73.946357], [40.829662, -73.946369], [40.829578, -73.946402], [40.8295, -73.946457], [40.829441, -73.946521], [40.829398, -73.946451], [40.82933, -73.946377], [40.829252, -73.946322], [40.829168, -73.946289], [40.82908, -73.946277], [40.828992, -73.946289], [40.828908, -73.946322], [40.82883, -73.946377], [40.828762, -73.946451], [40.828707, -73.946541], [40.828665, -73.946643], [40.828639, -73.946754], [40.828631, -73.94687], [40.828639, -73.946986], [40.828665, -73.947097], [40.828707, -73.947199], [40.828762, -73.947289], [40.82883, -73.947363], [40.828908, -73.947418], [40.828992, -73.947451], [40.82908, -73.947463], [40.829168, -73.947451], [40.829252, -73.947418], [40.82933, -73.947363], [40.829389, -73.947299], [40.829432, -73.947369], [40.8295, -73.947443], [40.829578, -73.947498], [40.829643, -73.947523], [40.82958, -73.947567], [40.829512, -73.947641], [40.829457, -73.947731], [40.829426, -73.947806], [40.82941, -73.947817], [40.829342, -73.947891], [40.829287, -73.947981], [40.829245, -73.948083], [40.829219, -73.948194], [40.829211, -73.94831], [40.829219, -73.948426], [40.829245, -73.948537], [40.829287, -73.948639], [40.829327, -73.948704], [40.82928, -73.948737], [40.829212, -73.948811], [40.829157, -73.948901], [40.829115, -73.949003], [40.829089, -73.949114], [40.829081, -73.94923], [40.829089, -73.949346], [40.829115, -73.949457], [40.829157, -73.949559]]"
5f5d1ed3-39ca-4548-8d8a-5c3f2b0731be,Review Warning Zone 314,40.63349,-73.94547,0.05,"[[40.633117, -73.945799], [40.633172, -73.945889], [40.63324, -73.945963], [40.633318, -73.946018], [40.633402, -73.946051], [40.63349, -73.946063], [40.633578, -73.946051], [40.633662, -73.946018], [40.63374, -73.945963], [40.633808, -73.945889], [40.633863, -73.945799], [40.633905, -73.945697], [40.633931, -73.945586], [40.633939, -73.94547], [40.633931, -73.945354], [40.633905, -73.945243], [40.633863, -73.945141], [40.633808, -73.945051], [40.63374, -73.944977], [40.633662, -73.944922], [40.633578, -73.944889], [40.63349, -73.944877], [40.633402, -73.944889], [40.633318, -73.944922], [40.63324, -73.944977], [40.633172, -73.945051], [40.633117, -73.945141], [40.633075, -73.945243], [40.633049, -73.945354], [40.633041, -73.94547], [40.633049, -73.945586], [40.633075, -73.945697]]"
7685d972-40f0-44bf-ab4f-372a34c8f591,Review Warning Zone 315,40.63769,-73.94402,0.05,"[[40.637275, -73.944247], [40.637317, -73.944349], [40.637372, -73.944439], [40.63744, -73.944513], [40.637518, -73.944568], [40.637602, -73.944601], [40.63769, -73.944613], [40.637778, -73.944601], [40.637862, -73.944568], [40.63794, -73.944513], [40.638008, -73.944439], [40.638063, -73.944349], [40.638105, -73.944247], [40.638131, -73.944136], [40.638139, -73.94402], [40.638131, -73.943904], [40.638105, -73.943793], [40.638063, -73.943691], [40.638008, -73.943601], [40.63794, -73.943527], [40.637862, -73.943472], [40.637778, -73.943439], [40.63769, -73.943427], [40.637602, -73.943439], [40.637518, -73.943472], [40.63744, -73.943527], [40.637372, -73.943601], [40.637317, -73.943691], [40.637275, -73.943793], [40.637249, -73.943904], [40.637241, -73.94402], [40.637249, -73.944136]]"
5d3d083a-7ce2-4f52-8da2-8ef0b746cc2a,Review Warning Zone 316,40.64712,-73.9466,0.05,"[[40.646747, -73.946929], [40.646802, -73.947019], [40.64687, -73.947093], [40.646948, -73.947148], [40.647032, -73.947181], [40.64712, -73.947193], [40.647208, -73.947181], [40.647292, -73.947148], [40.64737, -73.947093], [40.647438, -73.947019], [40.647493, -73.946929], [40.647535, -73.946827], [40.647561, -73.946716], [40.647569, -73.9466], [40.647561, -73.946484], [40.647535, -73.946373], [40.647493, -73.946271], [40.647438, -73.946181], [40.64737, -73.946107], [40.647292, -73.946052], [40.647208, -73.946019], [40.64712, -73.946007], [40.647032, -73.946019], [40.646948, -73.946052], [40.64687, -73.946107], [40.646802, -73.946181], [40.646747, -73.946271], [40.646705, -73.946373], [40.646679, -73.946484], [40.646671, -73.9466], [40.646679, -73.946716], [40.646705, -73.946827]]"
602ee6cf-1615-4f7a-9cd5-f18d025515e7,Review Warning Zone 317,40.65249,-73.9439,0.05,"[[40.652117, -73.944229], [40.652172, -73.944319], [40.65224, -73.944393], [40.652318, -73.944448], [40.652402, -73.944481], [40.65249, -73.944493], [40.652578, -73.944481], [40.652662, -73.944448], [40.65274, -73.944393], [40.652808, -73.944319], [40.652863, -73.944229], [40.652905, -73.944127], [40.652931, -73.944016], [40.652939, -73.9439], [40.652931, -73.943784], [40.652905, -73.943673], [40.652863, -73.943571], [40.652808, -73.943481], [40.65274, -73.943407], [40.652662, -73.943352], [40.652578, -73.943319], [40.65249, -73.943307], [40.652402, -73.943319], [40.652318, -73.943352], [40.65224, -73.943407], [40.652172, -73.943481], [40.652117, -73.943571], [40.652075, -73.943673], [40.652049, -73.943784], [40.652041, -73.9439], [40.652049, -73.944016], [40.652075, -73.944127]]"
85113d17-2628-4e69-a125-91bdeb37ec6a,Review Warning Zone 318,40.65333,-73.94522,0.05,"[[40.652915, -73.945447], [40.652957, -73.945549], [40.653012, -73.945639], [40.65308, -73.945713], [40.653158, -73.945768], [40.653242, -73.945801], [40.65333, -73.945813], [40.653418, -73.945801], [40.653502, -73.945768], [40.65358, -73.945713], [40.653648, -73.945639], [40.653703, -73.945549], [40.653745, -73.945447], [40.653771, -73.945336], [40.653779, -73.94522], [40.653771, -73.945104], [40.653745, -73.944993], [40.653703, -73.944891], [40.653648, -73.944801], [40.65358, -73.944727], [40.653502, -73.944672], [40.653418, -73.944639], [40.65333, -73.944627], [40.653242, -73.944639], [40.653158, -73.944672], [40.65308, -73.944727], [40.653012, -73.944801], [40.652957, -73.944891], [40.652915, -73.944993], [40.652889, -73.945104], [40.652881, -73.94522], [40.652889, -73.945336]]"
92b31595-bfaf-41a8-8d26-8fc24c7a0a02,Review Warning Zone 319,40.66656,-73.94764,0.05,"[[40.666187, -73.947969], [40.666242, -73.948059], [40.66631, -73.948133], [40.666388, -73.948188], [40.666472, -73.948221], [40.66656, -73.948233], [40.666648, -73.948221], [40.666732, -73.948188], [40.66681, -73.948133], [40.666878, -73.948059], [40.666933, -73.947969], [40.666975, -73.947867], [40.667001, -73.947756], [40.667009, -73.94764], [40.667001, -73.947524], [40.666975, -73.947413], [40.666933, -73.947311], [40.666878, -73.947221], [40.66681, -73.947147], [40.666732, -73.947092], [40.666648, -73.947059], [40.66656, -73.947047], [40.666472, -73.947059], [40.666388, -73.947092], [40.66631, -73.947147], [40.666242, -73.947221], [40.666187, -73.947311], [40.666145, -73.947413], [40.666119, -73.947524], [40.666111, -73.94764], [40.666119, -73.947756], [40.666145, -73.947867]]"
31918800-aa4b-445d-9337-6b1699e1c88f,Review Warning Zone 320,40.67106,-73.945375,0.081,"[[40.670487, -73.945959], [40.670542, -73.946049], [40.67061, -73.946123], [40.670688, -73.946178], [40.670772, -73.946211], [40.67086, -73.946223], [40.670948, -73.946211], [40.671032, -73.946178], [40.67111, -73.946123], [40.671178, -73.946049], [40.671233, -73.945959], [40.671275, -73.945857], [40.671301, -73.945746], [40.671303, -73.945707], [40.671348, -73.945701], [40.671432, -73.945668], [40.67151, -73.945613], [40.671578, -73.945539], [40.671633, -73.945449], [40.671675, -73.945347], [40.671701, -73.945236], [40.671709, -73.94512], [40.671701, -73.945004], [40.671675, -73.944893], [40.671633, -73.944791], [40.671578, -73.944701], [40.67151, -73.944627], [40.671432, -73.944572], [40.671348, -73.944539], [40.67126, -73.944527], [40.671172, -73.944539], [40.671088, -73.944572], [40.67101, -73.944627], [40.670942, -73.944701], [40.670887, -73.944791], [40.670845, -73.944893], [40.670819, -73.945004], [40.670817, -73.945043], [40.670772, -73.945049], [40.670688, -73.945082], [40.67061, -73.945137], [40.670542, -73.945211], [40.670487, -73.945301], [40.670445, -73.945403], [40.670419, -73.945514], [40.670411, -73.94563], [40.670419, -73.945746], [40.670445, -73.945857]]"
3efdc774-0839-4c27-8fbe-4674a01e7d01,Review Warning Zone 321,40.6748,-73.94521,0.05,"[[40.674427, -73.945539], [40.674482, -73.945629], [40.67455, -73.945703], [40.674628, -73.945758], [40.674712, -73.945791], [40.6748, -73.945803], [40.674888, -73.945791], [40.674972, -73.945758], [40.67505, -73.945703], [40.675118, -73.945629], [40.675173, -73.945539], [40.675215, -73.945437], [40.675241, -73.945326], [40.675249, -73.94521], [40.675241, -73.945094], [40.675215, -73.944983], [40.675173, -73.944881], [40.675118, -73.944791], [40.67505, -73.944717], [40.674972, -73.944662], [40.674888, -73.944629], [40.6748, -73.944617], [40.674712, -73.944629], [40.674628, -73.944662], [40.67455, -73.944717], [40.674482, -73.944791], [40.674427, -73.944881], [40.674385, -73.944983], [40.674359, -73.945094], [40.674351, -73.94521], [40.674359, -73.945326], [40.674385, -73.945437]]"
b5f2b6ee-562f-424c-9dfc-380eda6270b2,Review Warning Zone 322,40.67602,-73.94471,0.05,"[[40.675647, -73.945039], [40.675702, -73.945129], [40.67577, -73.945203], [40.675848, -73.945258], [40.675932, -73.945291], [40.67602, -73.945303], [40.676108, -73.945291], [40.676192, -73.945258], [40.67627, -73.945203], [40.676338, -73.945129], [40.676393, -73.945039], [40.676435, -73.944937], [40.676461, -73.944826], [40.676469, -73.94471], [40.676461, -73.944594], [40.676435, -73.944483], [40.676393, -73.944381], [40.676338, -73.944291], [40.67627, -73.944217], [40.676192, -73.944162], [40.676108, -73.944129], [40.67602, -73.944117], [40.675932, -73.944129], [40.675848, -73.944162], [40.67577, -73.944217], [40.675702, -73.944291], [40.675647, -73.944381], [40.675605, -73.944483], [40.675579, -73.944594], [40.675571, -73.94471], [40.675579, -73.944826], [40.675605, -73.944937]]"
9732963c-0c37-4a8a-988a-bf16eeb79749,Review Warning Zone 323,40.676285,-73.946845,0.069,"[[40.675775, -73.946887], [40.675817, -73.946989], [40.675872, -73.947079], [40.67594, -73.947153], [40.675941, -73.947153], [40.675965, -73.947257], [40.676007, -73.947359], [40.676062, -73.947449], [40.67613, -73.947523], [40.676208, -73.947578], [40.676292, -73.947611], [40.67638, -73.947623], [40.676468, -73.947611], [40.676552, -73.947578], [40.67663, -73.947523], [40.676698, -73.947449], [40.676753, -73.947359], [40.676795, -73.947257], [40.676821, -73.947146], [40.676829, -73.94703], [40.676821, -73.946914], [40.676795, -73.946803], [40.676753, -73.946701], [40.676698, -73.946611], [40.67663, -73.946537], [40.676629, -73.946537], [40.676605, -73.946433], [40.676563, -73.946331], [40.676508, -73.946241], [40.67644, -73.946167], [40.676362, -73.946112], [40.676278, -73.946079], [40.67619, -73.946067], [40.676102, -73.946079], [40.676018, -73.946112], [40.67594, -73.946167], [40.675872, -73.946241], [40.675817, -73.946331], [40.675775, -73.946433], [40.675749, -73.946544], [40.675741, -73.94666], [40.675749, -73.946776]]"
9e38d011-0d95-499b-b4a8-59a6728e20c8,Review Warning Zone 324,40.6769,-73.9454,0.05,"[[40.676485, -73.945627], [40.676527, -73.945729], [40.676582, -73.945819], [40.67665, -73.945893], [40.676728, -73.945948], [40.676812, -73.945981], [40.6769, -73.945993], [40.676988, -73.945981], [40.677072, -73.945948], [40.67715, -73.945893], [40.677218, -73.945819], [40.677273, -73.945729], [40.677315, -73.945627], [40.677341, -73.945516], [40.677349, -73.9454], [40.677341, -73.945284], [40.677315, -73.945173], [40.677273, -73.945071], [40.677218, -73.944981], [40.67715, -73.944907], [40.677072, -73.944852], [40.676988, -73.944819], [40.6769, -73.944807], [40.676812, -73.944819], [40.676728, -73.944852], [40.67665, -73.944907], [40.676582, -73.944981], [40.676527, -73.945071], [40.676485, -73.945173], [40.676459, -73.945284], [40.676451, -73.9454], [40.676459, -73.945516]]"
cc4f7384-d8f2-4d06-bcb2-8d5bdb704e96,Review Warning Zone 325,40.6777,-73.94611,0.05,"[[40.677327, -73.946439], [40.677382, -73.946529], [40.67745, -73.946603], [40.677528, -73.946658], [40.677612, -73.946691], [40.6777, -73.946703], [40.677788, -73.946691], [40.677872, -73.946658], [40.67795, -73.946603], [40.678018, -73.946529], [40.678073, -73.946439], [40.678115, -73.946337], [40.678141, -73.946226], [40.678149, -73.94611], [40.678141, -73.945994], [40.678115, -73.945883], [40.678073, -73.945781], [40.678018, -73.945691], [40.67795, -73.945617], [40.677872, -73.945562], [40.677788, -73.945529], [40.6777, -73.945517], [40.677612, -73.945529], [40.677528, -73.945562], [40.67745, -73.945617], [40.677382, -73.945691], [40.677327, -73.945781], [40.677285, -73.945883], [40.677259, -73.945994], [40.677251, -73.94611], [40.677259, -73.946226], [40.677285, -73.946337]]"
4ce2a20f-43b8-4b20-90b4-da6bb47a0651,Review Warning Zone 326,40.6795,-73.94367,0.05,"[[40.679085, -73.943897], [40.679127, -73.943999], [40.679182, -73.944089], [40.67925, -73.944163], [40.679328, -73.944218], [40.679412, -73.944251], [40.6795, -73.944263], [40.679588, -73.944251], [40.679672, -73.944218], [40.67975, -73.944163], [40.679818, -73.944089], [40.679873, -73.943999], [40.679915, -73.943897], [40.679941, -73.943786], [40.679949, -73.94367], [40.679941, -73.943554], [40.679915, -73.943443], [40.679873, -73.943341], [40.679818, -73.943251], [40.67975, -73.943177], [40.679672, -73.943122], [40.679588, -73.943089], [40.6795, -73.943077], [40.679412, -73.943089], [40.679328, -73.943122], [40.67925, -73.943177], [40.679182, -73.943251], [40.679127, -73.943341], [40.679085, -73.943443], [40.679059, -73.943554], [40.679051, -73.94367], [40.679059, -73.943786]]"
3b02d50d-ae29-4171-a1f9-4f9fc2a07ab8,Review Warning Zone 327,40.68169,-73.94342,0.05,"[[40.681275, -73.943647], [40.681317, -73.943749], [40.681372, -73.943839], [40.68144, -73.943913], [40.681518, -73.943968], [40.681602, -73.944001], [40.68169, -73.944013], [40.681778, -73.944001], [40.681862, -73.943968], [40.68194, -73.943913], [40.682008, -73.943839], [40.682063, -73.943749], [40.682105, -73.943647], [40.682131, -73.943536], [40.682139, -73.94342], [40.682131, -73.943304], [40.682105, -73.943193], [40.682063, -73.943091], [40.682008, -73.943001], [40.68194, -73.942927], [40.681862, -73.942872], [40.681778, -73.942839], [40.68169, -73.942827], [40.681602, -73.942839], [40.681518, -73.942872], [40.68144, -73.942927], [40.681372, -73.943001], [40.681317, -73.943091], [40.681275, -73.943193], [40.681249, -73.943304], [40.681241, -73.94342], [40.681249, -73.943536]]"
e661b343-4000-4574-a669-3c4025ea8c87,Review Warning Zone 328,40.68216,-73.94594,0.05,"[[40.681787, -73.946269], [40.681842, -73.946359], [40.68191, -73.946433], [40.681988, -73.946488], [40.682072, -73.946521], [40.68216, -73.946533], [40.682248, -73.946521], [40.682332, -73.946488], [40.68241, -73.946433], [40.682478, -73.946359], [40.682533, -73.946269], [40.682575, -73.946167], [40.682601, -73.946056], [40.682609, -73.94594], [40.682601, -73.945824], [40.682575, -73.945713], [40.682533, -73.945611], [40.682478, -73.945521], [40.68241, -73.945447], [40.682332, -73.945392], [40.682248, -73.945359], [40.68216, -73.945347], [40.682072, -73.945359], [40.681988, -73.945392], [40.68191, -73.945447], [40.681842, -73.945521], [40.681787, -73.945611], [40.681745, -73.945713], [40.681719, -73.945824], [40.681711, -73.94594], [40.681719, -73.946056], [40.681745, -73.946167]]"
c5308723-a331-47a2-9c07-70e176d84601,Review Warning Zone 329,40.683,-73.94421,0.05,"[[40.682627, -73.944539], [40.682682, -73.944629], [40.68275, -73.944703], [40.682828, -73.944758], [40.682912, -73.944791], [40.683, -73.944803], [40.683088, -73.944791], [40.683172, -73.944758], [40.68325, -73.944703], [40.683318, -73.944629], [40.683373, -73.944539], [40.683415, -73.944437], [40.683441, -73.944326], [40.683449, -73.94421], [40.683441, -73.944094], [40.683415, -73.943983], [40.683373, -73.943881], [40.683318, -73.943791], [40.68325, -73.943717], [40.683172, -73.943662], [40.683088, -73.943629], [40.683, -73.943617], [40.682912, -73.943629], [40.682828, -73.943662], [40.68275, -73.943717], [40.682682, -73.943791], [40.682627, -73.943881], [40.682585, -73.943983], [40.682559, -73.944094], [40.682551, -73.94421], [40.682559, -73.944326], [40.682585, -73.944437]]"
67da2ea9-aef9-4a34-aff9-736d6548d3cd,Review Warning Zone 330,40.68501,-73.94354,0.05,"[[40.684595, -73.943767], [40.684637, -73.943869], [40.684692, -73.943959], [40.68476, -73.944033], [40.684838, -73.944088], [40.684922, -73.944121], [40.68501, -73.944133], [40.685098, -73.944121], [40.685182, -73.944088], [40.68526, -73.944033], [40.685328, -73.943959], [40.685383, -73.943869], [40.685425, -73.943767], [40.685451, -73.943656], [40.685459, -73.94354], [40.685451, -73.943424], [40.685425, -73.943313], [40.685383, -73.943211], [40.685328, -73.943121], [40.68526, -73.943047], [40.685182, -73.942992], [40.685098, -73.942959], [40.68501, -73.942947], [40.684922, -73.942959], [40.684838, -73.942992], [40.68476, -73.943047], [40.684692, -73.943121], [40.684637, -73.943211], [40.684595, -73.943313], [40.684569, -73.943424], [40.684561, -73.94354], [40.684569, -73.943656]]"
51ad2806-30ae-4abc-824b-55a069a994cf,Review Warning Zone 331,40.68651,-73.94395,0.05,"[[40.686095, -73.944177], [40.686137, -73.944279], [40.686192, -73.944369], [40.68626, -73.944443], [40.686338, -73.944498], [40.686422, -73.944531], [40.68651, -73.944543], [40.686598, -73.944531], [40.686682, -73.944498], [40.68676, -73.944443], [40.686828, -73.944369], [40.686883, -73.944279], [40.686925, -73.944177], [40.686951, -73.944066], [40.686959, -73.94395], [40.686951, -73.943834], [40.686925, -73.943723], [40.686883, -73.943621], [40.686828, -73.943531], [40.68676, -73.943457], [40.686682, -73.943402], [40.686598, -73.943369], [40.68651, -73.943357], [40.686422, -73.943369], [40.686338, -73.943402], [40.68626, -73.943457], [40.686192, -73.943531], [40.686137, -73.943621], [40.686095, -73.943723], [40.686069, -73.943834], [40.686061, -73.94395], [40.686069, -73.944066]]"
0c6cdc22-ab2c-4048-89d6-2701e3bf932e,Review Warning Zone 332,40.6884,-73.94714,0.05,"[[40.687985, -73.947367], [40.688027, -73.947469], [40.688082, -73.947559], [40.68815, -73.947633], [40.688228, -73.947688], [40.688312, -73.947721], [40.6884, -73.947733], [40.688488, -73.947721], [40.688572, -73.947688], [40.68865, -73.947633], [40.688718, -73.947559], [40.688773, -73.947469], [40.688815, -73.947367], [40.688841, -73.947256], [40.688849, -73.94714], [40.688841, -73.947024], [40.688815, -73.946913], [40.688773, -73.946811], [40.688718, -73.946721], [40.68865, -73.946647], [40.688572, -73.946592], [40.688488, -73.946559], [40.6884, -73.946547], [40.688312, -73.946559], [40.688228, -73.946592], [40.68815, -73.946647], [40.688082, -73.946721], [40.688027, -73.946811], [40.687985, -73.946913], [40.687959, -73.947024], [40.687951, -73.94714], [40.687959, -73.947256]]"
4574aa2f-7e97-4b4b-b5fa-af0cf6763f3d,Review Warning Zone 333,40.68873,-73.94394,0.05,"[[40.688357, -73.944269], [40.688412, -73.944359], [40.68848, -73.944433], [40.688558, -73.944488], [40.688642, -73.944521], [40.68873, -73.944533], [40.688818, -73.944521], [40.688902, -73.944488], [40.68898, -73.944433], [40.689048, -73.944359], [40.689103, -73.944269], [40.689145, -73.944167], [40.689171, -73.944056], [40.689179, -73.94394], [40.689171, -73.943824], [40.689145, -73.943713], [40.689103, -73.943611], [40.689048, -73.943521], [40.68898, -73.943447], [40.688902, -73.943392], [40.688818, -73.943359], [40.68873, -73.943347], [40.688642, -73.943359], [40.688558, -73.943392], [40.68848, -73.943447], [40.688412, -73.943521], [40.688357, -73.943611], [40.688315, -73.943713], [40.688289, -73.943824], [40.688281, -73.94394], [40.688289, -73.944056], [40.688315, -73.944167]]"
9272c265-a868-4cb5-9b6e-e5892de3bf23,Review Warning Zone 334,40.68995,-73.946475,0.088,"[[40.689287, -73.946569], [40.689342, -73.946659], [40.68941, -73.946733], [40.689488, -73.946788], [40.689572, -73.946821], [40.68966, -73.946833], [40.689748, -73.946821], [40.689798, -73.946801], [40.689799, -73.946826], [40.689825, -73.946937], [40.689867, -73.947039], [40.689922, -73.947129], [40.68999, -73.947203], [40.690068, -73.947258], [40.690152, -73.947291], [40.69024, -73.947303], [40.690328, -73.947291], [40.690412, -73.947258], [40.69049, -73.947203], [40.690558, -73.947129], [40.690613, -73.947039], [40.690655, -73.946937], [40.690681, -73.946826], [40.690689, -73.94671], [40.690681, -73.946594], [40.690655, -73.946483], [40.690613, -73.946381], [40.690558, -73.946291], [40.69049, -73.946217], [40.690412, -73.946162], [40.690328, -73.946129], [40.69024, -73.946117], [40.690152, -73.946129], [40.690102, -73.946149], [40.690101, -73.946124], [40.690075, -73.946013], [40.690033, -73.945911], [40.689978, -73.945821], [40.68991, -73.945747], [40.689832, -73.945692], [40.689748, -73.945659], [40.68966, -73.945647], [40.689572, -73.945659], [40.689488, -73.945692], [40.68941, -73.945747], [40.689342, -73.945821], [40.689287, -73.945911], [40.689245, -73.946013], [40.689219, -73.946124], [40.689211, -73.94624], [40.689219, -73.946356], [40.689245, -73.946467]]"
6513c196-404e-4634-9161-261b0c1cba64,Review Warning Zone 335,40.69141,-73.94652,0.05,"[[40.690995, -73.946747], [40.691037, -73.946849], [40.691092, -73.946939], [40.69116, -73.947013], [40.691238, -73.947068], [40.691322, -73.947101], [40.69141, -73.947113], [40.691498, -73.947101], [40.691582, -73.947068], [40.69166, -73.947013], [40.691728, -73.946939], [40.691783, -73.946849], [40.691825, -73.946747], [40.691851, -73.946636], [40.691859, -73.94652], [40.691851, -73.946404], [40.691825, -73.946293], [40.691783, -73.946191], [40.691728, -73.946101], [40.69166, -73.946027], [40.691582, -73.945972], [40.691498, -73.945939], [40.69141, -73.945927], [40.691322, -73.945939], [40.691238, -73.945972], [40.69116, -73.946027], [40.691092, -73.946101], [40.691037, -73.946191], [40.690995, -73.946293], [40.690969, -73.946404], [40.690961, -73.94652], [40.690969, -73.946636]]"
fb5fc20b-2998-4fb1-836a-a3d4bfa1dcc9,Review Warning Zone 336,40.69154,-73.9449,0.05,"[[40.691125, -73.945127], [40.691167, -73.945229], [40.691222, -73.945319], [40.69129, -73.945393], [40.691368, -73.945448], [40.691452, -73.945481], [40.69154, -73.945493], [40.691628, -73.945481], [40.691712, -73.945448], [40.69179, -73.945393], [40.691858, -73.945319], [40.691913, -73.945229], [40.691955, -73.945127], [40.691981, -73.945016], [40.691989, -73.9449], [40.691981, -73.944784], [40.691955, -73.944673], [40.691913, -73.944571], [40.691858, -73.944481], [40.69179, -73.944407], [40.691712, -73.944352], [40.691628, -73.944319], [40.69154, -73.944307], [40.691452, -73.944319], [40.691368, -73.944352], [40.69129, -73.944407], [40.691222, -73.944481], [40.691167, -73.944571], [40.691125, -73.944673], [40.691099, -73.944784], [40.691091, -73.9449], [40.691099, -73.945016]]"
c87cf5e0-1435-4eba-a932-14d0f7547747,Review Warning Zone 337,40.69283,-73.94529,0.05,"[[40.692457, -73.945619], [40.692512, -73.945709], [40.69258, -73.945783], [40.692658, -73.945838], [40.692742, -73.945871], [40.69283, -73.945883], [40.692918, -73.945871], [40.693002, -73.945838], [40.69308, -73.945783], [40.693148, -73.945709], [40.693203, -73.945619], [40.693245, -73.945517], [40.693271, -73.945406], [40.693279, -73.94529], [40.693271, -73.945174], [40.693245, -73.945063], [40.693203, -73.944961], [40.693148, -73.944871], [40.69308, -73.944797], [40.693002, -73.944742], [40.692918, -73.944709], [40.69283, -73.944697], [40.692742, -73.944709], [40.692658, -73.944742], [40.69258, -73.944797], [40.692512, -73.944871], [40.692457, -73.944961], [40.692415, -73.945063], [40.692389, -73.945174], [40.692381, -73.94529], [40.692389, -73.945406], [40.692415, -73.945517]]"
5e3bab1c-c4e0-4561-a759-450983ab04e6,Review Warning Zone 338,40.69391,-73.94515,0.097,"[[40.693487, -73.946029], [40.693542, -73.946119], [40.69361, -73.946193], [40.693688, -73.946248], [40.693772, -73.946281], [40.69386, -73.946293], [40.693948, -73.946281], [40.694032, -73.946248], [40.69411, -73.946193], [40.694178, -73.946119], [40.694233, -73.946029], [40.694275, -73.945927], [40.694301, -73.945816], [40.694309, -73.9457], [40.694301, -73.945584], [40.694275, -73.945473], [40.694233, -73.945371], [40.694178, -73.945281], [40.69411, -73.945207], [40.694064, -73.945175], [40.694132, -73.945148], [40.69421, -73.945093], [40.694278, -73.945019], [40.694333, -73.944929], [40.694375, -73.944827], [40.694401, -73.944716], [40.694409, -73.9446], [40.694401, -73.944484], [40.694375, -73.944373], [40.694333, -73.944271], [40.694278, -73.944181], [40.69421, -73.944107], [40.694132, -73.944052], [40.694048, -73.944019], [40.69396, -73.944007], [40.693872, -73.944019], [40.693788, -73.944052], [40.69371, -73.944107], [40.693642, -73.944181], [40.693587, -73.944271], [40.693545, -73.944373], [40.693519, -73.944484], [40.693511, -73.9446], [40.693519, -73.944716], [40.693545, -73.944827], [40.693587, -73.944929], [40.693642, -73.945019], [40.69371, -73.945093], [40.693756, -73.945125], [40.693688, -73.945152], [40.69361, -73.945207], [40.693542, -73.945281], [40.693487, -73.945371], [40.693445, -73.945473], [40.693419, -73.945584], [40.693411, -73.9457], [40.693419, -73.945816], [40.693445, -73.945927]]"
5f443efc-3dea-469f-bbff-4abce9c8bf6c,Review Warning Zone 339,40.69609,-73.94497,0.05,"[[40.695675, -73.945197], [40.695717, -73.945299], [40.695772, -73.945389], [40.69584, -73.945463], [40.695918, -73.945518], [40.696002, -73.945551], [40.69609, -73.945563], [40.696178, -73.945551], [40.696262, -73.945518], [40.69634, -73.945463], [40.696408, -73.945389], [40.696463, -73.945299], [40.696505, -73.945197], [40.696531, -73.945086], [40.696539, -73.94497], [40.696531, -73.944854], [40.696505, -73.944743], [40.696463, -73.944641], [40.696408, -73.944551], [40.69634, -73.944477], [40.696262, -73.944422], [40.696178, -73.944389], [40.69609, -73.944377], [40.696002, -73.944389], [40.695918, -73.944422], [40.69584, -73.944477], [40.695772, -73.944551], [40.695717, -73.944641], [40.695675, -73.944743], [40.695649, -73.944854], [40.695641, -73.94497], [40.695649, -73.945086]]"
8a8aaf0c-2b47-4306-9a7f-b8cd24ee9148,Review Warning Zone 340,40.69866,-73.94548,0.05,"[[40.698245, -73.945707], [40.698287, -73.945809], [40.698342, -73.945899], [40.69841, -73.945973], [40.698488, -73.946028], [40.698572, -73.946061], [40.69866, -73.946073], [40.698748, -73.946061], [40.698832, -73.946028], [40.69891, -73.945973], [40.698978, -73.945899], [40.699033, -73.945809], [40.699075, -73.945707], [40.699101, -73.945596], [40.699109, -73.94548], [40.699101, -73.945364], [40.699075, -73.945253], [40.699033, -73.945151], [40.698978, -73.945061], [40.69891, -73.944987], [40.698832, -73.944932], [40.698748, -73.944899], [40.69866, -73.944887], [40.698572, -73.944899], [40.698488, -73.944932], [40.69841, -73.944987], [40.698342, -73.945061], [40.698287, -73.945151], [40.698245, -73.945253], [40.698219, -73.945364], [40.698211, -73.94548], [40.698219, -73.945596]]"
bf2b047d-3133-426b-9e53-809101984717,Review Warning Zone 341,40.70455,-73.94358,0.05,"[[40.704177, -73.943909], [40.704232, -73.943999], [40.7043, -73.944073], [40.704378, -73.944128], [40.704462, -73.944161], [40.70455, -73.944173], [40.704638, -73.944161], [40.704722, -73.944128], [40.7048, -73.944073], [40.704868, -73.943999], [40.704923, -73.943909], [40.704965, -73.943807], [40.704991, -73.943696], [40.704999, -73.94358], [40.704991, -73.943464], [40.704965, -73.943353], [40.704923, -73.943251], [40.704868, -73.943161], [40.7048, -73.943087], [40.704722, -73.943032], [40.704638, -73.942999], [40.70455, -73.942987], [40.704462, -73.942999], [40.704378, -73.943032], [40.7043, -73.943087], [40.704232, -73.943161], [40.704177, -73.943251], [40.704135, -73.943353], [40.704109, -73.943464], [40.704101, -73.94358], [40.704109, -73.943696], [40.704135, -73.943807]]"
e051a998-8e40-4919-8440-6ceef23b49cc,Review Warning Zone 342,40.72105,-73.94616,0.05,"[[40.720677, -73.946489], [40.720732, -73.946579], [40.7208, -73.946653], [40.720878, -73.946708], [40.720962, -73.946741], [40.72105, -73.946753], [40.721138, -73.946741], [40.721222, -73.946708], [40.7213, -73.946653], [40.721368, -73.946579], [40.721423, -73.946489], [40.721465, -73.946387], [40.721491, -73.946276], [40.721499, -73.94616], [40.721491, -73.946044], [40.721465, -73.945933], [40.721423, -73.945831], [40.721368, -73.945741], [40.7213, -73.945667], [40.721222, -73.945612], [40.721138, -73.945579], [40.72105, -73.945567], [40.720962, -73.945579], [40.720878, -73.945612], [40.7208, -73.945667], [40.720732, -73.945741], [40.720677, -73.945831], [40.720635, -73.945933], [40.720609, -73.946044], [40.720601, -73.94616], [40.720609, -73.946276], [40.720635, -73.946387]]"
86717dba-71eb-49ae-ba6c-8e64c9ec460e,Review Warning Zone 343,40.7732,-73.94773,0.05,"[[40.772785, -73.947957], [40.772827, -73.948059], [40.772882, -73.948149], [40.77295, -73.948223], [40.773028, -73.948278], [40.773112, -73.948311], [40.7732, -73.948323], [40.773288, -73.948311], [40.773372, -73.948278], [40.77345, -73.948223], [40.773518, -73.948149], [40.773573, -73.948059], [40.773615, -73.947957], [40.773641, -73.947846], [40.773649, -73.94773], [40.773641, -73.947614], [40.773615, -73.947503], [40.773573, -73.947401], [40.773518, -73.947311], [40.77345, -73.947237], [40.773372, -73.947182], [40.773288, -73.947149], [40.7732, -73.947137], [40.773112, -73.947149], [40.773028, -73.947182], [40.77295, -73.947237], [40.772882, -73.947311], [40.772827, -73.947401], [40.772785, -73.947503], [40.772759, -73.947614], [40.772751, -73.94773], [40.772759, -73.947846]]"
9da726f8-8c51-4e09-9679-e757cc62d6d9,Review Warning Zone 344,40.78133,-73.9473,0.05,"[[40.780915, -73.947527], [40.780957, -73.947629], [40.781012, -73.947719], [40.78108, -73.947793], [40.781158, -73.947848], [40.781242, -73.947881], [40.78133, -73.947893], [40.781418, -73.947881], [40.781502, -73.947848], [40.78158, -73.947793], [40.781648, -73.947719], [40.781703, -73.947629], [40.781745, -73.947527], [40.781771, -73.947416], [40.781779, -73.9473], [40.781771, -73.947184], [40.781745, -73.947073], [40.781703, -73.946971], [40.781648, -73.946881], [40.78158, -73.946807], [40.781502, -73.946752], [40.781418, -73.946719], [40.78133, -73.946707], [40.781242, -73.946719], [40.781158, -73.946752], [40.78108, -73.946807], [40.781012, -73.946881], [40.780957, -73.946971], [40.780915, -73.947073], [40.780889, -73.947184], [40.780881, -73.9473], [40.780889, -73.947416]]"
05c21018-4d07-429a-bcda-5d624dbc79d9,Review Warning Zone 345,40.78576,-73.94448,0.05,"[[40.785345, -73.944707], [40.785387, -73.944809], [40.785442, -73.944899], [40.78551, -73.944973], [40.785588, -73.945028], [40.785672, -73.945061], [40.78576, -73.945073], [40.785848, -73.945061], [40.785932, -73.945028], [40.78601, -73.944973], [40.786078, -73.944899], [40.786133, -73.944809], [40.786175, -73.944707], [40.786201, -73.944596], [40.786209, -73.94448], [40.786201, -73.944364], [40.786175, -73.944253], [40.786133, -73.944151], [40.786078, -73.944061], [40.78601, -73.943987], [40.785932, -73.943932], [40.785848, -73.943899], [40.78576, -73.943887], [40.785672, -73.943899], [40.785588, -73.943932], [40.78551, -73.943987], [40.785442, -73.944061], [40.785387, -73.944151], [40.785345, -73.944253], [40.785319, -73.944364], [40.785311, -73.94448], [40.785319, -73.944596]]"
ea77db00-2cac-4c7f-a14a-217d59b87260,Review Warning Zone 346,40.78874,-73.94426,0.05,"[[40.788367, -73.944589], [40.788422, -73.944679], [40.78849, -73.944753], [40.788568, -73.944808], [40.788652, -73.944841], [40.78874, -73.944853], [40.788828, -73.944841], [40.788912, -73.944808], [40.78899, -73.944753], [40.789058, -73.944679], [40.789113, -73.944589], [40.789155, -73.944487], [40.789181, -73.944376], [40.789189, -73.94426], [40.789181, -73.944144], [40.789155, -73.944033], [40.789113, -73.943931], [40.789058, -73.943841], [40.78899, -73.943767], [40.788912, -73.943712], [40.788828, -73.943679], [40.78874, -73.943667], [40.788652, -73.943679], [40.788568, -73.943712], [40.78849, -73.943767], [40.788422, -73.943841], [40.788367, -73.943931], [40.788325, -73.944033], [40.788299, -73.944144], [40.788291, -73.94426], [40.788299, -73.944376], [40.788325, -73.944487]]"
766120b4-c5d8-4ec8-b6f6-f203415ede83,Review Warning Zone 347,40.789529,-73.946507,0.104,"[[40.788857, -73.946329], [40.788912, -73.946419], [40.78898, -73.946493], [40.789058, -73.946548], [40.789142, -73.946581], [40.78923, -73.946593], [40.789318, -73.946581], [40.789336, -73.946574], [40.789319, -73.946644], [40.789311, -73.94676], [40.789319, -73.946876], [40.789324, -73.946895], [40.789319, -73.946914], [40.789311, -73.94703], [40.789319, -73.947146], [40.789345, -73.947257], [40.789387, -73.947359], [40.789442, -73.947449], [40.78951, -73.947523], [40.789588, -73.947578], [40.789672, -73.947611], [40.78976, -73.947623], [40.789848, -73.947611], [40.789932, -73.947578], [40.79001, -73.947523], [40.790078, -73.947449], [40.790133, -73.947359], [40.790175, -73.947257], [40.790201, -73.947146], [40.790209, -73.94703], [40.790201, -73.946914], [40.790196, -73.946895], [40.790201, -73.946876], [40.790209, -73.94676], [40.790201, -73.946644], [40.790175, -73.946533], [40.790133, -73.946431], [40.790078, -73.946341], [40.79001, -73.946267], [40.789932, -73.946212], [40.789848, -73.946179], [40.78976, -73.946167], [40.789672, -73.946179], [40.789654, -73.946186], [40.789671, -73.946116], [40.789679, -73.946], [40.789671, -73.945884], [40.789645, -73.945773], [40.789603, -73.945671], [40.789548, -73.945581], [40.78948, -73.945507], [40.789402, -73.945452], [40.789318, -73.945419], [40.78923, -73.945407], [40.789142, -73.945419], [40.789058, -73.945452], [40.78898, -73.945507], [40.788912, -73.945581], [40.788857, -73.945671], [40.788815, -73.945773], [40.788789, -73.945884], [40.788781, -73.946], [40.788789, -73.946116], [40.788815, -73.946227]]"
1f8a6fec-3b35-41e7-a973-57d389a502a5,Review Warning Zone 348,40.79054,-73.94602,0.05,"[[40.790125, -73.946247], [40.790167, -73.946349], [40.790222, -73.946439], [40.79029, -73.946513], [40.790368, -73.946568], [40.790452, -73.946601], [40.79054, -73.946613], [40.790628, -73.946601], [40.790712, -73.946568], [40.79079, -73.946513], [40.790858, -73.946439], [40.790913, -73.946349], [40.790955, -73.946247], [40.790981, -73.946136], [40.790989, -73.94602], [40.790981, -73.945904], [40.790955, -73.945793], [40.790913, -73.945691], [40.790858, -73.945601], [40.79079, -73.945527], [40.790712, -73.945472], [40.790628, -73.945439], [40.79054, -73.945427], [40.790452, -73.945439], [40.790368, -73.945472], [40.79029, -73.945527], [40.790222, -73.945601], [40.790167, -73.945691], [40.790125, -73.945793], [40.790099, -73.945904], [40.790091, -73.94602], [40.790099, -73.946136]]"
8c53cf88-f682-4ae9-a5f0-1ea15a8d7573,Review Warning Zone 349,40.792379,-73.946417,0.083,"[[40.791717, -73.946629], [40.791772, -73.946719], [40.79184, -73.946793], [40.791918, -73.946848], [40.792002, -73.946881], [40.79209, -73.946893], [40.792178, -73.946881], [40.792262, -73.946848], [40.792282, -73.946833], [40.792294, -73.946863], [40.79235, -73.946952], [40.792418, -73.947026], [40.792496, -73.947081], [40.79258, -73.947115], [40.792667, -73.947126], [40.792755, -73.947115], [40.792839, -73.947081], [40.792917, -73.947026], [40.792985, -73.946952], [40.793041, -73.946863], [40.793082, -73.94676], [40.793108, -73.946649], [40.793117, -73.946533], [40.793108, -73.946418], [40.793082, -73.946306], [40.793041, -73.946204], [40.792985, -73.946114], [40.792917, -73.94604], [40.792839, -73.945986], [40.792755, -73.945952], [40.792667, -73.94594], [40.79258, -73.945952], [40.792496, -73.945986], [40.792475, -73.946], [40.792463, -73.945971], [40.792408, -73.945881], [40.79234, -73.945807], [40.792262, -73.945752], [40.792178, -73.945719], [40.79209, -73.945707], [40.792002, -73.945719], [40.791918, -73.945752], [40.79184, -73.945807], [40.791772, -73.945881], [40.791717, -73.945971], [40.791675, -73.946073], [40.791649, -73.946184], [40.791641, -73.9463], [40.791649, -73.946416], [40.791675, -73.946527]]"
fb9828bb-2d96-4fdd-b919-762da132a1f4,Review Warning Zone 350,40.79235,-73.94378,0.05,"[[40.791977, -73.944109], [40.792032, -73.944199], [40.7921, -73.944273], [40.792178, -73.944328], [40.792262, -73.944361], [40.79235, -73.944373], [40.792438, -73.944361], [40.792522, -73.944328], [40.7926, -73.944273], [40.792668, -73.944199], [40.792723, -73.944109], [40.792765, -73.944007], [40.792791, -73.943896], [40.792799, -73.94378], [40.792791, -73.943664], [40.792765, -73.943553], [40.792723, -73.943451], [40.792668, -73.943361], [40.7926, -73.943287], [40.792522, -73.943232], [40.792438, -73.943199], [40.79235, -73.943187], [40.792262, -73.943199], [40.792178, -73.943232], [40.7921, -73.943287], [40.792032, -73.943361], [40.791977, -73.943451], [40.791935, -73.943553], [40.791909, -73.943664], [40.791901, -73.94378], [40.791909, -73.943896], [40.791935, -73.944007]]"
863df9bb-6c8a-447a-a0a2-badc6e1209c8,Review Warning Zone 351,40.79263,-73.94518,0.05,"[[40.792215, -73.945407], [40.792257, -73.945509], [40.792312, -73.945599], [40.79238, -73.945673], [40.792458, -73.945728], [40.792542, -73.945761], [40.79263, -73.945773], [40.792718, -73.945761], [40.792802, -73.945728], [40.79288, -73.945673], [40.792948, -73.945599], [40.793003, -73.945509], [40.793045, -73.945407], [40.793071, -73.945296], [40.793079, -73.94518], [40.793071, -73.945064], [40.793045, -73.944953], [40.793003, -73.944851], [40.792948, -73.944761], [40.79288, -73.944687], [40.792802, -73.944632], [40.792718, -73.944599], [40.79263, -73.944587], [40.792542, -73.944599], [40.792458, -73.944632], [40.79238, -73.944687], [40.792312, -73.944761], [40.792257, -73.944851], [40.792215, -73.944953], [40.792189, -73.945064], [40.792181, -73.94518], [40.792189, -73.945296]]"
b439bf4e-f12a-44c8-82f0-ea195ed19cd3,Review Warning Zone 352,40.79346,-73.94374,0.05,"[[40.793087, -73.944069], [40.793142, -73.944159], [40.79321, -73.944233], [40.793288, -73.944288], [40.793372, -73.944321], [40.79346, -73.944333], [40.793548, -73.944321], [40.793632, -73.944288], [40.79371, -73.944233], [40.793778, -73.944159], [40.793833, -73.944069], [40.793875, -73.943967], [40.793901, -73.943856], [40.793909, -73.94374], [40.793901, -73.943624], [40.793875, -73.943513], [40.793833, -73.943411], [40.793778, -73.943321], [40.79371, -73.943247], [40.793632, -73.943192], [40.793548, -73.943159], [40.79346, -73.943147], [40.793372, -73.943159], [40.793288, -73.943192], [40.79321, -73.943247], [40.793142, -73.943321], [40.793087, -73.943411], [40.793045, -73.943513], [40.793019, -73.943624], [40.793011, -73.94374], [40.793019, -73.943856], [40.793045, -73.943967]]"
cc0c3a16-f239-438d-8526-c9104ed93fef,Review Warning Zone 353,40.79599,-73.94583,0.05,"[[40.795575, -73.946057], [40.795617, -73.946159], [40.795672, -73.946249], [40.79574, -73.946323], [40.795818, -73.946378], [40.795902, -73.946411], [40.79599, -73.946423], [40.796078, -73.946411], [40.796162, -73.946378], [40.79624, -73.946323], [40.796308, -73.946249], [40.796363, -73.946159], [40.796405, -73.946057], [40.796431, -73.945946], [40.796439, -73.94583], [40.796431, -73.945714], [40.796405, -73.945603], [40.796363, -73.945501], [40.796308, -73.945411], [40.79624, -73.945337], [40.796162, -73.945282], [40.796078, -73.945249], [40.79599, -73.945237], [40.795902, -73.945249], [40.795818, -73.945282], [40.79574, -73.945337], [40.795672, -73.945411], [40.795617, -73.945501], [40.795575, -73.945603], [40.795549, -73.945714], [40.795541, -73.94583], [40.795549, -73.945946]]"
40ec26e1-4394-46b6-8968-60496ac03b47,Review Warning Zone 354,40.79904,-73.9458,0.05,"[[40.798667, -73.946129], [40.798722, -73.946219], [40.79879, -73.946293], [40.798868, -73.946348], [40.798952, -73.946381], [40.79904, -73.946393], [40.799128, -73.946381], [40.799212, -73.946348], [40.79929, -73.946293], [40.799358, -73.946219], [40.799413, -73.946129], [40.799455, -73.946027], [40.799481, -73.945916], [40.799489, -73.9458], [40.799481, -73.945684], [40.799455, -73.945573], [40.799413, -73.945471], [40.799358, -73.945381], [40.79929, -73.945307], [40.799212, -73.945252], [40.799128, -73.945219], [40.79904, -73.945207], [40.798952, -73.945219], [40.798868, -73.945252], [40.79879, -73.945307], [40.798722, -73.945381], [40.798667, -73.945471], [40.798625, -73.945573], [40.798599, -73.945684], [40.798591, -73.9458], [40.798599, -73.945916], [40.798625, -73.946027]]"
9f4b889f-e4a1-4320-982d-6227336ab766,Review Warning Zone 355,40.800195,-73.943735,0.086,"[[40.799605, -73.944317], [40.799647, -73.944419], [40.799702, -73.944509], [40.79977, -73.944583], [40.799848, -73.944638], [40.799932, -73.944671], [40.80002, -73.944683], [40.800108, -73.944671], [40.800192, -73.944638], [40.80027, -73.944583], [40.800338, -73.944509], [40.800393, -73.944419], [40.800435, -73.944317], [40.800461, -73.944206], [40.800469, -73.94409], [40.800461, -73.943974], [40.800458, -73.943961], [40.800458, -73.943961], [40.800542, -73.943928], [40.80062, -73.943873], [40.800688, -73.943799], [40.800743, -73.943709], [40.800785, -73.943607], [40.800811, -73.943496], [40.800819, -73.94338], [40.800811, -73.943264], [40.800785, -73.943153], [40.800743, -73.943051], [40.800688, -73.942961], [40.80062, -73.942887], [40.800542, -73.942832], [40.800458, -73.942799], [40.80037, -73.942787], [40.800282, -73.942799], [40.800198, -73.942832], [40.80012, -73.942887], [40.800052, -73.942961], [40.799997, -73.943051], [40.799955, -73.943153], [40.799929, -73.943264], [40.799921, -73.94338], [40.799929, -73.943496], [40.799932, -73.943509], [40.799932, -73.943509], [40.799848, -73.943542], [40.79977, -73.943597], [40.799702, -73.943671], [40.799647, -73.943761], [40.799605, -73.943863], [40.799579, -73.943974], [40.799571, -73.94409], [40.799579, -73.944206]]"
686f0deb-c6b1-46a5-a5f1-41c23182211f,Review Warning Zone 356,40.801,-73.94598,0.05,"[[40.800627, -73.946309], [40.800682, -73.946399], [40.80075, -73.946473], [40.800828, -73.946528], [40.800912, -73.946561], [40.801, -73.946573], [40.801088, -73.946561], [40.801172, -73.946528], [40.80125, -73.946473], [40.801318, -73.946399], [40.801373, -73.946309], [40.801415, -73.946207], [40.801441, -73.946096], [40.801449, -73.94598], [40.801441, -73.945864], [40.801415, -73.945753], [40.801373, -73.945651], [40.801318, -73.945561], [40.80125, -73.945487], [40.801172, -73.945432], [40.801088, -73.945399], [40.801, -73.945387], [40.800912, -73.945399], [40.800828, -73.945432], [40.80075, -73.945487], [40.800682, -73.945561], [40.800627, -73.945651], [40.800585, -73.945753], [40.800559, -73.945864], [40.800551, -73.94598], [40.800559, -73.946096], [40.800585, -73.946207]]"
a279f947-ec7c-474e-9389-91bcc525e953,Review Warning Zone 357,40.804215,-73.945835,0.097,"[[40.803517, -73.945799], [40.803572, -73.945889], [40.80364, -73.945963], [40.803718, -73.946018], [40.803802, -73.946051], [40.80389, -73.946063], [40.803978, -73.946051], [40.804062, -73.946018], [40.804125, -73.945973], [40.804125, -73.945973], [40.804099, -73.946084], [40.804091, -73.9462], [40.804099, -73.946316], [40.804125, -73.946427], [40.804167, -73.946529], [40.804222, -73.946619], [40.80429, -73.946693], [40.804368, -73.946748], [40.804452, -73.946781], [40.80454, -73.946793], [40.804628, -73.946781], [40.804712, -73.946748], [40.80479, -73.946693], [40.804858, -73.946619], [40.804913, -73.946529], [40.804955, -73.946427], [40.804981, -73.946316], [40.804989, -73.9462], [40.804981, -73.946084], [40.804955, -73.945973], [40.804913, -73.945871], [40.804858, -73.945781], [40.80479, -73.945707], [40.804712, -73.945652], [40.804628, -73.945619], [40.80454, -73.945607], [40.804452, -73.945619], [40.804368, -73.945652], [40.804305, -73.945697], [40.804305, -73.945697], [40.804331, -73.945586], [40.804339, -73.94547], [40.804331, -73.945354], [40.804305, -73.945243], [40.804263, -73.945141], [40.804208, -73.945051], [40.80414, -73.944977], [40.804062, -73.944922], [40.803978, -73.944889], [40.80389, -73.944877], [40.803802, -73.944889], [40.803718, -73.944922], [40.80364, -73.944977], [40.803572, -73.945051], [40.803517, -73.945141], [40.803475, -73.945243], [40.803449, -73.945354], [40.803441, -73.94547], [40.803449, -73.945586], [40.803475, -73.945697]]"
366d34b6-bb2e-4c87-9892-7e8cc3ae6fc5,Review Warning Zone 358,40.80478,-73.94366,0.05,"[[40.804365, -73.943887], [40.804407, -73.943989], [40.804462, -73.944079], [40.80453, -73.944153], [40.804608, -73.944208], [40.804692, -73.944241], [40.80478, -73.944253], [40.804868, -73.944241], [40.804952, -73.944208], [40.80503, -73.944153], [40.805098, -73.944079], [40.805153, -73.943989], [40.805195, -73.943887], [40.805221, -73.943776], [40.805229, -73.94366], [40.805221, -73.943544], [40.805195, -73.943433], [40.805153, -73.943331], [40.805098, -73.943241], [40.80503, -73.943167], [40.804952, -73.943112], [40.804868, -73.943079], [40.80478, -73.943067], [40.804692, -73.943079], [40.804608, -73.943112], [40.80453, -73.943167], [40.804462, -73.943241], [40.804407, -73.943331], [40.804365, -73.943433], [40.804339, -73.943544], [40.804331, -73.94366], [40.804339, -73.943776]]"
76ee2638-67af-46fe-858e-719d4882665a,Review Warning Zone 359,40.80497,-73.94733,0.05,"[[40.804555, -73.947557], [40.804597, -73.947659], [40.804652, -73.947749], [40.80472, -73.947823], [40.804798, -73.947878], [40.804882, -73.947911], [40.80497, -73.947923], [40.805058, -73.947911], [40.805142, -73.947878], [40.80522, -73.947823], [40.805288, -73.947749], [40.805343, -73.947659], [40.805385, -73.947557], [40.805411, -73.947446], [40.805419, -73.94733], [40.805411, -73.947214], [40.805385, -73.947103], [40.805343, -73.947001], [40.805288, -73.946911], [40.80522, -73.946837], [40.805142, -73.946782], [40.805058, -73.946749], [40.80497, -73.946737], [40.804882, -73.946749], [40.804798, -73.946782], [40.80472, -73.946837], [40.804652, -73.946911], [40.804597, -73.947001], [40.804555, -73.947103], [40.804529, -73.947214], [40.804521, -73.94733], [40.804529, -73.947446]]"
3419fbc2-3dc2-4db0-9f6a-4230a7f32beb,Review Warning Zone 360,40.80558,-73.94497,0.05,"[[40.805207, -73.945299], [40.805262, -73.945389], [40.80533, -73.945463], [40.805408, -73.945518], [40.805492, -73.945551], [40.80558, -73.945563], [40.805668, -73.945551], [40.805752, -73.945518], [40.80583, -73.945463], [40.805898, -73.945389], [40.805953, -73.945299], [40.805995, -73.945197], [40.806021, -73.945086], [40.806029, -73.94497], [40.806021, -73.944854], [40.805995, -73.944743], [40.805953, -73.944641], [40.805898, -73.944551], [40.80583, -73.944477], [40.805752, -73.944422], [40.805668, -73.944389], [40.80558, -73.944377], [40.805492, -73.944389], [40.805408, -73.944422], [40.80533, -73.944477], [40.805262, -73.944551], [40.805207, -73.944641], [40.805165, -73.944743], [40.805139, -73.944854], [40.805131, -73.94497], [40.805139, -73.945086], [40.805165, -73.945197]]"
37a2110f-8f0a-492c-83df-38f893097c34,Review Warning Zone 361,40.806316,-73.945916,0.109,"[[40.805437, -73.946469], [40.805492, -73.946559], [40.80556, -73.946633], [40.805638, -73.946688], [40.805722, -73.946721], [40.80581, -73.946733], [40.805898, -73.946721], [40.805982, -73.946688], [40.80606, -73.946633], [40.806128, -73.946559], [40.806183, -73.946469], [40.806205, -73.946416], [40.806242, -73.946431], [40.80633, -73.946443], [40.806418, -73.946431], [40.806502, -73.946398], [40.80658, -73.946343], [40.806641, -73.946276], [40.806658, -73.946288], [40.806742, -73.946321], [40.80683, -73.946333], [40.806918, -73.946321], [40.807002, -73.946288], [40.80708, -73.946233], [40.807148, -73.946159], [40.807203, -73.946069], [40.807245, -73.945967], [40.807271, -73.945856], [40.807279, -73.94574], [40.807271, -73.945624], [40.807245, -73.945513], [40.807203, -73.945411], [40.807148, -73.945321], [40.80708, -73.945247], [40.807002, -73.945192], [40.806918, -73.945159], [40.80683, -73.945147], [40.806742, -73.945159], [40.806658, -73.945192], [40.80658, -73.945247], [40.806519, -73.945314], [40.806502, -73.945302], [40.806418, -73.945269], [40.80633, -73.945257], [40.806242, -73.945269], [40.806158, -73.945302], [40.80608, -73.945357], [40.806012, -73.945431], [40.805957, -73.945521], [40.805935, -73.945574], [40.805898, -73.945559], [40.80581, -73.945547], [40.805722, -73.945559], [40.805638, -73.945592], [40.80556, -73.945647], [40.805492, -73.945721], [40.805437, -73.945811], [40.805395, -73.945913], [40.805369, -73.946024], [40.805361, -73.94614], [40.805369, -73.946256], [40.805395, -73.946367]]"
fefd2567-b496-4522-96c3-3b13b0884232,Review Warning Zone 362,40.80615,-73.94347,0.05,"[[40.805735, -73.943697], [40.805777, -73.943799], [40.805832, -73.943889], [40.8059, -73.943963], [40.805978, -73.944018], [40.806062, -73.944051], [40.80615, -73.944063], [40.806238, -73.944051], [40.806322, -73.944018], [40.8064, -73.943963], [40.806468, -73.943889], [40.806523, -73.943799], [40.806565, -73.943697], [40.806591, -73.943586], [40.806599, -73.94347], [40.806591, -73.943354], [40.806565, -73.943243], [40.806523, -73.943141], [40.806468, -73.943051], [40.8064, -73.942977], [40.806322, -73.942922], [40.806238, -73.942889], [40.80615, -73.942877], [40.806062, -73.942889], [40.805978, -73.942922], [40.8059, -73.942977], [40.805832, -73.943051], [40.805777, -73.943141], [40.805735, -73.943243], [40.805709, -73.943354], [40.805701, -73.94347], [40.805709, -73.943586]]"
ab5b92e1-38d4-48c3-b65e-2d5203cca7f2,Review Warning Zone 363,40.80754,-73.94473,0.05,"[[40.807125, -73.944957], [40.807167, -73.945059], [40.807222, -73.945149], [40.80729, -73.945223], [40.807368, -73.945278], [40.807452, -73.945311], [40.80754, -73.945323], [40.807628, -73.945311], [40.807712, -73.945278], [40.80779, -73.945223], [40.807858, -73.945149], [40.807913, -73.945059], [40.807955, -73.944957], [40.807981, -73.944846], [40.807989, -73.94473], [40.807981, -73.944614], [40.807955, -73.944503], [40.807913, -73.944401], [40.807858, -73.944311], [40.80779, -73.944237], [40.807712, -73.944182], [40.807628, -73.944149], [40.80754, -73.944137], [40.807452, -73.944149], [40.807368, -73.944182], [40.80729, -73.944237], [40.807222, -73.944311], [40.807167, -73.944401], [40.807125, -73.944503], [40.807099, -73.944614], [40.807091, -73.94473], [40.807099, -73.944846]]"
22a65538-3cc9-4761-a5f0-cfec79a2e243,Review Warning Zone 364,40.809991,-73.944301,0.19,"[[40.808795, -73.943567], [40.808837, -73.943669], [40.808892, -73.943759], [40.80896, -73.943833], [40.809038, -73.943888], [40.809122, -73.943921], [40.809165, -73.943927], [40.809142, -73.943951], [40.809087, -73.944041], [40.809045, -73.944143], [40.809019, -73.944254], [40.809011, -73.94437], [40.809019, -73.944486], [40.809045, -73.944597], [40.809087, -73.944699], [40.809142, -73.944789], [40.80921, -73.944863], [40.809288, -73.944918], [40.809372, -73.944951], [40.80946, -73.944963], [40.809548, -73.944951], [40.809632, -73.944918], [40.80971, -73.944863], [40.809778, -73.944789], [40.809833, -73.944699], [40.809865, -73.944621], [40.80988, -73.944623], [40.809923, -73.944617], [40.809929, -73.944706], [40.809955, -73.944817], [40.809997, -73.944919], [40.810052, -73.945009], [40.81012, -73.945083], [40.810166, -73.945115], [40.810169, -73.945166], [40.810195, -73.945277], [40.810233, -73.945371], [40.810228, -73.945369], [40.81014, -73.945357], [40.810052, -73.945369], [40.809968, -73.945402], [40.80989, -73.945457], [40.809822, -73.945531], [40.809767, -73.945621], [40.809725, -73.945723], [40.809699, -73.945834], [40.809691, -73.94595], [40.809699, -73.946066], [40.809725, -73.946177], [40.809767, -73.946279], [40.809822, -73.946369], [40.80989, -73.946443], [40.809968, -73.946498], [40.810052, -73.946531], [40.81014, -73.946543], [40.810228, -73.946531], [40.810312, -73.946498], [40.81039, -73.946443], [40.810458, -73.946369], [40.810513, -73.946279], [40.810555, -73.946177], [40.810581, -73.946066], [40.810589, -73.94595], [40.810581, -73.945834], [40.810555, -73.945723], [40.810517, -73.945629], [40.810522, -73.945631], [40.81061, -73.945643], [40.810698, -73.945631], [40.810782, -73.945598], [40.81086, -73.945543], [40.810928, -73.945469], [40.810983, -73.945379], [40.811025, -73.945277], [40.811051, -73.945166], [40.811059, -73.94505], [40.811051, -73.944934], [40.811025, -73.944823], [40.810983, -73.944721], [40.810928, -73.944631], [40.81086, -73.944557], [40.810814, -73.944525], [40.810811, -73.944474], [40.810785, -73.944363], [40.810743, -73.944261], [40.810688, -73.944171], [40.81062, -73.944097], [40.810542, -73.944042], [40.810458, -73.944009], [40.81037, -73.943997], [40.810327, -73.944003], [40.810321, -73.943914], [40.810295, -73.943803], [40.810253, -73.943701], [40.810203, -73.94362], [40.810228, -73.943638], [40.810312, -73.943671], [40.8104, -73.943683], [40.810488, -73.943671], [40.810572, -73.943638], [40.81065, -73.943583], [40.810718, -73.943509], [40.810773, -73.943419], [40.810815, -73.943317], [40.810841, -73.943206], [40.810849, -73.94309], [40.810841, -73.942974], [40.810815, -73.942863], [40.810773, -73.942761], [40.810718, -73.942671], [40.81065, -73.942597], [40.810572, -73.942542], [40.810488, -73.942509], [40.8104, -73.942497], [40.810312, -73.942509], [40.810228, -73.942542], [40.81015, -73.942597], [40.810082, -73.942671], [40.810027, -73.942761], [40.809985, -73.942863], [40.809959, -73.942974], [40.809951, -73.94309], [40.809959, -73.943206], [40.809967, -73.943238], [40.809902, -73.943192], [40.809818, -73.943159], [40.80973, -73.943147], [40.809642, -73.943159], [40.809636, -73.943161], [40.809625, -73.943113], [40.809583, -73.943011], [40.809528, -73.942921], [40.80946, -73.942847], [40.809382, -73.942792], [40.809298, -73.942759], [40.80921, -73.942747], [40.809122, -73.942759], [40.809038, -73.942792], [40.80896, -73.942847], [40.808892, -73.942921], [40.808837, -73.943011], [40.808795, -73.943113], [40.808769, -73.943224], [40.808761, -73.94334], [40.808769, -73.943456]]"
8022cf2d-47ca-4d51-a8f1-f799c92ee81c,Review Warning Zone 365,40.80948,-73.94727,0.05,"[[40.809107, -73.947599], [40.809162, -73.947689], [40.80923, -73.947763], [40.809308, -73.947818], [40.809392, -73.947851], [40.80948, -73.947863], [40.809568, -73.947851], [40.809652, -73.947818], [40.80973, -73.947763], [40.809798, -73.947689], [40.809853, -73.947599], [40.809895, -73.947497], [40.809921, -73.947386], [40.809929, -73.94727], [40.809921, -73.947154], [40.809895, -73.947043], [40.809853, -73.946941], [40.809798, -73.946851], [40.80973, -73.946777], [40.809652, -73.946722], [40.809568, -73.946689], [40.80948, -73.946677], [40.809392, -73.946689], [40.809308, -73.946722], [40.80923, -73.946777], [40.809162, -73.946851], [40.809107, -73.946941], [40.809065, -73.947043], [40.809039, -73.947154], [40.809031, -73.94727], [40.809039, -73.947386], [40.809065, -73.947497]]"
ce8ce477-309d-44f5-a764-5aab2a5d61eb,Review Warning Zone 366,40.812684,-73.944175,0.093,"[[40.812115, -73.943947], [40.812157, -73.944049], [40.812212, -73.944139], [40.812229, -73.944157], [40.812267, -73.944249], [40.812322, -73.944339], [40.81239, -73.944413], [40.812405, -73.944423], [40.812405, -73.944423], [40.812379, -73.944534], [40.812371, -73.94465], [40.812379, -73.944766], [40.812405, -73.944877], [40.812447, -73.944979], [40.812502, -73.945069], [40.81257, -73.945143], [40.812648, -73.945198], [40.812732, -73.945231], [40.81282, -73.945243], [40.812908, -73.945231], [40.812992, -73.945198], [40.81307, -73.945143], [40.813138, -73.945069], [40.813193, -73.944979], [40.813235, -73.944877], [40.813261, -73.944766], [40.813269, -73.94465], [40.813261, -73.944534], [40.813235, -73.944423], [40.813193, -73.944321], [40.813138, -73.944231], [40.81307, -73.944157], [40.813055, -73.944147], [40.813055, -73.944147], [40.813081, -73.944036], [40.813089, -73.94392], [40.813081, -73.943804], [40.813055, -73.943693], [40.813013, -73.943591], [40.812958, -73.943501], [40.812941, -73.943483], [40.812903, -73.943391], [40.812848, -73.943301], [40.81278, -73.943227], [40.812702, -73.943172], [40.812618, -73.943139], [40.81253, -73.943127], [40.812442, -73.943139], [40.812358, -73.943172], [40.81228, -73.943227], [40.812212, -73.943301], [40.812157, -73.943391], [40.812115, -73.943493], [40.812089, -73.943604], [40.812081, -73.94372], [40.812089, -73.943836]]"
6952c516-5d96-4c53-b8e5-818e1615ef55,Review Warning Zone 367,40.814359,-73.944158,0.098,"[[40.813775, -73.943986], [40.81383, -73.944076], [40.813898, -73.94415], [40.813976, -73.944205], [40.81406, -73.944238], [40.814148, -73.94425], [40.814236, -73.944238], [40.814266, -73.944226], [40.814252, -73.944241], [40.814197, -73.944331], [40.814155, -73.944433], [40.814129, -73.944544], [40.814121, -73.94466], [40.814129, -73.944776], [40.814155, -73.944887], [40.814197, -73.944989], [40.814252, -73.945079], [40.81432, -73.945153], [40.814398, -73.945208], [40.814482, -73.945241], [40.81457, -73.945253], [40.814658, -73.945241], [40.814742, -73.945208], [40.81482, -73.945153], [40.814888, -73.945079], [40.814943, -73.944989], [40.814985, -73.944887], [40.815011, -73.944776], [40.815019, -73.94466], [40.815011, -73.944544], [40.814985, -73.944433], [40.814943, -73.944331], [40.814888, -73.944241], [40.81482, -73.944167], [40.814742, -73.944112], [40.814658, -73.944079], [40.81457, -73.944067], [40.814482, -73.944079], [40.814452, -73.944091], [40.814466, -73.944076], [40.814521, -73.943986], [40.814563, -73.943884], [40.814589, -73.943773], [40.814597, -73.943657], [40.814589, -73.943541], [40.814563, -73.94343], [40.814521, -73.943328], [40.814466, -73.943238], [40.814398, -73.943164], [40.81432, -73.943109], [40.814236, -73.943076], [40.814148, -73.943064], [40.81406, -73.943076], [40.813976, -73.943109], [40.813898, -73.943164], [40.81383, -73.943238], [40.813775, -73.943328], [40.813733, -73.94343], [40.813707, -73.943541], [40.813699, -73.943657], [40.813707, -73.943773], [40.813733, -73.943884]]"
0321ce0d-14ae-4e72-b03d-eaf0f9c5f900,Review Warning Zone 368,40.81486,-73.94696,0.05,"[[40.814445, -73.947187], [40.814487, -73.947289], [40.814542, -73.947379], [40.81461, -73.947453], [40.814688, -73.947508], [40.814772, -73.947541], [40.81486, -73.947553], [40.814948, -73.947541], [40.815032, -73.947508], [40.81511, -73.947453], [40.815178, -73.947379], [40.815233, -73.947289], [40.815275, -73.947187], [40.815301, -73.947076], [40.815309, -73.94696], [40.815301, -73.946844], [40.815275, -73.946733], [40.815233, -73.946631], [40.815178, -73.946541], [40.81511, -73.946467], [40.815032, -73.946412], [40.814948, -73.946379], [40.81486, -73.946367], [40.814772, -73.946379], [40.814688, -73.946412], [40.81461, -73.946467], [40.814542, -73.946541], [40.814487, -73.946631], [40.814445, -73.946733], [40.814419, -73.946844], [40.814411, -73.94696], [40.814419, -73.947076]]"
b933347d-6a3b-406d-9e60-24022e08f18f,Review Warning Zone 369,40.8161,-73.94439,0.05,"[[40.815685, -73.944617], [40.815727, -73.944719], [40.815782, -73.944809], [40.81585, -73.944883], [40.815928, -73.944938], [40.816012, -73.944971], [40.8161, -73.944983], [40.816188, -73.944971], [40.816272, -73.944938], [40.81635, -73.944883], [40.816418, -73.944809], [40.816473, -73.944719], [40.816515, -73.944617], [40.816541, -73.944506], [40.816549, -73.94439], [40.816541, -73.944274], [40.816515, -73.944163], [40.816473, -73.944061], [40.816418, -73.943971], [40.81635, -73.943897], [40.816272, -73.943842], [40.816188, -73.943809], [40.8161, -73.943797], [40.816012, -73.943809], [40.815928, -73.943842], [40.81585, -73.943897], [40.815782, -73.943971], [40.815727, -73.944061], [40.815685, -73.944163], [40.815659, -73.944274], [40.815651, -73.94439], [40.815659, -73.944506]]"
ba966eb1-8e27-46ae-93a3-c10f45989fc7,Review Warning Zone 370,40.81621,-73.94669,0.05,"[[40.815795, -73.946917], [40.815837, -73.947019], [40.815892, -73.947109], [40.81596, -73.947183], [40.816038, -73.947238], [40.816122, -73.947271], [40.81621, -73.947283], [40.816298, -73.947271], [40.816382, -73.947238], [40.81646, -73.947183], [40.816528, -73.947109], [40.816583, -73.947019], [40.816625, -73.946917], [40.816651, -73.946806], [40.816659, -73.94669], [40.816651, -73.946574], [40.816625, -73.946463], [40.816583, -73.946361], [40.816528, -73.946271], [40.81646, -73.946197], [40.816382, -73.946142], [40.816298, -73.946109], [40.81621, -73.946097], [40.816122, -73.946109], [40.816038, -73.946142], [40.81596, -73.946197], [40.815892, -73.946271], [40.815837, -73.946361], [40.815795, -73.946463], [40.815769, -73.946574], [40.815761, -73.94669], [40.815769, -73.946806]]"
2a295d11-5884-4d30-897b-76ff85571979,Review Warning Zone 371,40.81745,-73.9433,0.05,"[[40.817077, -73.943629], [40.817132, -73.943719], [40.8172, -73.943793], [40.817278, -73.943848], [40.817362, -73.943881], [40.81745, -73.943893], [40.817538, -73.943881], [40.817622, -73.943848], [40.8177, -73.943793], [40.817768, -73.943719], [40.817823, -73.943629], [40.817865, -73.943527], [40.817891, -73.943416], [40.817899, -73.9433], [40.817891, -73.943184], [40.817865, -73.943073], [40.817823, -73.942971], [40.817768, -73.942881], [40.8177, -73.942807], [40.817622, -73.942752], [40.817538, -73.942719], [40.81745, -73.942707], [40.817362, -73.942719], [40.817278, -73.942752], [40.8172, -73.942807], [40.817132, -73.942881], [40.817077, -73.942971], [40.817035, -73.943073], [40.817009, -73.943184], [40.817001, -73.9433], [40.817009, -73.943416], [40.817035, -73.943527]]"
f6647d60-2050-4fd3-8386-c1529e867a7c,Review Warning Zone 372,40.818601,-73.946031,0.107,"[[40.817787, -73.946289], [40.817826, -73.946352], [40.817845, -73.946437], [40.817887, -73.946539], [40.817942, -73.946629], [40.81801, -73.946703], [40.818088, -73.946758], [40.818172, -73.946791], [40.81826, -73.946803], [40.818348, -73.946791], [40.818432, -73.946758], [40.81851, -73.946703], [40.818578, -73.946629], [40.818633, -73.946539], [40.818675, -73.946437], [40.818701, -73.946326], [40.818708, -73.94622], [40.818737, -73.946289], [40.818792, -73.946379], [40.81886, -73.946453], [40.818938, -73.946508], [40.819022, -73.946541], [40.81911, -73.946553], [40.819198, -73.946541], [40.819282, -73.946508], [40.81936, -73.946453], [40.819428, -73.946379], [40.819483, -73.946289], [40.819525, -73.946187], [40.819551, -73.946076], [40.819559, -73.94596], [40.819551, -73.945844], [40.819525, -73.945733], [40.819483, -73.945631], [40.819428, -73.945541], [40.81936, -73.945467], [40.819282, -73.945412], [40.819198, -73.945379], [40.81911, -73.945367], [40.819022, -73.945379], [40.818938, -73.945412], [40.81886, -73.945467], [40.818792, -73.945541], [40.818737, -73.945631], [40.818695, -73.945733], [40.818669, -73.945844], [40.818662, -73.94595], [40.818633, -73.945881], [40.818594, -73.945818], [40.818575, -73.945733], [40.818533, -73.945631], [40.818478, -73.945541], [40.81841, -73.945467], [40.818332, -73.945412], [40.818248, -73.945379], [40.81816, -73.945367], [40.818072, -73.945379], [40.817988, -73.945412], [40.81791, -73.945467], [40.817842, -73.945541], [40.817787, -73.945631], [40.817745, -73.945733], [40.817719, -73.945844], [40.817711, -73.94596], [40.817719, -73.946076], [40.817745, -73.946187]]"
1ff2729c-7408-4462-b219-8c873a175904,Review Warning Zone 373,40.81817,-73.94474,0.05,"[[40.817755, -73.944967], [40.817797, -73.945069], [40.817852, -73.945159], [40.81792, -73.945233], [40.817998, -73.945288], [40.818082, -73.945321], [40.81817, -73.945333], [40.818258, -73.945321], [40.818342, -73.945288], [40.81842, -73.945233], [40.818488, -73.945159], [40.818543, -73.945069], [40.818585, -73.944967], [40.818611, -73.944856], [40.818619, -73.94474], [40.818611, -73.944624], [40.818585, -73.944513], [40.818543, -73.944411], [40.818488, -73.944321], [40.81842, -73.944247], [40.818342, -73.944192], [40.818258, -73.944159], [40.81817, -73.944147], [40.818082, -73.944159], [40.817998, -73.944192], [40.81792, -73.944247], [40.817852, -73.944321], [40.817797, -73.944411], [40.817755, -73.944513], [40.817729, -73.944624], [40.817721, -73.94474], [40.817729, -73.944856]]"
9fbb56e5-b281-4193-a49e-5eb3cd90af65,Review Warning Zone 374,40.82132,-73.94611,0.05,"[[40.820905, -73.946337], [40.820947, -73.946439], [40.821002, -73.946529], [40.82107, -73.946603], [40.821148, -73.946658], [40.821232, -73.946691], [40.82132, -73.946703], [40.821408, -73.946691], [40.821492, -73.946658], [40.82157, -73.946603], [40.821638, -73.946529], [40.821693, -73.946439], [40.821735, -73.946337], [40.821761, -73.946226], [40.821769, -73.94611], [40.821761, -73.945994], [40.821735, -73.945883], [40.821693, -73.945781], [40.821638, -73.945691], [40.82157, -73.945617], [40.821492, -73.945562], [40.821408, -73.945529], [40.82132, -73.945517], [40.821232, -73.945529], [40.821148, -73.945562], [40.82107, -73.945617], [40.821002, -73.945691], [40.820947, -73.945781], [40.820905, -73.945883], [40.820879, -73.945994], [40.820871, -73.94611], [40.820879, -73.946226]]"
c514a4ac-5138-4ec1-8205-c5f0514df48a,Review Warning Zone 375,40.8221,-73.94467,0.05,"[[40.821727, -73.944999], [40.821782, -73.945089], [40.82185, -73.945163], [40.821928, -73.945218], [40.822012, -73.945251], [40.8221, -73.945263], [40.822188, -73.945251], [40.822272, -73.945218], [40.82235, -73.945163], [40.822418, -73.945089], [40.822473, -73.944999], [40.822515, -73.944897], [40.822541, -73.944786], [40.822549, -73.94467], [40.822541, -73.944554], [40.822515, -73.944443], [40.822473, -73.944341], [40.822418, -73.944251], [40.82235, -73.944177], [40.822272, -73.944122], [40.822188, -73.944089], [40.8221, -73.944077], [40.822012, -73.944089], [40.821928, -73.944122], [40.82185, -73.944177], [40.821782, -73.944251], [40.821727, -73.944341], [40.821685, -73.944443], [40.821659, -73.944554], [40.821651, -73.94467], [40.821659, -73.944786], [40.821685, -73.944897]]"
ea4414b8-ecca-4a59-9b60-84fdf62165e0,Review Warning Zone 376,40.82236,-73.9478,0.05,"[[40.821987, -73.948129], [40.822042, -73.948219], [40.82211, -73.948293], [40.822188, -73.948348], [40.822272, -73.948381], [40.82236, -73.948393], [40.822448, -73.948381], [40.822532, -73.948348], [40.82261, -73.948293], [40.822678, -73.948219], [40.822733, -73.948129], [40.822775, -73.948027], [40.822801, -73.947916], [40.822809, -73.9478], [40.822801, -73.947684], [40.822775, -73.947573], [40.822733, -73.947471], [40.822678, -73.947381], [40.82261, -73.947307], [40.822532, -73.947252], [40.822448, -73.947219], [40.82236, -73.947207], [40.822272, -73.947219], [40.822188, -73.947252], [40.82211, -73.947307], [40.822042, -73.947381], [40.821987, -73.947471], [40.821945, -73.947573], [40.821919, -73.947684], [40.821911, -73.9478], [40.821919, -73.947916], [40.821945, -73.948027]]"
912c8c79-f1d7-421e-b07a-2cd2a8e541cf,Review Warning Zone 377,40.82281,-73.94636,0.05,"[[40.822395, -73.946587], [40.822437, -73.946689], [40.822492, -73.946779], [40.82256, -73.946853], [40.822638, -73.946908], [40.822722, -73.946941], [40.82281, -73.946953], [40.822898, -73.946941], [40.822982, -73.946908], [40.82306, -73.946853], [40.823128, -73.946779], [40.823183, -73.946689], [40.823225, -73.946587], [40.823251, -73.946476], [40.823259, -73.94636], [40.823251, -73.946244], [40.823225, -73.946133], [40.823183, -73.946031], [40.823128, -73.945941], [40.82306, -73.945867], [40.822982, -73.945812], [40.822898, -73.945779], [40.82281, -73.945767], [40.822722, -73.945779], [40.822638, -73.945812], [40.82256, -73.945867], [40.822492, -73.945941], [40.822437, -73.946031], [40.822395, -73.946133], [40.822369, -73.946244], [40.822361, -73.94636], [40.822369, -73.946476]]"
5a79999c-6ffd-4731-b2ac-65fe9629d038,Review Warning Zone 378,40.823802,-73.944494,0.141,"[[40.823215, -73.945777], [40.823257, -73.945879], [40.823312, -73.945969], [40.82338, -73.946043], [40.823458, -73.946098], [40.823542, -73.946131], [40.82363, -73.946143], [40.823718, -73.946131], [40.823802, -73.946098], [40.82388, -73.946043], [40.823948, -73.945969], [40.824003, -73.945879], [40.824045, -73.945777], [40.824071, -73.945666], [40.824079, -73.94555], [40.824071, -73.945434], [40.824045, -73.945323], [40.824003, -73.945221], [40.823948, -73.945131], [40.82388, -73.945057], [40.823838, -73.945028], [40.823888, -73.945021], [40.823972, -73.944988], [40.82405, -73.944933], [40.824118, -73.944859], [40.824173, -73.944769], [40.824215, -73.944667], [40.824241, -73.944556], [40.824249, -73.94444], [40.824241, -73.944324], [40.824215, -73.944213], [40.824173, -73.944111], [40.824118, -73.944021], [40.824152, -73.944008], [40.82423, -73.943953], [40.824298, -73.943879], [40.824353, -73.943789], [40.824395, -73.943687], [40.824421, -73.943576], [40.824429, -73.94346], [40.824421, -73.943344], [40.824395, -73.943233], [40.824353, -73.943131], [40.824298, -73.943041], [40.82423, -73.942967], [40.824152, -73.942912], [40.824068, -73.942879], [40.82398, -73.942867], [40.823892, -73.942879], [40.823808, -73.942912], [40.82373, -73.942967], [40.823662, -73.943041], [40.823607, -73.943131], [40.823565, -73.943233], [40.823539, -73.943344], [40.823531, -73.94346], [40.823539, -73.943576], [40.823565, -73.943687], [40.823607, -73.943789], [40.823662, -73.943879], [40.823628, -73.943892], [40.82355, -73.943947], [40.823482, -73.944021], [40.823427, -73.944111], [40.823385, -73.944213], [40.823359, -73.944324], [40.823351, -73.94444], [40.823359, -73.944556], [40.823385, -73.944667], [40.823427, -73.944769], [40.823482, -73.944859], [40.82355, -73.944933], [40.823592, -73.944962], [40.823542, -73.944969], [40.823458, -73.945002], [40.82338, -73.945057], [40.823312, -73.945131], [40.823257, -73.945221], [40.823215, -73.945323], [40.823189, -73.945434], [40.823181, -73.94555], [40.823189, -73.945666]]"
b39cf1c4-0391-4e43-88d3-d3425de77ed9,Review Warning Zone 379,40.82491,-73.94555,0.05,"[[40.824537, -73.945879], [40.824592, -73.945969], [40.82466, -73.946043], [40.824738, -73.946098], [40.824822, -73.946131], [40.82491, -73.946143], [40.824998, -73.946131], [40.825082, -73.946098], [40.82516, -73.946043], [40.825228, -73.945969], [40.825283, -73.945879], [40.825325, -73.945777], [40.825351, -73.945666], [40.825359, -73.94555], [40.825351, -73.945434], [40.825325, -73.945323], [40.825283, -73.945221], [40.825228, -73.945131], [40.82516, -73.945057], [40.825082, -73.945002], [40.824998, -73.944969], [40.82491, -73.944957], [40.824822, -73.944969], [40.824738, -73.945002], [40.82466, -73.945057], [40.824592, -73.945131], [40.824537, -73.945221], [40.824495, -73.945323], [40.824469, -73.945434], [40.824461, -73.94555], [40.824469, -73.945666], [40.824495, -73.945777]]"
89f215bb-cc0e-4c5f-894a-150ede3eab5d,Review Warning Zone 380,40.8309,-73.94372,0.05,"[[40.830527, -73.944049], [40.830582, -73.944139], [40.83065, -73.944213], [40.830728, -73.944268], [40.830812, -73.944301], [40.8309, -73.944313], [40.830988, -73.944301], [40.831072, -73.944268], [40.83115, -73.944213], [40.831218, -73.944139], [40.831273, -73.944049], [40.831315, -73.943947], [40.831341, -73.943836], [40.831349, -73.94372], [40.831341, -73.943604], [40.831315, -73.943493], [40.831273, -73.943391], [40.831218, -73.943301], [40.83115, -73.943227], [40.831072, -73.943172], [40.830988, -73.943139], [40.8309, -73.943127], [40.830812, -73.943139], [40.830728, -73.943172], [40.83065, -73.943227], [40.830582, -73.943301], [40.830527, -73.943391], [40.830485, -73.943493], [40.830459, -73.943604], [40.830451, -73.94372], [40.830459, -73.943836], [40.830485, -73.943947]]"
98c7fcea-68ec-4079-abee-888d1a651a6c,Review Warning Zone 381,40.834681,-73.944124,0.169,"[[40.833337, -73.944699], [40.833392, -73.944789], [40.83346, -73.944863], [40.833538, -73.944918], [40.833622, -73.944951], [40.83371, -73.944963], [40.833798, -73.944951], [40.833882, -73.944918], [40.833954, -73.944867], [40.833959, -73.944936], [40.833985, -73.945047], [40.834027, -73.945149], [40.834082, -73.945239], [40.83415, -73.945313], [40.834228, -73.945368], [40.834312, -73.945401], [40.8344, -73.945413], [40.834488, -73.945401], [40.834572, -73.945368], [40.83465, -73.945313], [40.834718, -73.945239], [40.834773, -73.945149], [40.834815, -73.945047], [40.834841, -73.944936], [40.834849, -73.94482], [40.834841, -73.944704], [40.834815, -73.944593], [40.834782, -73.944512], [40.83479, -73.944513], [40.834878, -73.944501], [40.834962, -73.944468], [40.83504, -73.944413], [40.835108, -73.944339], [40.835162, -73.944251], [40.835212, -73.944271], [40.8353, -73.944283], [40.835388, -73.944271], [40.835472, -73.944238], [40.83555, -73.944183], [40.835618, -73.944109], [40.835618, -73.944109], [40.83565, -73.944113], [40.835738, -73.944101], [40.835822, -73.944068], [40.8359, -73.944013], [40.835968, -73.943939], [40.836023, -73.943849], [40.836065, -73.943747], [40.836091, -73.943636], [40.836099, -73.94352], [40.836091, -73.943404], [40.836065, -73.943293], [40.836023, -73.943191], [40.835968, -73.943101], [40.8359, -73.943027], [40.835822, -73.942972], [40.835738, -73.942939], [40.83565, -73.942927], [40.835562, -73.942939], [40.835478, -73.942972], [40.8354, -73.943027], [40.835332, -73.943101], [40.835332, -73.943101], [40.8353, -73.943097], [40.835212, -73.943109], [40.835128, -73.943142], [40.83505, -73.943197], [40.834982, -73.943271], [40.834928, -73.943359], [40.834878, -73.943339], [40.83479, -73.943327], [40.834702, -73.943339], [40.834618, -73.943372], [40.83454, -73.943427], [40.834472, -73.943501], [40.834417, -73.943591], [40.834375, -73.943693], [40.834349, -73.943804], [40.834341, -73.94392], [40.834349, -73.944036], [40.834375, -73.944147], [40.834408, -73.944228], [40.8344, -73.944227], [40.834312, -73.944239], [40.834228, -73.944272], [40.834156, -73.944323], [40.834151, -73.944254], [40.834125, -73.944143], [40.834083, -73.944041], [40.834028, -73.943951], [40.83396, -73.943877], [40.833882, -73.943822], [40.833798, -73.943789], [40.83371, -73.943777], [40.833622, -73.943789], [40.833538, -73.943822], [40.83346, -73.943877], [40.833392, -73.943951], [40.833337, -73.944041], [40.833295, -73.944143], [40.833269, -73.944254], [40.833261, -73.94437], [40.833269, -73.944486], [40.833295, -73.944597]]"
a83f1e8c-5bdc-4449-96f3-5432ad5643a6,Review Warning Zone 382,40.83897,-73.94374,0.05,"[[40.838597, -73.944069], [40.838652, -73.944159], [40.83872, -73.944233], [40.838798, -73.944288], [40.838882, -73.944321], [40.83897, -73.944333], [40.839058, -73.944321], [40.839142, -73.944288], [40.83922, -73.944233], [40.839288, -73.944159], [40.839343, -73.944069], [40.839385, -73.943967], [40.839411, -73.943856], [40.839419, -73.94374], [40.839411, -73.943624], [40.839385, -73.943513], [40.839343, -73.943411], [40.839288, -73.943321], [40.83922, -73.943247], [40.839142, -73.943192], [40.839058, -73.943159], [40.83897, -73.943147], [40.838882, -73.943159], [40.838798, -73.943192], [40.83872, -73.943247], [40.838652, -73.943321], [40.838597, -73.943411], [40.838555, -73.943513], [40.838529, -73.943624], [40.838521, -73.94374], [40.838529, -73.943856], [40.838555, -73.943967]]"
114bc538-0847-4bf4-baac-a88a1e7e945f,Review Warning Zone 383,40.641151,-73.939087,0.05,"[[40.640736, -73.939314], [40.640778, -73.939416], [40.640834, -73.939506], [40.640902, -73.93958], [40.640979, -73.939635], [40.641064, -73.939668], [40.641151, -73.93968], [40.641239, -73.939668], [40.641323, -73.939635], [40.641401, -73.93958], [40.641469, -73.939506], [40.641525, -73.939416], [40.641566, -73.939314], [40.641592, -73.939203], [40.6416, -73.939087], [40.641592, -73.938971], [40.641566, -73.93886], [40.641525, -73.938758], [40.641469, -73.938668], [40.641401, -73.938594], [40.641323, -73.938539], [40.641239, -73.938506], [40.641151, -73.938494], [40.641064, -73.938506], [40.640979, -73.938539], [40.640902, -73.938594], [40.640834, -73.938668], [40.640778, -73.938758], [40.640736, -73.93886], [40.640711, -73.938971], [40.640702, -73.939087], [40.640711, -73.939203]]"
807ee2e7-1eb3-4372-a29f-e72c2f3298dd,Review Warning Zone 384,40.64221,-73.93982,0.05,"[[40.641795, -73.940047], [40.641837, -73.940149], [40.641892, -73.940239], [40.64196, -73.940313], [40.642038, -73.940368], [40.642122, -73.940401], [40.64221, -73.940413], [40.642298, -73.940401], [40.642382, -73.940368], [40.64246, -73.940313], [40.642528, -73.940239], [40.642583, -73.940149], [40.642625, -73.940047], [40.642651, -73.939936], [40.642659, -73.93982], [40.642651, -73.939704], [40.642625, -73.939593], [40.642583, -73.939491], [40.642528, -73.939401], [40.64246, -73.939327], [40.642382, -73.939272], [40.642298, -73.939239], [40.64221, -73.939227], [40.642122, -73.939239], [40.642038, -73.939272], [40.64196, -73.939327], [40.641892, -73.939401], [40.641837, -73.939491], [40.641795, -73.939593], [40.641769, -73.939704], [40.641761, -73.93982], [40.641769, -73.939936]]"
67fb89d3-d031-4c7d-823d-9bbfb0d9df8e,Review Warning Zone 385,40.64901,-73.94107,0.05,"[[40.648595, -73.941297], [40.648637, -73.941399], [40.648692, -73.941489], [40.64876, -73.941563], [40.648838, -73.941618], [40.648922, -73.941651], [40.64901, -73.941663], [40.649098, -73.941651], [40.649182, -73.941618], [40.64926, -73.941563], [40.649328, -73.941489], [40.649383, -73.941399], [40.649425, -73.941297], [40.649451, -73.941186], [40.649459, -73.94107], [40.649451, -73.940954], [40.649425, -73.940843], [40.649383, -73.940741], [40.649328, -73.940651], [40.64926, -73.940577], [40.649182, -73.940522], [40.649098, -73.940489], [40.64901, -73.940477], [40.648922, -73.940489], [40.648838, -73.940522], [40.64876, -73.940577], [40.648692, -73.940651], [40.648637, -73.940741], [40.648595, -73.940843], [40.648569, -73.940954], [40.648561, -73.94107], [40.648569, -73.941186]]"
3b8b4936-5a6b-45f2-bf36-c7bfd50ee53a,Review Warning Zone 386,40.64921,-73.94229,0.05,"[[40.648837, -73.942619], [40.648892, -73.942709], [40.64896, -73.942783], [40.649038, -73.942838], [40.649122, -73.942871], [40.64921, -73.942883], [40.649298, -73.942871], [40.649382, -73.942838], [40.64946, -73.942783], [40.649528, -73.942709], [40.649583, -73.942619], [40.649625, -73.942517], [40.649651, -73.942406], [40.649659, -73.94229], [40.649651, -73.942174], [40.649625, -73.942063], [40.649583, -73.941961], [40.649528, -73.941871], [40.64946, -73.941797], [40.649382, -73.941742], [40.649298, -73.941709], [40.64921, -73.941697], [40.649122, -73.941709], [40.649038, -73.941742], [40.64896, -73.941797], [40.648892, -73.941871], [40.648837, -73.941961], [40.648795, -73.942063], [40.648769, -73.942174], [40.648761, -73.94229], [40.648769, -73.942406], [40.648795, -73.942517]]"
1c1e021b-f32a-454f-95e2-0a559516c8e2,Review Warning Zone 387,40.65245,-73.94206,0.05,"[[40.652077, -73.942389], [40.652132, -73.942479], [40.6522, -73.942553], [40.652278, -73.942608], [40.652362, -73.942641], [40.65245, -73.942653], [40.652538, -73.942641], [40.652622, -73.942608], [40.6527, -73.942553], [40.652768, -73.942479], [40.652823, -73.942389], [40.652865, -73.942287], [40.652891, -73.942176], [40.652899, -73.94206], [40.652891, -73.941944], [40.652865, -73.941833], [40.652823, -73.941731], [40.652768, -73.941641], [40.6527, -73.941567], [40.652622, -73.941512], [40.652538, -73.941479], [40.65245, -73.941467], [40.652362, -73.941479], [40.652278, -73.941512], [40.6522, -73.941567], [40.652132, -73.941641], [40.652077, -73.941731], [40.652035, -73.941833], [40.652009, -73.941944], [40.652001, -73.94206], [40.652009, -73.942176], [40.652035, -73.942287]]"
815b0828-4394-460e-acc6-c4d5802f4249,Review Warning Zone 388,40.65328,-73.93951,0.05,"[[40.652865, -73.939737], [40.652907, -73.939839], [40.652962, -73.939929], [40.65303, -73.940003], [40.653108, -73.940058], [40.653192, -73.940091], [40.65328, -73.940103], [40.653368, -73.940091], [40.653452, -73.940058], [40.65353, -73.940003], [40.653598, -73.939929], [40.653653, -73.939839], [40.653695, -73.939737], [40.653721, -73.939626], [40.653729, -73.93951], [40.653721, -73.939394], [40.653695, -73.939283], [40.653653, -73.939181], [40.653598, -73.939091], [40.65353, -73.939017], [40.653452, -73.938962], [40.653368, -73.938929], [40.65328, -73.938917], [40.653192, -73.938929], [40.653108, -73.938962], [40.65303, -73.939017], [40.652962, -73.939091], [40.652907, -73.939181], [40.652865, -73.939283], [40.652839, -73.939394], [40.652831, -73.93951], [40.652839, -73.939626]]"
3903b965-a3e9-4cfb-bcaf-f35000794c4b,Review Warning Zone 389,40.66018,-73.93995,0.05,"[[40.659765, -73.940177], [40.659807, -73.940279], [40.659862, -73.940369], [40.65993, -73.940443], [40.660008, -73.940498], [40.660092, -73.940531], [40.66018, -73.940543], [40.660268, -73.940531], [40.660352, -73.940498], [40.66043, -73.940443], [40.660498, -73.940369], [40.660553, -73.940279], [40.660595, -73.940177], [40.660621, -73.940066], [40.660629, -73.93995], [40.660621, -73.939834], [40.660595, -73.939723], [40.660553, -73.939621], [40.660498, -73.939531], [40.66043, -73.939457], [40.660352, -73.939402], [40.660268, -73.939369], [40.66018, -73.939357], [40.660092, -73.939369], [40.660008, -73.939402], [40.65993, -73.939457], [40.659862, -73.939531], [40.659807, -73.939621], [40.659765, -73.939723], [40.659739, -73.939834], [40.659731, -73.93995], [40.659739, -73.940066]]"
a7780516-3782-4ea0-954a-58b190383dc3,Review Warning Zone 390,40.66177,-73.94156,0.05,"[[40.661355, -73.941787], [40.661397, -73.941889], [40.661452, -73.941979], [40.66152, -73.942053], [40.661598, -73.942108], [40.661682, -73.942141], [40.66177, -73.942153], [40.661858, -73.942141], [40.661942, -73.942108], [40.66202, -73.942053], [40.662088, -73.941979], [40.662143, -73.941889], [40.662185, -73.941787], [40.662211, -73.941676], [40.662219, -73.94156], [40.662211, -73.941444], [40.662185, -73.941333], [40.662143, -73.941231], [40.662088, -73.941141], [40.66202, -73.941067], [40.661942, -73.941012], [40.661858, -73.940979], [40.66177, -73.940967], [40.661682, -73.940979], [40.661598, -73.941012], [40.66152, -73.941067], [40.661452, -73.941141], [40.661397, -73.941231], [40.661355, -73.941333], [40.661329, -73.941444], [40.661321, -73.94156], [40.661329, -73.941676]]"
7c0108b7-2ce5-4fc8-943e-fa9515dbc35f,Review Warning Zone 391,40.67052,-73.94061,0.05,"[[40.670147, -73.940939], [40.670202, -73.941029], [40.67027, -73.941103], [40.670348, -73.941158], [40.670432, -73.941191], [40.67052, -73.941203], [40.670608, -73.941191], [40.670692, -73.941158], [40.67077, -73.941103], [40.670838, -73.941029], [40.670893, -73.940939], [40.670935, -73.940837], [40.670961, -73.940726], [40.670969, -73.94061], [40.670961, -73.940494], [40.670935, -73.940383], [40.670893, -73.940281], [40.670838, -73.940191], [40.67077, -73.940117], [40.670692, -73.940062], [40.670608, -73.940029], [40.67052, -73.940017], [40.670432, -73.940029], [40.670348, -73.940062], [40.67027, -73.940117], [40.670202, -73.940191], [40.670147, -73.940281], [40.670105, -73.940383], [40.670079, -73.940494], [40.670071, -73.94061], [40.670079, -73.940726], [40.670105, -73.940837]]"
c689e321-c7ba-4e65-9e64-4ab706b9c727,Review Warning Zone 392,40.67197,-73.94006,0.05,"[[40.671597, -73.940389], [40.671652, -73.940479], [40.67172, -73.940553], [40.671798, -73.940608], [40.671882, -73.940641], [40.67197, -73.940653], [40.672058, -73.940641], [40.672142, -73.940608], [40.67222, -73.940553], [40.672288, -73.940479], [40.672343, -73.940389], [40.672385, -73.940287], [40.672411, -73.940176], [40.672419, -73.94006], [40.672411, -73.939944], [40.672385, -73.939833], [40.672343, -73.939731], [40.672288, -73.939641], [40.67222, -73.939567], [40.672142, -73.939512], [40.672058, -73.939479], [40.67197, -73.939467], [40.671882, -73.939479], [40.671798, -73.939512], [40.67172, -73.939567], [40.671652, -73.939641], [40.671597, -73.939731], [40.671555, -73.939833], [40.671529, -73.939944], [40.671521, -73.94006], [40.671529, -73.940176], [40.671555, -73.940287]]"
9b26d1b0-68cf-44db-a48d-8126a6c1fc43,Review Warning Zone 393,40.67269,-73.93905,0.05,"[[40.672275, -73.939277], [40.672317, -73.939379], [40.672372, -73.939469], [40.67244, -73.939543], [40.672518, -73.939598], [40.672602, -73.939631], [40.67269, -73.939643], [40.672778, -73.939631], [40.672862, -73.939598], [40.67294, -73.939543], [40.673008, -73.939469], [40.673063, -73.939379], [40.673105, -73.939277], [40.673131, -73.939166], [40.673139, -73.93905], [40.673131, -73.938934], [40.673105, -73.938823], [40.673063, -73.938721], [40.673008, -73.938631], [40.67294, -73.938557], [40.672862, -73.938502], [40.672778, -73.938469], [40.67269, -73.938457], [40.672602, -73.938469], [40.672518, -73.938502], [40.67244, -73.938557], [40.672372, -73.938631], [40.672317, -73.938721], [40.672275, -73.938823], [40.672249, -73.938934], [40.672241, -73.93905], [40.672249, -73.939166]]"
4aa963b5-6b9f-41a7-9c00-ee55c196a298,Review Warning Zone 394,40.67403,-73.94139,0.05,"[[40.673615, -73.941617], [40.673657, -73.941719], [40.673712, -73.941809], [40.67378, -73.941883], [40.673858, -73.941938], [40.673942, -73.941971], [40.67403, -73.941983], [40.674118, -73.941971], [40.674202, -73.941938], [40.67428, -73.941883], [40.674348, -73.941809], [40.674403, -73.941719], [40.674445, -73.941617], [40.674471, -73.941506], [40.674479, -73.94139], [40.674471, -73.941274], [40.674445, -73.941163], [40.674403, -73.941061], [40.674348, -73.940971], [40.67428, -73.940897], [40.674202, -73.940842], [40.674118, -73.940809], [40.67403, -73.940797], [40.673942, -73.940809], [40.673858, -73.940842], [40.67378, -73.940897], [40.673712, -73.940971], [40.673657, -73.941061], [40.673615, -73.941163], [40.673589, -73.941274], [40.673581, -73.94139], [40.673589, -73.941506]]"
f499b65d-b126-490f-baf4-461247d01bfc,Review Warning Zone 395,40.67582,-73.94316,0.05,"[[40.675405, -73.943387], [40.675447, -73.943489], [40.675502, -73.943579], [40.67557, -73.943653], [40.675648, -73.943708], [40.675732, -73.943741], [40.67582, -73.943753], [40.675908, -73.943741], [40.675992, -73.943708], [40.67607, -73.943653], [40.676138, -73.943579], [40.676193, -73.943489], [40.676235, -73.943387], [40.676261, -73.943276], [40.676269, -73.94316], [40.676261, -73.943044], [40.676235, -73.942933], [40.676193, -73.942831], [40.676138, -73.942741], [40.67607, -73.942667], [40.675992, -73.942612], [40.675908, -73.942579], [40.67582, -73.942567], [40.675732, -73.942579], [40.675648, -73.942612], [40.67557, -73.942667], [40.675502, -73.942741], [40.675447, -73.942831], [40.675405, -73.942933], [40.675379, -73.943044], [40.675371, -73.94316], [40.675379, -73.943276]]"
ca1785bb-aadb-47d7-aa61-51a8ad856980,Review Warning Zone 396,40.67914,-73.94102,0.095,"[[40.678487, -73.940959], [40.678542, -73.941049], [40.67861, -73.941123], [40.678688, -73.941178], [40.678772, -73.941211], [40.67886, -73.941223], [40.678948, -73.941211], [40.679004, -73.941189], [40.678979, -73.941294], [40.678971, -73.94141], [40.678979, -73.941526], [40.679005, -73.941637], [40.679047, -73.941739], [40.679102, -73.941829], [40.67917, -73.941903], [40.679248, -73.941958], [40.679332, -73.941991], [40.67942, -73.942003], [40.679508, -73.941991], [40.679592, -73.941958], [40.67967, -73.941903], [40.679738, -73.941829], [40.679793, -73.941739], [40.679835, -73.941637], [40.679861, -73.941526], [40.679869, -73.94141], [40.679861, -73.941294], [40.679835, -73.941183], [40.679793, -73.941081], [40.679738, -73.940991], [40.67967, -73.940917], [40.679592, -73.940862], [40.679508, -73.940829], [40.67942, -73.940817], [40.679332, -73.940829], [40.679276, -73.940851], [40.679301, -73.940746], [40.679309, -73.94063], [40.679301, -73.940514], [40.679275, -73.940403], [40.679233, -73.940301], [40.679178, -73.940211], [40.67911, -73.940137], [40.679032, -73.940082], [40.678948, -73.940049], [40.67886, -73.940037], [40.678772, -73.940049], [40.678688, -73.940082], [40.67861, -73.940137], [40.678542, -73.940211], [40.678487, -73.940301], [40.678445, -73.940403], [40.678419, -73.940514], [40.678411, -73.94063], [40.678419, -73.940746], [40.678445, -73.940857]]"
c91c61aa-a1ab-4b1f-a45d-b2eb355b0fa3,Review Warning Zone 397,40.68084,-73.941,0.085,"[[40.680402, -73.941799], [40.68047, -73.941873], [40.680548, -73.941928], [40.680632, -73.941961], [40.68072, -73.941973], [40.680808, -73.941961], [40.680892, -73.941928], [40.68097, -73.941873], [40.681038, -73.941799], [40.681093, -73.941709], [40.681135, -73.941607], [40.681161, -73.941496], [40.681169, -73.94138], [40.681161, -73.941264], [40.681137, -73.941164], [40.68121, -73.941113], [40.681278, -73.941039], [40.681333, -73.940949], [40.681375, -73.940847], [40.681401, -73.940736], [40.681409, -73.94062], [40.681401, -73.940504], [40.681375, -73.940393], [40.681333, -73.940291], [40.681278, -73.940201], [40.68121, -73.940127], [40.681132, -73.940072], [40.681048, -73.940039], [40.68096, -73.940027], [40.680872, -73.940039], [40.680788, -73.940072], [40.68071, -73.940127], [40.680642, -73.940201], [40.680587, -73.940291], [40.680545, -73.940393], [40.680519, -73.940504], [40.680511, -73.94062], [40.680519, -73.940736], [40.680543, -73.940836], [40.68047, -73.940887], [40.680402, -73.940961], [40.680347, -73.941051], [40.680305, -73.941153], [40.680279, -73.941264], [40.680271, -73.94138], [40.680279, -73.941496], [40.680305, -73.941607], [40.680347, -73.941709]]"
9366aa55-1f8f-4568-abe5-912302a965fc,Review Warning Zone 398,40.68397,-73.93911,0.05,"[[40.683555, -73.939337], [40.683597, -73.939439], [40.683652, -73.939529], [40.68372, -73.939603], [40.683798, -73.939658], [40.683882, -73.939691], [40.68397, -73.939703], [40.684058, -73.939691], [40.684142, -73.939658], [40.68422, -73.939603], [40.684288, -73.939529], [40.684343, -73.939439], [40.684385, -73.939337], [40.684411, -73.939226], [40.684419, -73.93911], [40.684411, -73.938994], [40.684385, -73.938883], [40.684343, -73.938781], [40.684288, -73.938691], [40.68422, -73.938617], [40.684142, -73.938562], [40.684058, -73.938529], [40.68397, -73.938517], [40.683882, -73.938529], [40.683798, -73.938562], [40.68372, -73.938617], [40.683652, -73.938691], [40.683597, -73.938781], [40.683555, -73.938883], [40.683529, -73.938994], [40.683521, -73.93911], [40.683529, -73.939226]]"
d2df57d4-1a12-4781-9d3c-44c2383849a7,Review Warning Zone 399,40.68707,-73.94184,0.094,"[[40.686317, -73.942309], [40.686372, -73.942399], [40.68644, -73.942473], [40.686518, -73.942528], [40.686602, -73.942561], [40.68669, -73.942573], [40.686778, -73.942561], [40.686862, -73.942528], [40.68694, -73.942473], [40.687008, -73.942399], [40.687063, -73.942309], [40.687105, -73.942207], [40.687127, -73.942111], [40.687132, -73.942119], [40.6872, -73.942193], [40.687278, -73.942248], [40.687362, -73.942281], [40.68745, -73.942293], [40.687538, -73.942281], [40.687622, -73.942248], [40.6877, -73.942193], [40.687768, -73.942119], [40.687823, -73.942029], [40.687865, -73.941927], [40.687891, -73.941816], [40.687899, -73.9417], [40.687891, -73.941584], [40.687865, -73.941473], [40.687823, -73.941371], [40.687768, -73.941281], [40.6877, -73.941207], [40.687622, -73.941152], [40.687538, -73.941119], [40.68745, -73.941107], [40.687362, -73.941119], [40.687278, -73.941152], [40.6872, -73.941207], [40.687132, -73.941281], [40.687077, -73.941371], [40.687035, -73.941473], [40.687013, -73.941569], [40.687008, -73.941561], [40.68694, -73.941487], [40.686862, -73.941432], [40.686778, -73.941399], [40.68669, -73.941387], [40.686602, -73.941399], [40.686518, -73.941432], [40.68644, -73.941487], [40.686372, -73.941561], [40.686317, -73.941651], [40.686275, -73.941753], [40.686249, -73.941864], [40.686241, -73.94198], [40.686249, -73.942096], [40.686275, -73.942207]]"
da6df645-ff24-4a85-940d-ba03725dd0c0,Review Warning Zone 400,40.68696,-73.94028,0.05,"[[40.686587, -73.940609], [40.686642, -73.940699], [40.68671, -73.940773], [40.686788, -73.940828], [40.686872, -73.940861], [40.68696, -73.940873], [40.687048, -73.940861], [40.687132, -73.940828], [40.68721, -73.940773], [40.687278, -73.940699], [40.687333, -73.940609], [40.687375, -73.940507], [40.687401, -73.940396], [40.687409, -73.94028], [40.687401, -73.940164], [40.687375, -73.940053], [40.687333, -73.939951], [40.687278, -73.939861], [40.68721, -73.939787], [40.687132, -73.939732], [40.687048, -73.939699], [40.68696, -73.939687], [40.686872, -73.939699], [40.686788, -73.939732], [40.68671, -73.939787], [40.686642, -73.939861], [40.686587, -73.939951], [40.686545, -73.940053], [40.686519, -73.940164], [40.686511, -73.94028], [40.686519, -73.940396], [40.686545, -73.940507]]"
d31835a5-99b5-4aa0-a9c3-f148a7e7b2dc,Review Warning Zone 401,40.68849,-73.94224,0.05,"[[40.688117, -73.942569], [40.688172, -73.942659], [40.68824, -73.942733], [40.688318, -73.942788], [40.688402, -73.942821], [40.68849, -73.942833], [40.688578, -73.942821], [40.688662, -73.942788], [40.68874, -73.942733], [40.688808, -73.942659], [40.688863, -73.942569], [40.688905, -73.942467], [40.688931, -73.942356], [40.688939, -73.94224], [40.688931, -73.942124], [40.688905, -73.942013], [40.688863, -73.941911], [40.688808, -73.941821], [40.68874, -73.941747], [40.688662, -73.941692], [40.688578, -73.941659], [40.68849, -73.941647], [40.688402, -73.941659], [40.688318, -73.941692], [40.68824, -73.941747], [40.688172, -73.941821], [40.688117, -73.941911], [40.688075, -73.942013], [40.688049, -73.942124], [40.688041, -73.94224], [40.688049, -73.942356], [40.688075, -73.942467]]"
caa8bd95-f108-49ee-8820-ab04a30c98a5,Review Warning Zone 402,40.68942,-73.93897,0.05,"[[40.689047, -73.939299], [40.689102, -73.939389], [40.68917, -73.939463], [40.689248, -73.939518], [40.689332, -73.939551], [40.68942, -73.939563], [40.689508, -73.939551], [40.689592, -73.939518], [40.68967, -73.939463], [40.689738, -73.939389], [40.689793, -73.939299], [40.689835, -73.939197], [40.689861, -73.939086], [40.689869, -73.93897], [40.689861, -73.938854], [40.689835, -73.938743], [40.689793, -73.938641], [40.689738, -73.938551], [40.68967, -73.938477], [40.689592, -73.938422], [40.689508, -73.938389], [40.68942, -73.938377], [40.689332, -73.938389], [40.689248, -73.938422], [40.68917, -73.938477], [40.689102, -73.938551], [40.689047, -73.938641], [40.689005, -73.938743], [40.688979, -73.938854], [40.688971, -73.93897], [40.688979, -73.939086], [40.689005, -73.939197]]"
817b4c21-5b05-4bb2-bcc3-bcad557fa91e,Review Warning Zone 403,40.69097,-73.940675,0.077,"[[40.690315, -73.940947], [40.690357, -73.941049], [40.690412, -73.941139], [40.69048, -73.941213], [40.690558, -73.941268], [40.690642, -73.941301], [40.69073, -73.941313], [40.690818, -73.941301], [40.690902, -73.941268], [40.69098, -73.941213], [40.691022, -73.941166], [40.691038, -73.941178], [40.691122, -73.941211], [40.69121, -73.941223], [40.691298, -73.941211], [40.691382, -73.941178], [40.69146, -73.941123], [40.691528, -73.941049], [40.691583, -73.940959], [40.691625, -73.940857], [40.691651, -73.940746], [40.691659, -73.94063], [40.691651, -73.940514], [40.691625, -73.940403], [40.691583, -73.940301], [40.691528, -73.940211], [40.69146, -73.940137], [40.691382, -73.940082], [40.691298, -73.940049], [40.69121, -73.940037], [40.691122, -73.940049], [40.691038, -73.940082], [40.69096, -73.940137], [40.690918, -73.940184], [40.690902, -73.940172], [40.690818, -73.940139], [40.69073, -73.940127], [40.690642, -73.940139], [40.690558, -73.940172], [40.69048, -73.940227], [40.690412, -73.940301], [40.690357, -73.940391], [40.690315, -73.940493], [40.690289, -73.940604], [40.690281, -73.94072], [40.690289, -73.940836]]"
dc219615-a956-404d-a8bf-2228b6783fc0,Review Warning Zone 404,40.69115,-73.94256,0.05,"[[40.690777, -73.942889], [40.690832, -73.942979], [40.6909, -73.943053], [40.690978, -73.943108], [40.691062, -73.943141], [40.69115, -73.943153], [40.691238, -73.943141], [40.691322, -73.943108], [40.6914, -73.943053], [40.691468, -73.942979], [40.691523, -73.942889], [40.691565, -73.942787], [40.691591, -73.942676], [40.691599, -73.94256], [40.691591, -73.942444], [40.691565, -73.942333], [40.691523, -73.942231], [40.691468, -73.942141], [40.6914, -73.942067], [40.691322, -73.942012], [40.691238, -73.941979], [40.69115, -73.941967], [40.691062, -73.941979], [40.690978, -73.942012], [40.6909, -73.942067], [40.690832, -73.942141], [40.690777, -73.942231], [40.690735, -73.942333], [40.690709, -73.942444], [40.690701, -73.94256], [40.690709, -73.942676], [40.690735, -73.942787]]"
b09fd75c-ed94-4aa4-8094-2d93aa0a3699,Review Warning Zone 405,40.69256,-73.94071,0.05,"[[40.692145, -73.940937], [40.692187, -73.941039], [40.692242, -73.941129], [40.69231, -73.941203], [40.692388, -73.941258], [40.692472, -73.941291], [40.69256, -73.941303], [40.692648, -73.941291], [40.692732, -73.941258], [40.69281, -73.941203], [40.692878, -73.941129], [40.692933, -73.941039], [40.692975, -73.940937], [40.693001, -73.940826], [40.693009, -73.94071], [40.693001, -73.940594], [40.692975, -73.940483], [40.692933, -73.940381], [40.692878, -73.940291], [40.69281, -73.940217], [40.692732, -73.940162], [40.692648, -73.940129], [40.69256, -73.940117], [40.692472, -73.940129], [40.692388, -73.940162], [40.69231, -73.940217], [40.692242, -73.940291], [40.692187, -73.940381], [40.692145, -73.940483], [40.692119, -73.940594], [40.692111, -73.94071], [40.692119, -73.940826]]"
812b6b96-2694-474a-bd09-cafed2be52da,Review Warning Zone 406,40.69484,-73.94111,0.05,"[[40.694425, -73.941337], [40.694467, -73.941439], [40.694522, -73.941529], [40.69459, -73.941603], [40.694668, -73.941658], [40.694752, -73.941691], [40.69484, -73.941703], [40.694928, -73.941691], [40.695012, -73.941658], [40.69509, -73.941603], [40.695158, -73.941529], [40.695213, -73.941439], [40.695255, -73.941337], [40.695281, -73.941226], [40.695289, -73.94111], [40.695281, -73.940994], [40.695255, -73.940883], [40.695213, -73.940781], [40.695158, -73.940691], [40.69509, -73.940617], [40.695012, -73.940562], [40.694928, -73.940529], [40.69484, -73.940517], [40.694752, -73.940529], [40.694668, -73.940562], [40.69459, -73.940617], [40.694522, -73.940691], [40.694467, -73.940781], [40.694425, -73.940883], [40.694399, -73.940994], [40.694391, -73.94111], [40.694399, -73.941226]]"
ac59c7ab-b746-4dbd-9cc4-d070d0059b46,Review Warning Zone 407,40.69493,-73.94314,0.05,"[[40.694515, -73.943367], [40.694557, -73.943469], [40.694612, -73.943559], [40.69468, -73.943633], [40.694758, -73.943688], [40.694842, -73.943721], [40.69493, -73.943733], [40.695018, -73.943721], [40.695102, -73.943688], [40.69518, -73.943633], [40.695248, -73.943559], [40.695303, -73.943469], [40.695345, -73.943367], [40.695371, -73.943256], [40.695379, -73.94314], [40.695371, -73.943024], [40.695345, -73.942913], [40.695303, -73.942811], [40.695248, -73.942721], [40.69518, -73.942647], [40.695102, -73.942592], [40.695018, -73.942559], [40.69493, -73.942547], [40.694842, -73.942559], [40.694758, -73.942592], [40.69468, -73.942647], [40.694612, -73.942721], [40.694557, -73.942811], [40.694515, -73.942913], [40.694489, -73.943024], [40.694481, -73.94314], [40.694489, -73.943256]]"
fd5b7a25-27d0-4b19-abb0-1b2949d51ada,Review Warning Zone 408,40.695945,-73.94204,0.066,"[[40.69591, -73.942823], [40.695998, -73.942811], [40.696082, -73.942778], [40.69616, -73.942723], [40.696228, -73.942649], [40.696283, -73.942559], [40.696325, -73.942457], [40.696351, -73.942346], [40.696359, -73.94223], [40.696355, -73.942175], [40.696395, -73.942077], [40.696421, -73.941966], [40.696429, -73.94185], [40.696421, -73.941734], [40.696395, -73.941623], [40.696353, -73.941521], [40.696298, -73.941431], [40.69623, -73.941357], [40.696152, -73.941302], [40.696068, -73.941269], [40.69598, -73.941257], [40.695892, -73.941269], [40.695808, -73.941302], [40.69573, -73.941357], [40.695662, -73.941431], [40.695607, -73.941521], [40.695565, -73.941623], [40.695539, -73.941734], [40.695531, -73.94185], [40.695535, -73.941905], [40.695495, -73.942003], [40.695469, -73.942114], [40.695461, -73.94223], [40.695469, -73.942346], [40.695495, -73.942457], [40.695537, -73.942559], [40.695592, -73.942649], [40.69566, -73.942723], [40.695738, -73.942778], [40.695822, -73.942811]]"
97ca1968-24c2-4427-a559-a7b415aee5b6,Review Warning Zone 409,40.69816,-73.94067,0.05,"[[40.697745, -73.940897], [40.697787, -73.940999], [40.697842, -73.941089], [40.69791, -73.941163], [40.697988, -73.941218], [40.698072, -73.941251], [40.69816, -73.941263], [40.698248, -73.941251], [40.698332, -73.941218], [40.69841, -73.941163], [40.698478, -73.941089], [40.698533, -73.940999], [40.698575, -73.940897], [40.698601, -73.940786], [40.698609, -73.94067], [40.698601, -73.940554], [40.698575, -73.940443], [40.698533, -73.940341], [40.698478, -73.940251], [40.69841, -73.940177], [40.698332, -73.940122], [40.698248, -73.940089], [40.69816, -73.940077], [40.698072, -73.940089], [40.697988, -73.940122], [40.69791, -73.940177], [40.697842, -73.940251], [40.697787, -73.940341], [40.697745, -73.940443], [40.697719, -73.940554], [40.697711, -73.94067], [40.697719, -73.940786]]"
cf27192b-7ee1-49f7-a950-49ddaf6bbb67,Review Warning Zone 410,40.698991,-73.938202,0.149,"[[40.698675, -73.939597], [40.698717, -73.939699], [40.698772, -73.939789], [40.69884, -73.939863], [40.698918, -73.939918], [40.699002, -73.939951], [40.69909, -73.939963], [40.699178, -73.939951], [40.699262, -73.939918], [40.69934, -73.939863], [40.699408, -73.939789], [40.699463, -73.939699], [40.699505, -73.939597], [40.699531, -73.939486], [40.699539, -73.93937], [40.699531, -73.939254], [40.699505, -73.939143], [40.699463, -73.939041], [40.699408, -73.938951], [40.699347, -73.938885], [40.699341, -73.938804], [40.699315, -73.938693], [40.699282, -73.938611], [40.699313, -73.938559], [40.699355, -73.938457], [40.699381, -73.938346], [40.699389, -73.93823], [40.699381, -73.938114], [40.699355, -73.938003], [40.699313, -73.937901], [40.699258, -73.937811], [40.699242, -73.937794], [40.699249, -73.9377], [40.699245, -73.937639], [40.699322, -73.937608], [40.6994, -73.937553], [40.699468, -73.937479], [40.699523, -73.937389], [40.699565, -73.937287], [40.699591, -73.937176], [40.699599, -73.93706], [40.699591, -73.936944], [40.699565, -73.936833], [40.699523, -73.936731], [40.699468, -73.936641], [40.6994, -73.936567], [40.699322, -73.936512], [40.699238, -73.936479], [40.69915, -73.936467], [40.699062, -73.936479], [40.698978, -73.936512], [40.6989, -73.936567], [40.698832, -73.936641], [40.698777, -73.936731], [40.698735, -73.936833], [40.698709, -73.936944], [40.698701, -73.93706], [40.698705, -73.937121], [40.698628, -73.937152], [40.69855, -73.937207], [40.698482, -73.937281], [40.698427, -73.937371], [40.698385, -73.937473], [40.698359, -73.937584], [40.698351, -73.9377], [40.698359, -73.937816], [40.698385, -73.937927], [40.698427, -73.938029], [40.698482, -73.938119], [40.698498, -73.938136], [40.698491, -73.93823], [40.698499, -73.938346], [40.698525, -73.938457], [40.698558, -73.938539], [40.698527, -73.938591], [40.698485, -73.938693], [40.698459, -73.938804], [40.698451, -73.93892], [40.698459, -73.939036], [40.698485, -73.939147], [40.698527, -73.939249], [40.698582, -73.939339], [40.698643, -73.939405], [40.698649, -73.939486]]"
0546e4f9-afdc-4a8b-a39a-b4195bef9921,Review Warning Zone 411,40.699645,-73.940655,0.057,"[[40.699438, -73.941268], [40.699522, -73.941301], [40.69961, -73.941313], [40.699698, -73.941301], [40.699782, -73.941268], [40.69986, -73.941213], [40.699928, -73.941139], [40.699983, -73.941049], [40.700004, -73.940999], [40.700053, -73.940919], [40.700095, -73.940817], [40.700121, -73.940706], [40.700129, -73.94059], [40.700121, -73.940474], [40.700095, -73.940363], [40.700053, -73.940261], [40.699998, -73.940171], [40.69993, -73.940097], [40.699852, -73.940042], [40.699768, -73.940009], [40.69968, -73.939997], [40.699592, -73.940009], [40.699508, -73.940042], [40.69943, -73.940097], [40.699362, -73.940171], [40.699307, -73.940261], [40.699286, -73.940311], [40.699237, -73.940391], [40.699195, -73.940493], [40.699169, -73.940604], [40.699161, -73.94072], [40.699169, -73.940836], [40.699195, -73.940947], [40.699237, -73.941049], [40.699292, -73.941139], [40.69936, -73.941213]]"
4dfe95ba-6f2b-455c-a66c-a3932f3f096a,Review Warning Zone 412,40.70518,-73.93911,0.05,"[[40.704807, -73.939439], [40.704862, -73.939529], [40.70493, -73.939603], [40.705008, -73.939658], [40.705092, -73.939691], [40.70518, -73.939703], [40.705268, -73.939691], [40.705352, -73.939658], [40.70543, -73.939603], [40.705498, -73.939529], [40.705553, -73.939439], [40.705595, -73.939337], [40.705621, -73.939226], [40.705629, -73.93911], [40.705621, -73.938994], [40.705595, -73.938883], [40.705553, -73.938781], [40.705498, -73.938691], [40.70543, -73.938617], [40.705352, -73.938562], [40.705268, -73.938529], [40.70518, -73.938517], [40.705092, -73.938529], [40.705008, -73.938562], [40.70493, -73.938617], [40.704862, -73.938691], [40.704807, -73.938781], [40.704765, -73.938883], [40.704739, -73.938994], [40.704731, -73.93911], [40.704739, -73.939226], [40.704765, -73.939337]]"
b5a85eb0-60ec-4189-8218-2bdb6a60212c,Review Warning Zone 413,40.70577,-73.9429,0.05,"[[40.705355, -73.943127], [40.705397, -73.943229], [40.705452, -73.943319], [40.70552, -73.943393], [40.705598, -73.943448], [40.705682, -73.943481], [40.70577, -73.943493], [40.705858, -73.943481], [40.705942, -73.943448], [40.70602, -73.943393], [40.706088, -73.943319], [40.706143, -73.943229], [40.706185, -73.943127], [40.706211, -73.943016], [40.706219, -73.9429], [40.706211, -73.942784], [40.706185, -73.942673], [40.706143, -73.942571], [40.706088, -73.942481], [40.70602, -73.942407], [40.705942, -73.942352], [40.705858, -73.942319], [40.70577, -73.942307], [40.705682, -73.942319], [40.705598, -73.942352], [40.70552, -73.942407], [40.705452, -73.942481], [40.705397, -73.942571], [40.705355, -73.942673], [40.705329, -73.942784], [40.705321, -73.9429], [40.705329, -73.943016]]"
2bdc0c6b-5b83-4e26-8dfe-b9c4a874b862,Review Warning Zone 414,40.70598,-73.9406,0.05,"[[40.705565, -73.940827], [40.705607, -73.940929], [40.705662, -73.941019], [40.70573, -73.941093], [40.705808, -73.941148], [40.705892, -73.941181], [40.70598, -73.941193], [40.706068, -73.941181], [40.706152, -73.941148], [40.70623, -73.941093], [40.706298, -73.941019], [40.706353, -73.940929], [40.706395, -73.940827], [40.706421, -73.940716], [40.706429, -73.9406], [40.706421, -73.940484], [40.706395, -73.940373], [40.706353, -73.940271], [40.706298, -73.940181], [40.70623, -73.940107], [40.706152, -73.940052], [40.706068, -73.940019], [40.70598, -73.940007], [40.705892, -73.940019], [40.705808, -73.940052], [40.70573, -73.940107], [40.705662, -73.940181], [40.705607, -73.940271], [40.705565, -73.940373], [40.705539, -73.940484], [40.705531, -73.9406], [40.705539, -73.940716]]"
e91bc7fe-a2a6-41dc-9a54-5bbff225cf80,Review Warning Zone 415,40.70943,-73.94011,0.05,"[[40.709015, -73.940337], [40.709057, -73.940439], [40.709112, -73.940529], [40.70918, -73.940603], [40.709258, -73.940658], [40.709342, -73.940691], [40.70943, -73.940703], [40.709518, -73.940691], [40.709602, -73.940658], [40.70968, -73.940603], [40.709748, -73.940529], [40.709803, -73.940439], [40.709845, -73.940337], [40.709871, -73.940226], [40.709879, -73.94011], [40.709871, -73.939994], [40.709845, -73.939883], [40.709803, -73.939781], [40.709748, -73.939691], [40.70968, -73.939617], [40.709602, -73.939562], [40.709518, -73.939529], [40.70943, -73.939517], [40.709342, -73.939529], [40.709258, -73.939562], [40.70918, -73.939617], [40.709112, -73.939691], [40.709057, -73.939781], [40.709015, -73.939883], [40.708989, -73.939994], [40.708981, -73.94011], [40.708989, -73.940226]]"
5205fe37-38fd-4111-8ae0-ea1717062eac,Review Warning Zone 416,40.71333,-73.94055,0.05,"[[40.712957, -73.940879], [40.713012, -73.940969], [40.71308, -73.941043], [40.713158, -73.941098], [40.713242, -73.941131], [40.71333, -73.941143], [40.713418, -73.941131], [40.713502, -73.941098], [40.71358, -73.941043], [40.713648, -73.940969], [40.713703, -73.940879], [40.713745, -73.940777], [40.713771, -73.940666], [40.713779, -73.94055], [40.713771, -73.940434], [40.713745, -73.940323], [40.713703, -73.940221], [40.713648, -73.940131], [40.71358, -73.940057], [40.713502, -73.940002], [40.713418, -73.939969], [40.71333, -73.939957], [40.713242, -73.939969], [40.713158, -73.940002], [40.71308, -73.940057], [40.713012, -73.940131], [40.712957, -73.940221], [40.712915, -73.940323], [40.712889, -73.940434], [40.712881, -73.94055], [40.712889, -73.940666], [40.712915, -73.940777]]"
5a3c4248-1c20-4f3c-be5f-da8c67cb48fe,Review Warning Zone 417,40.71389,-73.94192,0.05,"[[40.713517, -73.942249], [40.713572, -73.942339], [40.71364, -73.942413], [40.713718, -73.942468], [40.713802, -73.942501], [40.71389, -73.942513], [40.713978, -73.942501], [40.714062, -73.942468], [40.71414, -73.942413], [40.714208, -73.942339], [40.714263, -73.942249], [40.714305, -73.942147], [40.714331, -73.942036], [40.714339, -73.94192], [40.714331, -73.941804], [40.714305, -73.941693], [40.714263, -73.941591], [40.714208, -73.941501], [40.71414, -73.941427], [40.714062, -73.941372], [40.713978, -73.941339], [40.71389, -73.941327], [40.713802, -73.941339], [40.713718, -73.941372], [40.71364, -73.941427], [40.713572, -73.941501], [40.713517, -73.941591], [40.713475, -73.941693], [40.713449, -73.941804], [40.713441, -73.94192], [40.713449, -73.942036], [40.713475, -73.942147]]"
c911465b-75b4-4b67-8364-761fce557734,Review Warning Zone 418,40.71521,-73.94256,0.05,"[[40.714795, -73.942787], [40.714837, -73.942889], [40.714892, -73.942979], [40.71496, -73.943053], [40.715038, -73.943108], [40.715122, -73.943141], [40.71521, -73.943153], [40.715298, -73.943141], [40.715382, -73.943108], [40.71546, -73.943053], [40.715528, -73.942979], [40.715583, -73.942889], [40.715625, -73.942787], [40.715651, -73.942676], [40.715659, -73.94256], [40.715651, -73.942444], [40.715625, -73.942333], [40.715583, -73.942231], [40.715528, -73.942141], [40.71546, -73.942067], [40.715382, -73.942012], [40.715298, -73.941979], [40.71521, -73.941967], [40.715122, -73.941979], [40.715038, -73.942012], [40.71496, -73.942067], [40.714892, -73.942141], [40.714837, -73.942231], [40.714795, -73.942333], [40.714769, -73.942444], [40.714761, -73.94256], [40.714769, -73.942676]]"
ca0d2146-d36d-4f0b-b12a-3b19bcb455aa,Review Warning Zone 419,40.7156,-73.93961,0.05,"[[40.715185, -73.939837], [40.715227, -73.939939], [40.715282, -73.940029], [40.71535, -73.940103], [40.715428, -73.940158], [40.715512, -73.940191], [40.7156, -73.940203], [40.715688, -73.940191], [40.715772, -73.940158], [40.71585, -73.940103], [40.715918, -73.940029], [40.715973, -73.939939], [40.716015, -73.939837], [40.716041, -73.939726], [40.716049, -73.93961], [40.716041, -73.939494], [40.716015, -73.939383], [40.715973, -73.939281], [40.715918, -73.939191], [40.71585, -73.939117], [40.715772, -73.939062], [40.715688, -73.939029], [40.7156, -73.939017], [40.715512, -73.939029], [40.715428, -73.939062], [40.71535, -73.939117], [40.715282, -73.939191], [40.715227, -73.939281], [40.715185, -73.939383], [40.715159, -73.939494], [40.715151, -73.93961], [40.715159, -73.939726]]"
033e334e-c15e-403d-b2cd-ef03b642096c,Review Warning Zone 420,40.71983,-73.94079,0.05,"[[40.719415, -73.941017], [40.719457, -73.941119], [40.719512, -73.941209], [40.71958, -73.941283], [40.719658, -73.941338], [40.719742, -73.941371], [40.71983, -73.941383], [40.719918, -73.941371], [40.720002, -73.941338], [40.72008, -73.941283], [40.720148, -73.941209], [40.720203, -73.941119], [40.720245, -73.941017], [40.720271, -73.940906], [40.720279, -73.94079], [40.720271, -73.940674], [40.720245, -73.940563], [40.720203, -73.940461], [40.720148, -73.940371], [40.72008, -73.940297], [40.720002, -73.940242], [40.719918, -73.940209], [40.71983, -73.940197], [40.719742, -73.940209], [40.719658, -73.940242], [40.71958, -73.940297], [40.719512, -73.940371], [40.719457, -73.940461], [40.719415, -73.940563], [40.719389, -73.940674], [40.719381, -73.94079], [40.719389, -73.940906]]"
23ef2489-08c9-4e9d-b5ac-f5b3ccf39b8b,Review Warning Zone 421,40.72244,-73.94308,0.05,"[[40.722067, -73.943409], [40.722122, -73.943499], [40.72219, -73.943573], [40.722268, -73.943628], [40.722352, -73.943661], [40.72244, -73.943673], [40.722528, -73.943661], [40.722612, -73.943628], [40.72269, -73.943573], [40.722758, -73.943499], [40.722813, -73.943409], [40.722855, -73.943307], [40.722881, -73.943196], [40.722889, -73.94308], [40.722881, -73.942964], [40.722855, -73.942853], [40.722813, -73.942751], [40.722758, -73.942661], [40.72269, -73.942587], [40.722612, -73.942532], [40.722528, -73.942499], [40.72244, -73.942487], [40.722352, -73.942499], [40.722268, -73.942532], [40.72219, -73.942587], [40.722122, -73.942661], [40.722067, -73.942751], [40.722025, -73.942853], [40.721999, -73.942964], [40.721991, -73.94308], [40.721999, -73.943196], [40.722025, -73.943307]]"
c16c4564-b600-4758-ab1a-3175849dc332,Review Warning Zone 422,40.75643,-73.94273,0.05,"[[40.756057, -73.943059], [40.756112, -73.943149], [40.75618, -73.943223], [40.756258, -73.943278], [40.756342, -73.943311], [40.75643, -73.943323], [40.756518, -73.943311], [40.756602, -73.943278], [40.75668, -73.943223], [40.756748, -73.943149], [40.756803, -73.943059], [40.756845, -73.942957], [40.756871, -73.942846], [40.756879, -73.94273], [40.756871, -73.942614], [40.756845, -73.942503], [40.756803, -73.942401], [40.756748, -73.942311], [40.75668, -73.942237], [40.756602, -73.942182], [40.756518, -73.942149], [40.75643, -73.942137], [40.756342, -73.942149], [40.756258, -73.942182], [40.75618, -73.942237], [40.756112, -73.942311], [40.756057, -73.942401], [40.756015, -73.942503], [40.755989, -73.942614], [40.755981, -73.94273], [40.755989, -73.942846], [40.756015, -73.942957]]"
ff4dba1b-962b-47e1-8216-7d113e373d14,Review Warning Zone 423,40.75896,-73.94325,0.05,"[[40.758545, -73.943477], [40.758587, -73.943579], [40.758642, -73.943669], [40.75871, -73.943743], [40.758788, -73.943798], [40.758872, -73.943831], [40.75896, -73.943843], [40.759048, -73.943831], [40.759132, -73.943798], [40.75921, -73.943743], [40.759278, -73.943669], [40.759333, -73.943579], [40.759375, -73.943477], [40.759401, -73.943366], [40.759409, -73.94325], [40.759401, -73.943134], [40.759375, -73.943023], [40.759333, -73.942921], [40.759278, -73.942831], [40.75921, -73.942757], [40.759132, -73.942702], [40.759048, -73.942669], [40.75896, -73.942657], [40.758872, -73.942669], [40.758788, -73.942702], [40.75871, -73.942757], [40.758642, -73.942831], [40.758587, -73.942921], [40.758545, -73.943023], [40.758519, -73.943134], [40.758511, -73.94325], [40.758519, -73.943366]]"
6c83b413-1470-409f-b45d-62dcf25e0d45,Review Warning Zone 424,40.78741,-73.94298,0.05,"[[40.786995, -73.943207], [40.787037, -73.943309], [40.787092, -73.943399], [40.78716, -73.943473], [40.787238, -73.943528], [40.787322, -73.943561], [40.78741, -73.943573], [40.787498, -73.943561], [40.787582, -73.943528], [40.78766, -73.943473], [40.787728, -73.943399], [40.787783, -73.943309], [40.787825, -73.943207], [40.787851, -73.943096], [40.787859, -73.94298], [40.787851, -73.942864], [40.787825, -73.942753], [40.787783, -73.942651], [40.787728, -73.942561], [40.78766, -73.942487], [40.787582, -73.942432], [40.787498, -73.942399], [40.78741, -73.942387], [40.787322, -73.942399], [40.787238, -73.942432], [40.78716, -73.942487], [40.787092, -73.942561], [40.787037, -73.942651], [40.786995, -73.942753], [40.786969, -73.942864], [40.786961, -73.94298], [40.786969, -73.943096]]"
382746a3-d97e-41b2-b2b3-f8c500b827e4,Review Warning Zone 425,40.78824,-73.94004,0.05,"[[40.787825, -73.940267], [40.787867, -73.940369], [40.787922, -73.940459], [40.78799, -73.940533], [40.788068, -73.940588], [40.788152, -73.940621], [40.78824, -73.940633], [40.788328, -73.940621], [40.788412, -73.940588], [40.78849, -73.940533], [40.788558, -73.940459], [40.788613, -73.940369], [40.788655, -73.940267], [40.788681, -73.940156], [40.788689, -73.94004], [40.788681, -73.939924], [40.788655, -73.939813], [40.788613, -73.939711], [40.788558, -73.939621], [40.78849, -73.939547], [40.788412, -73.939492], [40.788328, -73.939459], [40.78824, -73.939447], [40.788152, -73.939459], [40.788068, -73.939492], [40.78799, -73.939547], [40.787922, -73.939621], [40.787867, -73.939711], [40.787825, -73.939813], [40.787799, -73.939924], [40.787791, -73.94004], [40.787799, -73.940156]]"
9fefb2d2-287f-41f0-813f-6cdb3dccee19,Review Warning Zone 426,40.788902,-73.943016,0.05,"[[40.788529, -73.943345], [40.788584, -73.943435], [40.788652, -73.943509], [40.78873, -73.943564], [40.788814, -73.943597], [40.788902, -73.943609], [40.78899, -73.943597], [40.789074, -73.943564], [40.789152, -73.943509], [40.78922, -73.943435], [40.789275, -73.943345], [40.789317, -73.943243], [40.789343, -73.943132], [40.789351, -73.943016], [40.789343, -73.9429], [40.789317, -73.942789], [40.789275, -73.942687], [40.78922, -73.942597], [40.789152, -73.942523], [40.789074, -73.942468], [40.78899, -73.942435], [40.788902, -73.942423], [40.788814, -73.942435], [40.78873, -73.942468], [40.788652, -73.942523], [40.788584, -73.942597], [40.788529, -73.942687], [40.788487, -73.942789], [40.788461, -73.9429], [40.788453, -73.943016], [40.788461, -73.943132], [40.788487, -73.943243]]"
6eb9e506-0598-48a2-a82d-6133d245c88d,Review Warning Zone 427,40.79128,-73.94125,0.05,"[[40.790907, -73.941579], [40.790962, -73.941669], [40.79103, -73.941743], [40.791108, -73.941798], [40.791192, -73.941831], [40.79128, -73.941843], [40.791368, -73.941831], [40.791452, -73.941798], [40.79153, -73.941743], [40.791598, -73.941669], [40.791653, -73.941579], [40.791695, -73.941477], [40.791721, -73.941366], [40.791729, -73.94125], [40.791721, -73.941134], [40.791695, -73.941023], [40.791653, -73.940921], [40.791598, -73.940831], [40.79153, -73.940757], [40.791452, -73.940702], [40.791368, -73.940669], [40.79128, -73.940657], [40.791192, -73.940669], [40.791108, -73.940702], [40.79103, -73.940757], [40.790962, -73.940831], [40.790907, -73.940921], [40.790865, -73.941023], [40.790839, -73.941134], [40.790831, -73.94125], [40.790839, -73.941366], [40.790865, -73.941477]]"
069479b9-434b-4b7b-ab9c-2ffc08e3953a,Review Warning Zone 428,40.79441,-73.93929,0.05,"[[40.793995, -73.939517], [40.794037, -73.939619], [40.794092, -73.939709], [40.79416, -73.939783], [40.794238, -73.939838], [40.794322, -73.939871], [40.79441, -73.939883], [40.794498, -73.939871], [40.794582, -73.939838], [40.79466, -73.939783], [40.794728, -73.939709], [40.794783, -73.939619], [40.794825, -73.939517], [40.794851, -73.939406], [40.794859, -73.93929], [40.794851, -73.939174], [40.794825, -73.939063], [40.794783, -73.938961], [40.794728, -73.938871], [40.79466, -73.938797], [40.794582, -73.938742], [40.794498, -73.938709], [40.79441, -73.938697], [40.794322, -73.938709], [40.794238, -73.938742], [40.79416, -73.938797], [40.794092, -73.938871], [40.794037, -73.938961], [40.793995, -73.939063], [40.793969, -73.939174], [40.793961, -73.93929], [40.793969, -73.939406]]"
706e9b29-ff5e-4d81-bb0c-3d5e378821b0,Review Warning Zone 429,40.795665,-73.941835,0.064,"[[40.795236, -73.941857], [40.795229, -73.941884], [40.795221, -73.942], [40.795229, -73.942116], [40.795255, -73.942227], [40.795297, -73.942329], [40.795352, -73.942419], [40.79542, -73.942493], [40.795498, -73.942548], [40.795582, -73.942581], [40.79567, -73.942593], [40.795758, -73.942581], [40.795842, -73.942548], [40.79592, -73.942493], [40.795988, -73.942419], [40.796043, -73.942329], [40.796085, -73.942227], [40.796111, -73.942116], [40.796119, -73.942], [40.796111, -73.941884], [40.796094, -73.941813], [40.796101, -73.941786], [40.796109, -73.94167], [40.796101, -73.941554], [40.796075, -73.941443], [40.796033, -73.941341], [40.795978, -73.941251], [40.79591, -73.941177], [40.795832, -73.941122], [40.795748, -73.941089], [40.79566, -73.941077], [40.795572, -73.941089], [40.795488, -73.941122], [40.79541, -73.941177], [40.795342, -73.941251], [40.795287, -73.941341], [40.795245, -73.941443], [40.795219, -73.941554], [40.795211, -73.94167], [40.795219, -73.941786]]"
04b0dd20-8a87-446f-bc84-a651882b9530,Review Warning Zone 430,40.79618,-73.93997,0.05,"[[40.795807, -73.940299], [40.795862, -73.940389], [40.79593, -73.940463], [40.796008, -73.940518], [40.796092, -73.940551], [40.79618, -73.940563], [40.796268, -73.940551], [40.796352, -73.940518], [40.79643, -73.940463], [40.796498, -73.940389], [40.796553, -73.940299], [40.796595, -73.940197], [40.796621, -73.940086], [40.796629, -73.93997], [40.796621, -73.939854], [40.796595, -73.939743], [40.796553, -73.939641], [40.796498, -73.939551], [40.79643, -73.939477], [40.796352, -73.939422], [40.796268, -73.939389], [40.79618, -73.939377], [40.796092, -73.939389], [40.796008, -73.939422], [40.79593, -73.939477], [40.795862, -73.939551], [40.795807, -73.939641], [40.795765, -73.939743], [40.795739, -73.939854], [40.795731, -73.93997], [40.795739, -73.940086], [40.795765, -73.940197]]"
24c12107-835f-43dc-b708-3565a093f587,Review Warning Zone 431,40.79772,-73.94215,0.05,"[[40.797347, -73.942479], [40.797402, -73.942569], [40.79747, -73.942643], [40.797548, -73.942698], [40.797632, -73.942731], [40.79772, -73.942743], [40.797808, -73.942731], [40.797892, -73.942698], [40.79797, -73.942643], [40.798038, -73.942569], [40.798093, -73.942479], [40.798135, -73.942377], [40.798161, -73.942266], [40.798169, -73.94215], [40.798161, -73.942034], [40.798135, -73.941923], [40.798093, -73.941821], [40.798038, -73.941731], [40.79797, -73.941657], [40.797892, -73.941602], [40.797808, -73.941569], [40.79772, -73.941557], [40.797632, -73.941569], [40.797548, -73.941602], [40.79747, -73.941657], [40.797402, -73.941731], [40.797347, -73.941821], [40.797305, -73.941923], [40.797279, -73.942034], [40.797271, -73.94215], [40.797279, -73.942266], [40.797305, -73.942377]]"
1a62d192-c933-4806-9db7-ba0927547056,Review Warning Zone 432,40.79783,-73.94045,0.065,"[[40.797404, -73.94045], [40.797389, -73.940514], [40.797381, -73.94063], [40.797389, -73.940746], [40.797415, -73.940857], [40.797457, -73.940959], [40.797512, -73.941049], [40.79758, -73.941123], [40.797658, -73.941178], [40.797742, -73.941211], [40.79783, -73.941223], [40.797918, -73.941211], [40.798002, -73.941178], [40.79808, -73.941123], [40.798148, -73.941049], [40.798203, -73.940959], [40.798245, -73.940857], [40.798271, -73.940746], [40.798279, -73.94063], [40.798271, -73.940514], [40.798256, -73.94045], [40.798271, -73.940386], [40.798279, -73.94027], [40.798271, -73.940154], [40.798245, -73.940043], [40.798203, -73.939941], [40.798148, -73.939851], [40.79808, -73.939777], [40.798002, -73.939722], [40.797918, -73.939689], [40.79783, -73.939677], [40.797742, -73.939689], [40.797658, -73.939722], [40.79758, -73.939777], [40.797512, -73.939851], [40.797457, -73.939941], [40.797415, -73.940043], [40.797389, -73.940154], [40.797381, -73.94027], [40.797389, -73.940386]]"
35d2e4dd-99c9-4971-b292-381f1695cb9c,Review Warning Zone 433,40.79886,-73.94103,0.05,"[[40.798445, -73.941257], [40.798487, -73.941359], [40.798542, -73.941449], [40.79861, -73.941523], [40.798688, -73.941578], [40.798772, -73.941611], [40.79886, -73.941623], [40.798948, -73.941611], [40.799032, -73.941578], [40.79911, -73.941523], [40.799178, -73.941449], [40.799233, -73.941359], [40.799275, -73.941257], [40.799301, -73.941146], [40.799309, -73.94103], [40.799301, -73.940914], [40.799275, -73.940803], [40.799233, -73.940701], [40.799178, -73.940611], [40.79911, -73.940537], [40.799032, -73.940482], [40.798948, -73.940449], [40.79886, -73.940437], [40.798772, -73.940449], [40.798688, -73.940482], [40.79861, -73.940537], [40.798542, -73.940611], [40.798487, -73.940701], [40.798445, -73.940803], [40.798419, -73.940914], [40.798411, -73.94103], [40.798419, -73.941146]]"
ed829dd3-e1b2-4602-8899-ec7095e31048,Review Warning Zone 434,40.79913,-73.93895,0.05,"[[40.798757, -73.939279], [40.798812, -73.939369], [40.79888, -73.939443], [40.798958, -73.939498], [40.799042, -73.939531], [40.79913, -73.939543], [40.799218, -73.939531], [40.799302, -73.939498], [40.79938, -73.939443], [40.799448, -73.939369], [40.799503, -73.939279], [40.799545, -73.939177], [40.799571, -73.939066], [40.799579, -73.93895], [40.799571, -73.938834], [40.799545, -73.938723], [40.799503, -73.938621], [40.799448, -73.938531], [40.79938, -73.938457], [40.799302, -73.938402], [40.799218, -73.938369], [40.79913, -73.938357], [40.799042, -73.938369], [40.798958, -73.938402], [40.79888, -73.938457], [40.798812, -73.938531], [40.798757, -73.938621], [40.798715, -73.938723], [40.798689, -73.938834], [40.798681, -73.93895], [40.798689, -73.939066], [40.798715, -73.939177]]"
83422619-cb5d-463c-9fa1-c377a6eb517f,Review Warning Zone 435,40.79934,-73.94236,0.05,"[[40.798967, -73.942689], [40.799022, -73.942779], [40.79909, -73.942853], [40.799168, -73.942908], [40.799252, -73.942941], [40.79934, -73.942953], [40.799428, -73.942941], [40.799512, -73.942908], [40.79959, -73.942853], [40.799658, -73.942779], [40.799713, -73.942689], [40.799755, -73.942587], [40.799781, -73.942476], [40.799789, -73.94236], [40.799781, -73.942244], [40.799755, -73.942133], [40.799713, -73.942031], [40.799658, -73.941941], [40.79959, -73.941867], [40.799512, -73.941812], [40.799428, -73.941779], [40.79934, -73.941767], [40.799252, -73.941779], [40.799168, -73.941812], [40.79909, -73.941867], [40.799022, -73.941941], [40.798967, -73.942031], [40.798925, -73.942133], [40.798899, -73.942244], [40.798891, -73.94236], [40.798899, -73.942476], [40.798925, -73.942587]]"
8e7a37c3-d9a8-49da-a93e-59df63170208,Review Warning Zone 436,40.79983,-73.94118,0.05,"[[40.799415, -73.941407], [40.799457, -73.941509], [40.799512, -73.941599], [40.79958, -73.941673], [40.799658, -73.941728], [40.799742, -73.941761], [40.79983, -73.941773], [40.799918, -73.941761], [40.800002, -73.941728], [40.80008, -73.941673], [40.800148, -73.941599], [40.800203, -73.941509], [40.800245, -73.941407], [40.800271, -73.941296], [40.800279, -73.94118], [40.800271, -73.941064], [40.800245, -73.940953], [40.800203, -73.940851], [40.800148, -73.940761], [40.80008, -73.940687], [40.800002, -73.940632], [40.799918, -73.940599], [40.79983, -73.940587], [40.799742, -73.940599], [40.799658, -73.940632], [40.79958, -73.940687], [40.799512, -73.940761], [40.799457, -73.940851], [40.799415, -73.940953], [40.799389, -73.941064], [40.799381, -73.94118], [40.799389, -73.941296]]"
e8be083a-c310-4dac-ac20-fbfa47ae623d,Review Warning Zone 437,40.80134,-73.941455,0.055,"[[40.80105, -73.941983], [40.801128, -73.942038], [40.801212, -73.942071], [40.8013, -73.942083], [40.801388, -73.942071], [40.801472, -73.942038], [40.80155, -73.941983], [40.801585, -73.941944], [40.80163, -73.941913], [40.801698, -73.941839], [40.801753, -73.941749], [40.801795, -73.941647], [40.801821, -73.941536], [40.801829, -73.94142], [40.801821, -73.941304], [40.801795, -73.941193], [40.801753, -73.941091], [40.801698, -73.941001], [40.80163, -73.940927], [40.801552, -73.940872], [40.801468, -73.940839], [40.80138, -73.940827], [40.801292, -73.940839], [40.801208, -73.940872], [40.80113, -73.940927], [40.801095, -73.940966], [40.80105, -73.940997], [40.800982, -73.941071], [40.800927, -73.941161], [40.800885, -73.941263], [40.800859, -73.941374], [40.800851, -73.94149], [40.800859, -73.941606], [40.800885, -73.941717], [40.800927, -73.941819], [40.800982, -73.941909]]"
3d6beaec-1990-4a3b-8d0c-b53103a6beaf,Review Warning Zone 438,40.80214,-73.94301,0.05,"[[40.801725, -73.943237], [40.801767, -73.943339], [40.801822, -73.943429], [40.80189, -73.943503], [40.801968, -73.943558], [40.802052, -73.943591], [40.80214, -73.943603], [40.802228, -73.943591], [40.802312, -73.943558], [40.80239, -73.943503], [40.802458, -73.943429], [40.802513, -73.943339], [40.802555, -73.943237], [40.802581, -73.943126], [40.802589, -73.94301], [40.802581, -73.942894], [40.802555, -73.942783], [40.802513, -73.942681], [40.802458, -73.942591], [40.80239, -73.942517], [40.802312, -73.942462], [40.802228, -73.942429], [40.80214, -73.942417], [40.802052, -73.942429], [40.801968, -73.942462], [40.80189, -73.942517], [40.801822, -73.942591], [40.801767, -73.942681], [40.801725, -73.942783], [40.801699, -73.942894], [40.801691, -73.94301], [40.801699, -73.943126]]"
315dcc77-2863-4673-aa7d-bc0724a39d67,Review Warning Zone 439,40.80581,-73.94234,0.05,"[[40.805437, -73.942669], [40.805492, -73.942759], [40.80556, -73.942833], [40.805638, -73.942888], [40.805722, -73.942921], [40.80581, -73.942933], [40.805898, -73.942921], [40.805982, -73.942888], [40.80606, -73.942833], [40.806128, -73.942759], [40.806183, -73.942669], [40.806225, -73.942567], [40.806251, -73.942456], [40.806259, -73.94234], [40.806251, -73.942224], [40.806225, -73.942113], [40.806183, -73.942011], [40.806128, -73.941921], [40.80606, -73.941847], [40.805982, -73.941792], [40.805898, -73.941759], [40.80581, -73.941747], [40.805722, -73.941759], [40.805638, -73.941792], [40.80556, -73.941847], [40.805492, -73.941921], [40.805437, -73.942011], [40.805395, -73.942113], [40.805369, -73.942224], [40.805361, -73.94234], [40.805369, -73.942456], [40.805395, -73.942567]]"
e957b51a-5981-4b4a-aa7d-f7274401759e,Review Warning Zone 440,40.80582,-73.93972,0.05,"[[40.805447, -73.940049], [40.805502, -73.940139], [40.80557, -73.940213], [40.805648, -73.940268], [40.805732, -73.940301], [40.80582, -73.940313], [40.805908, -73.940301], [40.805992, -73.940268], [40.80607, -73.940213], [40.806138, -73.940139], [40.806193, -73.940049], [40.806235, -73.939947], [40.806261, -73.939836], [40.806269, -73.93972], [40.806261, -73.939604], [40.806235, -73.939493], [40.806193, -73.939391], [40.806138, -73.939301], [40.80607, -73.939227], [40.805992, -73.939172], [40.805908, -73.939139], [40.80582, -73.939127], [40.805732, -73.939139], [40.805648, -73.939172], [40.80557, -73.939227], [40.805502, -73.939301], [40.805447, -73.939391], [40.805405, -73.939493], [40.805379, -73.939604], [40.805371, -73.93972], [40.805379, -73.939836], [40.805405, -73.939947]]"
f3d32baa-0b54-4163-84a8-8a46c538493d,Review Warning Zone 441,40.807415,-73.93889,0.084,"[[40.806705, -73.939207], [40.806747, -73.939309], [40.806802, -73.939399], [40.80687, -73.939473], [40.806948, -73.939528], [40.807032, -73.939561], [40.80712, -73.939573], [40.807208, -73.939561], [40.807292, -73.939528], [40.80737, -73.939473], [40.807438, -73.939399], [40.807491, -73.939314], [40.807538, -73.939348], [40.807622, -73.939381], [40.80771, -73.939393], [40.807798, -73.939381], [40.807882, -73.939348], [40.80796, -73.939293], [40.808028, -73.939219], [40.808083, -73.939129], [40.808125, -73.939027], [40.808151, -73.938916], [40.808159, -73.9388], [40.808151, -73.938684], [40.808125, -73.938573], [40.808083, -73.938471], [40.808028, -73.938381], [40.80796, -73.938307], [40.807882, -73.938252], [40.807798, -73.938219], [40.80771, -73.938207], [40.807622, -73.938219], [40.807538, -73.938252], [40.80746, -73.938307], [40.807392, -73.938381], [40.807339, -73.938466], [40.807292, -73.938432], [40.807208, -73.938399], [40.80712, -73.938387], [40.807032, -73.938399], [40.806948, -73.938432], [40.80687, -73.938487], [40.806802, -73.938561], [40.806747, -73.938651], [40.806705, -73.938753], [40.806679, -73.938864], [40.806671, -73.93898], [40.806679, -73.939096]]"
1f85d980-23be-49c1-92bf-51d5b56df83b,Review Warning Zone 442,40.808257,-73.940285,0.234,"[[40.806745, -73.941827], [40.806787, -73.941929], [40.806842, -73.942019], [40.80691, -73.942093], [40.806988, -73.942148], [40.807072, -73.942181], [40.80716, -73.942193], [40.807248, -73.942181], [40.807332, -73.942148], [40.80741, -73.942093], [40.807478, -73.942019], [40.807533, -73.941929], [40.807575, -73.941827], [40.807601, -73.941716], [40.807609, -73.9416], [40.807601, -73.941484], [40.807575, -73.941373], [40.807561, -73.94134], [40.807642, -73.941308], [40.80772, -73.941253], [40.807788, -73.941179], [40.807843, -73.941089], [40.807861, -73.941046], [40.80791, -73.941053], [40.807998, -73.941041], [40.808082, -73.941008], [40.80816, -73.940953], [40.808228, -73.940879], [40.808283, -73.940789], [40.808325, -73.940687], [40.808339, -73.940625], [40.8084, -73.940633], [40.808488, -73.940621], [40.808572, -73.940588], [40.80865, -73.940533], [40.808718, -73.940459], [40.808773, -73.940369], [40.8088, -73.940304], [40.808842, -73.940288], [40.80892, -73.940233], [40.808988, -73.940159], [40.809035, -73.940083], [40.809082, -73.940159], [40.80915, -73.940233], [40.809228, -73.940288], [40.809312, -73.940321], [40.8094, -73.940333], [40.809488, -73.940321], [40.809572, -73.940288], [40.80965, -73.940233], [40.809718, -73.940159], [40.80974, -73.940124], [40.80981, -73.940133], [40.809898, -73.940121], [40.809982, -73.940088], [40.81006, -73.940033], [40.810128, -73.939959], [40.810183, -73.939869], [40.810225, -73.939767], [40.810251, -73.939656], [40.810259, -73.93954], [40.810251, -73.939424], [40.810225, -73.939313], [40.810183, -73.939211], [40.810128, -73.939121], [40.81006, -73.939047], [40.809982, -73.938992], [40.809898, -73.938959], [40.80981, -73.938947], [40.809722, -73.938959], [40.809638, -73.938992], [40.80956, -73.939047], [40.809492, -73.939121], [40.80947, -73.939156], [40.8094, -73.939147], [40.809312, -73.939159], [40.809228, -73.939192], [40.80915, -73.939247], [40.809082, -73.939321], [40.809035, -73.939397], [40.808988, -73.939321], [40.80892, -73.939247], [40.808842, -73.939192], [40.808758, -73.939159], [40.80867, -73.939147], [40.808582, -73.939159], [40.808498, -73.939192], [40.80842, -73.939247], [40.808352, -73.939321], [40.808297, -73.939411], [40.808289, -73.93943], [40.80827, -73.939427], [40.808182, -73.939439], [40.808098, -73.939472], [40.80802, -73.939527], [40.807952, -73.939601], [40.807947, -73.939609], [40.807872, -73.939619], [40.807788, -73.939652], [40.80771, -73.939707], [40.807642, -73.939781], [40.807622, -73.939814], [40.80757, -73.939757], [40.807492, -73.939702], [40.807408, -73.939669], [40.80732, -73.939657], [40.807232, -73.939669], [40.807148, -73.939702], [40.80707, -73.939757], [40.807002, -73.939831], [40.806947, -73.939921], [40.806905, -73.940023], [40.806879, -73.940134], [40.806871, -73.94025], [40.806879, -73.940366], [40.806905, -73.940477], [40.806947, -73.940579], [40.807002, -73.940669], [40.807026, -73.940694], [40.807021, -73.94076], [40.807029, -73.940876], [40.807055, -73.940987], [40.807069, -73.94102], [40.806988, -73.941052], [40.80691, -73.941107], [40.806842, -73.941181], [40.806787, -73.941271], [40.806745, -73.941373], [40.806719, -73.941484], [40.806711, -73.9416], [40.806719, -73.941716]]"
6696a6b1-8f7c-4799-864e-cfdfb48218c3,Review Warning Zone 443,40.81124,-73.94128,0.05,"[[40.810825, -73.941507], [40.810867, -73.941609], [40.810922, -73.941699], [40.81099, -73.941773], [40.811068, -73.941828], [40.811152, -73.941861], [40.81124, -73.941873], [40.811328, -73.941861], [40.811412, -73.941828], [40.81149, -73.941773], [40.811558, -73.941699], [40.811613, -73.941609], [40.811655, -73.941507], [40.811681, -73.941396], [40.811689, -73.94128], [40.811681, -73.941164], [40.811655, -73.941053], [40.811613, -73.940951], [40.811558, -73.940861], [40.81149, -73.940787], [40.811412, -73.940732], [40.811328, -73.940699], [40.81124, -73.940687], [40.811152, -73.940699], [40.811068, -73.940732], [40.81099, -73.940787], [40.810922, -73.940861], [40.810867, -73.940951], [40.810825, -73.941053], [40.810799, -73.941164], [40.810791, -73.94128], [40.810799, -73.941396]]"
0231c545-d038-4835-8fd5-1217d6359a15,Review Warning Zone 444,40.81204,-73.94234,0.05,"[[40.811667, -73.942669], [40.811722, -73.942759], [40.81179, -73.942833], [40.811868, -73.942888], [40.811952, -73.942921], [40.81204, -73.942933], [40.812128, -73.942921], [40.812212, -73.942888], [40.81229, -73.942833], [40.812358, -73.942759], [40.812413, -73.942669], [40.812455, -73.942567], [40.812481, -73.942456], [40.812489, -73.94234], [40.812481, -73.942224], [40.812455, -73.942113], [40.812413, -73.942011], [40.812358, -73.941921], [40.81229, -73.941847], [40.812212, -73.941792], [40.812128, -73.941759], [40.81204, -73.941747], [40.811952, -73.941759], [40.811868, -73.941792], [40.81179, -73.941847], [40.811722, -73.941921], [40.811667, -73.942011], [40.811625, -73.942113], [40.811599, -73.942224], [40.811591, -73.94234], [40.811599, -73.942456], [40.811625, -73.942567]]"
805cd73c-e4ce-4f11-9254-b68ddf321f90,Review Warning Zone 445,40.81348,-73.941755,0.094,"[[40.812757, -73.941849], [40.812812, -73.941939], [40.81288, -73.942013], [40.812958, -73.942068], [40.813042, -73.942101], [40.81313, -73.942113], [40.813218, -73.942101], [40.813302, -73.942068], [40.81338, -73.942013], [40.813382, -73.94201], [40.813389, -73.942106], [40.813415, -73.942217], [40.813457, -73.942319], [40.813512, -73.942409], [40.81358, -73.942483], [40.813658, -73.942538], [40.813742, -73.942571], [40.81383, -73.942583], [40.813918, -73.942571], [40.814002, -73.942538], [40.81408, -73.942483], [40.814148, -73.942409], [40.814203, -73.942319], [40.814245, -73.942217], [40.814271, -73.942106], [40.814279, -73.94199], [40.814271, -73.941874], [40.814245, -73.941763], [40.814203, -73.941661], [40.814148, -73.941571], [40.81408, -73.941497], [40.814002, -73.941442], [40.813918, -73.941409], [40.81383, -73.941397], [40.813742, -73.941409], [40.813658, -73.941442], [40.81358, -73.941497], [40.813578, -73.9415], [40.813571, -73.941404], [40.813545, -73.941293], [40.813503, -73.941191], [40.813448, -73.941101], [40.81338, -73.941027], [40.813302, -73.940972], [40.813218, -73.940939], [40.81313, -73.940927], [40.813042, -73.940939], [40.812958, -73.940972], [40.81288, -73.941027], [40.812812, -73.941101], [40.812757, -73.941191], [40.812715, -73.941293], [40.812689, -73.941404], [40.812681, -73.94152], [40.812689, -73.941636], [40.812715, -73.941747]]"
dcd85425-ae17-465e-983c-5cac1434ffe5,Review Warning Zone 446,40.814845,-73.941075,0.072,"[[40.814235, -73.941267], [40.814277, -73.941369], [40.814332, -73.941459], [40.8144, -73.941533], [40.814478, -73.941588], [40.814562, -73.941621], [40.81465, -73.941633], [40.814738, -73.941621], [40.814789, -73.941601], [40.81479, -73.941603], [40.814868, -73.941658], [40.814952, -73.941691], [40.81504, -73.941703], [40.815128, -73.941691], [40.815212, -73.941658], [40.81529, -73.941603], [40.815358, -73.941529], [40.815413, -73.941439], [40.815455, -73.941337], [40.815481, -73.941226], [40.815489, -73.94111], [40.815481, -73.940994], [40.815455, -73.940883], [40.815413, -73.940781], [40.815358, -73.940691], [40.81529, -73.940617], [40.815212, -73.940562], [40.815128, -73.940529], [40.81504, -73.940517], [40.814952, -73.940529], [40.814901, -73.940549], [40.8149, -73.940547], [40.814822, -73.940492], [40.814738, -73.940459], [40.81465, -73.940447], [40.814562, -73.940459], [40.814478, -73.940492], [40.8144, -73.940547], [40.814332, -73.940621], [40.814277, -73.940711], [40.814235, -73.940813], [40.814209, -73.940924], [40.814201, -73.94104], [40.814209, -73.941156]]"
04902b96-6e95-44df-a138-938a75b08470,Review Warning Zone 447,40.81545,-73.943015,0.073,"[[40.814897, -73.943209], [40.814952, -73.943299], [40.81502, -73.943373], [40.815098, -73.943428], [40.815182, -73.943461], [40.815253, -73.943471], [40.815257, -73.943479], [40.815312, -73.943569], [40.81538, -73.943643], [40.815458, -73.943698], [40.815542, -73.943731], [40.81563, -73.943743], [40.815718, -73.943731], [40.815802, -73.943698], [40.81588, -73.943643], [40.815948, -73.943569], [40.816003, -73.943479], [40.816045, -73.943377], [40.816071, -73.943266], [40.816079, -73.94315], [40.816071, -73.943034], [40.816045, -73.942923], [40.816003, -73.942821], [40.815948, -73.942731], [40.81588, -73.942657], [40.815802, -73.942602], [40.815718, -73.942569], [40.815647, -73.942559], [40.815643, -73.942551], [40.815588, -73.942461], [40.81552, -73.942387], [40.815442, -73.942332], [40.815358, -73.942299], [40.81527, -73.942287], [40.815182, -73.942299], [40.815098, -73.942332], [40.81502, -73.942387], [40.814952, -73.942461], [40.814897, -73.942551], [40.814855, -73.942653], [40.814829, -73.942764], [40.814821, -73.94288], [40.814829, -73.942996], [40.814855, -73.943107]]"
27f3fedd-9c0a-40ae-8957-807b89ed9513,Review Warning Zone 448,40.818825,-73.940535,0.095,"[[40.818265, -73.941257], [40.818307, -73.941359], [40.818362, -73.941449], [40.81843, -73.941523], [40.818508, -73.941578], [40.818592, -73.941611], [40.81868, -73.941623], [40.818768, -73.941611], [40.818852, -73.941578], [40.81893, -73.941523], [40.818998, -73.941449], [40.819053, -73.941359], [40.819095, -73.941257], [40.819121, -73.941146], [40.819129, -73.94103], [40.819121, -73.940914], [40.819095, -73.940803], [40.819053, -73.940701], [40.819008, -73.940628], [40.819058, -73.940621], [40.819142, -73.940588], [40.81922, -73.940533], [40.819288, -73.940459], [40.819343, -73.940369], [40.819385, -73.940267], [40.819411, -73.940156], [40.819419, -73.94004], [40.819411, -73.939924], [40.819385, -73.939813], [40.819343, -73.939711], [40.819288, -73.939621], [40.81922, -73.939547], [40.819142, -73.939492], [40.819058, -73.939459], [40.81897, -73.939447], [40.818882, -73.939459], [40.818798, -73.939492], [40.81872, -73.939547], [40.818652, -73.939621], [40.818597, -73.939711], [40.818555, -73.939813], [40.818529, -73.939924], [40.818521, -73.94004], [40.818529, -73.940156], [40.818555, -73.940267], [40.818597, -73.940369], [40.818642, -73.940442], [40.818592, -73.940449], [40.818508, -73.940482], [40.81843, -73.940537], [40.818362, -73.940611], [40.818307, -73.940701], [40.818265, -73.940803], [40.818239, -73.940914], [40.818231, -73.94103], [40.818239, -73.941146]]"
ffad0c0e-67e7-4d7e-85d2-9ec964aa0b57,Review Warning Zone 449,40.81997,-73.94058,0.05,"[[40.819555, -73.940807], [40.819597, -73.940909], [40.819652, -73.940999], [40.81972, -73.941073], [40.819798, -73.941128], [40.819882, -73.941161], [40.81997, -73.941173], [40.820058, -73.941161], [40.820142, -73.941128], [40.82022, -73.941073], [40.820288, -73.940999], [40.820343, -73.940909], [40.820385, -73.940807], [40.820411, -73.940696], [40.820419, -73.94058], [40.820411, -73.940464], [40.820385, -73.940353], [40.820343, -73.940251], [40.820288, -73.940161], [40.82022, -73.940087], [40.820142, -73.940032], [40.820058, -73.939999], [40.81997, -73.939987], [40.819882, -73.939999], [40.819798, -73.940032], [40.81972, -73.940087], [40.819652, -73.940161], [40.819597, -73.940251], [40.819555, -73.940353], [40.819529, -73.940464], [40.819521, -73.94058], [40.819529, -73.940696]]"
701c8c49-3cc6-4ded-8d56-07b173cccabf,Review Warning Zone 450,40.82114,-73.94141,0.05,"[[40.820767, -73.941739], [40.820822, -73.941829], [40.82089, -73.941903], [40.820968, -73.941958], [40.821052, -73.941991], [40.82114, -73.942003], [40.821228, -73.941991], [40.821312, -73.941958], [40.82139, -73.941903], [40.821458, -73.941829], [40.821513, -73.941739], [40.821555, -73.941637], [40.821581, -73.941526], [40.821589, -73.94141], [40.821581, -73.941294], [40.821555, -73.941183], [40.821513, -73.941081], [40.821458, -73.940991], [40.82139, -73.940917], [40.821312, -73.940862], [40.821228, -73.940829], [40.82114, -73.940817], [40.821052, -73.940829], [40.820968, -73.940862], [40.82089, -73.940917], [40.820822, -73.940991], [40.820767, -73.941081], [40.820725, -73.941183], [40.820699, -73.941294], [40.820691, -73.94141], [40.820699, -73.941526], [40.820725, -73.941637]]"
0bc626b3-f4f2-4957-b2ce-99646e25ce17,Review Warning Zone 451,40.82254,-73.93926,0.05,"[[40.822167, -73.939589], [40.822222, -73.939679], [40.82229, -73.939753], [40.822368, -73.939808], [40.822452, -73.939841], [40.82254, -73.939853], [40.822628, -73.939841], [40.822712, -73.939808], [40.82279, -73.939753], [40.822858, -73.939679], [40.822913, -73.939589], [40.822955, -73.939487], [40.822981, -73.939376], [40.822989, -73.93926], [40.822981, -73.939144], [40.822955, -73.939033], [40.822913, -73.938931], [40.822858, -73.938841], [40.82279, -73.938767], [40.822712, -73.938712], [40.822628, -73.938679], [40.82254, -73.938667], [40.822452, -73.938679], [40.822368, -73.938712], [40.82229, -73.938767], [40.822222, -73.938841], [40.822167, -73.938931], [40.822125, -73.939033], [40.822099, -73.939144], [40.822091, -73.93926], [40.822099, -73.939376], [40.822125, -73.939487]]"
9e4dbf72-c0c7-4de0-be81-3c980eb669b1,Review Warning Zone 452,40.82302,-73.94079,0.05,"[[40.822605, -73.941017], [40.822647, -73.941119], [40.822702, -73.941209], [40.82277, -73.941283], [40.822848, -73.941338], [40.822932, -73.941371], [40.82302, -73.941383], [40.823108, -73.941371], [40.823192, -73.941338], [40.82327, -73.941283], [40.823338, -73.941209], [40.823393, -73.941119], [40.823435, -73.941017], [40.823461, -73.940906], [40.823469, -73.94079], [40.823461, -73.940674], [40.823435, -73.940563], [40.823393, -73.940461], [40.823338, -73.940371], [40.82327, -73.940297], [40.823192, -73.940242], [40.823108, -73.940209], [40.82302, -73.940197], [40.822932, -73.940209], [40.822848, -73.940242], [40.82277, -73.940297], [40.822702, -73.940371], [40.822647, -73.940461], [40.822605, -73.940563], [40.822579, -73.940674], [40.822571, -73.94079], [40.822579, -73.940906]]"
809ccc98-4da6-442d-9db8-6650f4e0fa12,Review Warning Zone 453,40.82343,-73.93897,0.05,"[[40.823015, -73.939197], [40.823057, -73.939299], [40.823112, -73.939389], [40.82318, -73.939463], [40.823258, -73.939518], [40.823342, -73.939551], [40.82343, -73.939563], [40.823518, -73.939551], [40.823602, -73.939518], [40.82368, -73.939463], [40.823748, -73.939389], [40.823803, -73.939299], [40.823845, -73.939197], [40.823871, -73.939086], [40.823879, -73.93897], [40.823871, -73.938854], [40.823845, -73.938743], [40.823803, -73.938641], [40.823748, -73.938551], [40.82368, -73.938477], [40.823602, -73.938422], [40.823518, -73.938389], [40.82343, -73.938377], [40.823342, -73.938389], [40.823258, -73.938422], [40.82318, -73.938477], [40.823112, -73.938551], [40.823057, -73.938641], [40.823015, -73.938743], [40.822989, -73.938854], [40.822981, -73.93897], [40.822989, -73.939086]]"
b43e42c5-36a4-4e4c-a404-0fb4a66cc6c5,Review Warning Zone 454,40.82456,-73.94046,0.05,"[[40.824145, -73.940687], [40.824187, -73.940789], [40.824242, -73.940879], [40.82431, -73.940953], [40.824388, -73.941008], [40.824472, -73.941041], [40.82456, -73.941053], [40.824648, -73.941041], [40.824732, -73.941008], [40.82481, -73.940953], [40.824878, -73.940879], [40.824933, -73.940789], [40.824975, -73.940687], [40.825001, -73.940576], [40.825009, -73.94046], [40.825001, -73.940344], [40.824975, -73.940233], [40.824933, -73.940131], [40.824878, -73.940041], [40.82481, -73.939967], [40.824732, -73.939912], [40.824648, -73.939879], [40.82456, -73.939867], [40.824472, -73.939879], [40.824388, -73.939912], [40.82431, -73.939967], [40.824242, -73.940041], [40.824187, -73.940131], [40.824145, -73.940233], [40.824119, -73.940344], [40.824111, -73.94046], [40.824119, -73.940576]]"
ae93c196-3f5c-4a4b-92dd-ca254a672bb9,Review Warning Zone 455,40.82625,-73.94097,0.05,"[[40.825877, -73.941299], [40.825932, -73.941389], [40.826, -73.941463], [40.826078, -73.941518], [40.826162, -73.941551], [40.82625, -73.941563], [40.826338, -73.941551], [40.826422, -73.941518], [40.8265, -73.941463], [40.826568, -73.941389], [40.826623, -73.941299], [40.826665, -73.941197], [40.826691, -73.941086], [40.826699, -73.94097], [40.826691, -73.940854], [40.826665, -73.940743], [40.826623, -73.940641], [40.826568, -73.940551], [40.8265, -73.940477], [40.826422, -73.940422], [40.826338, -73.940389], [40.82625, -73.940377], [40.826162, -73.940389], [40.826078, -73.940422], [40.826, -73.940477], [40.825932, -73.940551], [40.825877, -73.940641], [40.825835, -73.940743], [40.825809, -73.940854], [40.825801, -73.94097], [40.825809, -73.941086], [40.825835, -73.941197]]"
90c13c6d-96a4-48da-b5ab-f10f0769940e,Review Warning Zone 456,40.82668,-73.939305,0.084,"[[40.826017, -73.939499], [40.826072, -73.939589], [40.82614, -73.939663], [40.826218, -73.939718], [40.826302, -73.939751], [40.82639, -73.939763], [40.826478, -73.939751], [40.826562, -73.939718], [40.826573, -73.93971], [40.826597, -73.939769], [40.826652, -73.939859], [40.82672, -73.939933], [40.826798, -73.939988], [40.826882, -73.940021], [40.82697, -73.940033], [40.827058, -73.940021], [40.827142, -73.939988], [40.82722, -73.939933], [40.827288, -73.939859], [40.827343, -73.939769], [40.827385, -73.939667], [40.827411, -73.939556], [40.827419, -73.93944], [40.827411, -73.939324], [40.827385, -73.939213], [40.827343, -73.939111], [40.827288, -73.939021], [40.82722, -73.938947], [40.827142, -73.938892], [40.827058, -73.938859], [40.82697, -73.938847], [40.826882, -73.938859], [40.826798, -73.938892], [40.826787, -73.9389], [40.826763, -73.938841], [40.826708, -73.938751], [40.82664, -73.938677], [40.826562, -73.938622], [40.826478, -73.938589], [40.82639, -73.938577], [40.826302, -73.938589], [40.826218, -73.938622], [40.82614, -73.938677], [40.826072, -73.938751], [40.826017, -73.938841], [40.825975, -73.938943], [40.825949, -73.939054], [40.825941, -73.93917], [40.825949, -73.939286], [40.825975, -73.939397]]"
c1267ed1-33a0-4a29-ac99-33a5963b3c9f,Review Warning Zone 457,40.827782,-73.942351,0.115,"[[40.826935, -73.942107], [40.826977, -73.942209], [40.827032, -73.942299], [40.8271, -73.942373], [40.827178, -73.942428], [40.827244, -73.942454], [40.827247, -73.942459], [40.827302, -73.942549], [40.82737, -73.942623], [40.827448, -73.942678], [40.827532, -73.942711], [40.82762, -73.942723], [40.827708, -73.942711], [40.827792, -73.942678], [40.827795, -73.942675], [40.827779, -73.942744], [40.827771, -73.94286], [40.827779, -73.942976], [40.827805, -73.943087], [40.827847, -73.943189], [40.827902, -73.943279], [40.82797, -73.943353], [40.828048, -73.943408], [40.828132, -73.943441], [40.82822, -73.943453], [40.828308, -73.943441], [40.828392, -73.943408], [40.82847, -73.943353], [40.828538, -73.943279], [40.828593, -73.943189], [40.828635, -73.943087], [40.828661, -73.942976], [40.828669, -73.94286], [40.828661, -73.942744], [40.828635, -73.942633], [40.828593, -73.942531], [40.828538, -73.942441], [40.82847, -73.942367], [40.828392, -73.942312], [40.828308, -73.942279], [40.82822, -73.942267], [40.828132, -73.942279], [40.828048, -73.942312], [40.828045, -73.942315], [40.828061, -73.942246], [40.828069, -73.94213], [40.828061, -73.942014], [40.828035, -73.941903], [40.827993, -73.941801], [40.827938, -73.941711], [40.82787, -73.941637], [40.827792, -73.941582], [40.827726, -73.941556], [40.827723, -73.941551], [40.827668, -73.941461], [40.8276, -73.941387], [40.827522, -73.941332], [40.827438, -73.941299], [40.82735, -73.941287], [40.827262, -73.941299], [40.827178, -73.941332], [40.8271, -73.941387], [40.827032, -73.941461], [40.826977, -73.941551], [40.826935, -73.941653], [40.826909, -73.941764], [40.826901, -73.94188], [40.826909, -73.941996]]"
f7032974-fd87-42fc-b7c0-49a6fe9d3679,Review Warning Zone 458,40.8284,-73.93931,0.05,"[[40.828027, -73.939639], [40.828082, -73.939729], [40.82815, -73.939803], [40.828228, -73.939858], [40.828312, -73.939891], [40.8284, -73.939903], [40.828488, -73.939891], [40.828572, -73.939858], [40.82865, -73.939803], [40.828718, -73.939729], [40.828773, -73.939639], [40.828815, -73.939537], [40.828841, -73.939426], [40.828849, -73.93931], [40.828841, -73.939194], [40.828815, -73.939083], [40.828773, -73.938981], [40.828718, -73.938891], [40.82865, -73.938817], [40.828572, -73.938762], [40.828488, -73.938729], [40.8284, -73.938717], [40.828312, -73.938729], [40.828228, -73.938762], [40.82815, -73.938817], [40.828082, -73.938891], [40.828027, -73.938981], [40.827985, -73.939083], [40.827959, -73.939194], [40.827951, -73.93931], [40.827959, -73.939426], [40.827985, -73.939537]]"
d90556a9-9d6b-4ecb-9bbd-459ee5abf282,Review Warning Zone 459,40.8292,-73.94221,0.05,"[[40.828785, -73.942437], [40.828827, -73.942539], [40.828882, -73.942629], [40.82895, -73.942703], [40.829028, -73.942758], [40.829112, -73.942791], [40.8292, -73.942803], [40.829288, -73.942791], [40.829372, -73.942758], [40.82945, -73.942703], [40.829518, -73.942629], [40.829573, -73.942539], [40.829615, -73.942437], [40.829641, -73.942326], [40.829649, -73.94221], [40.829641, -73.942094], [40.829615, -73.941983], [40.829573, -73.941881], [40.829518, -73.941791], [40.82945, -73.941717], [40.829372, -73.941662], [40.829288, -73.941629], [40.8292, -73.941617], [40.829112, -73.941629], [40.829028, -73.941662], [40.82895, -73.941717], [40.828882, -73.941791], [40.828827, -73.941881], [40.828785, -73.941983], [40.828759, -73.942094], [40.828751, -73.94221], [40.828759, -73.942326]]"
e0a17470-7934-4fcb-b768-db2ff7dc8972,Review Warning Zone 460,40.8316,-73.94091,0.05,"[[40.831227, -73.941239], [40.831282, -73.941329], [40.83135, -73.941403], [40.831428, -73.941458], [40.831512, -73.941491], [40.8316, -73.941503], [40.831688, -73.941491], [40.831772, -73.941458], [40.83185, -73.941403], [40.831918, -73.941329], [40.831973, -73.941239], [40.832015, -73.941137], [40.832041, -73.941026], [40.832049, -73.94091], [40.832041, -73.940794], [40.832015, -73.940683], [40.831973, -73.940581], [40.831918, -73.940491], [40.83185, -73.940417], [40.831772, -73.940362], [40.831688, -73.940329], [40.8316, -73.940317], [40.831512, -73.940329], [40.831428, -73.940362], [40.83135, -73.940417], [40.831282, -73.940491], [40.831227, -73.940581], [40.831185, -73.940683], [40.831159, -73.940794], [40.831151, -73.94091], [40.831159, -73.941026], [40.831185, -73.941137]]"
97764571-1403-4391-858f-25f589abf01a,Review Warning Zone 461,40.83308,-73.94103,0.05,"[[40.832707, -73.941359], [40.832762, -73.941449], [40.83283, -73.941523], [40.832908, -73.941578], [40.832992, -73.941611], [40.83308, -73.941623], [40.833168, -73.941611], [40.833252, -73.941578], [40.83333, -73.941523], [40.833398, -73.941449], [40.833453, -73.941359], [40.833495, -73.941257], [40.833521, -73.941146], [40.833529, -73.94103], [40.833521, -73.940914], [40.833495, -73.940803], [40.833453, -73.940701], [40.833398, -73.940611], [40.83333, -73.940537], [40.833252, -73.940482], [40.833168, -73.940449], [40.83308, -73.940437], [40.832992, -73.940449], [40.832908, -73.940482], [40.83283, -73.940537], [40.832762, -73.940611], [40.832707, -73.940701], [40.832665, -73.940803], [40.832639, -73.940914], [40.832631, -73.94103], [40.832639, -73.941146], [40.832665, -73.941257]]"
31a286bc-0836-4bb7-bf28-99009a33ca1c,Review Warning Zone 462,40.83338,-73.94326,0.05,"[[40.832965, -73.943487], [40.833007, -73.943589], [40.833062, -73.943679], [40.83313, -73.943753], [40.833208, -73.943808], [40.833292, -73.943841], [40.83338, -73.943853], [40.833468, -73.943841], [40.833552, -73.943808], [40.83363, -73.943753], [40.833698, -73.943679], [40.833753, -73.943589], [40.833795, -73.943487], [40.833821, -73.943376], [40.833829, -73.94326], [40.833821, -73.943144], [40.833795, -73.943033], [40.833753, -73.942931], [40.833698, -73.942841], [40.83363, -73.942767], [40.833552, -73.942712], [40.833468, -73.942679], [40.83338, -73.942667], [40.833292, -73.942679], [40.833208, -73.942712], [40.83313, -73.942767], [40.833062, -73.942841], [40.833007, -73.942931], [40.832965, -73.943033], [40.832939, -73.943144], [40.832931, -73.94326], [40.832939, -73.943376]]"
0e52f720-dd4a-4207-94a8-90462a10f6da,Review Warning Zone 463,40.83869,-73.94061,0.05,"[[40.838317, -73.940939], [40.838372, -73.941029], [40.83844, -73.941103], [40.838518, -73.941158], [40.838602, -73.941191], [40.83869, -73.941203], [40.838778, -73.941191], [40.838862, -73.941158], [40.83894, -73.941103], [40.839008, -73.941029], [40.839063, -73.940939], [40.839105, -73.940837], [40.839131, -73.940726], [40.839139, -73.94061], [40.839131, -73.940494], [40.839105, -73.940383], [40.839063, -73.940281], [40.839008, -73.940191], [40.83894, -73.940117], [40.838862, -73.940062], [40.838778, -73.940029], [40.83869, -73.940017], [40.838602, -73.940029], [40.838518, -73.940062], [40.83844, -73.940117], [40.838372, -73.940191], [40.838317, -73.940281], [40.838275, -73.940383], [40.838249, -73.940494], [40.838241, -73.94061], [40.838249, -73.940726], [40.838275, -73.940837]]"
523653e5-50f3-43fa-815e-41646e8113dc,Review Warning Zone 464,40.84187,-73.93908,0.05,"[[40.841497, -73.939409], [40.841552, -73.939499], [40.84162, -73.939573], [40.841698, -73.939628], [40.841782, -73.939661], [40.84187, -73.939673], [40.841958, -73.939661], [40.842042, -73.939628], [40.84212, -73.939573], [40.842188, -73.939499], [40.842243, -73.939409], [40.842285, -73.939307], [40.842311, -73.939196], [40.842319, -73.93908], [40.842311, -73.938964], [40.842285, -73.938853], [40.842243, -73.938751], [40.842188, -73.938661], [40.84212, -73.938587], [40.842042, -73.938532], [40.841958, -73.938499], [40.84187, -73.938487], [40.841782, -73.938499], [40.841698, -73.938532], [40.84162, -73.938587], [40.841552, -73.938661], [40.841497, -73.938751], [40.841455, -73.938853], [40.841429, -73.938964], [40.841421, -73.93908], [40.841429, -73.939196], [40.841455, -73.939307]]"
746b793c-7196-4c30-9929-05d31cf3ea45,Review Warning Zone 465,40.85002,-73.93937,0.05,"[[40.849605, -73.939597], [40.849647, -73.939699], [40.849702, -73.939789], [40.84977, -73.939863], [40.849848, -73.939918], [40.849932, -73.939951], [40.85002, -73.939963], [40.850108, -73.939951], [40.850192, -73.939918], [40.85027, -73.939863], [40.850338, -73.939789], [40.850393, -73.939699], [40.850435, -73.939597], [40.850461, -73.939486], [40.850469, -73.93937], [40.850461, -73.939254], [40.850435, -73.939143], [40.850393, -73.939041], [40.850338, -73.938951], [40.85027, -73.938877], [40.850192, -73.938822], [40.850108, -73.938789], [40.85002, -73.938777], [40.849932, -73.938789], [40.849848, -73.938822], [40.84977, -73.938877], [40.849702, -73.938951], [40.849647, -73.939041], [40.849605, -73.939143], [40.849579, -73.939254], [40.849571, -73.93937], [40.849579, -73.939486]]"
599474a8-24bf-46b9-8835-d565360ed973,Review Warning Zone 466,40.64531,-73.93415,0.05,"[[40.644895, -73.934377], [40.644937, -73.934479], [40.644992, -73.934569], [40.64506, -73.934643], [40.645138, -73.934698], [40.645222, -73.934731], [40.64531, -73.934743], [40.645398, -73.934731], [40.645482, -73.934698], [40.64556, -73.934643], [40.645628, -73.934569], [40.645683, -73.934479], [40.645725, -73.934377], [40.645751, -73.934266], [40.645759, -73.93415], [40.645751, -73.934034], [40.645725, -73.933923], [40.645683, -73.933821], [40.645628, -73.933731], [40.64556, -73.933657], [40.645482, -73.933602], [40.645398, -73.933569], [40.64531, -73.933557], [40.645222, -73.933569], [40.645138, -73.933602], [40.64506, -73.933657], [40.644992, -73.933731], [40.644937, -73.933821], [40.644895, -73.933923], [40.644869, -73.934034], [40.644861, -73.93415], [40.644869, -73.934266]]"
3327942e-77c8-4629-8289-2231a53791d6,Review Warning Zone 467,40.64937,-73.93525,0.05,"[[40.648955, -73.935477], [40.648997, -73.935579], [40.649052, -73.935669], [40.64912, -73.935743], [40.649198, -73.935798], [40.649282, -73.935831], [40.64937, -73.935843], [40.649458, -73.935831], [40.649542, -73.935798], [40.64962, -73.935743], [40.649688, -73.935669], [40.649743, -73.935579], [40.649785, -73.935477], [40.649811, -73.935366], [40.649819, -73.93525], [40.649811, -73.935134], [40.649785, -73.935023], [40.649743, -73.934921], [40.649688, -73.934831], [40.64962, -73.934757], [40.649542, -73.934702], [40.649458, -73.934669], [40.64937, -73.934657], [40.649282, -73.934669], [40.649198, -73.934702], [40.64912, -73.934757], [40.649052, -73.934831], [40.648997, -73.934921], [40.648955, -73.935023], [40.648929, -73.935134], [40.648921, -73.93525], [40.648929, -73.935366]]"
2e5111b3-8b01-4906-bf32-642f8ec4c35a,Review Warning Zone 468,40.66616,-73.93288,0.05,"[[40.665787, -73.933209], [40.665842, -73.933299], [40.66591, -73.933373], [40.665988, -73.933428], [40.666072, -73.933461], [40.66616, -73.933473], [40.666248, -73.933461], [40.666332, -73.933428], [40.66641, -73.933373], [40.666478, -73.933299], [40.666533, -73.933209], [40.666575, -73.933107], [40.666601, -73.932996], [40.666609, -73.93288], [40.666601, -73.932764], [40.666575, -73.932653], [40.666533, -73.932551], [40.666478, -73.932461], [40.66641, -73.932387], [40.666332, -73.932332], [40.666248, -73.932299], [40.66616, -73.932287], [40.666072, -73.932299], [40.665988, -73.932332], [40.66591, -73.932387], [40.665842, -73.932461], [40.665787, -73.932551], [40.665745, -73.932653], [40.665719, -73.932764], [40.665711, -73.93288], [40.665719, -73.932996], [40.665745, -73.933107]]"
e5f41f17-f037-4476-ad1d-6ad68a3a8d91,Review Warning Zone 469,40.66759,-73.93599,0.05,"[[40.667217, -73.936319], [40.667272, -73.936409], [40.66734, -73.936483], [40.667418, -73.936538], [40.667502, -73.936571], [40.66759, -73.936583], [40.667678, -73.936571], [40.667762, -73.936538], [40.66784, -73.936483], [40.667908, -73.936409], [40.667963, -73.936319], [40.668005, -73.936217], [40.668031, -73.936106], [40.668039, -73.93599], [40.668031, -73.935874], [40.668005, -73.935763], [40.667963, -73.935661], [40.667908, -73.935571], [40.66784, -73.935497], [40.667762, -73.935442], [40.667678, -73.935409], [40.66759, -73.935397], [40.667502, -73.935409], [40.667418, -73.935442], [40.66734, -73.935497], [40.667272, -73.935571], [40.667217, -73.935661], [40.667175, -73.935763], [40.667149, -73.935874], [40.667141, -73.93599], [40.667149, -73.936106], [40.667175, -73.936217]]"
075d0074-1eeb-45f7-a047-41c82962455a,Review Warning Zone 470,40.67026,-73.93575,0.05,"[[40.669845, -73.935977], [40.669887, -73.936079], [40.669942, -73.936169], [40.67001, -73.936243], [40.670088, -73.936298], [40.670172, -73.936331], [40.67026, -73.936343], [40.670348, -73.936331], [40.670432, -73.936298], [40.67051, -73.936243], [40.670578, -73.936169], [40.670633, -73.936079], [40.670675, -73.935977], [40.670701, -73.935866], [40.670709, -73.93575], [40.670701, -73.935634], [40.670675, -73.935523], [40.670633, -73.935421], [40.670578, -73.935331], [40.67051, -73.935257], [40.670432, -73.935202], [40.670348, -73.935169], [40.67026, -73.935157], [40.670172, -73.935169], [40.670088, -73.935202], [40.67001, -73.935257], [40.669942, -73.935331], [40.669887, -73.935421], [40.669845, -73.935523], [40.669819, -73.935634], [40.669811, -73.93575], [40.669819, -73.935866]]"
95eb9885-ce4f-4de9-9810-6456f86d97f6,Review Warning Zone 471,40.67056,-73.93422,0.05,"[[40.670145, -73.934447], [40.670187, -73.934549], [40.670242, -73.934639], [40.67031, -73.934713], [40.670388, -73.934768], [40.670472, -73.934801], [40.67056, -73.934813], [40.670648, -73.934801], [40.670732, -73.934768], [40.67081, -73.934713], [40.670878, -73.934639], [40.670933, -73.934549], [40.670975, -73.934447], [40.671001, -73.934336], [40.671009, -73.93422], [40.671001, -73.934104], [40.670975, -73.933993], [40.670933, -73.933891], [40.670878, -73.933801], [40.67081, -73.933727], [40.670732, -73.933672], [40.670648, -73.933639], [40.67056, -73.933627], [40.670472, -73.933639], [40.670388, -73.933672], [40.67031, -73.933727], [40.670242, -73.933801], [40.670187, -73.933891], [40.670145, -73.933993], [40.670119, -73.934104], [40.670111, -73.93422], [40.670119, -73.934336]]"
0d7f291d-044f-4423-a13f-0e754710e68b,Review Warning Zone 472,40.67116,-73.93293,0.05,"[[40.670745, -73.933157], [40.670787, -73.933259], [40.670842, -73.933349], [40.67091, -73.933423], [40.670988, -73.933478], [40.671072, -73.933511], [40.67116, -73.933523], [40.671248, -73.933511], [40.671332, -73.933478], [40.67141, -73.933423], [40.671478, -73.933349], [40.671533, -73.933259], [40.671575, -73.933157], [40.671601, -73.933046], [40.671609, -73.93293], [40.671601, -73.932814], [40.671575, -73.932703], [40.671533, -73.932601], [40.671478, -73.932511], [40.67141, -73.932437], [40.671332, -73.932382], [40.671248, -73.932349], [40.67116, -73.932337], [40.671072, -73.932349], [40.670988, -73.932382], [40.67091, -73.932437], [40.670842, -73.932511], [40.670787, -73.932601], [40.670745, -73.932703], [40.670719, -73.932814], [40.670711, -73.93293], [40.670719, -73.933046]]"
12784368-cab9-40ce-b4be-8a5348f1f34f,Review Warning Zone 473,40.67561,-73.93766,0.05,"[[40.675237, -73.937989], [40.675292, -73.938079], [40.67536, -73.938153], [40.675438, -73.938208], [40.675522, -73.938241], [40.67561, -73.938253], [40.675698, -73.938241], [40.675782, -73.938208], [40.67586, -73.938153], [40.675928, -73.938079], [40.675983, -73.937989], [40.676025, -73.937887], [40.676051, -73.937776], [40.676059, -73.93766], [40.676051, -73.937544], [40.676025, -73.937433], [40.675983, -73.937331], [40.675928, -73.937241], [40.67586, -73.937167], [40.675782, -73.937112], [40.675698, -73.937079], [40.67561, -73.937067], [40.675522, -73.937079], [40.675438, -73.937112], [40.67536, -73.937167], [40.675292, -73.937241], [40.675237, -73.937331], [40.675195, -73.937433], [40.675169, -73.937544], [40.675161, -73.93766], [40.675169, -73.937776], [40.675195, -73.937887]]"
612cf2ee-52ef-4f15-a7fb-093a3577dc13,Review Warning Zone 474,40.67985,-73.93668,0.05,"[[40.679477, -73.937009], [40.679532, -73.937099], [40.6796, -73.937173], [40.679678, -73.937228], [40.679762, -73.937261], [40.67985, -73.937273], [40.679938, -73.937261], [40.680022, -73.937228], [40.6801, -73.937173], [40.680168, -73.937099], [40.680223, -73.937009], [40.680265, -73.936907], [40.680291, -73.936796], [40.680299, -73.93668], [40.680291, -73.936564], [40.680265, -73.936453], [40.680223, -73.936351], [40.680168, -73.936261], [40.6801, -73.936187], [40.680022, -73.936132], [40.679938, -73.936099], [40.67985, -73.936087], [40.679762, -73.936099], [40.679678, -73.936132], [40.6796, -73.936187], [40.679532, -73.936261], [40.679477, -73.936351], [40.679435, -73.936453], [40.679409, -73.936564], [40.679401, -73.93668], [40.679409, -73.936796], [40.679435, -73.936907]]"
fde7a26d-354e-44c6-9033-19ca84310e1d,Review Warning Zone 475,40.68062,-73.93753,0.05,"[[40.680205, -73.937757], [40.680247, -73.937859], [40.680302, -73.937949], [40.68037, -73.938023], [40.680448, -73.938078], [40.680532, -73.938111], [40.68062, -73.938123], [40.680708, -73.938111], [40.680792, -73.938078], [40.68087, -73.938023], [40.680938, -73.937949], [40.680993, -73.937859], [40.681035, -73.937757], [40.681061, -73.937646], [40.681069, -73.93753], [40.681061, -73.937414], [40.681035, -73.937303], [40.680993, -73.937201], [40.680938, -73.937111], [40.68087, -73.937037], [40.680792, -73.936982], [40.680708, -73.936949], [40.68062, -73.936937], [40.680532, -73.936949], [40.680448, -73.936982], [40.68037, -73.937037], [40.680302, -73.937111], [40.680247, -73.937201], [40.680205, -73.937303], [40.680179, -73.937414], [40.680171, -73.93753], [40.680179, -73.937646]]"
bce8c5b3-3218-4339-9759-cf394b4342ac,Review Warning Zone 476,40.684973,-73.935564,0.149,"[[40.683715, -73.935607], [40.683757, -73.935709], [40.683812, -73.935799], [40.68388, -73.935873], [40.683958, -73.935928], [40.684042, -73.935961], [40.68413, -73.935973], [40.684218, -73.935961], [40.684302, -73.935928], [40.68438, -73.935873], [40.684425, -73.935823], [40.684405, -73.935873], [40.684379, -73.935984], [40.684371, -73.9361], [40.684379, -73.936216], [40.684405, -73.936327], [40.684447, -73.936429], [40.684502, -73.936519], [40.68457, -73.936593], [40.684648, -73.936648], [40.684732, -73.936681], [40.68482, -73.936693], [40.684908, -73.936681], [40.684992, -73.936648], [40.68507, -73.936593], [40.685118, -73.936541], [40.685119, -73.936566], [40.685145, -73.936677], [40.685187, -73.936779], [40.685242, -73.936869], [40.68531, -73.936943], [40.685388, -73.936998], [40.685472, -73.937031], [40.68556, -73.937043], [40.685648, -73.937031], [40.685732, -73.936998], [40.68581, -73.936943], [40.685878, -73.936869], [40.685933, -73.936779], [40.685975, -73.936677], [40.686001, -73.936566], [40.686009, -73.93645], [40.686001, -73.936334], [40.685975, -73.936223], [40.685933, -73.936121], [40.685878, -73.936031], [40.68581, -73.935957], [40.685732, -73.935902], [40.685648, -73.935869], [40.68556, -73.935857], [40.685472, -73.935869], [40.685388, -73.935902], [40.68531, -73.935957], [40.685262, -73.936009], [40.685261, -73.935984], [40.685235, -73.935873], [40.685193, -73.935771], [40.685138, -73.935681], [40.68507, -73.935607], [40.684992, -73.935552], [40.684908, -73.935519], [40.68482, -73.935507], [40.684732, -73.935519], [40.684648, -73.935552], [40.68457, -73.935607], [40.684525, -73.935657], [40.684545, -73.935607], [40.684571, -73.935496], [40.684579, -73.93538], [40.684571, -73.935264], [40.684554, -73.93519], [40.68462, -73.935263], [40.684698, -73.935318], [40.684782, -73.935351], [40.68487, -73.935363], [40.684958, -73.935351], [40.685042, -73.935318], [40.6851, -73.935276], [40.685105, -73.935297], [40.685147, -73.935399], [40.685202, -73.935489], [40.68527, -73.935563], [40.685348, -73.935618], [40.685432, -73.935651], [40.68552, -73.935663], [40.685608, -73.935651], [40.685692, -73.935618], [40.68577, -73.935563], [40.685838, -73.935489], [40.685893, -73.935399], [40.685935, -73.935297], [40.685961, -73.935186], [40.685969, -73.93507], [40.685961, -73.934954], [40.685935, -73.934843], [40.685893, -73.934741], [40.685838, -73.934651], [40.68577, -73.934577], [40.685692, -73.934522], [40.685608, -73.934489], [40.68552, -73.934477], [40.685432, -73.934489], [40.685348, -73.934522], [40.68529, -73.934564], [40.685285, -73.934543], [40.685243, -73.934441], [40.685188, -73.934351], [40.68512, -73.934277], [40.685042, -73.934222], [40.684958, -73.934189], [40.68487, -73.934177], [40.684782, -73.934189], [40.684698, -73.934222], [40.68462, -73.934277], [40.684552, -73.934351], [40.684497, -73.934441], [40.684455, -73.934543], [40.684429, -73.934654], [40.684421, -73.93477], [40.684429, -73.934886], [40.684446, -73.93496], [40.68438, -73.934887], [40.684302, -73.934832], [40.684218, -73.934799], [40.68413, -73.934787], [40.684042, -73.934799], [40.683958, -73.934832], [40.68388, -73.934887], [40.683812, -73.934961], [40.683757, -73.935051], [40.683715, -73.935153], [40.683689, -73.935264], [40.683681, -73.93538], [40.683689, -73.935496]]"
29ba4c73-affd-4446-b09e-25e111eb751e,Review Warning Zone 477,40.685046,-73.938282,0.083,"[[40.684645, -73.938443], [40.684619, -73.938554], [40.684611, -73.93867], [40.684619, -73.938786], [40.684645, -73.938897], [40.684687, -73.938999], [40.684742, -73.939089], [40.68481, -73.939163], [40.684888, -73.939218], [40.684972, -73.939251], [40.68506, -73.939263], [40.685148, -73.939251], [40.685232, -73.939218], [40.68531, -73.939163], [40.685378, -73.939089], [40.685433, -73.938999], [40.685475, -73.938897], [40.685501, -73.938786], [40.685509, -73.93867], [40.685501, -73.938554], [40.685475, -73.938443], [40.685433, -73.938341], [40.685403, -73.938291], [40.685425, -73.938237], [40.685431, -73.938211], [40.685465, -73.938127], [40.685491, -73.938016], [40.685499, -73.9379], [40.685491, -73.937784], [40.685465, -73.937673], [40.685423, -73.937571], [40.685368, -73.937481], [40.6853, -73.937407], [40.685222, -73.937352], [40.685138, -73.937319], [40.68505, -73.937307], [40.684962, -73.937319], [40.684878, -73.937352], [40.6848, -73.937407], [40.684732, -73.937481], [40.684677, -73.937571], [40.684635, -73.937673], [40.684629, -73.937699], [40.684595, -73.937783], [40.684569, -73.937894], [40.684561, -73.93801], [40.684569, -73.938126], [40.684595, -73.938237], [40.684637, -73.938339], [40.684667, -73.938389]]"
eeff22b2-c989-4a30-862b-4bf1ed1c10dc,Review Warning Zone 478,40.68663,-73.93792,0.05,"[[40.686257, -73.938249], [40.686312, -73.938339], [40.68638, -73.938413], [40.686458, -73.938468], [40.686542, -73.938501], [40.68663, -73.938513], [40.686718, -73.938501], [40.686802, -73.938468], [40.68688, -73.938413], [40.686948, -73.938339], [40.687003, -73.938249], [40.687045, -73.938147], [40.687071, -73.938036], [40.687079, -73.93792], [40.687071, -73.937804], [40.687045, -73.937693], [40.687003, -73.937591], [40.686948, -73.937501], [40.68688, -73.937427], [40.686802, -73.937372], [40.686718, -73.937339], [40.68663, -73.937327], [40.686542, -73.937339], [40.686458, -73.937372], [40.68638, -73.937427], [40.686312, -73.937501], [40.686257, -73.937591], [40.686215, -73.937693], [40.686189, -73.937804], [40.686181, -73.93792], [40.686189, -73.938036], [40.686215, -73.938147]]"
666024db-8c8e-46ab-b88e-7630ccba4e6d,Review Warning Zone 479,40.68744,-73.93659,0.05,"[[40.687025, -73.936817], [40.687067, -73.936919], [40.687122, -73.937009], [40.68719, -73.937083], [40.687268, -73.937138], [40.687352, -73.937171], [40.68744, -73.937183], [40.687528, -73.937171], [40.687612, -73.937138], [40.68769, -73.937083], [40.687758, -73.937009], [40.687813, -73.936919], [40.687855, -73.936817], [40.687881, -73.936706], [40.687889, -73.93659], [40.687881, -73.936474], [40.687855, -73.936363], [40.687813, -73.936261], [40.687758, -73.936171], [40.68769, -73.936097], [40.687612, -73.936042], [40.687528, -73.936009], [40.68744, -73.935997], [40.687352, -73.936009], [40.687268, -73.936042], [40.68719, -73.936097], [40.687122, -73.936171], [40.687067, -73.936261], [40.687025, -73.936363], [40.686999, -73.936474], [40.686991, -73.93659], [40.686999, -73.936706]]"
0e261873-7240-4a36-9efd-b7c0cb8d945c,Review Warning Zone 480,40.68871,-73.9377,0.05,"[[40.688295, -73.937927], [40.688337, -73.938029], [40.688392, -73.938119], [40.68846, -73.938193], [40.688538, -73.938248], [40.688622, -73.938281], [40.68871, -73.938293], [40.688798, -73.938281], [40.688882, -73.938248], [40.68896, -73.938193], [40.689028, -73.938119], [40.689083, -73.938029], [40.689125, -73.937927], [40.689151, -73.937816], [40.689159, -73.9377], [40.689151, -73.937584], [40.689125, -73.937473], [40.689083, -73.937371], [40.689028, -73.937281], [40.68896, -73.937207], [40.688882, -73.937152], [40.688798, -73.937119], [40.68871, -73.937107], [40.688622, -73.937119], [40.688538, -73.937152], [40.68846, -73.937207], [40.688392, -73.937281], [40.688337, -73.937371], [40.688295, -73.937473], [40.688269, -73.937584], [40.688261, -73.9377], [40.688269, -73.937816]]"
52958112-196e-4f9d-84dc-6f1ddc6f6a0f,Review Warning Zone 481,40.6895,-73.93589,0.05,"[[40.689085, -73.936117], [40.689127, -73.936219], [40.689182, -73.936309], [40.68925, -73.936383], [40.689328, -73.936438], [40.689412, -73.936471], [40.6895, -73.936483], [40.689588, -73.936471], [40.689672, -73.936438], [40.68975, -73.936383], [40.689818, -73.936309], [40.689873, -73.936219], [40.689915, -73.936117], [40.689941, -73.936006], [40.689949, -73.93589], [40.689941, -73.935774], [40.689915, -73.935663], [40.689873, -73.935561], [40.689818, -73.935471], [40.68975, -73.935397], [40.689672, -73.935342], [40.689588, -73.935309], [40.6895, -73.935297], [40.689412, -73.935309], [40.689328, -73.935342], [40.68925, -73.935397], [40.689182, -73.935471], [40.689127, -73.935561], [40.689085, -73.935663], [40.689059, -73.935774], [40.689051, -73.93589], [40.689059, -73.936006]]"
5d7c241d-9c6c-4531-8f98-480dd2292df1,Review Warning Zone 482,40.69002,-73.9342,0.05,"[[40.689647, -73.934529], [40.689702, -73.934619], [40.68977, -73.934693], [40.689848, -73.934748], [40.689932, -73.934781], [40.69002, -73.934793], [40.690108, -73.934781], [40.690192, -73.934748], [40.69027, -73.934693], [40.690338, -73.934619], [40.690393, -73.934529], [40.690435, -73.934427], [40.690461, -73.934316], [40.690469, -73.9342], [40.690461, -73.934084], [40.690435, -73.933973], [40.690393, -73.933871], [40.690338, -73.933781], [40.69027, -73.933707], [40.690192, -73.933652], [40.690108, -73.933619], [40.69002, -73.933607], [40.689932, -73.933619], [40.689848, -73.933652], [40.68977, -73.933707], [40.689702, -73.933781], [40.689647, -73.933871], [40.689605, -73.933973], [40.689579, -73.934084], [40.689571, -73.9342], [40.689579, -73.934316], [40.689605, -73.934427]]"
f1cb1a38-069a-4a96-b001-4ca2066733ce,Review Warning Zone 483,40.69044,-73.937465,0.081,"[[40.689797, -73.937869], [40.689852, -73.937959], [40.68992, -73.938033], [40.689998, -73.938088], [40.690082, -73.938121], [40.69017, -73.938133], [40.690258, -73.938121], [40.690342, -73.938088], [40.69042, -73.938033], [40.690488, -73.937959], [40.690512, -73.937919], [40.690538, -73.937938], [40.690622, -73.937971], [40.69071, -73.937983], [40.690798, -73.937971], [40.690882, -73.937938], [40.69096, -73.937883], [40.691028, -73.937809], [40.691083, -73.937719], [40.691125, -73.937617], [40.691151, -73.937506], [40.691159, -73.93739], [40.691151, -73.937274], [40.691125, -73.937163], [40.691083, -73.937061], [40.691028, -73.936971], [40.69096, -73.936897], [40.690882, -73.936842], [40.690798, -73.936809], [40.69071, -73.936797], [40.690622, -73.936809], [40.690538, -73.936842], [40.69046, -73.936897], [40.690392, -73.936971], [40.690368, -73.937011], [40.690342, -73.936992], [40.690258, -73.936959], [40.69017, -73.936947], [40.690082, -73.936959], [40.689998, -73.936992], [40.68992, -73.937047], [40.689852, -73.937121], [40.689797, -73.937211], [40.689755, -73.937313], [40.689729, -73.937424], [40.689721, -73.93754], [40.689729, -73.937656], [40.689755, -73.937767]]"
f45f5394-83d5-4125-8e64-e978d778e048,Review Warning Zone 484,40.69149,-73.93662,0.05,"[[40.691075, -73.936847], [40.691117, -73.936949], [40.691172, -73.937039], [40.69124, -73.937113], [40.691318, -73.937168], [40.691402, -73.937201], [40.69149, -73.937213], [40.691578, -73.937201], [40.691662, -73.937168], [40.69174, -73.937113], [40.691808, -73.937039], [40.691863, -73.936949], [40.691905, -73.936847], [40.691931, -73.936736], [40.691939, -73.93662], [40.691931, -73.936504], [40.691905, -73.936393], [40.691863, -73.936291], [40.691808, -73.936201], [40.69174, -73.936127], [40.691662, -73.936072], [40.691578, -73.936039], [40.69149, -73.936027], [40.691402, -73.936039], [40.691318, -73.936072], [40.69124, -73.936127], [40.691172, -73.936201], [40.691117, -73.936291], [40.691075, -73.936393], [40.691049, -73.936504], [40.691041, -73.93662], [40.691049, -73.936736]]"
dfc93c07-8cf3-4066-a1a3-7b56cc5657a9,Review Warning Zone 485,40.69471,-73.937155,0.076,"[[40.694065, -73.937447], [40.694107, -73.937549], [40.694162, -73.937639], [40.69423, -73.937713], [40.694308, -73.937768], [40.694392, -73.937801], [40.69448, -73.937813], [40.694568, -73.937801], [40.694652, -73.937768], [40.69473, -73.937713], [40.694791, -73.937647], [40.694852, -73.937671], [40.69494, -73.937683], [40.695028, -73.937671], [40.695112, -73.937638], [40.69519, -73.937583], [40.695258, -73.937509], [40.695313, -73.937419], [40.695355, -73.937317], [40.695381, -73.937206], [40.695389, -73.93709], [40.695381, -73.936974], [40.695355, -73.936863], [40.695313, -73.936761], [40.695258, -73.936671], [40.69519, -73.936597], [40.695112, -73.936542], [40.695028, -73.936509], [40.69494, -73.936497], [40.694852, -73.936509], [40.694768, -73.936542], [40.69469, -73.936597], [40.694629, -73.936663], [40.694568, -73.936639], [40.69448, -73.936627], [40.694392, -73.936639], [40.694308, -73.936672], [40.69423, -73.936727], [40.694162, -73.936801], [40.694107, -73.936891], [40.694065, -73.936993], [40.694039, -73.937104], [40.694031, -73.93722], [40.694039, -73.937336]]"
e42a6aef-9ea1-45e5-8954-6748fd78eb83,Review Warning Zone 486,40.695633,-73.934805,0.105,"[[40.694857, -73.935519], [40.694912, -73.935609], [40.69498, -73.935683], [40.695058, -73.935738], [40.695142, -73.935771], [40.69523, -73.935783], [40.695318, -73.935771], [40.695402, -73.935738], [40.69548, -73.935683], [40.695548, -73.935609], [40.695603, -73.935519], [40.695626, -73.935463], [40.6957, -73.935473], [40.695788, -73.935461], [40.695872, -73.935428], [40.69595, -73.935373], [40.696018, -73.935299], [40.696073, -73.935209], [40.696115, -73.935107], [40.696141, -73.934996], [40.696147, -73.934903], [40.696162, -73.934898], [40.69624, -73.934843], [40.696308, -73.934769], [40.696363, -73.934679], [40.696405, -73.934577], [40.696431, -73.934466], [40.696439, -73.93435], [40.696431, -73.934234], [40.696405, -73.934123], [40.696363, -73.934021], [40.696308, -73.933931], [40.69624, -73.933857], [40.696162, -73.933802], [40.696078, -73.933769], [40.69599, -73.933757], [40.695902, -73.933769], [40.695818, -73.933802], [40.69574, -73.933857], [40.695672, -73.933931], [40.695617, -73.934021], [40.695575, -73.934123], [40.695549, -73.934234], [40.695543, -73.934327], [40.695528, -73.934332], [40.69545, -73.934387], [40.695382, -73.934461], [40.695327, -73.934551], [40.695304, -73.934607], [40.69523, -73.934597], [40.695142, -73.934609], [40.695058, -73.934642], [40.69498, -73.934697], [40.694912, -73.934771], [40.694857, -73.934861], [40.694815, -73.934963], [40.694789, -73.935074], [40.694781, -73.93519], [40.694789, -73.935306], [40.694815, -73.935417]]"
82542259-2dd1-4929-9958-d40eb958f4df,Review Warning Zone 487,40.69761,-73.93717,0.079,"[[40.696935, -73.937367], [40.696977, -73.937469], [40.697032, -73.937559], [40.6971, -73.937633], [40.697178, -73.937688], [40.697262, -73.937721], [40.69735, -73.937733], [40.697438, -73.937721], [40.697522, -73.937688], [40.697579, -73.937648], [40.69762, -73.937693], [40.697698, -73.937748], [40.697782, -73.937781], [40.69787, -73.937793], [40.697958, -73.937781], [40.698042, -73.937748], [40.69812, -73.937693], [40.698188, -73.937619], [40.698243, -73.937529], [40.698285, -73.937427], [40.698311, -73.937316], [40.698319, -73.9372], [40.698311, -73.937084], [40.698285, -73.936973], [40.698243, -73.936871], [40.698188, -73.936781], [40.69812, -73.936707], [40.698042, -73.936652], [40.697958, -73.936619], [40.69787, -73.936607], [40.697782, -73.936619], [40.697698, -73.936652], [40.697641, -73.936692], [40.6976, -73.936647], [40.697522, -73.936592], [40.697438, -73.936559], [40.69735, -73.936547], [40.697262, -73.936559], [40.697178, -73.936592], [40.6971, -73.936647], [40.697032, -73.936721], [40.696977, -73.936811], [40.696935, -73.936913], [40.696909, -73.937024], [40.696901, -73.93714], [40.696909, -73.937256]]"
e2a59228-1dc7-4369-a069-1aa4909a83bf,Review Warning Zone 488,40.69796,-73.93487,0.05,"[[40.697587, -73.935199], [40.697642, -73.935289], [40.69771, -73.935363], [40.697788, -73.935418], [40.697872, -73.935451], [40.69796, -73.935463], [40.698048, -73.935451], [40.698132, -73.935418], [40.69821, -73.935363], [40.698278, -73.935289], [40.698333, -73.935199], [40.698375, -73.935097], [40.698401, -73.934986], [40.698409, -73.93487], [40.698401, -73.934754], [40.698375, -73.934643], [40.698333, -73.934541], [40.698278, -73.934451], [40.69821, -73.934377], [40.698132, -73.934322], [40.698048, -73.934289], [40.69796, -73.934277], [40.697872, -73.934289], [40.697788, -73.934322], [40.69771, -73.934377], [40.697642, -73.934451], [40.697587, -73.934541], [40.697545, -73.934643], [40.697519, -73.934754], [40.697511, -73.93487], [40.697519, -73.934986], [40.697545, -73.935097]]"
ec25c0c1-48db-4b01-8038-b66a3087dae1,Review Warning Zone 489,40.70282,-73.93716,0.05,"[[40.702447, -73.937489], [40.702502, -73.937579], [40.70257, -73.937653], [40.702648, -73.937708], [40.702732, -73.937741], [40.70282, -73.937753], [40.702908, -73.937741], [40.702992, -73.937708], [40.70307, -73.937653], [40.703138, -73.937579], [40.703193, -73.937489], [40.703235, -73.937387], [40.703261, -73.937276], [40.703269, -73.93716], [40.703261, -73.937044], [40.703235, -73.936933], [40.703193, -73.936831], [40.703138, -73.936741], [40.70307, -73.936667], [40.702992, -73.936612], [40.702908, -73.936579], [40.70282, -73.936567], [40.702732, -73.936579], [40.702648, -73.936612], [40.70257, -73.936667], [40.702502, -73.936741], [40.702447, -73.936831], [40.702405, -73.936933], [40.702379, -73.937044], [40.702371, -73.93716], [40.702379, -73.937276], [40.702405, -73.937387]]"
70543862-eef2-410b-8766-6c70768bd4e6,Review Warning Zone 490,40.70287,-73.93583,0.05,"[[40.702455, -73.936057], [40.702497, -73.936159], [40.702552, -73.936249], [40.70262, -73.936323], [40.702698, -73.936378], [40.702782, -73.936411], [40.70287, -73.936423], [40.702958, -73.936411], [40.703042, -73.936378], [40.70312, -73.936323], [40.703188, -73.936249], [40.703243, -73.936159], [40.703285, -73.936057], [40.703311, -73.935946], [40.703319, -73.93583], [40.703311, -73.935714], [40.703285, -73.935603], [40.703243, -73.935501], [40.703188, -73.935411], [40.70312, -73.935337], [40.703042, -73.935282], [40.702958, -73.935249], [40.70287, -73.935237], [40.702782, -73.935249], [40.702698, -73.935282], [40.70262, -73.935337], [40.702552, -73.935411], [40.702497, -73.935501], [40.702455, -73.935603], [40.702429, -73.935714], [40.702421, -73.93583], [40.702429, -73.935946]]"
94f69f7b-6c09-4cd1-9b47-73e73084f2c6,Review Warning Zone 491,40.705547,-73.936677,0.05,"[[40.705132, -73.936904], [40.705173, -73.937006], [40.705229, -73.937096], [40.705297, -73.93717], [40.705375, -73.937225], [40.705459, -73.937258], [40.705547, -73.93727], [40.705634, -73.937258], [40.705718, -73.937225], [40.705796, -73.93717], [40.705864, -73.937096], [40.70592, -73.937006], [40.705962, -73.936904], [40.705987, -73.936793], [40.705996, -73.936677], [40.705987, -73.936561], [40.705962, -73.93645], [40.70592, -73.936348], [40.705864, -73.936258], [40.705796, -73.936184], [40.705718, -73.936129], [40.705634, -73.936096], [40.705547, -73.936084], [40.705459, -73.936096], [40.705375, -73.936129], [40.705297, -73.936184], [40.705229, -73.936258], [40.705173, -73.936348], [40.705132, -73.93645], [40.705106, -73.936561], [40.705097, -73.936677], [40.705106, -73.936793]]"
33d065c2-5672-4407-a89b-685a94d58639,Review Warning Zone 492,40.70657,-73.93664,0.05,"[[40.706155, -73.936867], [40.706197, -73.936969], [40.706252, -73.937059], [40.70632, -73.937133], [40.706398, -73.937188], [40.706482, -73.937221], [40.70657, -73.937233], [40.706658, -73.937221], [40.706742, -73.937188], [40.70682, -73.937133], [40.706888, -73.937059], [40.706943, -73.936969], [40.706985, -73.936867], [40.707011, -73.936756], [40.707019, -73.93664], [40.707011, -73.936524], [40.706985, -73.936413], [40.706943, -73.936311], [40.706888, -73.936221], [40.70682, -73.936147], [40.706742, -73.936092], [40.706658, -73.936059], [40.70657, -73.936047], [40.706482, -73.936059], [40.706398, -73.936092], [40.70632, -73.936147], [40.706252, -73.936221], [40.706197, -73.936311], [40.706155, -73.936413], [40.706129, -73.936524], [40.706121, -73.93664], [40.706129, -73.936756]]"
bf7989f2-f926-40dc-9d51-5c43770a8bd6,Review Warning Zone 493,40.70689,-73.93855,0.05,"[[40.706517, -73.938879], [40.706572, -73.938969], [40.70664, -73.939043], [40.706718, -73.939098], [40.706802, -73.939131], [40.70689, -73.939143], [40.706978, -73.939131], [40.707062, -73.939098], [40.70714, -73.939043], [40.707208, -73.938969], [40.707263, -73.938879], [40.707305, -73.938777], [40.707331, -73.938666], [40.707339, -73.93855], [40.707331, -73.938434], [40.707305, -73.938323], [40.707263, -73.938221], [40.707208, -73.938131], [40.70714, -73.938057], [40.707062, -73.938002], [40.706978, -73.937969], [40.70689, -73.937957], [40.706802, -73.937969], [40.706718, -73.938002], [40.70664, -73.938057], [40.706572, -73.938131], [40.706517, -73.938221], [40.706475, -73.938323], [40.706449, -73.938434], [40.706441, -73.93855], [40.706449, -73.938666], [40.706475, -73.938777]]"
0ecd0bc2-aa0a-427a-bb7a-9bf0ca5a7309,Review Warning Zone 494,40.70813,-73.93279,0.05,"[[40.707757, -73.933119], [40.707812, -73.933209], [40.70788, -73.933283], [40.707958, -73.933338], [40.708042, -73.933371], [40.70813, -73.933383], [40.708218, -73.933371], [40.708302, -73.933338], [40.70838, -73.933283], [40.708448, -73.933209], [40.708503, -73.933119], [40.708545, -73.933017], [40.708571, -73.932906], [40.708579, -73.93279], [40.708571, -73.932674], [40.708545, -73.932563], [40.708503, -73.932461], [40.708448, -73.932371], [40.70838, -73.932297], [40.708302, -73.932242], [40.708218, -73.932209], [40.70813, -73.932197], [40.708042, -73.932209], [40.707958, -73.932242], [40.70788, -73.932297], [40.707812, -73.932371], [40.707757, -73.932461], [40.707715, -73.932563], [40.707689, -73.932674], [40.707681, -73.93279], [40.707689, -73.932906], [40.707715, -73.933017]]"
2580c8d2-e662-4374-9f6d-4af80668da85,Review Warning Zone 495,40.71389,-73.93677,0.05,"[[40.713475, -73.936997], [40.713517, -73.937099], [40.713572, -73.937189], [40.71364, -73.937263], [40.713718, -73.937318], [40.713802, -73.937351], [40.71389, -73.937363], [40.713978, -73.937351], [40.714062, -73.937318], [40.71414, -73.937263], [40.714208, -73.937189], [40.714263, -73.937099], [40.714305, -73.936997], [40.714331, -73.936886], [40.714339, -73.93677], [40.714331, -73.936654], [40.714305, -73.936543], [40.714263, -73.936441], [40.714208, -73.936351], [40.71414, -73.936277], [40.714062, -73.936222], [40.713978, -73.936189], [40.71389, -73.936177], [40.713802, -73.936189], [40.713718, -73.936222], [40.71364, -73.936277], [40.713572, -73.936351], [40.713517, -73.936441], [40.713475, -73.936543], [40.713449, -73.936654], [40.713441, -73.93677], [40.713449, -73.936886]]"
0cc4361f-11d6-4bf8-9d61-582943b66cef,Review Warning Zone 496,40.73589,-73.93488,0.05,"[[40.735475, -73.935107], [40.735517, -73.935209], [40.735572, -73.935299], [40.73564, -73.935373], [40.735718, -73.935428], [40.735802, -73.935461], [40.73589, -73.935473], [40.735978, -73.935461], [40.736062, -73.935428], [40.73614, -73.935373], [40.736208, -73.935299], [40.736263, -73.935209], [40.736305, -73.935107], [40.736331, -73.934996], [40.736339, -73.93488], [40.736331, -73.934764], [40.736305, -73.934653], [40.736263, -73.934551], [40.736208, -73.934461], [40.73614, -73.934387], [40.736062, -73.934332], [40.735978, -73.934299], [40.73589, -73.934287], [40.735802, -73.934299], [40.735718, -73.934332], [40.73564, -73.934387], [40.735572, -73.934461], [40.735517, -73.934551], [40.735475, -73.934653], [40.735449, -73.934764], [40.735441, -73.93488], [40.735449, -73.934996]]"
290a2e03-80e2-4bd1-9258-129cde1471db,Review Warning Zone 497,40.73594,-73.93319,0.05,"[[40.735525, -73.933417], [40.735567, -73.933519], [40.735622, -73.933609], [40.73569, -73.933683], [40.735768, -73.933738], [40.735852, -73.933771], [40.73594, -73.933783], [40.736028, -73.933771], [40.736112, -73.933738], [40.73619, -73.933683], [40.736258, -73.933609], [40.736313, -73.933519], [40.736355, -73.933417], [40.736381, -73.933306], [40.736389, -73.93319], [40.736381, -73.933074], [40.736355, -73.932963], [40.736313, -73.932861], [40.736258, -73.932771], [40.73619, -73.932697], [40.736112, -73.932642], [40.736028, -73.932609], [40.73594, -73.932597], [40.735852, -73.932609], [40.735768, -73.932642], [40.73569, -73.932697], [40.735622, -73.932771], [40.735567, -73.932861], [40.735525, -73.932963], [40.735499, -73.933074], [40.735491, -73.93319], [40.735499, -73.933306]]"
a7c6a44e-064e-4978-b39d-2002e4cea97a,Review Warning Zone 498,40.75093,-73.9353,0.05,"[[40.750557, -73.935629], [40.750612, -73.935719], [40.75068, -73.935793], [40.750758, -73.935848], [40.750842, -73.935881], [40.75093, -73.935893], [40.751018, -73.935881], [40.751102, -73.935848], [40.75118, -73.935793], [40.751248, -73.935719], [40.751303, -73.935629], [40.751345, -73.935527], [40.751371, -73.935416], [40.751379, -73.9353], [40.751371, -73.935184], [40.751345, -73.935073], [40.751303, -73.934971], [40.751248, -73.934881], [40.75118, -73.934807], [40.751102, -73.934752], [40.751018, -73.934719], [40.75093, -73.934707], [40.750842, -73.934719], [40.750758, -73.934752], [40.75068, -73.934807], [40.750612, -73.934881], [40.750557, -73.934971], [40.750515, -73.935073], [40.750489, -73.935184], [40.750481, -73.9353], [40.750489, -73.935416], [40.750515, -73.935527]]"
200a32df-cd30-4672-a824-495cc7f8912d,Review Warning Zone 499,40.752283,-73.935369,0.123,"[[40.751387, -73.936219], [40.751442, -73.936309], [40.75151, -73.936383], [40.751588, -73.936438], [40.751672, -73.936471], [40.75176, -73.936483], [40.751848, -73.936471], [40.751932, -73.936438], [40.75201, -73.936383], [40.752078, -73.936309], [40.752133, -73.936219], [40.752175, -73.936117], [40.752201, -73.936006], [40.752208, -73.935907], [40.752252, -73.935979], [40.75232, -73.936053], [40.752398, -73.936108], [40.752482, -73.936141], [40.75257, -73.936153], [40.752658, -73.936141], [40.752742, -73.936108], [40.75282, -73.936053], [40.752888, -73.935979], [40.752943, -73.935889], [40.752985, -73.935787], [40.753011, -73.935676], [40.753019, -73.93556], [40.753011, -73.935444], [40.752985, -73.935333], [40.752943, -73.935231], [40.752888, -73.935141], [40.752835, -73.935084], [40.752868, -73.935049], [40.752923, -73.934959], [40.752965, -73.934857], [40.752991, -73.934746], [40.752999, -73.93463], [40.752991, -73.934514], [40.752965, -73.934403], [40.752923, -73.934301], [40.752868, -73.934211], [40.7528, -73.934137], [40.752722, -73.934082], [40.752638, -73.934049], [40.75255, -73.934037], [40.752462, -73.934049], [40.752378, -73.934082], [40.7523, -73.934137], [40.752232, -73.934211], [40.752177, -73.934301], [40.752135, -73.934403], [40.752109, -73.934514], [40.752101, -73.93463], [40.752109, -73.934746], [40.752135, -73.934857], [40.752177, -73.934959], [40.752232, -73.935049], [40.752285, -73.935106], [40.752252, -73.935141], [40.752197, -73.935231], [40.752155, -73.935333], [40.752129, -73.935444], [40.752122, -73.935543], [40.752078, -73.935471], [40.75201, -73.935397], [40.751932, -73.935342], [40.751848, -73.935309], [40.75176, -73.935297], [40.751672, -73.935309], [40.751588, -73.935342], [40.75151, -73.935397], [40.751442, -73.935471], [40.751387, -73.935561], [40.751345, -73.935663], [40.751319, -73.935774], [40.751311, -73.93589], [40.751319, -73.936006], [40.751345, -73.936117]]"
25cc6721-c93a-42b5-9afe-6004b843685f,Review Warning Zone 500,40.75618,-73.93703,0.05,"[[40.755765, -73.937257], [40.755807, -73.937359], [40.755862, -73.937449], [40.75593, -73.937523], [40.756008, -73.937578], [40.756092, -73.937611], [40.75618, -73.937623], [40.756268, -73.937611], [40.756352, -73.937578], [40.75643, -73.937523], [40.756498, -73.937449], [40.756553, -73.937359], [40.756595, -73.937257], [40.756621, -73.937146], [40.756629, -73.93703], [40.756621, -73.936914], [40.756595, -73.936803], [40.756553, -73.936701], [40.756498, -73.936611], [40.75643, -73.936537], [40.756352, -73.936482], [40.756268, -73.936449], [40.75618, -73.936437], [40.756092, -73.936449], [40.756008, -73.936482], [40.75593, -73.936537], [40.755862, -73.936611], [40.755807, -73.936701], [40.755765, -73.936803], [40.755739, -73.936914], [40.755731, -73.93703], [40.755739, -73.937146]]"
72b4b680-3037-4eb4-9da5-cc5b8172986b,Review Warning Zone 501,40.77507,-73.93367,0.05,"[[40.774697, -73.933999], [40.774752, -73.934089], [40.77482, -73.934163], [40.774898, -73.934218], [40.774982, -73.934251], [40.77507, -73.934263], [40.775158, -73.934251], [40.775242, -73.934218], [40.77532, -73.934163], [40.775388, -73.934089], [40.775443, -73.933999], [40.775485, -73.933897], [40.775511, -73.933786], [40.775519, -73.93367], [40.775511, -73.933554], [40.775485, -73.933443], [40.775443, -73.933341], [40.775388, -73.933251], [40.77532, -73.933177], [40.775242, -73.933122], [40.775158, -73.933089], [40.77507, -73.933077], [40.774982, -73.933089], [40.774898, -73.933122], [40.77482, -73.933177], [40.774752, -73.933251], [40.774697, -73.933341], [40.774655, -73.933443], [40.774629, -73.933554], [40.774621, -73.93367], [40.774629, -73.933786], [40.774655, -73.933897]]"
77bb68e1-2d62-426d-98ce-56f500d7eba2,Review Warning Zone 502,40.793415,-73.93416,0.071,"[[40.792997, -73.934249], [40.793019, -73.934286], [40.793011, -73.9344], [40.793019, -73.934516], [40.793045, -73.934627], [40.793087, -73.934729], [40.793142, -73.934819], [40.79321, -73.934893], [40.793288, -73.934948], [40.793372, -73.934981], [40.79346, -73.934993], [40.793548, -73.934981], [40.793632, -73.934948], [40.79371, -73.934893], [40.793778, -73.934819], [40.793833, -73.934729], [40.793875, -73.934627], [40.793901, -73.934516], [40.793909, -73.9344], [40.793901, -73.934284], [40.793875, -73.934173], [40.793833, -73.934071], [40.793811, -73.934034], [40.793819, -73.93392], [40.793811, -73.933804], [40.793785, -73.933693], [40.793743, -73.933591], [40.793688, -73.933501], [40.79362, -73.933427], [40.793542, -73.933372], [40.793458, -73.933339], [40.79337, -73.933327], [40.793282, -73.933339], [40.793198, -73.933372], [40.79312, -73.933427], [40.793052, -73.933501], [40.792997, -73.933591], [40.792955, -73.933693], [40.792929, -73.933804], [40.792921, -73.93392], [40.792929, -73.934036], [40.792955, -73.934147]]"
8f46d069-b56d-489b-b959-c46de1c7cbd5,Review Warning Zone 503,40.794015,-73.93588,0.062,"[[40.793565, -73.935967], [40.793604, -73.936063], [40.793609, -73.936136], [40.793635, -73.936247], [40.793677, -73.936349], [40.793732, -73.936439], [40.7938, -73.936513], [40.793878, -73.936568], [40.793962, -73.936601], [40.79405, -73.936613], [40.794138, -73.936601], [40.794222, -73.936568], [40.7943, -73.936513], [40.794368, -73.936439], [40.794423, -73.936349], [40.794465, -73.936247], [40.794491, -73.936136], [40.794499, -73.93602], [40.794491, -73.935904], [40.794465, -73.935793], [40.794426, -73.935697], [40.794421, -73.935624], [40.794395, -73.935513], [40.794353, -73.935411], [40.794298, -73.935321], [40.79423, -73.935247], [40.794152, -73.935192], [40.794068, -73.935159], [40.79398, -73.935147], [40.793892, -73.935159], [40.793808, -73.935192], [40.79373, -73.935247], [40.793662, -73.935321], [40.793607, -73.935411], [40.793565, -73.935513], [40.793539, -73.935624], [40.793531, -73.93574], [40.793539, -73.935856]]"
d66adf96-062b-4132-80cc-a7c904e3a8b3,Review Warning Zone 504,40.79502,-73.93323,0.05,"[[40.794647, -73.933559], [40.794702, -73.933649], [40.79477, -73.933723], [40.794848, -73.933778], [40.794932, -73.933811], [40.79502, -73.933823], [40.795108, -73.933811], [40.795192, -73.933778], [40.79527, -73.933723], [40.795338, -73.933649], [40.795393, -73.933559], [40.795435, -73.933457], [40.795461, -73.933346], [40.795469, -73.93323], [40.795461, -73.933114], [40.795435, -73.933003], [40.795393, -73.932901], [40.795338, -73.932811], [40.79527, -73.932737], [40.795192, -73.932682], [40.795108, -73.932649], [40.79502, -73.932637], [40.794932, -73.932649], [40.794848, -73.932682], [40.79477, -73.932737], [40.794702, -73.932811], [40.794647, -73.932901], [40.794605, -73.933003], [40.794579, -73.933114], [40.794571, -73.93323], [40.794579, -73.933346], [40.794605, -73.933457]]"
d537b639-9c26-44cd-9232-151f8bf5fbb4,Review Warning Zone 505,40.79528,-73.93495,0.05,"[[40.794907, -73.935279], [40.794962, -73.935369], [40.79503, -73.935443], [40.795108, -73.935498], [40.795192, -73.935531], [40.79528, -73.935543], [40.795368, -73.935531], [40.795452, -73.935498], [40.79553, -73.935443], [40.795598, -73.935369], [40.795653, -73.935279], [40.795695, -73.935177], [40.795721, -73.935066], [40.795729, -73.93495], [40.795721, -73.934834], [40.795695, -73.934723], [40.795653, -73.934621], [40.795598, -73.934531], [40.79553, -73.934457], [40.795452, -73.934402], [40.795368, -73.934369], [40.79528, -73.934357], [40.795192, -73.934369], [40.795108, -73.934402], [40.79503, -73.934457], [40.794962, -73.934531], [40.794907, -73.934621], [40.794865, -73.934723], [40.794839, -73.934834], [40.794831, -73.93495], [40.794839, -73.935066], [40.794865, -73.935177]]"
1cf413ab-ddad-41ea-87f2-58d5fa0b28f1,Review Warning Zone 506,40.796626,-73.938072,0.214,"[[40.795185, -73.938637], [40.795227, -73.938739], [40.795282, -73.938829], [40.79535, -73.938903], [40.795424, -73.938955], [40.795445, -73.939047], [40.795487, -73.939149], [40.795542, -73.939239], [40.79561, -73.939313], [40.795688, -73.939368], [40.795772, -73.939401], [40.79586, -73.939413], [40.795948, -73.939401], [40.796032, -73.939368], [40.79611, -73.939313], [40.796178, -73.939239], [40.796233, -73.939149], [40.796275, -73.939047], [40.796301, -73.938936], [40.796309, -73.93882], [40.796301, -73.938715], [40.796311, -73.93869], [40.79635, -73.938733], [40.796428, -73.938788], [40.796512, -73.938821], [40.7966, -73.938833], [40.796688, -73.938821], [40.796772, -73.938788], [40.79685, -73.938733], [40.796918, -73.938659], [40.796954, -73.938601], [40.796962, -73.938598], [40.797025, -73.938553], [40.797029, -73.938616], [40.797055, -73.938727], [40.797097, -73.938829], [40.797152, -73.938919], [40.79722, -73.938993], [40.797298, -73.939048], [40.797382, -73.939081], [40.79747, -73.939093], [40.797558, -73.939081], [40.797642, -73.939048], [40.79772, -73.938993], [40.797788, -73.938919], [40.797843, -73.938829], [40.797885, -73.938727], [40.797911, -73.938616], [40.797919, -73.9385], [40.797911, -73.938384], [40.797885, -73.938273], [40.797843, -73.938171], [40.797831, -73.93815], [40.797898, -73.938198], [40.797982, -73.938231], [40.79807, -73.938243], [40.798158, -73.938231], [40.798242, -73.938198], [40.79832, -73.938143], [40.798388, -73.938069], [40.798443, -73.937979], [40.798485, -73.937877], [40.798511, -73.937766], [40.798519, -73.93765], [40.798511, -73.937534], [40.798485, -73.937423], [40.798443, -73.937321], [40.798388, -73.937231], [40.79832, -73.937157], [40.798242, -73.937102], [40.798158, -73.937069], [40.79807, -73.937057], [40.797982, -73.937069], [40.797898, -73.937102], [40.79782, -73.937157], [40.797752, -73.937231], [40.797697, -73.937321], [40.797655, -73.937423], [40.797629, -73.937534], [40.797621, -73.93765], [40.797629, -73.937766], [40.797655, -73.937877], [40.797697, -73.937979], [40.797709, -73.938], [40.797642, -73.937952], [40.797558, -73.937919], [40.79747, -73.937907], [40.797382, -73.937919], [40.797298, -73.937952], [40.797235, -73.937997], [40.797231, -73.937934], [40.797205, -73.937823], [40.797163, -73.937721], [40.797108, -73.937631], [40.79704, -73.937557], [40.796962, -73.937502], [40.796878, -73.937469], [40.79679, -73.937457], [40.796702, -73.937469], [40.796623, -73.937501], [40.796605, -73.937423], [40.796563, -73.937321], [40.796508, -73.937231], [40.79644, -73.937157], [40.796362, -73.937102], [40.796278, -73.937069], [40.79622, -73.937061], [40.796183, -73.936971], [40.796128, -73.936881], [40.79606, -73.936807], [40.795982, -73.936752], [40.795898, -73.936719], [40.79581, -73.936707], [40.795722, -73.936719], [40.795638, -73.936752], [40.79556, -73.936807], [40.795492, -73.936881], [40.795437, -73.936971], [40.795395, -73.937073], [40.795369, -73.937184], [40.795361, -73.9373], [40.795369, -73.937416], [40.795395, -73.937527], [40.795437, -73.937629], [40.795492, -73.937719], [40.79556, -73.937793], [40.795596, -73.937818], [40.795512, -73.937829], [40.795428, -73.937862], [40.79535, -73.937917], [40.795282, -73.937991], [40.795227, -73.938081], [40.795185, -73.938183], [40.795159, -73.938294], [40.795151, -73.93841], [40.795159, -73.938526]]"
1294a6db-cadd-4085-b8fe-960802a8ac27,Review Warning Zone 507,40.796339,-73.935996,0.118,"[[40.795315, -73.936327], [40.795357, -73.936429], [40.795412, -73.936519], [40.79548, -73.936593], [40.795558, -73.936648], [40.795642, -73.936681], [40.79573, -73.936693], [40.795818, -73.936681], [40.795902, -73.936648], [40.79598, -73.936593], [40.796048, -73.936519], [40.796103, -73.936429], [40.796145, -73.936327], [40.796171, -73.936216], [40.796179, -73.9361], [40.796171, -73.935989], [40.79622, -73.936043], [40.796298, -73.936098], [40.796335, -73.936112], [40.796335, -73.936113], [40.796309, -73.936224], [40.796301, -73.93634], [40.796309, -73.936456], [40.796335, -73.936567], [40.796377, -73.936669], [40.796432, -73.936759], [40.7965, -73.936833], [40.796578, -73.936888], [40.796662, -73.936921], [40.79675, -73.936933], [40.796838, -73.936921], [40.796922, -73.936888], [40.797, -73.936833], [40.797068, -73.936759], [40.797123, -73.936669], [40.797165, -73.936567], [40.797184, -73.936485], [40.797193, -73.936469], [40.797235, -73.936367], [40.797261, -73.936256], [40.797269, -73.93614], [40.797261, -73.936024], [40.797235, -73.935913], [40.797193, -73.935811], [40.797138, -73.935721], [40.79707, -73.935647], [40.796992, -73.935592], [40.796918, -73.935563], [40.796919, -73.93555], [40.796911, -73.935434], [40.796885, -73.935323], [40.796843, -73.935221], [40.796788, -73.935131], [40.79672, -73.935057], [40.796642, -73.935002], [40.796558, -73.934969], [40.79647, -73.934957], [40.796382, -73.934969], [40.796298, -73.935002], [40.79622, -73.935057], [40.796152, -73.935131], [40.796097, -73.935221], [40.796055, -73.935323], [40.796029, -73.935434], [40.796021, -73.93555], [40.796029, -73.935661], [40.79598, -73.935607], [40.795902, -73.935552], [40.795818, -73.935519], [40.79573, -73.935507], [40.795642, -73.935519], [40.795558, -73.935552], [40.79548, -73.935607], [40.795412, -73.935681], [40.795357, -73.935771], [40.795315, -73.935873], [40.795289, -73.935984], [40.795281, -73.9361], [40.795289, -73.936216]]"
f9dfcab7-d11d-445e-9350-a814343dbb67,Review Warning Zone 508,40.79678,-73.9344,0.05,"[[40.796407, -73.934729], [40.796462, -73.934819], [40.79653, -73.934893], [40.796608, -73.934948], [40.796692, -73.934981], [40.79678, -73.934993], [40.796868, -73.934981], [40.796952, -73.934948], [40.79703, -73.934893], [40.797098, -73.934819], [40.797153, -73.934729], [40.797195, -73.934627], [40.797221, -73.934516], [40.797229, -73.9344], [40.797221, -73.934284], [40.797195, -73.934173], [40.797153, -73.934071], [40.797098, -73.933981], [40.79703, -73.933907], [40.796952, -73.933852], [40.796868, -73.933819], [40.79678, -73.933807], [40.796692, -73.933819], [40.796608, -73.933852], [40.79653, -73.933907], [40.796462, -73.933981], [40.796407, -73.934071], [40.796365, -73.934173], [40.796339, -73.934284], [40.796331, -73.9344], [40.796339, -73.934516], [40.796365, -73.934627]]"
f4468cc8-5007-4d10-b1c6-5dfe12e26e6a,Review Warning Zone 509,40.79751,-73.93328,0.05,"[[40.797137, -73.933609], [40.797192, -73.933699], [40.79726, -73.933773], [40.797338, -73.933828], [40.797422, -73.933861], [40.79751, -73.933873], [40.797598, -73.933861], [40.797682, -73.933828], [40.79776, -73.933773], [40.797828, -73.933699], [40.797883, -73.933609], [40.797925, -73.933507], [40.797951, -73.933396], [40.797959, -73.93328], [40.797951, -73.933164], [40.797925, -73.933053], [40.797883, -73.932951], [40.797828, -73.932861], [40.79776, -73.932787], [40.797682, -73.932732], [40.797598, -73.932699], [40.79751, -73.932687], [40.797422, -73.932699], [40.797338, -73.932732], [40.79726, -73.932787], [40.797192, -73.932861], [40.797137, -73.932951], [40.797095, -73.933053], [40.797069, -73.933164], [40.797061, -73.93328], [40.797069, -73.933396], [40.797095, -73.933507]]"
a73fa65b-422e-4e25-b601-57ec33f8cd51,Review Warning Zone 510,40.79841,-73.93463,0.05,"[[40.797995, -73.934857], [40.798037, -73.934959], [40.798092, -73.935049], [40.79816, -73.935123], [40.798238, -73.935178], [40.798322, -73.935211], [40.79841, -73.935223], [40.798498, -73.935211], [40.798582, -73.935178], [40.79866, -73.935123], [40.798728, -73.935049], [40.798783, -73.934959], [40.798825, -73.934857], [40.798851, -73.934746], [40.798859, -73.93463], [40.798851, -73.934514], [40.798825, -73.934403], [40.798783, -73.934301], [40.798728, -73.934211], [40.79866, -73.934137], [40.798582, -73.934082], [40.798498, -73.934049], [40.79841, -73.934037], [40.798322, -73.934049], [40.798238, -73.934082], [40.79816, -73.934137], [40.798092, -73.934211], [40.798037, -73.934301], [40.797995, -73.934403], [40.797969, -73.934514], [40.797961, -73.93463], [40.797969, -73.934746]]"
27ce9da4-6249-4785-a1c3-665eef3081e6,Review Warning Zone 511,40.79962,-73.93351,0.05,"[[40.799247, -73.933839], [40.799302, -73.933929], [40.79937, -73.934003], [40.799448, -73.934058], [40.799532, -73.934091], [40.79962, -73.934103], [40.799708, -73.934091], [40.799792, -73.934058], [40.79987, -73.934003], [40.799938, -73.933929], [40.799993, -73.933839], [40.800035, -73.933737], [40.800061, -73.933626], [40.800069, -73.93351], [40.800061, -73.933394], [40.800035, -73.933283], [40.799993, -73.933181], [40.799938, -73.933091], [40.79987, -73.933017], [40.799792, -73.932962], [40.799708, -73.932929], [40.79962, -73.932917], [40.799532, -73.932929], [40.799448, -73.932962], [40.79937, -73.933017], [40.799302, -73.933091], [40.799247, -73.933181], [40.799205, -73.933283], [40.799179, -73.933394], [40.799171, -73.93351], [40.799179, -73.933626], [40.799205, -73.933737]]"
975f013a-b639-4af1-88b7-690f0aeb59b2,Review Warning Zone 512,40.80023,-73.93627,0.05,"[[40.799857, -73.936599], [40.799912, -73.936689], [40.79998, -73.936763], [40.800058, -73.936818], [40.800142, -73.936851], [40.80023, -73.936863], [40.800318, -73.936851], [40.800402, -73.936818], [40.80048, -73.936763], [40.800548, -73.936689], [40.800603, -73.936599], [40.800645, -73.936497], [40.800671, -73.936386], [40.800679, -73.93627], [40.800671, -73.936154], [40.800645, -73.936043], [40.800603, -73.935941], [40.800548, -73.935851], [40.80048, -73.935777], [40.800402, -73.935722], [40.800318, -73.935689], [40.80023, -73.935677], [40.800142, -73.935689], [40.800058, -73.935722], [40.79998, -73.935777], [40.799912, -73.935851], [40.799857, -73.935941], [40.799815, -73.936043], [40.799789, -73.936154], [40.799781, -73.93627], [40.799789, -73.936386], [40.799815, -73.936497]]"
d809afb6-6cc9-469d-a102-3d70d804372e,Review Warning Zone 513,40.801971,-73.937372,0.107,"[[40.801085, -73.937337], [40.801127, -73.937439], [40.801182, -73.937529], [40.80125, -73.937603], [40.801328, -73.937658], [40.801412, -73.937691], [40.801457, -73.937697], [40.801459, -73.937736], [40.801485, -73.937847], [40.801527, -73.937949], [40.801582, -73.938039], [40.80165, -73.938113], [40.801728, -73.938168], [40.801812, -73.938201], [40.8019, -73.938213], [40.801988, -73.938201], [40.801999, -73.938197], [40.802028, -73.938218], [40.802112, -73.938251], [40.8022, -73.938263], [40.802288, -73.938251], [40.802372, -73.938218], [40.80245, -73.938163], [40.802518, -73.938089], [40.802573, -73.937999], [40.802615, -73.937897], [40.802631, -73.937827], [40.80268, -73.937793], [40.802748, -73.937719], [40.802803, -73.937629], [40.802845, -73.937527], [40.802871, -73.937416], [40.802879, -73.9373], [40.802871, -73.937184], [40.802845, -73.937073], [40.802803, -73.936971], [40.802748, -73.936881], [40.80268, -73.936807], [40.802602, -73.936752], [40.802518, -73.936719], [40.80243, -73.936707], [40.802342, -73.936719], [40.802258, -73.936752], [40.80218, -73.936807], [40.802112, -73.936881], [40.802057, -73.936971], [40.802023, -73.937053], [40.801988, -73.937039], [40.801943, -73.937033], [40.801941, -73.936994], [40.801915, -73.936883], [40.801873, -73.936781], [40.801818, -73.936691], [40.80175, -73.936617], [40.801672, -73.936562], [40.801588, -73.936529], [40.8015, -73.936517], [40.801412, -73.936529], [40.801328, -73.936562], [40.80125, -73.936617], [40.801182, -73.936691], [40.801127, -73.936781], [40.801085, -73.936883], [40.801059, -73.936994], [40.801051, -73.93711], [40.801059, -73.937226]]"
0e232c27-c968-42f3-b351-dcb722be35b0,Review Warning Zone 514,40.802256,-73.935954,0.072,"[[40.801707, -73.936399], [40.801762, -73.936489], [40.80183, -73.936563], [40.801908, -73.936618], [40.801992, -73.936651], [40.80208, -73.936663], [40.802168, -73.936651], [40.802252, -73.936618], [40.802281, -73.936597], [40.802342, -73.936621], [40.80243, -73.936633], [40.802518, -73.936621], [40.802602, -73.936588], [40.80268, -73.936533], [40.802748, -73.936459], [40.802803, -73.936369], [40.802845, -73.936267], [40.802871, -73.936156], [40.802879, -73.93604], [40.802871, -73.935924], [40.802845, -73.935813], [40.802803, -73.935711], [40.802748, -73.935621], [40.8027, -73.93557], [40.802685, -73.935503], [40.802643, -73.935401], [40.802588, -73.935311], [40.80252, -73.935237], [40.802442, -73.935182], [40.802358, -73.935149], [40.80227, -73.935137], [40.802182, -73.935149], [40.802098, -73.935182], [40.80202, -73.935237], [40.801952, -73.935311], [40.801897, -73.935401], [40.801855, -73.935503], [40.801839, -73.935571], [40.80183, -73.935577], [40.801762, -73.935651], [40.801707, -73.935741], [40.801665, -73.935843], [40.801639, -73.935954], [40.801631, -73.93607], [40.801639, -73.936186], [40.801665, -73.936297]]"
04523037-cc72-48cd-97f8-11a70b8c5c5d,Review Warning Zone 515,40.80303,-73.93888,0.05,"[[40.802657, -73.939209], [40.802712, -73.939299], [40.80278, -73.939373], [40.802858, -73.939428], [40.802942, -73.939461], [40.80303, -73.939473], [40.803118, -73.939461], [40.803202, -73.939428], [40.80328, -73.939373], [40.803348, -73.939299], [40.803403, -73.939209], [40.803445, -73.939107], [40.803471, -73.938996], [40.803479, -73.93888], [40.803471, -73.938764], [40.803445, -73.938653], [40.803403, -73.938551], [40.803348, -73.938461], [40.80328, -73.938387], [40.803202, -73.938332], [40.803118, -73.938299], [40.80303, -73.938287], [40.802942, -73.938299], [40.802858, -73.938332], [40.80278, -73.938387], [40.802712, -73.938461], [40.802657, -73.938551], [40.802615, -73.938653], [40.802589, -73.938764], [40.802581, -73.93888], [40.802589, -73.938996], [40.802615, -73.939107]]"
b14815f4-bec7-4f55-901a-68e36a3199db,Review Warning Zone 516,40.80351,-73.93557,0.098,"[[40.802855, -73.935327], [40.802897, -73.935429], [40.802952, -73.935519], [40.80302, -73.935593], [40.803098, -73.935648], [40.803182, -73.935681], [40.80327, -73.935693], [40.803358, -73.935681], [40.803407, -73.935662], [40.803377, -73.935711], [40.803335, -73.935813], [40.803309, -73.935924], [40.803301, -73.93604], [40.803309, -73.936156], [40.803335, -73.936267], [40.803377, -73.936369], [40.803432, -73.936459], [40.8035, -73.936533], [40.803578, -73.936588], [40.803662, -73.936621], [40.80375, -73.936633], [40.803838, -73.936621], [40.803922, -73.936588], [40.804, -73.936533], [40.804068, -73.936459], [40.804123, -73.936369], [40.804165, -73.936267], [40.804191, -73.936156], [40.804199, -73.93604], [40.804191, -73.935924], [40.804165, -73.935813], [40.804123, -73.935711], [40.804068, -73.935621], [40.804, -73.935547], [40.803922, -73.935492], [40.803838, -73.935459], [40.80375, -73.935447], [40.803662, -73.935459], [40.803613, -73.935478], [40.803643, -73.935429], [40.803685, -73.935327], [40.803711, -73.935216], [40.803719, -73.9351], [40.803711, -73.934984], [40.803685, -73.934873], [40.803643, -73.934771], [40.803588, -73.934681], [40.80352, -73.934607], [40.803442, -73.934552], [40.803358, -73.934519], [40.80327, -73.934507], [40.803182, -73.934519], [40.803098, -73.934552], [40.80302, -73.934607], [40.802952, -73.934681], [40.802897, -73.934771], [40.802855, -73.934873], [40.802829, -73.934984], [40.802821, -73.9351], [40.802829, -73.935216]]"
67cbef81-422c-4b00-861f-3d644e4140ee,Review Warning Zone 517,40.80825,-73.93708,0.05,"[[40.807877, -73.937409], [40.807932, -73.937499], [40.808, -73.937573], [40.808078, -73.937628], [40.808162, -73.937661], [40.80825, -73.937673], [40.808338, -73.937661], [40.808422, -73.937628], [40.8085, -73.937573], [40.808568, -73.937499], [40.808623, -73.937409], [40.808665, -73.937307], [40.808691, -73.937196], [40.808699, -73.93708], [40.808691, -73.936964], [40.808665, -73.936853], [40.808623, -73.936751], [40.808568, -73.936661], [40.8085, -73.936587], [40.808422, -73.936532], [40.808338, -73.936499], [40.80825, -73.936487], [40.808162, -73.936499], [40.808078, -73.936532], [40.808, -73.936587], [40.807932, -73.936661], [40.807877, -73.936751], [40.807835, -73.936853], [40.807809, -73.936964], [40.807801, -73.93708], [40.807809, -73.937196], [40.807835, -73.937307]]"
32e5e3e6-f923-4452-bdd3-bd80af32706e,Review Warning Zone 518,40.8088,-73.9361,0.05,"[[40.808427, -73.936429], [40.808482, -73.936519], [40.80855, -73.936593], [40.808628, -73.936648], [40.808712, -73.936681], [40.8088, -73.936693], [40.808888, -73.936681], [40.808972, -73.936648], [40.80905, -73.936593], [40.809118, -73.936519], [40.809173, -73.936429], [40.809215, -73.936327], [40.809241, -73.936216], [40.809249, -73.9361], [40.809241, -73.935984], [40.809215, -73.935873], [40.809173, -73.935771], [40.809118, -73.935681], [40.80905, -73.935607], [40.808972, -73.935552], [40.808888, -73.935519], [40.8088, -73.935507], [40.808712, -73.935519], [40.808628, -73.935552], [40.80855, -73.935607], [40.808482, -73.935681], [40.808427, -73.935771], [40.808385, -73.935873], [40.808359, -73.935984], [40.808351, -73.9361], [40.808359, -73.936216], [40.808385, -73.936327]]"
72959f9d-1aeb-4267-914f-703fde0219d0,Review Warning Zone 519,40.809377,-73.938091,0.094,"[[40.808565, -73.938267], [40.808607, -73.938369], [40.808662, -73.938459], [40.80873, -73.938533], [40.808808, -73.938588], [40.808892, -73.938621], [40.80898, -73.938633], [40.809068, -73.938621], [40.809152, -73.938588], [40.80923, -73.938533], [40.809246, -73.938515], [40.809304, -73.938538], [40.809337, -73.938619], [40.809392, -73.938709], [40.80946, -73.938783], [40.809538, -73.938838], [40.809622, -73.938871], [40.80971, -73.938883], [40.809798, -73.938871], [40.809882, -73.938838], [40.80996, -73.938783], [40.810028, -73.938709], [40.810083, -73.938619], [40.810125, -73.938517], [40.810151, -73.938406], [40.810159, -73.93829], [40.810151, -73.938174], [40.810125, -73.938063], [40.810085, -73.937965], [40.810081, -73.937904], [40.810055, -73.937793], [40.810013, -73.937691], [40.809958, -73.937601], [40.80989, -73.937527], [40.809812, -73.937472], [40.809728, -73.937439], [40.80964, -73.937427], [40.8096, -73.937432], [40.809572, -73.937412], [40.809488, -73.937379], [40.8094, -73.937367], [40.809312, -73.937379], [40.809228, -73.937412], [40.80915, -73.937467], [40.809134, -73.937485], [40.809068, -73.937459], [40.80898, -73.937447], [40.808892, -73.937459], [40.808808, -73.937492], [40.80873, -73.937547], [40.808662, -73.937621], [40.808607, -73.937711], [40.808565, -73.937813], [40.808539, -73.937924], [40.808531, -73.93804], [40.808539, -73.938156]]"
97636006-bf77-4e2b-97b1-f9e5bc55e921,Review Warning Zone 520,40.81005,-73.93566,0.05,"[[40.809677, -73.935989], [40.809732, -73.936079], [40.8098, -73.936153], [40.809878, -73.936208], [40.809962, -73.936241], [40.81005, -73.936253], [40.810138, -73.936241], [40.810222, -73.936208], [40.8103, -73.936153], [40.810368, -73.936079], [40.810423, -73.935989], [40.810465, -73.935887], [40.810491, -73.935776], [40.810499, -73.93566], [40.810491, -73.935544], [40.810465, -73.935433], [40.810423, -73.935331], [40.810368, -73.935241], [40.8103, -73.935167], [40.810222, -73.935112], [40.810138, -73.935079], [40.81005, -73.935067], [40.809962, -73.935079], [40.809878, -73.935112], [40.8098, -73.935167], [40.809732, -73.935241], [40.809677, -73.935331], [40.809635, -73.935433], [40.809609, -73.935544], [40.809601, -73.93566], [40.809609, -73.935776], [40.809635, -73.935887]]"
831330a8-2a1e-497f-b12d-2280e87b86e3,Review Warning Zone 521,40.81062,-73.93882,0.05,"[[40.810205, -73.939047], [40.810247, -73.939149], [40.810302, -73.939239], [40.81037, -73.939313], [40.810448, -73.939368], [40.810532, -73.939401], [40.81062, -73.939413], [40.810708, -73.939401], [40.810792, -73.939368], [40.81087, -73.939313], [40.810938, -73.939239], [40.810993, -73.939149], [40.811035, -73.939047], [40.811061, -73.938936], [40.811069, -73.93882], [40.811061, -73.938704], [40.811035, -73.938593], [40.810993, -73.938491], [40.810938, -73.938401], [40.81087, -73.938327], [40.810792, -73.938272], [40.810708, -73.938239], [40.81062, -73.938227], [40.810532, -73.938239], [40.810448, -73.938272], [40.81037, -73.938327], [40.810302, -73.938401], [40.810247, -73.938491], [40.810205, -73.938593], [40.810179, -73.938704], [40.810171, -73.93882], [40.810179, -73.938936]]"
3cc20aff-607c-4de9-aeed-7548d4dfa3ca,Review Warning Zone 522,40.81388,-73.93611,0.05,"[[40.813465, -73.936337], [40.813507, -73.936439], [40.813562, -73.936529], [40.81363, -73.936603], [40.813708, -73.936658], [40.813792, -73.936691], [40.81388, -73.936703], [40.813968, -73.936691], [40.814052, -73.936658], [40.81413, -73.936603], [40.814198, -73.936529], [40.814253, -73.936439], [40.814295, -73.936337], [40.814321, -73.936226], [40.814329, -73.93611], [40.814321, -73.935994], [40.814295, -73.935883], [40.814253, -73.935781], [40.814198, -73.935691], [40.81413, -73.935617], [40.814052, -73.935562], [40.813968, -73.935529], [40.81388, -73.935517], [40.813792, -73.935529], [40.813708, -73.935562], [40.81363, -73.935617], [40.813562, -73.935691], [40.813507, -73.935781], [40.813465, -73.935883], [40.813439, -73.935994], [40.813431, -73.93611], [40.813439, -73.936226]]"
3ef79ec5-f67f-4bcb-81d5-ceb67e1e9108,Review Warning Zone 523,40.81533,-73.93524,0.05,"[[40.814915, -73.935467], [40.814957, -73.935569], [40.815012, -73.935659], [40.81508, -73.935733], [40.815158, -73.935788], [40.815242, -73.935821], [40.81533, -73.935833], [40.815418, -73.935821], [40.815502, -73.935788], [40.81558, -73.935733], [40.815648, -73.935659], [40.815703, -73.935569], [40.815745, -73.935467], [40.815771, -73.935356], [40.815779, -73.93524], [40.815771, -73.935124], [40.815745, -73.935013], [40.815703, -73.934911], [40.815648, -73.934821], [40.81558, -73.934747], [40.815502, -73.934692], [40.815418, -73.934659], [40.81533, -73.934647], [40.815242, -73.934659], [40.815158, -73.934692], [40.81508, -73.934747], [40.815012, -73.934821], [40.814957, -73.934911], [40.814915, -73.935013], [40.814889, -73.935124], [40.814881, -73.93524], [40.814889, -73.935356]]"
940d15ac-ceb2-4c96-9eb8-a2f36873debb,Review Warning Zone 524,40.81541,-73.93674,0.05,"[[40.815037, -73.937069], [40.815092, -73.937159], [40.81516, -73.937233], [40.815238, -73.937288], [40.815322, -73.937321], [40.81541, -73.937333], [40.815498, -73.937321], [40.815582, -73.937288], [40.81566, -73.937233], [40.815728, -73.937159], [40.815783, -73.937069], [40.815825, -73.936967], [40.815851, -73.936856], [40.815859, -73.93674], [40.815851, -73.936624], [40.815825, -73.936513], [40.815783, -73.936411], [40.815728, -73.936321], [40.81566, -73.936247], [40.815582, -73.936192], [40.815498, -73.936159], [40.81541, -73.936147], [40.815322, -73.936159], [40.815238, -73.936192], [40.81516, -73.936247], [40.815092, -73.936321], [40.815037, -73.936411], [40.814995, -73.936513], [40.814969, -73.936624], [40.814961, -73.93674], [40.814969, -73.936856], [40.814995, -73.936967]]"
d48b49ae-9582-442b-924d-fb445e123530,Review Warning Zone 525,40.81645,-73.93778,0.05,"[[40.816077, -73.938109], [40.816132, -73.938199], [40.8162, -73.938273], [40.816278, -73.938328], [40.816362, -73.938361], [40.81645, -73.938373], [40.816538, -73.938361], [40.816622, -73.938328], [40.8167, -73.938273], [40.816768, -73.938199], [40.816823, -73.938109], [40.816865, -73.938007], [40.816891, -73.937896], [40.816899, -73.93778], [40.816891, -73.937664], [40.816865, -73.937553], [40.816823, -73.937451], [40.816768, -73.937361], [40.8167, -73.937287], [40.816622, -73.937232], [40.816538, -73.937199], [40.81645, -73.937187], [40.816362, -73.937199], [40.816278, -73.937232], [40.8162, -73.937287], [40.816132, -73.937361], [40.816077, -73.937451], [40.816035, -73.937553], [40.816009, -73.937664], [40.816001, -73.93778], [40.816009, -73.937896], [40.816035, -73.938007]]"
828b3034-55f6-4585-bdba-250d3f82c08e,Review Warning Zone 526,40.82208,-73.93799,0.05,"[[40.821665, -73.938217], [40.821707, -73.938319], [40.821762, -73.938409], [40.82183, -73.938483], [40.821908, -73.938538], [40.821992, -73.938571], [40.82208, -73.938583], [40.822168, -73.938571], [40.822252, -73.938538], [40.82233, -73.938483], [40.822398, -73.938409], [40.822453, -73.938319], [40.822495, -73.938217], [40.822521, -73.938106], [40.822529, -73.93799], [40.822521, -73.937874], [40.822495, -73.937763], [40.822453, -73.937661], [40.822398, -73.937571], [40.82233, -73.937497], [40.822252, -73.937442], [40.822168, -73.937409], [40.82208, -73.937397], [40.821992, -73.937409], [40.821908, -73.937442], [40.82183, -73.937497], [40.821762, -73.937571], [40.821707, -73.937661], [40.821665, -73.937763], [40.821639, -73.937874], [40.821631, -73.93799], [40.821639, -73.938106]]"
72f3c6bf-f095-4e22-9576-b120feb63f02,Review Warning Zone 527,40.82397,-73.93713,0.05,"[[40.823555, -73.937357], [40.823597, -73.937459], [40.823652, -73.937549], [40.82372, -73.937623], [40.823798, -73.937678], [40.823882, -73.937711], [40.82397, -73.937723], [40.824058, -73.937711], [40.824142, -73.937678], [40.82422, -73.937623], [40.824288, -73.937549], [40.824343, -73.937459], [40.824385, -73.937357], [40.824411, -73.937246], [40.824419, -73.93713], [40.824411, -73.937014], [40.824385, -73.936903], [40.824343, -73.936801], [40.824288, -73.936711], [40.82422, -73.936637], [40.824142, -73.936582], [40.824058, -73.936549], [40.82397, -73.936537], [40.823882, -73.936549], [40.823798, -73.936582], [40.82372, -73.936637], [40.823652, -73.936711], [40.823597, -73.936801], [40.823555, -73.936903], [40.823529, -73.937014], [40.823521, -73.93713], [40.823529, -73.937246]]"
995a805b-9ee9-4d6f-8b5a-70086d957721,Review Warning Zone 528,40.82569,-73.93842,0.05,"[[40.825275, -73.938647], [40.825317, -73.938749], [40.825372, -73.938839], [40.82544, -73.938913], [40.825518, -73.938968], [40.825602, -73.939001], [40.82569, -73.939013], [40.825778, -73.939001], [40.825862, -73.938968], [40.82594, -73.938913], [40.826008, -73.938839], [40.826063, -73.938749], [40.826105, -73.938647], [40.826131, -73.938536], [40.826139, -73.93842], [40.826131, -73.938304], [40.826105, -73.938193], [40.826063, -73.938091], [40.826008, -73.938001], [40.82594, -73.937927], [40.825862, -73.937872], [40.825778, -73.937839], [40.82569, -73.937827], [40.825602, -73.937839], [40.825518, -73.937872], [40.82544, -73.937927], [40.825372, -73.938001], [40.825317, -73.938091], [40.825275, -73.938193], [40.825249, -73.938304], [40.825241, -73.93842], [40.825249, -73.938536]]"
c847db29-a1a8-42ec-9216-6c28ae4186fa,Review Warning Zone 529,40.82948,-73.9374,0.05,"[[40.829107, -73.937729], [40.829162, -73.937819], [40.82923, -73.937893], [40.829308, -73.937948], [40.829392, -73.937981], [40.82948, -73.937993], [40.829568, -73.937981], [40.829652, -73.937948], [40.82973, -73.937893], [40.829798, -73.937819], [40.829853, -73.937729], [40.829895, -73.937627], [40.829921, -73.937516], [40.829929, -73.9374], [40.829921, -73.937284], [40.829895, -73.937173], [40.829853, -73.937071], [40.829798, -73.936981], [40.82973, -73.936907], [40.829652, -73.936852], [40.829568, -73.936819], [40.82948, -73.936807], [40.829392, -73.936819], [40.829308, -73.936852], [40.82923, -73.936907], [40.829162, -73.936981], [40.829107, -73.937071], [40.829065, -73.937173], [40.829039, -73.937284], [40.829031, -73.9374], [40.829039, -73.937516], [40.829065, -73.937627]]"
cef9b1ab-3f6a-48cc-8eca-c02fcc45b7c9,Review Warning Zone 530,40.84242,-73.93789,0.05,"[[40.842047, -73.938219], [40.842102, -73.938309], [40.84217, -73.938383], [40.842248, -73.938438], [40.842332, -73.938471], [40.84242, -73.938483], [40.842508, -73.938471], [40.842592, -73.938438], [40.84267, -73.938383], [40.842738, -73.938309], [40.842793, -73.938219], [40.842835, -73.938117], [40.842861, -73.938006], [40.842869, -73.93789], [40.842861, -73.937774], [40.842835, -73.937663], [40.842793, -73.937561], [40.842738, -73.937471], [40.84267, -73.937397], [40.842592, -73.937342], [40.842508, -73.937309], [40.84242, -73.937297], [40.842332, -73.937309], [40.842248, -73.937342], [40.84217, -73.937397], [40.842102, -73.937471], [40.842047, -73.937561], [40.842005, -73.937663], [40.841979, -73.937774], [40.841971, -73.93789], [40.841979, -73.938006], [40.842005, -73.938117]]"
95023e3e-2eeb-41a5-a7fe-680a1a42f235,Review Warning Zone 531,40.84323,-73.93887,0.05,"[[40.842815, -73.939097], [40.842857, -73.939199], [40.842912, -73.939289], [40.84298, -73.939363], [40.843058, -73.939418], [40.843142, -73.939451], [40.84323, -73.939463], [40.843318, -73.939451], [40.843402, -73.939418], [40.84348, -73.939363], [40.843548, -73.939289], [40.843603, -73.939199], [40.843645, -73.939097], [40.843671, -73.938986], [40.843679, -73.93887], [40.843671, -73.938754], [40.843645, -73.938643], [40.843603, -73.938541], [40.843548, -73.938451], [40.84348, -73.938377], [40.843402, -73.938322], [40.843318, -73.938289], [40.84323, -73.938277], [40.843142, -73.938289], [40.843058, -73.938322], [40.84298, -73.938377], [40.842912, -73.938451], [40.842857, -73.938541], [40.842815, -73.938643], [40.842789, -73.938754], [40.842781, -73.93887], [40.842789, -73.938986]]"
e2aebed1-7ae8-4ead-9886-a1c1215216e1,Review Warning Zone 532,40.84451,-73.93417,0.05,"[[40.844095, -73.934397], [40.844137, -73.934499], [40.844192, -73.934589], [40.84426, -73.934663], [40.844338, -73.934718], [40.844422, -73.934751], [40.84451, -73.934763], [40.844598, -73.934751], [40.844682, -73.934718], [40.84476, -73.934663], [40.844828, -73.934589], [40.844883, -73.934499], [40.844925, -73.934397], [40.844951, -73.934286], [40.844959, -73.93417], [40.844951, -73.934054], [40.844925, -73.933943], [40.844883, -73.933841], [40.844828, -73.933751], [40.84476, -73.933677], [40.844682, -73.933622], [40.844598, -73.933589], [40.84451, -73.933577], [40.844422, -73.933589], [40.844338, -73.933622], [40.84426, -73.933677], [40.844192, -73.933751], [40.844137, -73.933841], [40.844095, -73.933943], [40.844069, -73.934054], [40.844061, -73.93417], [40.844069, -73.934286]]"
9917926a-bb47-4a80-8210-cac27677b394,Review Warning Zone 533,40.84491,-73.93846,0.05,"[[40.844495, -73.938687], [40.844537, -73.938789], [40.844592, -73.938879], [40.84466, -73.938953], [40.844738, -73.939008], [40.844822, -73.939041], [40.84491, -73.939053], [40.844998, -73.939041], [40.845082, -73.939008], [40.84516, -73.938953], [40.845228, -73.938879], [40.845283, -73.938789], [40.845325, -73.938687], [40.845351, -73.938576], [40.845359, -73.93846], [40.845351, -73.938344], [40.845325, -73.938233], [40.845283, -73.938131], [40.845228, -73.938041], [40.84516, -73.937967], [40.845082, -73.937912], [40.844998, -73.937879], [40.84491, -73.937867], [40.844822, -73.937879], [40.844738, -73.937912], [40.84466, -73.937967], [40.844592, -73.938041], [40.844537, -73.938131], [40.844495, -73.938233], [40.844469, -73.938344], [40.844461, -73.93846], [40.844469, -73.938576]]"
c53b3de1-76b9-4ff9-9314-73e2f786989d,Review Warning Zone 534,40.84913,-73.93411,0.05,"[[40.848757, -73.934439], [40.848812, -73.934529], [40.84888, -73.934603], [40.848958, -73.934658], [40.849042, -73.934691], [40.84913, -73.934703], [40.849218, -73.934691], [40.849302, -73.934658], [40.84938, -73.934603], [40.849448, -73.934529], [40.849503, -73.934439], [40.849545, -73.934337], [40.849571, -73.934226], [40.849579, -73.93411], [40.849571, -73.933994], [40.849545, -73.933883], [40.849503, -73.933781], [40.849448, -73.933691], [40.84938, -73.933617], [40.849302, -73.933562], [40.849218, -73.933529], [40.84913, -73.933517], [40.849042, -73.933529], [40.848958, -73.933562], [40.84888, -73.933617], [40.848812, -73.933691], [40.848757, -73.933781], [40.848715, -73.933883], [40.848689, -73.933994], [40.848681, -73.93411], [40.848689, -73.934226], [40.848715, -73.934337]]"
7dbb5196-d9a2-4872-a783-5992a6da2a8e,Review Warning Zone 535,40.62384,-73.92868,0.05,"[[40.623467, -73.929009], [40.623522, -73.929099], [40.62359, -73.929173], [40.623668, -73.929228], [40.623752, -73.929261], [40.62384, -73.929273], [40.623928, -73.929261], [40.624012, -73.929228], [40.62409, -73.929173], [40.624158, -73.929099], [40.624213, -73.929009], [40.624255, -73.928907], [40.624281, -73.928796], [40.624289, -73.92868], [40.624281, -73.928564], [40.624255, -73.928453], [40.624213, -73.928351], [40.624158, -73.928261], [40.62409, -73.928187], [40.624012, -73.928132], [40.623928, -73.928099], [40.62384, -73.928087], [40.623752, -73.928099], [40.623668, -73.928132], [40.62359, -73.928187], [40.623522, -73.928261], [40.623467, -73.928351], [40.623425, -73.928453], [40.623399, -73.928564], [40.623391, -73.92868], [40.623399, -73.928796], [40.623425, -73.928907]]"
813e6559-39c7-4c8d-9675-4cc71a7f78ab,Review Warning Zone 536,40.6418,-73.93255,0.05,"[[40.641385, -73.932777], [40.641427, -73.932879], [40.641482, -73.932969], [40.64155, -73.933043], [40.641628, -73.933098], [40.641712, -73.933131], [40.6418, -73.933143], [40.641888, -73.933131], [40.641972, -73.933098], [40.64205, -73.933043], [40.642118, -73.932969], [40.642173, -73.932879], [40.642215, -73.932777], [40.642241, -73.932666], [40.642249, -73.93255], [40.642241, -73.932434], [40.642215, -73.932323], [40.642173, -73.932221], [40.642118, -73.932131], [40.64205, -73.932057], [40.641972, -73.932002], [40.641888, -73.931969], [40.6418, -73.931957], [40.641712, -73.931969], [40.641628, -73.932002], [40.64155, -73.932057], [40.641482, -73.932131], [40.641427, -73.932221], [40.641385, -73.932323], [40.641359, -73.932434], [40.641351, -73.93255], [40.641359, -73.932666]]"
a657ff11-4bfa-418f-b91f-39ce824bb10f,Review Warning Zone 537,40.65006,-73.92698,0.05,"[[40.649645, -73.927207], [40.649687, -73.927309], [40.649742, -73.927399], [40.64981, -73.927473], [40.649888, -73.927528], [40.649972, -73.927561], [40.65006, -73.927573], [40.650148, -73.927561], [40.650232, -73.927528], [40.65031, -73.927473], [40.650378, -73.927399], [40.650433, -73.927309], [40.650475, -73.927207], [40.650501, -73.927096], [40.650509, -73.92698], [40.650501, -73.926864], [40.650475, -73.926753], [40.650433, -73.926651], [40.650378, -73.926561], [40.65031, -73.926487], [40.650232, -73.926432], [40.650148, -73.926399], [40.65006, -73.926387], [40.649972, -73.926399], [40.649888, -73.926432], [40.64981, -73.926487], [40.649742, -73.926561], [40.649687, -73.926651], [40.649645, -73.926753], [40.649619, -73.926864], [40.649611, -73.92698], [40.649619, -73.927096]]"
5c1e854d-65fa-4b45-9c98-0c4ade55138d,Review Warning Zone 538,40.65079,-73.93171,0.05,"[[40.650375, -73.931937], [40.650417, -73.932039], [40.650472, -73.932129], [40.65054, -73.932203], [40.650618, -73.932258], [40.650702, -73.932291], [40.65079, -73.932303], [40.650878, -73.932291], [40.650962, -73.932258], [40.65104, -73.932203], [40.651108, -73.932129], [40.651163, -73.932039], [40.651205, -73.931937], [40.651231, -73.931826], [40.651239, -73.93171], [40.651231, -73.931594], [40.651205, -73.931483], [40.651163, -73.931381], [40.651108, -73.931291], [40.65104, -73.931217], [40.650962, -73.931162], [40.650878, -73.931129], [40.65079, -73.931117], [40.650702, -73.931129], [40.650618, -73.931162], [40.65054, -73.931217], [40.650472, -73.931291], [40.650417, -73.931381], [40.650375, -73.931483], [40.650349, -73.931594], [40.650341, -73.93171], [40.650349, -73.931826]]"
67fa09bc-6d26-4350-bcf4-e9ce9d296f4c,Review Warning Zone 539,40.65204,-73.93111,0.05,"[[40.651667, -73.931439], [40.651722, -73.931529], [40.65179, -73.931603], [40.651868, -73.931658], [40.651952, -73.931691], [40.65204, -73.931703], [40.652128, -73.931691], [40.652212, -73.931658], [40.65229, -73.931603], [40.652358, -73.931529], [40.652413, -73.931439], [40.652455, -73.931337], [40.652481, -73.931226], [40.652489, -73.93111], [40.652481, -73.930994], [40.652455, -73.930883], [40.652413, -73.930781], [40.652358, -73.930691], [40.65229, -73.930617], [40.652212, -73.930562], [40.652128, -73.930529], [40.65204, -73.930517], [40.651952, -73.930529], [40.651868, -73.930562], [40.65179, -73.930617], [40.651722, -73.930691], [40.651667, -73.930781], [40.651625, -73.930883], [40.651599, -73.930994], [40.651591, -73.93111], [40.651599, -73.931226], [40.651625, -73.931337]]"
c24157e5-985a-41ff-a968-e284f48ab164,Review Warning Zone 540,40.65845,-73.92386,0.05,"[[40.658077, -73.924189], [40.658132, -73.924279], [40.6582, -73.924353], [40.658278, -73.924408], [40.658362, -73.924441], [40.65845, -73.924453], [40.658538, -73.924441], [40.658622, -73.924408], [40.6587, -73.924353], [40.658768, -73.924279], [40.658823, -73.924189], [40.658865, -73.924087], [40.658891, -73.923976], [40.658899, -73.92386], [40.658891, -73.923744], [40.658865, -73.923633], [40.658823, -73.923531], [40.658768, -73.923441], [40.6587, -73.923367], [40.658622, -73.923312], [40.658538, -73.923279], [40.65845, -73.923267], [40.658362, -73.923279], [40.658278, -73.923312], [40.6582, -73.923367], [40.658132, -73.923441], [40.658077, -73.923531], [40.658035, -73.923633], [40.658009, -73.923744], [40.658001, -73.92386], [40.658009, -73.923976], [40.658035, -73.924087]]"
6ce41805-49e0-4bb0-865d-b855b2ac1e52,Review Warning Zone 541,40.6605,-73.92398,0.05,"[[40.660085, -73.924207], [40.660127, -73.924309], [40.660182, -73.924399], [40.66025, -73.924473], [40.660328, -73.924528], [40.660412, -73.924561], [40.6605, -73.924573], [40.660588, -73.924561], [40.660672, -73.924528], [40.66075, -73.924473], [40.660818, -73.924399], [40.660873, -73.924309], [40.660915, -73.924207], [40.660941, -73.924096], [40.660949, -73.92398], [40.660941, -73.923864], [40.660915, -73.923753], [40.660873, -73.923651], [40.660818, -73.923561], [40.66075, -73.923487], [40.660672, -73.923432], [40.660588, -73.923399], [40.6605, -73.923387], [40.660412, -73.923399], [40.660328, -73.923432], [40.66025, -73.923487], [40.660182, -73.923561], [40.660127, -73.923651], [40.660085, -73.923753], [40.660059, -73.923864], [40.660051, -73.92398], [40.660059, -73.924096]]"
7cc821dd-f44b-4081-afa5-c47663c1e869,Review Warning Zone 542,40.66076,-73.92994,0.05,"[[40.660387, -73.930269], [40.660442, -73.930359], [40.66051, -73.930433], [40.660588, -73.930488], [40.660672, -73.930521], [40.66076, -73.930533], [40.660848, -73.930521], [40.660932, -73.930488], [40.66101, -73.930433], [40.661078, -73.930359], [40.661133, -73.930269], [40.661175, -73.930167], [40.661201, -73.930056], [40.661209, -73.92994], [40.661201, -73.929824], [40.661175, -73.929713], [40.661133, -73.929611], [40.661078, -73.929521], [40.66101, -73.929447], [40.660932, -73.929392], [40.660848, -73.929359], [40.66076, -73.929347], [40.660672, -73.929359], [40.660588, -73.929392], [40.66051, -73.929447], [40.660442, -73.929521], [40.660387, -73.929611], [40.660345, -73.929713], [40.660319, -73.929824], [40.660311, -73.92994], [40.660319, -73.930056], [40.660345, -73.930167]]"
93205db0-8ee2-4c68-843b-b57cbeab100c,Review Warning Zone 543,40.6613,-73.92289,0.078,"[[40.661368, -73.923558], [40.661452, -73.923591], [40.66154, -73.923603], [40.661628, -73.923591], [40.661712, -73.923558], [40.66179, -73.923503], [40.661858, -73.923429], [40.661913, -73.923339], [40.661955, -73.923237], [40.661981, -73.923126], [40.661989, -73.92301], [40.661981, -73.922894], [40.661955, -73.922783], [40.661913, -73.922681], [40.661858, -73.922591], [40.66179, -73.922517], [40.661712, -73.922462], [40.661628, -73.922429], [40.66154, -73.922417], [40.661452, -73.922429], [40.661431, -73.922437], [40.661378, -73.922351], [40.66131, -73.922277], [40.661232, -73.922222], [40.661148, -73.922189], [40.66106, -73.922177], [40.660972, -73.922189], [40.660888, -73.922222], [40.66081, -73.922277], [40.660742, -73.922351], [40.660687, -73.922441], [40.660645, -73.922543], [40.660619, -73.922654], [40.660611, -73.92277], [40.660619, -73.922886], [40.660645, -73.922997], [40.660687, -73.923099], [40.660742, -73.923189], [40.66081, -73.923263], [40.660888, -73.923318], [40.660972, -73.923351], [40.66106, -73.923363], [40.661148, -73.923351], [40.661169, -73.923343], [40.661222, -73.923429], [40.66129, -73.923503]]"
cefd5012-a6a5-4aa7-a0a8-e63ef5e3a760,Review Warning Zone 544,40.66252,-73.93269,0.05,"[[40.662105, -73.932917], [40.662147, -73.933019], [40.662202, -73.933109], [40.66227, -73.933183], [40.662348, -73.933238], [40.662432, -73.933271], [40.66252, -73.933283], [40.662608, -73.933271], [40.662692, -73.933238], [40.66277, -73.933183], [40.662838, -73.933109], [40.662893, -73.933019], [40.662935, -73.932917], [40.662961, -73.932806], [40.662969, -73.93269], [40.662961, -73.932574], [40.662935, -73.932463], [40.662893, -73.932361], [40.662838, -73.932271], [40.66277, -73.932197], [40.662692, -73.932142], [40.662608, -73.932109], [40.66252, -73.932097], [40.662432, -73.932109], [40.662348, -73.932142], [40.66227, -73.932197], [40.662202, -73.932271], [40.662147, -73.932361], [40.662105, -73.932463], [40.662079, -73.932574], [40.662071, -73.93269], [40.662079, -73.932806]]"
b633dd9d-13b4-4a48-ac97-f39bcf7c26f6,Review Warning Zone 545,40.66296,-73.92896,0.05,"[[40.662587, -73.929289], [40.662642, -73.929379], [40.66271, -73.929453], [40.662788, -73.929508], [40.662872, -73.929541], [40.66296, -73.929553], [40.663048, -73.929541], [40.663132, -73.929508], [40.66321, -73.929453], [40.663278, -73.929379], [40.663333, -73.929289], [40.663375, -73.929187], [40.663401, -73.929076], [40.663409, -73.92896], [40.663401, -73.928844], [40.663375, -73.928733], [40.663333, -73.928631], [40.663278, -73.928541], [40.66321, -73.928467], [40.663132, -73.928412], [40.663048, -73.928379], [40.66296, -73.928367], [40.662872, -73.928379], [40.662788, -73.928412], [40.66271, -73.928467], [40.662642, -73.928541], [40.662587, -73.928631], [40.662545, -73.928733], [40.662519, -73.928844], [40.662511, -73.92896], [40.662519, -73.929076], [40.662545, -73.929187]]"
fc3407fb-ca58-40f3-af1c-b7a54b8974d4,Review Warning Zone 546,40.66344,-73.93149,0.05,"[[40.663067, -73.931819], [40.663122, -73.931909], [40.66319, -73.931983], [40.663268, -73.932038], [40.663352, -73.932071], [40.66344, -73.932083], [40.663528, -73.932071], [40.663612, -73.932038], [40.66369, -73.931983], [40.663758, -73.931909], [40.663813, -73.931819], [40.663855, -73.931717], [40.663881, -73.931606], [40.663889, -73.93149], [40.663881, -73.931374], [40.663855, -73.931263], [40.663813, -73.931161], [40.663758, -73.931071], [40.66369, -73.930997], [40.663612, -73.930942], [40.663528, -73.930909], [40.66344, -73.930897], [40.663352, -73.930909], [40.663268, -73.930942], [40.66319, -73.930997], [40.663122, -73.931071], [40.663067, -73.931161], [40.663025, -73.931263], [40.662999, -73.931374], [40.662991, -73.93149], [40.662999, -73.931606], [40.663025, -73.931717]]"
110ea24f-224f-4c79-80f3-766140af0613,Review Warning Zone 547,40.66485,-73.93022,0.05,"[[40.664435, -73.930447], [40.664477, -73.930549], [40.664532, -73.930639], [40.6646, -73.930713], [40.664678, -73.930768], [40.664762, -73.930801], [40.66485, -73.930813], [40.664938, -73.930801], [40.665022, -73.930768], [40.6651, -73.930713], [40.665168, -73.930639], [40.665223, -73.930549], [40.665265, -73.930447], [40.665291, -73.930336], [40.665299, -73.93022], [40.665291, -73.930104], [40.665265, -73.929993], [40.665223, -73.929891], [40.665168, -73.929801], [40.6651, -73.929727], [40.665022, -73.929672], [40.664938, -73.929639], [40.66485, -73.929627], [40.664762, -73.929639], [40.664678, -73.929672], [40.6646, -73.929727], [40.664532, -73.929801], [40.664477, -73.929891], [40.664435, -73.929993], [40.664409, -73.930104], [40.664401, -73.93022], [40.664409, -73.930336]]"
d65edd04-98cd-457c-92b5-e3e10dfa0b04,Review Warning Zone 548,40.66486,-73.93151,0.05,"[[40.664445, -73.931737], [40.664487, -73.931839], [40.664542, -73.931929], [40.66461, -73.932003], [40.664688, -73.932058], [40.664772, -73.932091], [40.66486, -73.932103], [40.664948, -73.932091], [40.665032, -73.932058], [40.66511, -73.932003], [40.665178, -73.931929], [40.665233, -73.931839], [40.665275, -73.931737], [40.665301, -73.931626], [40.665309, -73.93151], [40.665301, -73.931394], [40.665275, -73.931283], [40.665233, -73.931181], [40.665178, -73.931091], [40.66511, -73.931017], [40.665032, -73.930962], [40.664948, -73.930929], [40.66486, -73.930917], [40.664772, -73.930929], [40.664688, -73.930962], [40.66461, -73.931017], [40.664542, -73.931091], [40.664487, -73.931181], [40.664445, -73.931283], [40.664419, -73.931394], [40.664411, -73.93151], [40.664419, -73.931626]]"
0bbab39f-3222-4933-802a-97be108579ae,Review Warning Zone 549,40.66748,-73.92589,0.05,"[[40.667065, -73.926117], [40.667107, -73.926219], [40.667162, -73.926309], [40.66723, -73.926383], [40.667308, -73.926438], [40.667392, -73.926471], [40.66748, -73.926483], [40.667568, -73.926471], [40.667652, -73.926438], [40.66773, -73.926383], [40.667798, -73.926309], [40.667853, -73.926219], [40.667895, -73.926117], [40.667921, -73.926006], [40.667929, -73.92589], [40.667921, -73.925774], [40.667895, -73.925663], [40.667853, -73.925561], [40.667798, -73.925471], [40.66773, -73.925397], [40.667652, -73.925342], [40.667568, -73.925309], [40.66748, -73.925297], [40.667392, -73.925309], [40.667308, -73.925342], [40.66723, -73.925397], [40.667162, -73.925471], [40.667107, -73.925561], [40.667065, -73.925663], [40.667039, -73.925774], [40.667031, -73.92589], [40.667039, -73.926006]]"
d4c81846-fb4d-48ff-9d0b-dfc7fa77acec,Review Warning Zone 550,40.66908,-73.93196,0.05,"[[40.668707, -73.932289], [40.668762, -73.932379], [40.66883, -73.932453], [40.668908, -73.932508], [40.668992, -73.932541], [40.66908, -73.932553], [40.669168, -73.932541], [40.669252, -73.932508], [40.66933, -73.932453], [40.669398, -73.932379], [40.669453, -73.932289], [40.669495, -73.932187], [40.669521, -73.932076], [40.669529, -73.93196], [40.669521, -73.931844], [40.669495, -73.931733], [40.669453, -73.931631], [40.669398, -73.931541], [40.66933, -73.931467], [40.669252, -73.931412], [40.669168, -73.931379], [40.66908, -73.931367], [40.668992, -73.931379], [40.668908, -73.931412], [40.66883, -73.931467], [40.668762, -73.931541], [40.668707, -73.931631], [40.668665, -73.931733], [40.668639, -73.931844], [40.668631, -73.93196], [40.668639, -73.932076], [40.668665, -73.932187]]"
ae51b40a-2182-4638-bb11-47b741589f26,Review Warning Zone 551,40.66949,-73.92675,0.05,"[[40.669117, -73.927079], [40.669172, -73.927169], [40.66924, -73.927243], [40.669318, -73.927298], [40.669402, -73.927331], [40.66949, -73.927343], [40.669578, -73.927331], [40.669662, -73.927298], [40.66974, -73.927243], [40.669808, -73.927169], [40.669863, -73.927079], [40.669905, -73.926977], [40.669931, -73.926866], [40.669939, -73.92675], [40.669931, -73.926634], [40.669905, -73.926523], [40.669863, -73.926421], [40.669808, -73.926331], [40.66974, -73.926257], [40.669662, -73.926202], [40.669578, -73.926169], [40.66949, -73.926157], [40.669402, -73.926169], [40.669318, -73.926202], [40.66924, -73.926257], [40.669172, -73.926331], [40.669117, -73.926421], [40.669075, -73.926523], [40.669049, -73.926634], [40.669041, -73.92675], [40.669049, -73.926866], [40.669075, -73.926977]]"
8ef770e8-f25d-43b8-a060-bd168c6f0569,Review Warning Zone 552,40.67035,-73.92611,0.05,"[[40.669935, -73.926337], [40.669977, -73.926439], [40.670032, -73.926529], [40.6701, -73.926603], [40.670178, -73.926658], [40.670262, -73.926691], [40.67035, -73.926703], [40.670438, -73.926691], [40.670522, -73.926658], [40.6706, -73.926603], [40.670668, -73.926529], [40.670723, -73.926439], [40.670765, -73.926337], [40.670791, -73.926226], [40.670799, -73.92611], [40.670791, -73.925994], [40.670765, -73.925883], [40.670723, -73.925781], [40.670668, -73.925691], [40.6706, -73.925617], [40.670522, -73.925562], [40.670438, -73.925529], [40.67035, -73.925517], [40.670262, -73.925529], [40.670178, -73.925562], [40.6701, -73.925617], [40.670032, -73.925691], [40.669977, -73.925781], [40.669935, -73.925883], [40.669909, -73.925994], [40.669901, -73.92611], [40.669909, -73.926226]]"
56666e8d-d352-4838-84f9-e29bd31284b0,Review Warning Zone 553,40.67129,-73.92768,0.05,"[[40.670875, -73.927907], [40.670917, -73.928009], [40.670972, -73.928099], [40.67104, -73.928173], [40.671118, -73.928228], [40.671202, -73.928261], [40.67129, -73.928273], [40.671378, -73.928261], [40.671462, -73.928228], [40.67154, -73.928173], [40.671608, -73.928099], [40.671663, -73.928009], [40.671705, -73.927907], [40.671731, -73.927796], [40.671739, -73.92768], [40.671731, -73.927564], [40.671705, -73.927453], [40.671663, -73.927351], [40.671608, -73.927261], [40.67154, -73.927187], [40.671462, -73.927132], [40.671378, -73.927099], [40.67129, -73.927087], [40.671202, -73.927099], [40.671118, -73.927132], [40.67104, -73.927187], [40.670972, -73.927261], [40.670917, -73.927351], [40.670875, -73.927453], [40.670849, -73.927564], [40.670841, -73.92768], [40.670849, -73.927796]]"
5091473e-c687-4878-ae00-c456f8f643a9,Review Warning Zone 554,40.67148,-73.92505,0.05,"[[40.671065, -73.925277], [40.671107, -73.925379], [40.671162, -73.925469], [40.67123, -73.925543], [40.671308, -73.925598], [40.671392, -73.925631], [40.67148, -73.925643], [40.671568, -73.925631], [40.671652, -73.925598], [40.67173, -73.925543], [40.671798, -73.925469], [40.671853, -73.925379], [40.671895, -73.925277], [40.671921, -73.925166], [40.671929, -73.92505], [40.671921, -73.924934], [40.671895, -73.924823], [40.671853, -73.924721], [40.671798, -73.924631], [40.67173, -73.924557], [40.671652, -73.924502], [40.671568, -73.924469], [40.67148, -73.924457], [40.671392, -73.924469], [40.671308, -73.924502], [40.67123, -73.924557], [40.671162, -73.924631], [40.671107, -73.924721], [40.671065, -73.924823], [40.671039, -73.924934], [40.671031, -73.92505], [40.671039, -73.925166]]"
0c40c3e0-986b-480e-80fc-68639b785c6c,Review Warning Zone 555,40.67257,-73.92646,0.05,"[[40.672197, -73.926789], [40.672252, -73.926879], [40.67232, -73.926953], [40.672398, -73.927008], [40.672482, -73.927041], [40.67257, -73.927053], [40.672658, -73.927041], [40.672742, -73.927008], [40.67282, -73.926953], [40.672888, -73.926879], [40.672943, -73.926789], [40.672985, -73.926687], [40.673011, -73.926576], [40.673019, -73.92646], [40.673011, -73.926344], [40.672985, -73.926233], [40.672943, -73.926131], [40.672888, -73.926041], [40.67282, -73.925967], [40.672742, -73.925912], [40.672658, -73.925879], [40.67257, -73.925867], [40.672482, -73.925879], [40.672398, -73.925912], [40.67232, -73.925967], [40.672252, -73.926041], [40.672197, -73.926131], [40.672155, -73.926233], [40.672129, -73.926344], [40.672121, -73.92646], [40.672129, -73.926576], [40.672155, -73.926687]]"
ef082546-d31d-479c-8da4-b7e06bd9b312,Review Warning Zone 556,40.673225,-73.925,0.067,"[[40.672707, -73.925409], [40.672762, -73.925499], [40.67283, -73.925573], [40.672908, -73.925628], [40.672992, -73.925661], [40.67308, -73.925673], [40.673168, -73.925661], [40.673252, -73.925628], [40.67333, -73.925573], [40.673387, -73.925511], [40.673458, -73.925501], [40.673542, -73.925468], [40.67362, -73.925413], [40.673688, -73.925339], [40.673743, -73.925249], [40.673785, -73.925147], [40.673811, -73.925036], [40.673819, -73.92492], [40.673811, -73.924804], [40.673785, -73.924693], [40.673743, -73.924591], [40.673688, -73.924501], [40.67362, -73.924427], [40.673542, -73.924372], [40.673458, -73.924339], [40.67337, -73.924327], [40.673282, -73.924339], [40.673198, -73.924372], [40.67312, -73.924427], [40.673063, -73.924489], [40.672992, -73.924499], [40.672908, -73.924532], [40.67283, -73.924587], [40.672762, -73.924661], [40.672707, -73.924751], [40.672665, -73.924853], [40.672639, -73.924964], [40.672631, -73.92508], [40.672639, -73.925196], [40.672665, -73.925307]]"
343e327d-e602-45ae-8f88-086b7c1234ba,Review Warning Zone 557,40.673714,-73.931376,0.109,"[[40.673165, -73.930927], [40.673207, -73.931029], [40.673262, -73.931119], [40.673312, -73.931173], [40.673309, -73.931184], [40.673301, -73.9313], [40.673309, -73.931416], [40.673335, -73.931527], [40.673377, -73.931629], [40.673432, -73.931719], [40.673443, -73.93173], [40.673437, -73.931741], [40.673395, -73.931843], [40.673369, -73.931954], [40.673361, -73.93207], [40.673369, -73.932186], [40.673395, -73.932297], [40.673437, -73.932399], [40.673492, -73.932489], [40.67356, -73.932563], [40.673638, -73.932618], [40.673722, -73.932651], [40.67381, -73.932663], [40.673898, -73.932651], [40.673982, -73.932618], [40.67406, -73.932563], [40.674128, -73.932489], [40.674183, -73.932399], [40.674225, -73.932297], [40.674251, -73.932186], [40.674259, -73.93207], [40.674251, -73.931954], [40.674225, -73.931843], [40.674183, -73.931741], [40.674128, -73.931651], [40.674117, -73.93164], [40.674123, -73.931629], [40.674165, -73.931527], [40.674191, -73.931416], [40.674199, -73.9313], [40.674191, -73.931184], [40.674165, -73.931073], [40.674123, -73.930971], [40.674068, -73.930881], [40.674018, -73.930827], [40.674021, -73.930816], [40.674029, -73.9307], [40.674021, -73.930584], [40.673995, -73.930473], [40.673953, -73.930371], [40.673898, -73.930281], [40.67383, -73.930207], [40.673752, -73.930152], [40.673668, -73.930119], [40.67358, -73.930107], [40.673492, -73.930119], [40.673408, -73.930152], [40.67333, -73.930207], [40.673262, -73.930281], [40.673207, -73.930371], [40.673165, -73.930473], [40.673139, -73.930584], [40.673131, -73.9307], [40.673139, -73.930816]]"
c488c16e-c4ef-45b5-b717-a43856495e67,Review Warning Zone 558,40.67449,-73.92699,0.05,"[[40.674117, -73.927319], [40.674172, -73.927409], [40.67424, -73.927483], [40.674318, -73.927538], [40.674402, -73.927571], [40.67449, -73.927583], [40.674578, -73.927571], [40.674662, -73.927538], [40.67474, -73.927483], [40.674808, -73.927409], [40.674863, -73.927319], [40.674905, -73.927217], [40.674931, -73.927106], [40.674939, -73.92699], [40.674931, -73.926874], [40.674905, -73.926763], [40.674863, -73.926661], [40.674808, -73.926571], [40.67474, -73.926497], [40.674662, -73.926442], [40.674578, -73.926409], [40.67449, -73.926397], [40.674402, -73.926409], [40.674318, -73.926442], [40.67424, -73.926497], [40.674172, -73.926571], [40.674117, -73.926661], [40.674075, -73.926763], [40.674049, -73.926874], [40.674041, -73.92699], [40.674049, -73.927106], [40.674075, -73.927217]]"
8b3c2315-750c-4541-a731-a0df456df2fe,Review Warning Zone 559,40.67561,-73.93118,0.05,"[[40.675195, -73.931407], [40.675237, -73.931509], [40.675292, -73.931599], [40.67536, -73.931673], [40.675438, -73.931728], [40.675522, -73.931761], [40.67561, -73.931773], [40.675698, -73.931761], [40.675782, -73.931728], [40.67586, -73.931673], [40.675928, -73.931599], [40.675983, -73.931509], [40.676025, -73.931407], [40.676051, -73.931296], [40.676059, -73.93118], [40.676051, -73.931064], [40.676025, -73.930953], [40.675983, -73.930851], [40.675928, -73.930761], [40.67586, -73.930687], [40.675782, -73.930632], [40.675698, -73.930599], [40.67561, -73.930587], [40.675522, -73.930599], [40.675438, -73.930632], [40.67536, -73.930687], [40.675292, -73.930761], [40.675237, -73.930851], [40.675195, -73.930953], [40.675169, -73.931064], [40.675161, -73.93118], [40.675169, -73.931296]]"
9c09894e-58b6-4979-ac2c-6e10464dc882,Review Warning Zone 560,40.67583,-73.92661,0.05,"[[40.675415, -73.926837], [40.675457, -73.926939], [40.675512, -73.927029], [40.67558, -73.927103], [40.675658, -73.927158], [40.675742, -73.927191], [40.67583, -73.927203], [40.675918, -73.927191], [40.676002, -73.927158], [40.67608, -73.927103], [40.676148, -73.927029], [40.676203, -73.926939], [40.676245, -73.926837], [40.676271, -73.926726], [40.676279, -73.92661], [40.676271, -73.926494], [40.676245, -73.926383], [40.676203, -73.926281], [40.676148, -73.926191], [40.67608, -73.926117], [40.676002, -73.926062], [40.675918, -73.926029], [40.67583, -73.926017], [40.675742, -73.926029], [40.675658, -73.926062], [40.67558, -73.926117], [40.675512, -73.926191], [40.675457, -73.926281], [40.675415, -73.926383], [40.675389, -73.926494], [40.675381, -73.92661], [40.675389, -73.926726]]"
ea9ad1ba-d2fe-4015-8447-fb4f7286ba0d,Review Warning Zone 561,40.681085,-73.930035,0.073,"[[40.680465, -73.930257], [40.680507, -73.930359], [40.680562, -73.930449], [40.68063, -73.930523], [40.680708, -73.930578], [40.680792, -73.930611], [40.68088, -73.930623], [40.680968, -73.930611], [40.681052, -73.930578], [40.681078, -73.930559], [40.681118, -73.930588], [40.681202, -73.930621], [40.68129, -73.930633], [40.681378, -73.930621], [40.681462, -73.930588], [40.68154, -73.930533], [40.681608, -73.930459], [40.681663, -73.930369], [40.681705, -73.930267], [40.681731, -73.930156], [40.681739, -73.93004], [40.681731, -73.929924], [40.681705, -73.929813], [40.681663, -73.929711], [40.681608, -73.929621], [40.68154, -73.929547], [40.681462, -73.929492], [40.681378, -73.929459], [40.68129, -73.929447], [40.681202, -73.929459], [40.681118, -73.929492], [40.681092, -73.929511], [40.681052, -73.929482], [40.680968, -73.929449], [40.68088, -73.929437], [40.680792, -73.929449], [40.680708, -73.929482], [40.68063, -73.929537], [40.680562, -73.929611], [40.680507, -73.929701], [40.680465, -73.929803], [40.680439, -73.929914], [40.680431, -73.93003], [40.680439, -73.930146]]"
cc5aca3d-2e7e-449d-9c09-e4c63aa36c8f,Review Warning Zone 562,40.682903,-73.923627,0.124,"[[40.682377, -73.923709], [40.682432, -73.923799], [40.6825, -73.923873], [40.682578, -73.923928], [40.682662, -73.923961], [40.68275, -73.923973], [40.68283, -73.923962], [40.68278, -73.923997], [40.682712, -73.924071], [40.682657, -73.924161], [40.682615, -73.924263], [40.682589, -73.924374], [40.682581, -73.92449], [40.682589, -73.924606], [40.682615, -73.924717], [40.682657, -73.924819], [40.682712, -73.924909], [40.68278, -73.924983], [40.682858, -73.925038], [40.682942, -73.925071], [40.68303, -73.925083], [40.683118, -73.925071], [40.683202, -73.925038], [40.68328, -73.924983], [40.683348, -73.924909], [40.683403, -73.924819], [40.683445, -73.924717], [40.683471, -73.924606], [40.683479, -73.92449], [40.683471, -73.924374], [40.683445, -73.924263], [40.683403, -73.924161], [40.683348, -73.924071], [40.68328, -73.923997], [40.683202, -73.923942], [40.683118, -73.923909], [40.68303, -73.923897], [40.68295, -73.923908], [40.683, -73.923873], [40.683068, -73.923799], [40.683123, -73.923709], [40.683165, -73.923607], [40.683191, -73.923496], [40.683199, -73.92338], [40.683191, -73.923264], [40.683189, -73.92326], [40.683218, -73.923229], [40.683273, -73.923139], [40.683315, -73.923037], [40.683341, -73.922926], [40.683349, -73.92281], [40.683341, -73.922694], [40.683315, -73.922583], [40.683273, -73.922481], [40.683218, -73.922391], [40.68315, -73.922317], [40.683072, -73.922262], [40.682988, -73.922229], [40.6829, -73.922217], [40.682812, -73.922229], [40.682728, -73.922262], [40.68265, -73.922317], [40.682582, -73.922391], [40.682527, -73.922481], [40.682485, -73.922583], [40.682459, -73.922694], [40.682451, -73.92281], [40.682459, -73.922926], [40.682461, -73.92293], [40.682432, -73.922961], [40.682377, -73.923051], [40.682335, -73.923153], [40.682309, -73.923264], [40.682301, -73.92338], [40.682309, -73.923496], [40.682335, -73.923607]]"
21b886eb-7eda-40b5-80d2-511c3503fe93,Review Warning Zone 563,40.683767,-73.931676,0.107,"[[40.682855, -73.931857], [40.682897, -73.931959], [40.682952, -73.932049], [40.68302, -73.932123], [40.683098, -73.932178], [40.683182, -73.932211], [40.68327, -73.932223], [40.683358, -73.932211], [40.683363, -73.932209], [40.683392, -73.932221], [40.68348, -73.932233], [40.683568, -73.932221], [40.683652, -73.932188], [40.68373, -73.932133], [40.683798, -73.932059], [40.683853, -73.931969], [40.683863, -73.931947], [40.683865, -73.931957], [40.683907, -73.932059], [40.683962, -73.932149], [40.68403, -73.932223], [40.684108, -73.932278], [40.684192, -73.932311], [40.68428, -73.932323], [40.684368, -73.932311], [40.684452, -73.932278], [40.68453, -73.932223], [40.684598, -73.932149], [40.684653, -73.932059], [40.684695, -73.931957], [40.684721, -73.931846], [40.684729, -73.93173], [40.684721, -73.931614], [40.684695, -73.931503], [40.684653, -73.931401], [40.684598, -73.931311], [40.68453, -73.931237], [40.684452, -73.931182], [40.684368, -73.931149], [40.68428, -73.931137], [40.684192, -73.931149], [40.684108, -73.931182], [40.68403, -73.931237], [40.683962, -73.931311], [40.683907, -73.931401], [40.683897, -73.931423], [40.683895, -73.931413], [40.683853, -73.931311], [40.683798, -73.931221], [40.68373, -73.931147], [40.683652, -73.931092], [40.683568, -73.931059], [40.68348, -73.931047], [40.683392, -73.931059], [40.683387, -73.931061], [40.683358, -73.931049], [40.68327, -73.931037], [40.683182, -73.931049], [40.683098, -73.931082], [40.68302, -73.931137], [40.682952, -73.931211], [40.682897, -73.931301], [40.682855, -73.931403], [40.682829, -73.931514], [40.682821, -73.93163], [40.682829, -73.931746]]"
ce4ac4c5-be7e-433e-812d-e0c348fcdaef,Review Warning Zone 564,40.6843,-73.9251,0.086,"[[40.683757, -73.925789], [40.683812, -73.925879], [40.68388, -73.925953], [40.683958, -73.926008], [40.684042, -73.926041], [40.68413, -73.926053], [40.684218, -73.926041], [40.684302, -73.926008], [40.68438, -73.925953], [40.684448, -73.925879], [40.684503, -73.925789], [40.684545, -73.925687], [40.684571, -73.925576], [40.684579, -73.92546], [40.684571, -73.925344], [40.684565, -73.925319], [40.684642, -73.925288], [40.68472, -73.925233], [40.684788, -73.925159], [40.684843, -73.925069], [40.684885, -73.924967], [40.684911, -73.924856], [40.684919, -73.92474], [40.684911, -73.924624], [40.684885, -73.924513], [40.684843, -73.924411], [40.684788, -73.924321], [40.68472, -73.924247], [40.684642, -73.924192], [40.684558, -73.924159], [40.68447, -73.924147], [40.684382, -73.924159], [40.684298, -73.924192], [40.68422, -73.924247], [40.684152, -73.924321], [40.684097, -73.924411], [40.684055, -73.924513], [40.684029, -73.924624], [40.684021, -73.92474], [40.684029, -73.924856], [40.684035, -73.924881], [40.683958, -73.924912], [40.68388, -73.924967], [40.683812, -73.925041], [40.683757, -73.925131], [40.683715, -73.925233], [40.683689, -73.925344], [40.683681, -73.92546], [40.683689, -73.925576], [40.683715, -73.925687]]"
d6338eb0-68a8-40df-b618-73038a9519d9,Review Warning Zone 565,40.68427,-73.930285,0.05,"[[40.683897, -73.930614], [40.683952, -73.930704], [40.684021, -73.930778], [40.684098, -73.930832], [40.684182, -73.930866], [40.68427, -73.930878], [40.684358, -73.930866], [40.684442, -73.930832], [40.68452, -73.930778], [40.684588, -73.930704], [40.684644, -73.930614], [40.684685, -73.930512], [40.684711, -73.9304], [40.684719, -73.930285], [40.684711, -73.930169], [40.684685, -73.930058], [40.684644, -73.929955], [40.684588, -73.929866], [40.68452, -73.929792], [40.684442, -73.929737], [40.684358, -73.929703], [40.68427, -73.929692], [40.684182, -73.929703], [40.684098, -73.929737], [40.684021, -73.929792], [40.683952, -73.929866], [40.683897, -73.929955], [40.683855, -73.930058], [40.68383, -73.930169], [40.683821, -73.930285], [40.68383, -73.9304], [40.683855, -73.930512]]"
82dc1c5b-3a1c-4226-9432-7b6280203140,Review Warning Zone 566,40.6852,-73.92873,0.05,"[[40.684785, -73.928957], [40.684827, -73.929059], [40.684882, -73.929149], [40.68495, -73.929223], [40.685028, -73.929278], [40.685112, -73.929311], [40.6852, -73.929323], [40.685288, -73.929311], [40.685372, -73.929278], [40.68545, -73.929223], [40.685518, -73.929149], [40.685573, -73.929059], [40.685615, -73.928957], [40.685641, -73.928846], [40.685649, -73.92873], [40.685641, -73.928614], [40.685615, -73.928503], [40.685573, -73.928401], [40.685518, -73.928311], [40.68545, -73.928237], [40.685372, -73.928182], [40.685288, -73.928149], [40.6852, -73.928137], [40.685112, -73.928149], [40.685028, -73.928182], [40.68495, -73.928237], [40.684882, -73.928311], [40.684827, -73.928401], [40.684785, -73.928503], [40.684759, -73.928614], [40.684751, -73.92873], [40.684759, -73.928846]]"
8fd9ff70-31cb-4dc1-9942-f1cf6e2a722f,Review Warning Zone 567,40.685775,-73.93079,0.074,"[[40.685227, -73.930959], [40.685282, -73.931049], [40.68535, -73.931123], [40.685428, -73.931178], [40.685512, -73.931211], [40.685551, -73.931216], [40.685577, -73.931279], [40.685632, -73.931369], [40.6857, -73.931443], [40.685778, -73.931498], [40.685862, -73.931531], [40.68595, -73.931543], [40.686038, -73.931531], [40.686122, -73.931498], [40.6862, -73.931443], [40.686268, -73.931369], [40.686323, -73.931279], [40.686365, -73.931177], [40.686391, -73.931066], [40.686399, -73.93095], [40.686391, -73.930834], [40.686365, -73.930723], [40.686323, -73.930621], [40.686268, -73.930531], [40.6862, -73.930457], [40.686122, -73.930402], [40.686038, -73.930369], [40.685999, -73.930364], [40.685973, -73.930301], [40.685918, -73.930211], [40.68585, -73.930137], [40.685772, -73.930082], [40.685688, -73.930049], [40.6856, -73.930037], [40.685512, -73.930049], [40.685428, -73.930082], [40.68535, -73.930137], [40.685282, -73.930211], [40.685227, -73.930301], [40.685185, -73.930403], [40.685159, -73.930514], [40.685151, -73.93063], [40.685159, -73.930746], [40.685185, -73.930857]]"
97476e53-acd6-4bd1-8b2c-42f46ee4e23f,Review Warning Zone 568,40.685675,-73.922565,0.082,"[[40.685357, -73.923269], [40.685412, -73.923359], [40.68548, -73.923433], [40.685558, -73.923488], [40.685642, -73.923521], [40.68573, -73.923533], [40.685818, -73.923521], [40.685902, -73.923488], [40.68598, -73.923433], [40.686048, -73.923359], [40.686103, -73.923269], [40.686145, -73.923167], [40.686171, -73.923056], [40.686179, -73.92294], [40.686171, -73.922824], [40.686145, -73.922713], [40.686103, -73.922611], [40.686048, -73.922521], [40.68601, -73.92248], [40.686035, -73.922417], [40.686061, -73.922306], [40.686069, -73.92219], [40.686061, -73.922074], [40.686035, -73.921963], [40.685993, -73.921861], [40.685938, -73.921771], [40.68587, -73.921697], [40.685792, -73.921642], [40.685708, -73.921609], [40.68562, -73.921597], [40.685532, -73.921609], [40.685448, -73.921642], [40.68537, -73.921697], [40.685302, -73.921771], [40.685247, -73.921861], [40.685205, -73.921963], [40.685179, -73.922074], [40.685171, -73.92219], [40.685179, -73.922306], [40.685205, -73.922417], [40.685247, -73.922519], [40.685302, -73.922609], [40.68534, -73.92265], [40.685315, -73.922713], [40.685289, -73.922824], [40.685281, -73.92294], [40.685289, -73.923056], [40.685315, -73.923167]]"
05becb40-8f8b-4b8e-a54d-15342b4b2d39,Review Warning Zone 569,40.68583,-73.9263,0.05,"[[40.685415, -73.926527], [40.685457, -73.926629], [40.685512, -73.926719], [40.68558, -73.926793], [40.685658, -73.926848], [40.685742, -73.926881], [40.68583, -73.926893], [40.685918, -73.926881], [40.686002, -73.926848], [40.68608, -73.926793], [40.686148, -73.926719], [40.686203, -73.926629], [40.686245, -73.926527], [40.686271, -73.926416], [40.686279, -73.9263], [40.686271, -73.926184], [40.686245, -73.926073], [40.686203, -73.925971], [40.686148, -73.925881], [40.68608, -73.925807], [40.686002, -73.925752], [40.685918, -73.925719], [40.68583, -73.925707], [40.685742, -73.925719], [40.685658, -73.925752], [40.68558, -73.925807], [40.685512, -73.925881], [40.685457, -73.925971], [40.685415, -73.926073], [40.685389, -73.926184], [40.685381, -73.9263], [40.685389, -73.926416]]"
8fe45af9-89c3-472c-b2e0-82bd7935aad8,Review Warning Zone 570,40.686395,-73.924585,0.092,"[[40.685835, -73.925267], [40.685877, -73.925369], [40.685932, -73.925459], [40.686, -73.925533], [40.686078, -73.925588], [40.686162, -73.925621], [40.68625, -73.925633], [40.686338, -73.925621], [40.686422, -73.925588], [40.6865, -73.925533], [40.686568, -73.925459], [40.686623, -73.925369], [40.686665, -73.925267], [40.686691, -73.925156], [40.686699, -73.92504], [40.686691, -73.924924], [40.686665, -73.924813], [40.686624, -73.924712], [40.686628, -73.924711], [40.686712, -73.924678], [40.68679, -73.924623], [40.686858, -73.924549], [40.686913, -73.924459], [40.686955, -73.924357], [40.686981, -73.924246], [40.686989, -73.92413], [40.686981, -73.924014], [40.686955, -73.923903], [40.686913, -73.923801], [40.686858, -73.923711], [40.68679, -73.923637], [40.686712, -73.923582], [40.686628, -73.923549], [40.68654, -73.923537], [40.686452, -73.923549], [40.686368, -73.923582], [40.68629, -73.923637], [40.686222, -73.923711], [40.686167, -73.923801], [40.686125, -73.923903], [40.686099, -73.924014], [40.686091, -73.92413], [40.686099, -73.924246], [40.686125, -73.924357], [40.686166, -73.924458], [40.686162, -73.924459], [40.686078, -73.924492], [40.686, -73.924547], [40.685932, -73.924621], [40.685877, -73.924711], [40.685835, -73.924813], [40.685809, -73.924924], [40.685801, -73.92504], [40.685809, -73.925156]]"
ce462b97-a6ca-4fd7-9453-7801976ad3ea,Review Warning Zone 571,40.68665,-73.93007,0.05,"[[40.686277, -73.930399], [40.686332, -73.930489], [40.6864, -73.930563], [40.686478, -73.930618], [40.686562, -73.930651], [40.68665, -73.930663], [40.686738, -73.930651], [40.686822, -73.930618], [40.6869, -73.930563], [40.686968, -73.930489], [40.687023, -73.930399], [40.687065, -73.930297], [40.687091, -73.930186], [40.687099, -73.93007], [40.687091, -73.929954], [40.687065, -73.929843], [40.687023, -73.929741], [40.686968, -73.929651], [40.6869, -73.929577], [40.686822, -73.929522], [40.686738, -73.929489], [40.68665, -73.929477], [40.686562, -73.929489], [40.686478, -73.929522], [40.6864, -73.929577], [40.686332, -73.929651], [40.686277, -73.929741], [40.686235, -73.929843], [40.686209, -73.929954], [40.686201, -73.93007], [40.686209, -73.930186], [40.686235, -73.930297]]"
4057846c-e4b2-458f-9777-36b61083ea94,Review Warning Zone 572,40.6873,-73.92881,0.05,"[[40.686885, -73.929037], [40.686927, -73.929139], [40.686982, -73.929229], [40.68705, -73.929303], [40.687128, -73.929358], [40.687212, -73.929391], [40.6873, -73.929403], [40.687388, -73.929391], [40.687472, -73.929358], [40.68755, -73.929303], [40.687618, -73.929229], [40.687673, -73.929139], [40.687715, -73.929037], [40.687741, -73.928926], [40.687749, -73.92881], [40.687741, -73.928694], [40.687715, -73.928583], [40.687673, -73.928481], [40.687618, -73.928391], [40.68755, -73.928317], [40.687472, -73.928262], [40.687388, -73.928229], [40.6873, -73.928217], [40.687212, -73.928229], [40.687128, -73.928262], [40.68705, -73.928317], [40.686982, -73.928391], [40.686927, -73.928481], [40.686885, -73.928583], [40.686859, -73.928694], [40.686851, -73.92881], [40.686859, -73.928926]]"
fe838264-237d-4138-aa46-71a3219a5f56,Review Warning Zone 573,40.687796,-73.927373,0.106,"[[40.687157, -73.927169], [40.687212, -73.927259], [40.68728, -73.927333], [40.687358, -73.927388], [40.687442, -73.927421], [40.687473, -73.927425], [40.687487, -73.927459], [40.687542, -73.927549], [40.68761, -73.927623], [40.687621, -73.927631], [40.687597, -73.927671], [40.687555, -73.927773], [40.687529, -73.927884], [40.687521, -73.928], [40.687529, -73.928116], [40.687555, -73.928227], [40.687597, -73.928329], [40.687652, -73.928419], [40.68772, -73.928493], [40.687798, -73.928548], [40.687882, -73.928581], [40.68797, -73.928593], [40.688058, -73.928581], [40.688142, -73.928548], [40.68822, -73.928493], [40.688288, -73.928419], [40.688343, -73.928329], [40.688385, -73.928227], [40.688411, -73.928116], [40.688419, -73.928], [40.688411, -73.927884], [40.688385, -73.927773], [40.688343, -73.927671], [40.688288, -73.927581], [40.68822, -73.927507], [40.688209, -73.927499], [40.688233, -73.927459], [40.688275, -73.927357], [40.688301, -73.927246], [40.688309, -73.92713], [40.688301, -73.927014], [40.688275, -73.926903], [40.688233, -73.926801], [40.688178, -73.926711], [40.68811, -73.926637], [40.688032, -73.926582], [40.687948, -73.926549], [40.687917, -73.926545], [40.687903, -73.926511], [40.687848, -73.926421], [40.68778, -73.926347], [40.687702, -73.926292], [40.687618, -73.926259], [40.68753, -73.926247], [40.687442, -73.926259], [40.687358, -73.926292], [40.68728, -73.926347], [40.687212, -73.926421], [40.687157, -73.926511], [40.687115, -73.926613], [40.687089, -73.926724], [40.687081, -73.92684], [40.687089, -73.926956], [40.687115, -73.927067]]"
5158c81b-d0de-4d4c-bf9b-ab7944610a9b,Review Warning Zone 574,40.68737,-73.922935,0.079,"[[40.687448, -73.923588], [40.687532, -73.923621], [40.68762, -73.923633], [40.687708, -73.923621], [40.687792, -73.923588], [40.68787, -73.923533], [40.687938, -73.923459], [40.687993, -73.923369], [40.688035, -73.923267], [40.688061, -73.923156], [40.688069, -73.92304], [40.688061, -73.922924], [40.688035, -73.922813], [40.687993, -73.922711], [40.687938, -73.922621], [40.68787, -73.922547], [40.687792, -73.922492], [40.687708, -73.922459], [40.68762, -73.922447], [40.687532, -73.922459], [40.68748, -73.92248], [40.687438, -73.922411], [40.68737, -73.922337], [40.687292, -73.922282], [40.687208, -73.922249], [40.68712, -73.922237], [40.687032, -73.922249], [40.686948, -73.922282], [40.68687, -73.922337], [40.686802, -73.922411], [40.686747, -73.922501], [40.686705, -73.922603], [40.686679, -73.922714], [40.686671, -73.92283], [40.686679, -73.922946], [40.686705, -73.923057], [40.686747, -73.923159], [40.686802, -73.923249], [40.68687, -73.923323], [40.686948, -73.923378], [40.687032, -73.923411], [40.68712, -73.923423], [40.687208, -73.923411], [40.68726, -73.92339], [40.687302, -73.923459], [40.68737, -73.923533]]"
f96d79bc-d24a-45e8-905a-4f142e1a8230,Review Warning Zone 575,40.689834,-73.930127,0.176,"[[40.688467, -73.930919], [40.688522, -73.931009], [40.68859, -73.931083], [40.688668, -73.931138], [40.688752, -73.931171], [40.688819, -73.93118], [40.688819, -73.931186], [40.688845, -73.931297], [40.688887, -73.931399], [40.688942, -73.931489], [40.68901, -73.931563], [40.689088, -73.931618], [40.689172, -73.931651], [40.68926, -73.931663], [40.689348, -73.931651], [40.689432, -73.931618], [40.68951, -73.931563], [40.689578, -73.931489], [40.689633, -73.931399], [40.689675, -73.931297], [40.689701, -73.931186], [40.689702, -73.931162], [40.68973, -73.931193], [40.689808, -73.931248], [40.689892, -73.931281], [40.68998, -73.931293], [40.690068, -73.931281], [40.690152, -73.931248], [40.69023, -73.931193], [40.690298, -73.931119], [40.690353, -73.931029], [40.690395, -73.930927], [40.690421, -73.930816], [40.690429, -73.9307], [40.690424, -73.930634], [40.69049, -73.930643], [40.690578, -73.930631], [40.690662, -73.930598], [40.69074, -73.930543], [40.690808, -73.930469], [40.690863, -73.930379], [40.690905, -73.930277], [40.690931, -73.930166], [40.690939, -73.93005], [40.690931, -73.929934], [40.690905, -73.929823], [40.690863, -73.929721], [40.690808, -73.929631], [40.69074, -73.929557], [40.690662, -73.929502], [40.690586, -73.929472], [40.690589, -73.92943], [40.690581, -73.929314], [40.690577, -73.929299], [40.6906, -73.929283], [40.690668, -73.929209], [40.690723, -73.929119], [40.690765, -73.929017], [40.690791, -73.928906], [40.690799, -73.92879], [40.690791, -73.928674], [40.690765, -73.928563], [40.690723, -73.928461], [40.690668, -73.928371], [40.6906, -73.928297], [40.690522, -73.928242], [40.690438, -73.928209], [40.69035, -73.928197], [40.690262, -73.928209], [40.690178, -73.928242], [40.6901, -73.928297], [40.690032, -73.928371], [40.689977, -73.928461], [40.689935, -73.928563], [40.689909, -73.928674], [40.689901, -73.92879], [40.689909, -73.928906], [40.689913, -73.928921], [40.68989, -73.928937], [40.689822, -73.929011], [40.689767, -73.929101], [40.689725, -73.929203], [40.689699, -73.929314], [40.689691, -73.92943], [40.689699, -73.929546], [40.689725, -73.929657], [40.689767, -73.929759], [40.689822, -73.929849], [40.68989, -73.929923], [40.689968, -73.929978], [40.690044, -73.930008], [40.690041, -73.93005], [40.690046, -73.930116], [40.68998, -73.930107], [40.689892, -73.930119], [40.689808, -73.930152], [40.68973, -73.930207], [40.689662, -73.930281], [40.689607, -73.930371], [40.689565, -73.930473], [40.689539, -73.930584], [40.689538, -73.930608], [40.68951, -73.930577], [40.689432, -73.930522], [40.689348, -73.930489], [40.689281, -73.93048], [40.689281, -73.930474], [40.689255, -73.930363], [40.689213, -73.930261], [40.689158, -73.930171], [40.68909, -73.930097], [40.689012, -73.930042], [40.688928, -73.930009], [40.68884, -73.929997], [40.688752, -73.930009], [40.688668, -73.930042], [40.68859, -73.930097], [40.688522, -73.930171], [40.688467, -73.930261], [40.688425, -73.930363], [40.688399, -73.930474], [40.688391, -73.93059], [40.688399, -73.930706], [40.688425, -73.930817]]"
7fe904ec-5624-46b0-86c2-e3211c927a1a,Review Warning Zone 576,40.68886,-73.92871,0.05,"[[40.688445, -73.928937], [40.688487, -73.929039], [40.688542, -73.929129], [40.68861, -73.929203], [40.688688, -73.929258], [40.688772, -73.929291], [40.68886, -73.929303], [40.688948, -73.929291], [40.689032, -73.929258], [40.68911, -73.929203], [40.689178, -73.929129], [40.689233, -73.929039], [40.689275, -73.928937], [40.689301, -73.928826], [40.689309, -73.92871], [40.689301, -73.928594], [40.689275, -73.928483], [40.689233, -73.928381], [40.689178, -73.928291], [40.68911, -73.928217], [40.689032, -73.928162], [40.688948, -73.928129], [40.68886, -73.928117], [40.688772, -73.928129], [40.688688, -73.928162], [40.68861, -73.928217], [40.688542, -73.928291], [40.688487, -73.928381], [40.688445, -73.928483], [40.688419, -73.928594], [40.688411, -73.92871], [40.688419, -73.928826]]"
d4394690-9290-46ba-a3e0-94950f48f7c2,Review Warning Zone 577,40.6892,-73.92738,0.05,"[[40.688785, -73.927607], [40.688827, -73.927709], [40.688882, -73.927799], [40.68895, -73.927873], [40.689028, -73.927928], [40.689112, -73.927961], [40.6892, -73.927973], [40.689288, -73.927961], [40.689372, -73.927928], [40.68945, -73.927873], [40.689518, -73.927799], [40.689573, -73.927709], [40.689615, -73.927607], [40.689641, -73.927496], [40.689649, -73.92738], [40.689641, -73.927264], [40.689615, -73.927153], [40.689573, -73.927051], [40.689518, -73.926961], [40.68945, -73.926887], [40.689372, -73.926832], [40.689288, -73.926799], [40.6892, -73.926787], [40.689112, -73.926799], [40.689028, -73.926832], [40.68895, -73.926887], [40.688882, -73.926961], [40.688827, -73.927051], [40.688785, -73.927153], [40.688759, -73.927264], [40.688751, -73.92738], [40.688759, -73.927496]]"
f04b8717-faaf-4aa5-ac6e-e279067f6aa6,Review Warning Zone 578,40.69049,-73.93212,0.05,"[[40.690075, -73.932347], [40.690117, -73.932449], [40.690172, -73.932539], [40.69024, -73.932613], [40.690318, -73.932668], [40.690402, -73.932701], [40.69049, -73.932713], [40.690578, -73.932701], [40.690662, -73.932668], [40.69074, -73.932613], [40.690808, -73.932539], [40.690863, -73.932449], [40.690905, -73.932347], [40.690931, -73.932236], [40.690939, -73.93212], [40.690931, -73.932004], [40.690905, -73.931893], [40.690863, -73.931791], [40.690808, -73.931701], [40.69074, -73.931627], [40.690662, -73.931572], [40.690578, -73.931539], [40.69049, -73.931527], [40.690402, -73.931539], [40.690318, -73.931572], [40.69024, -73.931627], [40.690172, -73.931701], [40.690117, -73.931791], [40.690075, -73.931893], [40.690049, -73.932004], [40.690041, -73.93212], [40.690049, -73.932236]]"
9f1470b9-4dca-4e29-8de8-f89ce7d8c483,Review Warning Zone 579,40.69068,-73.92664,0.05,"[[40.690307, -73.926969], [40.690362, -73.927059], [40.69043, -73.927133], [40.690508, -73.927188], [40.690592, -73.927221], [40.69068, -73.927233], [40.690768, -73.927221], [40.690852, -73.927188], [40.69093, -73.927133], [40.690998, -73.927059], [40.691053, -73.926969], [40.691095, -73.926867], [40.691121, -73.926756], [40.691129, -73.92664], [40.691121, -73.926524], [40.691095, -73.926413], [40.691053, -73.926311], [40.690998, -73.926221], [40.69093, -73.926147], [40.690852, -73.926092], [40.690768, -73.926059], [40.69068, -73.926047], [40.690592, -73.926059], [40.690508, -73.926092], [40.69043, -73.926147], [40.690362, -73.926221], [40.690307, -73.926311], [40.690265, -73.926413], [40.690239, -73.926524], [40.690231, -73.92664], [40.690239, -73.926756], [40.690265, -73.926867]]"
c212988c-50a3-4cfc-a00f-d511e5d3c80f,Review Warning Zone 580,40.69189,-73.92391,0.05,"[[40.691517, -73.924239], [40.691572, -73.924329], [40.69164, -73.924403], [40.691718, -73.924458], [40.691802, -73.924491], [40.69189, -73.924503], [40.691978, -73.924491], [40.692062, -73.924458], [40.69214, -73.924403], [40.692208, -73.924329], [40.692263, -73.924239], [40.692305, -73.924137], [40.692331, -73.924026], [40.692339, -73.92391], [40.692331, -73.923794], [40.692305, -73.923683], [40.692263, -73.923581], [40.692208, -73.923491], [40.69214, -73.923417], [40.692062, -73.923362], [40.691978, -73.923329], [40.69189, -73.923317], [40.691802, -73.923329], [40.691718, -73.923362], [40.69164, -73.923417], [40.691572, -73.923491], [40.691517, -73.923581], [40.691475, -73.923683], [40.691449, -73.923794], [40.691441, -73.92391], [40.691449, -73.924026], [40.691475, -73.924137]]"
21474725-dd43-4ca3-86b9-40bc22280cde,Review Warning Zone 581,40.69415,-73.92415,0.05,"[[40.693735, -73.924377], [40.693777, -73.924479], [40.693832, -73.924569], [40.6939, -73.924643], [40.693978, -73.924698], [40.694062, -73.924731], [40.69415, -73.924743], [40.694238, -73.924731], [40.694322, -73.924698], [40.6944, -73.924643], [40.694468, -73.924569], [40.694523, -73.924479], [40.694565, -73.924377], [40.694591, -73.924266], [40.694599, -73.92415], [40.694591, -73.924034], [40.694565, -73.923923], [40.694523, -73.923821], [40.694468, -73.923731], [40.6944, -73.923657], [40.694322, -73.923602], [40.694238, -73.923569], [40.69415, -73.923557], [40.694062, -73.923569], [40.693978, -73.923602], [40.6939, -73.923657], [40.693832, -73.923731], [40.693777, -73.923821], [40.693735, -73.923923], [40.693709, -73.924034], [40.693701, -73.92415], [40.693709, -73.924266]]"
9535b5d2-8eb9-4665-ad85-c18dc671c30c,Review Warning Zone 582,40.69592,-73.92576,0.05,"[[40.695505, -73.925987], [40.695547, -73.926089], [40.695602, -73.926179], [40.69567, -73.926253], [40.695748, -73.926308], [40.695832, -73.926341], [40.69592, -73.926353], [40.696008, -73.926341], [40.696092, -73.926308], [40.69617, -73.926253], [40.696238, -73.926179], [40.696293, -73.926089], [40.696335, -73.925987], [40.696361, -73.925876], [40.696369, -73.92576], [40.696361, -73.925644], [40.696335, -73.925533], [40.696293, -73.925431], [40.696238, -73.925341], [40.69617, -73.925267], [40.696092, -73.925212], [40.696008, -73.925179], [40.69592, -73.925167], [40.695832, -73.925179], [40.695748, -73.925212], [40.69567, -73.925267], [40.695602, -73.925341], [40.695547, -73.925431], [40.695505, -73.925533], [40.695479, -73.925644], [40.695471, -73.92576], [40.695479, -73.925876]]"
daac4846-3427-4590-b9bc-fc492ff3e5eb,Review Warning Zone 583,40.69644,-73.92897,0.05,"[[40.696025, -73.929197], [40.696067, -73.929299], [40.696122, -73.929389], [40.69619, -73.929463], [40.696268, -73.929518], [40.696352, -73.929551], [40.69644, -73.929563], [40.696528, -73.929551], [40.696612, -73.929518], [40.69669, -73.929463], [40.696758, -73.929389], [40.696813, -73.929299], [40.696855, -73.929197], [40.696881, -73.929086], [40.696889, -73.92897], [40.696881, -73.928854], [40.696855, -73.928743], [40.696813, -73.928641], [40.696758, -73.928551], [40.69669, -73.928477], [40.696612, -73.928422], [40.696528, -73.928389], [40.69644, -73.928377], [40.696352, -73.928389], [40.696268, -73.928422], [40.69619, -73.928477], [40.696122, -73.928551], [40.696067, -73.928641], [40.696025, -73.928743], [40.695999, -73.928854], [40.695991, -73.92897], [40.695999, -73.929086]]"
476c82ea-d3e4-472c-bebb-419d024ce1fe,Review Warning Zone 584,40.69687,-73.93219,0.05,"[[40.696497, -73.932519], [40.696552, -73.932609], [40.69662, -73.932683], [40.696698, -73.932738], [40.696782, -73.932771], [40.69687, -73.932783], [40.696958, -73.932771], [40.697042, -73.932738], [40.69712, -73.932683], [40.697188, -73.932609], [40.697243, -73.932519], [40.697285, -73.932417], [40.697311, -73.932306], [40.697319, -73.93219], [40.697311, -73.932074], [40.697285, -73.931963], [40.697243, -73.931861], [40.697188, -73.931771], [40.69712, -73.931697], [40.697042, -73.931642], [40.696958, -73.931609], [40.69687, -73.931597], [40.696782, -73.931609], [40.696698, -73.931642], [40.69662, -73.931697], [40.696552, -73.931771], [40.696497, -73.931861], [40.696455, -73.931963], [40.696429, -73.932074], [40.696421, -73.93219], [40.696429, -73.932306], [40.696455, -73.932417]]"
a731b185-97c6-4f79-adb3-7bfc24d8c2fe,Review Warning Zone 585,40.698166,-73.930958,0.152,"[[40.697377, -73.930879], [40.697432, -73.930969], [40.6975, -73.931043], [40.697578, -73.931098], [40.697662, -73.931131], [40.69775, -73.931143], [40.697838, -73.931131], [40.697913, -73.931101], [40.697911, -73.93113], [40.697919, -73.931246], [40.697945, -73.931357], [40.697987, -73.931459], [40.698042, -73.931549], [40.698091, -73.931601], [40.698038, -73.931622], [40.69796, -73.931677], [40.697892, -73.931751], [40.697837, -73.931841], [40.697795, -73.931943], [40.697769, -73.932054], [40.697761, -73.93217], [40.697769, -73.932286], [40.697795, -73.932397], [40.697837, -73.932499], [40.697892, -73.932589], [40.69796, -73.932663], [40.698038, -73.932718], [40.698122, -73.932751], [40.69821, -73.932763], [40.698298, -73.932751], [40.698382, -73.932718], [40.69846, -73.932663], [40.698528, -73.932589], [40.698583, -73.932499], [40.698625, -73.932397], [40.698651, -73.932286], [40.698659, -73.93217], [40.698651, -73.932054], [40.698625, -73.931943], [40.698583, -73.931841], [40.698528, -73.931751], [40.698479, -73.931699], [40.698532, -73.931678], [40.69861, -73.931623], [40.698678, -73.931549], [40.698733, -73.931459], [40.698775, -73.931357], [40.698801, -73.931246], [40.698809, -73.93113], [40.698801, -73.931014], [40.698775, -73.930903], [40.698733, -73.930801], [40.698678, -73.930711], [40.69861, -73.930637], [40.698532, -73.930582], [40.698448, -73.930549], [40.69836, -73.930537], [40.698272, -73.930549], [40.698197, -73.930579], [40.698199, -73.93055], [40.698196, -73.930503], [40.698242, -73.930521], [40.69833, -73.930533], [40.698418, -73.930521], [40.698502, -73.930488], [40.69858, -73.930433], [40.698648, -73.930359], [40.698703, -73.930269], [40.698745, -73.930167], [40.698771, -73.930056], [40.698779, -73.92994], [40.698771, -73.929824], [40.698745, -73.929713], [40.698703, -73.929611], [40.698648, -73.929521], [40.69858, -73.929447], [40.698502, -73.929392], [40.698418, -73.929359], [40.69833, -73.929347], [40.698242, -73.929359], [40.698158, -73.929392], [40.69808, -73.929447], [40.698012, -73.929521], [40.697957, -73.929611], [40.697915, -73.929713], [40.697889, -73.929824], [40.697881, -73.92994], [40.697884, -73.929987], [40.697838, -73.929969], [40.69775, -73.929957], [40.697662, -73.929969], [40.697578, -73.930002], [40.6975, -73.930057], [40.697432, -73.930131], [40.697377, -73.930221], [40.697335, -73.930323], [40.697309, -73.930434], [40.697301, -73.93055], [40.697309, -73.930666], [40.697335, -73.930777]]"
4b34241b-8d81-4081-9234-b38159252e7a,Review Warning Zone 586,40.70011,-73.92994,0.05,"[[40.699737, -73.930269], [40.699792, -73.930359], [40.69986, -73.930433], [40.699938, -73.930488], [40.700022, -73.930521], [40.70011, -73.930533], [40.700198, -73.930521], [40.700282, -73.930488], [40.70036, -73.930433], [40.700428, -73.930359], [40.700483, -73.930269], [40.700525, -73.930167], [40.700551, -73.930056], [40.700559, -73.92994], [40.700551, -73.929824], [40.700525, -73.929713], [40.700483, -73.929611], [40.700428, -73.929521], [40.70036, -73.929447], [40.700282, -73.929392], [40.700198, -73.929359], [40.70011, -73.929347], [40.700022, -73.929359], [40.699938, -73.929392], [40.69986, -73.929447], [40.699792, -73.929521], [40.699737, -73.929611], [40.699695, -73.929713], [40.699669, -73.929824], [40.699661, -73.92994], [40.699669, -73.930056], [40.699695, -73.930167]]"
cd89374a-1399-44dc-8aca-511b2d4ee3d0,Review Warning Zone 587,40.70125,-73.92877,0.05,"[[40.700877, -73.929099], [40.700932, -73.929189], [40.701, -73.929263], [40.701078, -73.929318], [40.701162, -73.929351], [40.70125, -73.929363], [40.701338, -73.929351], [40.701422, -73.929318], [40.7015, -73.929263], [40.701568, -73.929189], [40.701623, -73.929099], [40.701665, -73.928997], [40.701691, -73.928886], [40.701699, -73.92877], [40.701691, -73.928654], [40.701665, -73.928543], [40.701623, -73.928441], [40.701568, -73.928351], [40.7015, -73.928277], [40.701422, -73.928222], [40.701338, -73.928189], [40.70125, -73.928177], [40.701162, -73.928189], [40.701078, -73.928222], [40.701, -73.928277], [40.700932, -73.928351], [40.700877, -73.928441], [40.700835, -73.928543], [40.700809, -73.928654], [40.700801, -73.92877], [40.700809, -73.928886], [40.700835, -73.928997]]"
d44b5e32-f487-4726-856f-df45cda5ea98,Review Warning Zone 588,40.702665,-73.926745,0.085,"[[40.702245, -73.926557], [40.702287, -73.926659], [40.702342, -73.926749], [40.702345, -73.926752], [40.702297, -73.926831], [40.702255, -73.926933], [40.702229, -73.927044], [40.702221, -73.92716], [40.702229, -73.927276], [40.702255, -73.927387], [40.702297, -73.927489], [40.702352, -73.927579], [40.70242, -73.927653], [40.702498, -73.927708], [40.702582, -73.927741], [40.70267, -73.927753], [40.702758, -73.927741], [40.702842, -73.927708], [40.70292, -73.927653], [40.702988, -73.927579], [40.703043, -73.927489], [40.703085, -73.927387], [40.703111, -73.927276], [40.703119, -73.92716], [40.703111, -73.927044], [40.703085, -73.926933], [40.703043, -73.926831], [40.702988, -73.926741], [40.702985, -73.926738], [40.703033, -73.926659], [40.703075, -73.926557], [40.703101, -73.926446], [40.703109, -73.92633], [40.703101, -73.926214], [40.703075, -73.926103], [40.703033, -73.926001], [40.702978, -73.925911], [40.70291, -73.925837], [40.702832, -73.925782], [40.702748, -73.925749], [40.70266, -73.925737], [40.702572, -73.925749], [40.702488, -73.925782], [40.70241, -73.925837], [40.702342, -73.925911], [40.702287, -73.926001], [40.702245, -73.926103], [40.702219, -73.926214], [40.702211, -73.92633], [40.702219, -73.926446]]"
91108c53-263e-4b57-9743-9abacd2fe969,Review Warning Zone 589,40.70351,-73.9255,0.05,"[[40.703095, -73.925727], [40.703137, -73.925829], [40.703192, -73.925919], [40.70326, -73.925993], [40.703338, -73.926048], [40.703422, -73.926081], [40.70351, -73.926093], [40.703598, -73.926081], [40.703682, -73.926048], [40.70376, -73.925993], [40.703828, -73.925919], [40.703883, -73.925829], [40.703925, -73.925727], [40.703951, -73.925616], [40.703959, -73.9255], [40.703951, -73.925384], [40.703925, -73.925273], [40.703883, -73.925171], [40.703828, -73.925081], [40.70376, -73.925007], [40.703682, -73.924952], [40.703598, -73.924919], [40.70351, -73.924907], [40.703422, -73.924919], [40.703338, -73.924952], [40.70326, -73.925007], [40.703192, -73.925081], [40.703137, -73.925171], [40.703095, -73.925273], [40.703069, -73.925384], [40.703061, -73.9255], [40.703069, -73.925616]]"
310b07c2-5d6e-4d6b-8b83-39285c9e8641,Review Warning Zone 590,40.70734,-73.92789,0.05,"[[40.706967, -73.928219], [40.707022, -73.928309], [40.70709, -73.928383], [40.707168, -73.928438], [40.707252, -73.928471], [40.70734, -73.928483], [40.707428, -73.928471], [40.707512, -73.928438], [40.70759, -73.928383], [40.707658, -73.928309], [40.707713, -73.928219], [40.707755, -73.928117], [40.707781, -73.928006], [40.707789, -73.92789], [40.707781, -73.927774], [40.707755, -73.927663], [40.707713, -73.927561], [40.707658, -73.927471], [40.70759, -73.927397], [40.707512, -73.927342], [40.707428, -73.927309], [40.70734, -73.927297], [40.707252, -73.927309], [40.707168, -73.927342], [40.70709, -73.927397], [40.707022, -73.927471], [40.706967, -73.927561], [40.706925, -73.927663], [40.706899, -73.927774], [40.706891, -73.92789], [40.706899, -73.928006], [40.706925, -73.928117]]"
523f9da1-c929-4a22-9b3a-3f5146c48a5a,Review Warning Zone 591,40.73843,-73.92769,0.05,"[[40.738057, -73.928019], [40.738112, -73.928109], [40.73818, -73.928183], [40.738258, -73.928238], [40.738342, -73.928271], [40.73843, -73.928283], [40.738518, -73.928271], [40.738602, -73.928238], [40.73868, -73.928183], [40.738748, -73.928109], [40.738803, -73.928019], [40.738845, -73.927917], [40.738871, -73.927806], [40.738879, -73.92769], [40.738871, -73.927574], [40.738845, -73.927463], [40.738803, -73.927361], [40.738748, -73.927271], [40.73868, -73.927197], [40.738602, -73.927142], [40.738518, -73.927109], [40.73843, -73.927097], [40.738342, -73.927109], [40.738258, -73.927142], [40.73818, -73.927197], [40.738112, -73.927271], [40.738057, -73.927361], [40.738015, -73.927463], [40.737989, -73.927574], [40.737981, -73.92769], [40.737989, -73.927806], [40.738015, -73.927917]]"
ac8340b5-17a1-4557-9255-73614c9258bf,Review Warning Zone 592,40.75328,-73.93255,0.05,"[[40.752865, -73.932777], [40.752907, -73.932879], [40.752962, -73.932969], [40.75303, -73.933043], [40.753108, -73.933098], [40.753192, -73.933131], [40.75328, -73.933143], [40.753368, -73.933131], [40.753452, -73.933098], [40.75353, -73.933043], [40.753598, -73.932969], [40.753653, -73.932879], [40.753695, -73.932777], [40.753721, -73.932666], [40.753729, -73.93255], [40.753721, -73.932434], [40.753695, -73.932323], [40.753653, -73.932221], [40.753598, -73.932131], [40.75353, -73.932057], [40.753452, -73.932002], [40.753368, -73.931969], [40.75328, -73.931957], [40.753192, -73.931969], [40.753108, -73.932002], [40.75303, -73.932057], [40.752962, -73.932131], [40.752907, -73.932221], [40.752865, -73.932323], [40.752839, -73.932434], [40.752831, -73.93255], [40.752839, -73.932666]]"
baec99a4-4a05-47f1-b18b-ed7a6ca1146b,Review Warning Zone 593,40.7578,-73.92748,0.05,"[[40.757385, -73.927707], [40.757427, -73.927809], [40.757482, -73.927899], [40.75755, -73.927973], [40.757628, -73.928028], [40.757712, -73.928061], [40.7578, -73.928073], [40.757888, -73.928061], [40.757972, -73.928028], [40.75805, -73.927973], [40.758118, -73.927899], [40.758173, -73.927809], [40.758215, -73.927707], [40.758241, -73.927596], [40.758249, -73.92748], [40.758241, -73.927364], [40.758215, -73.927253], [40.758173, -73.927151], [40.758118, -73.927061], [40.75805, -73.926987], [40.757972, -73.926932], [40.757888, -73.926899], [40.7578, -73.926887], [40.757712, -73.926899], [40.757628, -73.926932], [40.75755, -73.926987], [40.757482, -73.927061], [40.757427, -73.927151], [40.757385, -73.927253], [40.757359, -73.927364], [40.757351, -73.92748], [40.757359, -73.927596]]"
3f9b68da-6122-4052-acd5-5c8cd038b39b,Review Warning Zone 594,40.75976,-73.92899,0.05,"[[40.759345, -73.929217], [40.759387, -73.929319], [40.759442, -73.929409], [40.75951, -73.929483], [40.759588, -73.929538], [40.759672, -73.929571], [40.75976, -73.929583], [40.759848, -73.929571], [40.759932, -73.929538], [40.76001, -73.929483], [40.760078, -73.929409], [40.760133, -73.929319], [40.760175, -73.929217], [40.760201, -73.929106], [40.760209, -73.92899], [40.760201, -73.928874], [40.760175, -73.928763], [40.760133, -73.928661], [40.760078, -73.928571], [40.76001, -73.928497], [40.759932, -73.928442], [40.759848, -73.928409], [40.75976, -73.928397], [40.759672, -73.928409], [40.759588, -73.928442], [40.75951, -73.928497], [40.759442, -73.928571], [40.759387, -73.928661], [40.759345, -73.928763], [40.759319, -73.928874], [40.759311, -73.92899], [40.759319, -73.929106]]"
1fa54668-d23d-484d-9ce6-010a4d462dc3,Review Warning Zone 595,40.76247,-73.92676,0.05,"[[40.762097, -73.927089], [40.762152, -73.927179], [40.76222, -73.927253], [40.762298, -73.927308], [40.762382, -73.927341], [40.76247, -73.927353], [40.762558, -73.927341], [40.762642, -73.927308], [40.76272, -73.927253], [40.762788, -73.927179], [40.762843, -73.927089], [40.762885, -73.926987], [40.762911, -73.926876], [40.762919, -73.92676], [40.762911, -73.926644], [40.762885, -73.926533], [40.762843, -73.926431], [40.762788, -73.926341], [40.76272, -73.926267], [40.762642, -73.926212], [40.762558, -73.926179], [40.76247, -73.926167], [40.762382, -73.926179], [40.762298, -73.926212], [40.76222, -73.926267], [40.762152, -73.926341], [40.762097, -73.926431], [40.762055, -73.926533], [40.762029, -73.926644], [40.762021, -73.92676], [40.762029, -73.926876], [40.762055, -73.926987]]"
b34ea2d7-5ab2-452b-8abf-54f0d9cafa41,Review Warning Zone 596,40.76523,-73.92812,0.05,"[[40.764857, -73.928449], [40.764912, -73.928539], [40.76498, -73.928613], [40.765058, -73.928668], [40.765142, -73.928701], [40.76523, -73.928713], [40.765318, -73.928701], [40.765402, -73.928668], [40.76548, -73.928613], [40.765548, -73.928539], [40.765603, -73.928449], [40.765645, -73.928347], [40.765671, -73.928236], [40.765679, -73.92812], [40.765671, -73.928004], [40.765645, -73.927893], [40.765603, -73.927791], [40.765548, -73.927701], [40.76548, -73.927627], [40.765402, -73.927572], [40.765318, -73.927539], [40.76523, -73.927527], [40.765142, -73.927539], [40.765058, -73.927572], [40.76498, -73.927627], [40.764912, -73.927701], [40.764857, -73.927791], [40.764815, -73.927893], [40.764789, -73.928004], [40.764781, -73.92812], [40.764789, -73.928236], [40.764815, -73.928347]]"
00a1338f-30c7-4a5e-87a3-86aa5c79a056,Review Warning Zone 597,40.76744,-73.92841,0.05,"[[40.767025, -73.928637], [40.767067, -73.928739], [40.767122, -73.928829], [40.76719, -73.928903], [40.767268, -73.928958], [40.767352, -73.928991], [40.76744, -73.929003], [40.767528, -73.928991], [40.767612, -73.928958], [40.76769, -73.928903], [40.767758, -73.928829], [40.767813, -73.928739], [40.767855, -73.928637], [40.767881, -73.928526], [40.767889, -73.92841], [40.767881, -73.928294], [40.767855, -73.928183], [40.767813, -73.928081], [40.767758, -73.927991], [40.76769, -73.927917], [40.767612, -73.927862], [40.767528, -73.927829], [40.76744, -73.927817], [40.767352, -73.927829], [40.767268, -73.927862], [40.76719, -73.927917], [40.767122, -73.927991], [40.767067, -73.928081], [40.767025, -73.928183], [40.766999, -73.928294], [40.766991, -73.92841], [40.766999, -73.928526]]"
5901229b-eb9f-437c-ac96-53021aac871d,Review Warning Zone 598,40.80625,-73.92289,0.05,"[[40.805835, -73.923117], [40.805877, -73.923219], [40.805932, -73.923309], [40.806, -73.923383], [40.806078, -73.923438], [40.806162, -73.923471], [40.80625, -73.923483], [40.806338, -73.923471], [40.806422, -73.923438], [40.8065, -73.923383], [40.806568, -73.923309], [40.806623, -73.923219], [40.806665, -73.923117], [40.806691, -73.923006], [40.806699, -73.92289], [40.806691, -73.922774], [40.806665, -73.922663], [40.806623, -73.922561], [40.806568, -73.922471], [40.8065, -73.922397], [40.806422, -73.922342], [40.806338, -73.922309], [40.80625, -73.922297], [40.806162, -73.922309], [40.806078, -73.922342], [40.806, -73.922397], [40.805932, -73.922471], [40.805877, -73.922561], [40.805835, -73.922663], [40.805809, -73.922774], [40.805801, -73.92289], [40.805809, -73.923006]]"
c2b67d98-9af2-439b-b3d3-bcf0a1ae6a2a,Review Warning Zone 599,40.80656,-73.928,0.05,"[[40.806145, -73.928227], [40.806187, -73.928329], [40.806242, -73.928419], [40.80631, -73.928493], [40.806388, -73.928548], [40.806472, -73.928581], [40.80656, -73.928593], [40.806648, -73.928581], [40.806732, -73.928548], [40.80681, -73.928493], [40.806878, -73.928419], [40.806933, -73.928329], [40.806975, -73.928227], [40.807001, -73.928116], [40.807009, -73.928], [40.807001, -73.927884], [40.806975, -73.927773], [40.806933, -73.927671], [40.806878, -73.927581], [40.80681, -73.927507], [40.806732, -73.927452], [40.806648, -73.927419], [40.80656, -73.927407], [40.806472, -73.927419], [40.806388, -73.927452], [40.80631, -73.927507], [40.806242, -73.927581], [40.806187, -73.927671], [40.806145, -73.927773], [40.806119, -73.927884], [40.806111, -73.928], [40.806119, -73.928116]]"
e52cc937-f69e-48c1-a5f4-28f2faf40986,Review Warning Zone 600,40.80831,-73.93044,0.05,"[[40.807937, -73.930769], [40.807992, -73.930859], [40.80806, -73.930933], [40.808138, -73.930988], [40.808222, -73.931021], [40.80831, -73.931033], [40.808398, -73.931021], [40.808482, -73.930988], [40.80856, -73.930933], [40.808628, -73.930859], [40.808683, -73.930769], [40.808725, -73.930667], [40.808751, -73.930556], [40.808759, -73.93044], [40.808751, -73.930324], [40.808725, -73.930213], [40.808683, -73.930111], [40.808628, -73.930021], [40.80856, -73.929947], [40.808482, -73.929892], [40.808398, -73.929859], [40.80831, -73.929847], [40.808222, -73.929859], [40.808138, -73.929892], [40.80806, -73.929947], [40.807992, -73.930021], [40.807937, -73.930111], [40.807895, -73.930213], [40.807869, -73.930324], [40.807861, -73.93044], [40.807869, -73.930556], [40.807895, -73.930667]]"
97130ced-ab3c-42eb-89ae-ac091d7bfefd,Review Warning Zone 601,40.80843,-73.931895,0.057,"[[40.807997, -73.932229], [40.808052, -73.932319], [40.80812, -73.932393], [40.808198, -73.932448], [40.808282, -73.932481], [40.80837, -73.932493], [40.808458, -73.932481], [40.808463, -73.932479], [40.80849, -73.932483], [40.808578, -73.932471], [40.808662, -73.932438], [40.80874, -73.932383], [40.808808, -73.932309], [40.808863, -73.932219], [40.808905, -73.932117], [40.808931, -73.932006], [40.808939, -73.93189], [40.808931, -73.931774], [40.808905, -73.931663], [40.808863, -73.931561], [40.808808, -73.931471], [40.80874, -73.931397], [40.808662, -73.931342], [40.808578, -73.931309], [40.80849, -73.931297], [40.808402, -73.931309], [40.808397, -73.931311], [40.80837, -73.931307], [40.808282, -73.931319], [40.808198, -73.931352], [40.80812, -73.931407], [40.808052, -73.931481], [40.807997, -73.931571], [40.807955, -73.931673], [40.807929, -73.931784], [40.807921, -73.9319], [40.807929, -73.932016], [40.807955, -73.932127]]"
852697b4-5acf-4c35-a5e7-e5ba62781765,Review Warning Zone 602,40.80912,-73.93095,0.05,"[[40.808747, -73.931279], [40.808802, -73.931369], [40.80887, -73.931443], [40.808948, -73.931498], [40.809032, -73.931531], [40.80912, -73.931543], [40.809208, -73.931531], [40.809292, -73.931498], [40.80937, -73.931443], [40.809438, -73.931369], [40.809493, -73.931279], [40.809535, -73.931177], [40.809561, -73.931066], [40.809569, -73.93095], [40.809561, -73.930834], [40.809535, -73.930723], [40.809493, -73.930621], [40.809438, -73.930531], [40.80937, -73.930457], [40.809292, -73.930402], [40.809208, -73.930369], [40.80912, -73.930357], [40.809032, -73.930369], [40.808948, -73.930402], [40.80887, -73.930457], [40.808802, -73.930531], [40.808747, -73.930621], [40.808705, -73.930723], [40.808679, -73.930834], [40.808671, -73.93095], [40.808679, -73.931066], [40.808705, -73.931177]]"
142295a2-a722-445f-89d4-76796932a48f,Review Warning Zone 603,40.810027,-73.930922,0.119,"[[40.809739, -73.932194], [40.809816, -73.932249], [40.809901, -73.932283], [40.809988, -73.932294], [40.810076, -73.932283], [40.81016, -73.932249], [40.810238, -73.932194], [40.810306, -73.93212], [40.810362, -73.932031], [40.810403, -73.931928], [40.810429, -73.931817], [40.810438, -73.931701], [40.81043, -73.931603], [40.810463, -73.931549], [40.810505, -73.931447], [40.810531, -73.931336], [40.810539, -73.93122], [40.810531, -73.931104], [40.810505, -73.930993], [40.810463, -73.930891], [40.810408, -73.930801], [40.81034, -73.930727], [40.810262, -73.930672], [40.810188, -73.930643], [40.81026, -73.930593], [40.810328, -73.930519], [40.810383, -73.930429], [40.810425, -73.930327], [40.810451, -73.930216], [40.810459, -73.9301], [40.810451, -73.929984], [40.810425, -73.929873], [40.810383, -73.929771], [40.810328, -73.929681], [40.81026, -73.929607], [40.810182, -73.929552], [40.810098, -73.929519], [40.81001, -73.929507], [40.809922, -73.929519], [40.809838, -73.929552], [40.80976, -73.929607], [40.809692, -73.929681], [40.809637, -73.929771], [40.809595, -73.929873], [40.809569, -73.929984], [40.809561, -73.9301], [40.809569, -73.930216], [40.809595, -73.930327], [40.809637, -73.930429], [40.809692, -73.930519], [40.80976, -73.930593], [40.809838, -73.930648], [40.809912, -73.930677], [40.80984, -73.930727], [40.809772, -73.930801], [40.809717, -73.930891], [40.809675, -73.930993], [40.809649, -73.931104], [40.809641, -73.93122], [40.809648, -73.931318], [40.809615, -73.931372], [40.809573, -73.931474], [40.809548, -73.931586], [40.809539, -73.931701], [40.809548, -73.931817], [40.809573, -73.931928], [40.809615, -73.932031], [40.809671, -73.93212]]"
0993b962-80df-49d2-a36a-5881eceb3e04,Review Warning Zone 604,40.81149,-73.92376,0.05,"[[40.811117, -73.924089], [40.811172, -73.924179], [40.81124, -73.924253], [40.811318, -73.924308], [40.811402, -73.924341], [40.81149, -73.924353], [40.811578, -73.924341], [40.811662, -73.924308], [40.81174, -73.924253], [40.811808, -73.924179], [40.811863, -73.924089], [40.811905, -73.923987], [40.811931, -73.923876], [40.811939, -73.92376], [40.811931, -73.923644], [40.811905, -73.923533], [40.811863, -73.923431], [40.811808, -73.923341], [40.81174, -73.923267], [40.811662, -73.923212], [40.811578, -73.923179], [40.81149, -73.923167], [40.811402, -73.923179], [40.811318, -73.923212], [40.81124, -73.923267], [40.811172, -73.923341], [40.811117, -73.923431], [40.811075, -73.923533], [40.811049, -73.923644], [40.811041, -73.92376], [40.811049, -73.923876], [40.811075, -73.923987]]"
a89530c7-3391-480e-a6d6-1f379f7b1c69,Review Warning Zone 605,40.81611,-73.92491,0.05,"[[40.815695, -73.925137], [40.815737, -73.925239], [40.815792, -73.925329], [40.81586, -73.925403], [40.815938, -73.925458], [40.816022, -73.925491], [40.81611, -73.925503], [40.816198, -73.925491], [40.816282, -73.925458], [40.81636, -73.925403], [40.816428, -73.925329], [40.816483, -73.925239], [40.816525, -73.925137], [40.816551, -73.925026], [40.816559, -73.92491], [40.816551, -73.924794], [40.816525, -73.924683], [40.816483, -73.924581], [40.816428, -73.924491], [40.81636, -73.924417], [40.816282, -73.924362], [40.816198, -73.924329], [40.81611, -73.924317], [40.816022, -73.924329], [40.815938, -73.924362], [40.81586, -73.924417], [40.815792, -73.924491], [40.815737, -73.924581], [40.815695, -73.924683], [40.815669, -73.924794], [40.815661, -73.92491], [40.815669, -73.925026]]"
d4a845b4-dfe8-4bf3-be1d-e92532c7bc76,Review Warning Zone 606,40.819703,-73.928669,0.104,"[[40.819015, -73.929337], [40.819057, -73.929439], [40.819112, -73.929529], [40.81918, -73.929603], [40.819258, -73.929658], [40.819342, -73.929691], [40.81943, -73.929703], [40.819518, -73.929691], [40.81954, -73.929682], [40.819562, -73.929691], [40.81965, -73.929703], [40.819738, -73.929691], [40.819822, -73.929658], [40.8199, -73.929603], [40.819968, -73.929529], [40.820023, -73.929439], [40.820065, -73.929337], [40.820091, -73.929226], [40.820099, -73.92911], [40.820091, -73.928994], [40.820065, -73.928883], [40.820023, -73.928781], [40.819968, -73.928691], [40.819956, -73.928678], [40.820008, -73.928671], [40.820092, -73.928638], [40.82017, -73.928583], [40.820238, -73.928509], [40.820293, -73.928419], [40.820335, -73.928317], [40.820361, -73.928206], [40.820369, -73.92809], [40.820361, -73.927974], [40.820335, -73.927863], [40.820293, -73.927761], [40.820238, -73.927671], [40.82017, -73.927597], [40.820092, -73.927542], [40.820008, -73.927509], [40.81992, -73.927497], [40.819832, -73.927509], [40.819748, -73.927542], [40.81967, -73.927597], [40.819602, -73.927671], [40.819547, -73.927761], [40.819505, -73.927863], [40.819479, -73.927974], [40.819471, -73.92809], [40.819479, -73.928206], [40.819505, -73.928317], [40.819547, -73.928419], [40.819602, -73.928509], [40.819614, -73.928522], [40.819562, -73.928529], [40.81954, -73.928538], [40.819518, -73.928529], [40.81943, -73.928517], [40.819342, -73.928529], [40.819258, -73.928562], [40.81918, -73.928617], [40.819112, -73.928691], [40.819057, -73.928781], [40.819015, -73.928883], [40.818989, -73.928994], [40.818981, -73.92911], [40.818989, -73.929226]]"
c702d991-a22b-4350-80e7-2f37f8b509a3,Review Warning Zone 607,40.82124,-73.92913,0.05,"[[40.820867, -73.929459], [40.820922, -73.929549], [40.82099, -73.929623], [40.821068, -73.929678], [40.821152, -73.929711], [40.82124, -73.929723], [40.821328, -73.929711], [40.821412, -73.929678], [40.82149, -73.929623], [40.821558, -73.929549], [40.821613, -73.929459], [40.821655, -73.929357], [40.821681, -73.929246], [40.821689, -73.92913], [40.821681, -73.929014], [40.821655, -73.928903], [40.821613, -73.928801], [40.821558, -73.928711], [40.82149, -73.928637], [40.821412, -73.928582], [40.821328, -73.928549], [40.82124, -73.928537], [40.821152, -73.928549], [40.821068, -73.928582], [40.82099, -73.928637], [40.820922, -73.928711], [40.820867, -73.928801], [40.820825, -73.928903], [40.820799, -73.929014], [40.820791, -73.92913], [40.820799, -73.929246], [40.820825, -73.929357]]"
e0c18abf-e851-405f-860d-f8cce20ecef5,Review Warning Zone 608,40.824347,-73.926936,0.141,"[[40.823305, -73.926457], [40.823347, -73.926559], [40.823402, -73.926649], [40.82347, -73.926723], [40.823548, -73.926778], [40.823632, -73.926811], [40.82372, -73.926823], [40.823808, -73.926811], [40.823892, -73.926778], [40.823928, -73.926752], [40.823917, -73.926771], [40.823875, -73.926873], [40.823849, -73.926984], [40.823841, -73.9271], [40.823849, -73.927216], [40.823875, -73.927327], [40.823917, -73.927429], [40.823972, -73.927519], [40.82404, -73.927593], [40.824118, -73.927648], [40.824202, -73.927681], [40.82429, -73.927693], [40.824378, -73.927681], [40.824462, -73.927648], [40.82454, -73.927593], [40.824594, -73.927534], [40.824599, -73.927606], [40.824625, -73.927717], [40.824667, -73.927819], [40.824722, -73.927909], [40.82479, -73.927983], [40.824868, -73.928038], [40.824952, -73.928071], [40.82504, -73.928083], [40.825128, -73.928071], [40.825212, -73.928038], [40.82529, -73.927983], [40.825358, -73.927909], [40.825413, -73.927819], [40.825455, -73.927717], [40.825481, -73.927606], [40.825489, -73.92749], [40.825481, -73.927374], [40.825455, -73.927263], [40.825413, -73.927161], [40.825358, -73.927071], [40.82529, -73.926997], [40.825212, -73.926942], [40.825128, -73.926909], [40.82504, -73.926897], [40.824952, -73.926909], [40.824868, -73.926942], [40.82479, -73.926997], [40.824736, -73.927056], [40.824731, -73.926984], [40.824705, -73.926873], [40.824663, -73.926771], [40.824608, -73.926681], [40.82454, -73.926607], [40.824462, -73.926552], [40.824378, -73.926519], [40.82429, -73.926507], [40.824202, -73.926519], [40.824118, -73.926552], [40.824082, -73.926578], [40.824093, -73.926559], [40.824135, -73.926457], [40.824161, -73.926346], [40.824169, -73.92623], [40.824161, -73.926114], [40.824135, -73.926003], [40.824093, -73.925901], [40.824038, -73.925811], [40.82397, -73.925737], [40.823892, -73.925682], [40.823808, -73.925649], [40.82372, -73.925637], [40.823632, -73.925649], [40.823548, -73.925682], [40.82347, -73.925737], [40.823402, -73.925811], [40.823347, -73.925901], [40.823305, -73.926003], [40.823279, -73.926114], [40.823271, -73.92623], [40.823279, -73.926346]]"
dabb364c-9553-4dd9-ad2e-a312a3db8945,Review Warning Zone 609,40.84163,-73.92639,0.05,"[[40.841257, -73.926719], [40.841312, -73.926809], [40.84138, -73.926883], [40.841458, -73.926938], [40.841542, -73.926971], [40.84163, -73.926983], [40.841718, -73.926971], [40.841802, -73.926938], [40.84188, -73.926883], [40.841948, -73.926809], [40.842003, -73.926719], [40.842045, -73.926617], [40.842071, -73.926506], [40.842079, -73.92639], [40.842071, -73.926274], [40.842045, -73.926163], [40.842003, -73.926061], [40.841948, -73.925971], [40.84188, -73.925897], [40.841802, -73.925842], [40.841718, -73.925809], [40.84163, -73.925797], [40.841542, -73.925809], [40.841458, -73.925842], [40.84138, -73.925897], [40.841312, -73.925971], [40.841257, -73.926061], [40.841215, -73.926163], [40.841189, -73.926274], [40.841181, -73.92639], [40.841189, -73.926506], [40.841215, -73.926617]]"
69ee5181-332a-4b8f-8797-cea46b96bc84,Review Warning Zone 610,40.85137,-73.93206,0.05,"[[40.850997, -73.932389], [40.851052, -73.932479], [40.85112, -73.932553], [40.851198, -73.932608], [40.851282, -73.932641], [40.85137, -73.932653], [40.851458, -73.932641], [40.851542, -73.932608], [40.85162, -73.932553], [40.851688, -73.932479], [40.851743, -73.932389], [40.851785, -73.932287], [40.851811, -73.932176], [40.851819, -73.93206], [40.851811, -73.931944], [40.851785, -73.931833], [40.851743, -73.931731], [40.851688, -73.931641], [40.85162, -73.931567], [40.851542, -73.931512], [40.851458, -73.931479], [40.85137, -73.931467], [40.851282, -73.931479], [40.851198, -73.931512], [40.85112, -73.931567], [40.851052, -73.931641], [40.850997, -73.931731], [40.850955, -73.931833], [40.850929, -73.931944], [40.850921, -73.93206], [40.850929, -73.932176], [40.850955, -73.932287]]"
70306417-5aa0-48ac-9bc5-c9ff4c1e4fe1,Review Warning Zone 611,40.85974,-73.92671,0.05,"[[40.859325, -73.926937], [40.859367, -73.927039], [40.859422, -73.927129], [40.85949, -73.927203], [40.859568, -73.927258], [40.859652, -73.927291], [40.85974, -73.927303], [40.859828, -73.927291], [40.859912, -73.927258], [40.85999, -73.927203], [40.860058, -73.927129], [40.860113, -73.927039], [40.860155, -73.926937], [40.860181, -73.926826], [40.860189, -73.92671], [40.860181, -73.926594], [40.860155, -73.926483], [40.860113, -73.926381], [40.860058, -73.926291], [40.85999, -73.926217], [40.859912, -73.926162], [40.859828, -73.926129], [40.85974, -73.926117], [40.859652, -73.926129], [40.859568, -73.926162], [40.85949, -73.926217], [40.859422, -73.926291], [40.859367, -73.926381], [40.859325, -73.926483], [40.859299, -73.926594], [40.859291, -73.92671], [40.859299, -73.926826]]"
107b940e-8c22-4114-ac5e-ad4333f8031b,Review Warning Zone 612,40.86347,-73.92624,0.05,"[[40.863055, -73.926467], [40.863097, -73.926569], [40.863152, -73.926659], [40.86322, -73.926733], [40.863298, -73.926788], [40.863382, -73.926821], [40.86347, -73.926833], [40.863558, -73.926821], [40.863642, -73.926788], [40.86372, -73.926733], [40.863788, -73.926659], [40.863843, -73.926569], [40.863885, -73.926467], [40.863911, -73.926356], [40.863919, -73.92624], [40.863911, -73.926124], [40.863885, -73.926013], [40.863843, -73.925911], [40.863788, -73.925821], [40.86372, -73.925747], [40.863642, -73.925692], [40.863558, -73.925659], [40.86347, -73.925647], [40.863382, -73.925659], [40.863298, -73.925692], [40.86322, -73.925747], [40.863152, -73.925821], [40.863097, -73.925911], [40.863055, -73.926013], [40.863029, -73.926124], [40.863021, -73.92624], [40.863029, -73.926356]]"
83b2dd8b-d538-4e14-934d-633a9261cf78,Review Warning Zone 613,40.867123,-73.927231,0.05,"[[40.866708, -73.927458], [40.86675, -73.92756], [40.866805, -73.92765], [40.866873, -73.927724], [40.866951, -73.927779], [40.867035, -73.927812], [40.867123, -73.927824], [40.867211, -73.927812], [40.867295, -73.927779], [40.867373, -73.927724], [40.867441, -73.92765], [40.867496, -73.92756], [40.867538, -73.927458], [40.867564, -73.927347], [40.867572, -73.927231], [40.867564, -73.927115], [40.867538, -73.927004], [40.867496, -73.926902], [40.867441, -73.926812], [40.867373, -73.926738], [40.867295, -73.926683], [40.867211, -73.92665], [40.867123, -73.926638], [40.867035, -73.92665], [40.866951, -73.926683], [40.866873, -73.926738], [40.866805, -73.926812], [40.86675, -73.926902], [40.866708, -73.927004], [40.866682, -73.927115], [40.866674, -73.927231], [40.866682, -73.927347]]"
fc23a2ac-0854-4a4c-ba06-9d8b4aab49af,Review Warning Zone 614,40.86781,-73.92412,0.05,"[[40.867437, -73.924449], [40.867492, -73.924539], [40.86756, -73.924613], [40.867638, -73.924668], [40.867722, -73.924701], [40.86781, -73.924713], [40.867898, -73.924701], [40.867982, -73.924668], [40.86806, -73.924613], [40.868128, -73.924539], [40.868183, -73.924449], [40.868225, -73.924347], [40.868251, -73.924236], [40.868259, -73.92412], [40.868251, -73.924004], [40.868225, -73.923893], [40.868183, -73.923791], [40.868128, -73.923701], [40.86806, -73.923627], [40.867982, -73.923572], [40.867898, -73.923539], [40.86781, -73.923527], [40.867722, -73.923539], [40.867638, -73.923572], [40.86756, -73.923627], [40.867492, -73.923701], [40.867437, -73.923791], [40.867395, -73.923893], [40.867369, -73.924004], [40.867361, -73.92412], [40.867369, -73.924236], [40.867395, -73.924347]]"
0fe42853-b87f-46ae-ac78-434294ffe01d,Review Warning Zone 615,40.86882,-73.92374,0.05,"[[40.868447, -73.924069], [40.868502, -73.924159], [40.86857, -73.924233], [40.868648, -73.924288], [40.868732, -73.924321], [40.86882, -73.924333], [40.868908, -73.924321], [40.868992, -73.924288], [40.86907, -73.924233], [40.869138, -73.924159], [40.869193, -73.924069], [40.869235, -73.923967], [40.869261, -73.923856], [40.869269, -73.92374], [40.869261, -73.923624], [40.869235, -73.923513], [40.869193, -73.923411], [40.869138, -73.923321], [40.86907, -73.923247], [40.868992, -73.923192], [40.868908, -73.923159], [40.86882, -73.923147], [40.868732, -73.923159], [40.868648, -73.923192], [40.86857, -73.923247], [40.868502, -73.923321], [40.868447, -73.923411], [40.868405, -73.923513], [40.868379, -73.923624], [40.868371, -73.92374], [40.868379, -73.923856], [40.868405, -73.923967]]"
2073cda6-844f-4237-a9bf-695edce4af7b,Review Warning Zone 616,40.65258,-73.91257,0.05,"[[40.652165, -73.912797], [40.652207, -73.912899], [40.652262, -73.912989], [40.65233, -73.913063], [40.652408, -73.913118], [40.652492, -73.913151], [40.65258, -73.913163], [40.652668, -73.913151], [40.652752, -73.913118], [40.65283, -73.913063], [40.652898, -73.912989], [40.652953, -73.912899], [40.652995, -73.912797], [40.653021, -73.912686], [40.653029, -73.91257], [40.653021, -73.912454], [40.652995, -73.912343], [40.652953, -73.912241], [40.652898, -73.912151], [40.65283, -73.912077], [40.652752, -73.912022], [40.652668, -73.911989], [40.65258, -73.911977], [40.652492, -73.911989], [40.652408, -73.912022], [40.65233, -73.912077], [40.652262, -73.912151], [40.652207, -73.912241], [40.652165, -73.912343], [40.652139, -73.912454], [40.652131, -73.91257], [40.652139, -73.912686]]"
62be84e0-6fb3-457a-8970-5395c16c91fa,Review Warning Zone 617,40.65539,-73.91694,0.083,"[[40.655022, -73.917739], [40.65509, -73.917813], [40.655168, -73.917868], [40.655252, -73.917901], [40.65534, -73.917913], [40.655428, -73.917901], [40.655512, -73.917868], [40.65559, -73.917813], [40.655658, -73.917739], [40.655713, -73.917649], [40.655755, -73.917547], [40.655781, -73.917436], [40.655789, -73.91732], [40.655781, -73.917204], [40.655755, -73.917093], [40.655724, -73.917016], [40.655758, -73.916979], [40.655813, -73.916889], [40.655855, -73.916787], [40.655881, -73.916676], [40.655889, -73.91656], [40.655881, -73.916444], [40.655855, -73.916333], [40.655813, -73.916231], [40.655758, -73.916141], [40.65569, -73.916067], [40.655612, -73.916012], [40.655528, -73.915979], [40.65544, -73.915967], [40.655352, -73.915979], [40.655268, -73.916012], [40.65519, -73.916067], [40.655122, -73.916141], [40.655067, -73.916231], [40.655025, -73.916333], [40.654999, -73.916444], [40.654991, -73.91656], [40.654999, -73.916676], [40.655025, -73.916787], [40.655056, -73.916864], [40.655022, -73.916901], [40.654967, -73.916991], [40.654925, -73.917093], [40.654899, -73.917204], [40.654891, -73.91732], [40.654899, -73.917436], [40.654925, -73.917547], [40.654967, -73.917649]]"
ff37c804-507e-49f5-b1aa-f8693951711b,Review Warning Zone 618,40.65588,-73.91522,0.05,"[[40.655507, -73.915549], [40.655562, -73.915639], [40.65563, -73.915713], [40.655708, -73.915768], [40.655792, -73.915801], [40.65588, -73.915813], [40.655968, -73.915801], [40.656052, -73.915768], [40.65613, -73.915713], [40.656198, -73.915639], [40.656253, -73.915549], [40.656295, -73.915447], [40.656321, -73.915336], [40.656329, -73.91522], [40.656321, -73.915104], [40.656295, -73.914993], [40.656253, -73.914891], [40.656198, -73.914801], [40.65613, -73.914727], [40.656052, -73.914672], [40.655968, -73.914639], [40.65588, -73.914627], [40.655792, -73.914639], [40.655708, -73.914672], [40.65563, -73.914727], [40.655562, -73.914801], [40.655507, -73.914891], [40.655465, -73.914993], [40.655439, -73.915104], [40.655431, -73.91522], [40.655439, -73.915336], [40.655465, -73.915447]]"
f2d184ba-9e42-4891-bf25-baccc9143cd9,Review Warning Zone 619,40.65922,-73.92051,0.05,"[[40.658847, -73.920839], [40.658902, -73.920929], [40.65897, -73.921003], [40.659048, -73.921058], [40.659132, -73.921091], [40.65922, -73.921103], [40.659308, -73.921091], [40.659392, -73.921058], [40.65947, -73.921003], [40.659538, -73.920929], [40.659593, -73.920839], [40.659635, -73.920737], [40.659661, -73.920626], [40.659669, -73.92051], [40.659661, -73.920394], [40.659635, -73.920283], [40.659593, -73.920181], [40.659538, -73.920091], [40.65947, -73.920017], [40.659392, -73.919962], [40.659308, -73.919929], [40.65922, -73.919917], [40.659132, -73.919929], [40.659048, -73.919962], [40.65897, -73.920017], [40.658902, -73.920091], [40.658847, -73.920181], [40.658805, -73.920283], [40.658779, -73.920394], [40.658771, -73.92051], [40.658779, -73.920626], [40.658805, -73.920737]]"
685baef9-12c3-4540-9b24-7b141366eee3,Review Warning Zone 620,40.66143,-73.9132,0.05,"[[40.661015, -73.913427], [40.661057, -73.913529], [40.661112, -73.913619], [40.66118, -73.913693], [40.661258, -73.913748], [40.661342, -73.913781], [40.66143, -73.913793], [40.661518, -73.913781], [40.661602, -73.913748], [40.66168, -73.913693], [40.661748, -73.913619], [40.661803, -73.913529], [40.661845, -73.913427], [40.661871, -73.913316], [40.661879, -73.9132], [40.661871, -73.913084], [40.661845, -73.912973], [40.661803, -73.912871], [40.661748, -73.912781], [40.66168, -73.912707], [40.661602, -73.912652], [40.661518, -73.912619], [40.66143, -73.912607], [40.661342, -73.912619], [40.661258, -73.912652], [40.66118, -73.912707], [40.661112, -73.912781], [40.661057, -73.912871], [40.661015, -73.912973], [40.660989, -73.913084], [40.660981, -73.9132], [40.660989, -73.913316]]"
b4b66b24-0c67-4c7d-a565-c945c17210ac,Review Warning Zone 621,40.66166,-73.92155,0.05,"[[40.661245, -73.921777], [40.661287, -73.921879], [40.661342, -73.921969], [40.66141, -73.922043], [40.661488, -73.922098], [40.661572, -73.922131], [40.66166, -73.922143], [40.661748, -73.922131], [40.661832, -73.922098], [40.66191, -73.922043], [40.661978, -73.921969], [40.662033, -73.921879], [40.662075, -73.921777], [40.662101, -73.921666], [40.662109, -73.92155], [40.662101, -73.921434], [40.662075, -73.921323], [40.662033, -73.921221], [40.661978, -73.921131], [40.66191, -73.921057], [40.661832, -73.921002], [40.661748, -73.920969], [40.66166, -73.920957], [40.661572, -73.920969], [40.661488, -73.921002], [40.66141, -73.921057], [40.661342, -73.921131], [40.661287, -73.921221], [40.661245, -73.921323], [40.661219, -73.921434], [40.661211, -73.92155], [40.661219, -73.921666]]"
0ac5e43f-10ca-4d67-bad1-b67f41f67d8b,Review Warning Zone 622,40.6618,-73.91616,0.05,"[[40.661427, -73.916489], [40.661482, -73.916579], [40.66155, -73.916653], [40.661628, -73.916708], [40.661712, -73.916741], [40.6618, -73.916753], [40.661888, -73.916741], [40.661972, -73.916708], [40.66205, -73.916653], [40.662118, -73.916579], [40.662173, -73.916489], [40.662215, -73.916387], [40.662241, -73.916276], [40.662249, -73.91616], [40.662241, -73.916044], [40.662215, -73.915933], [40.662173, -73.915831], [40.662118, -73.915741], [40.66205, -73.915667], [40.661972, -73.915612], [40.661888, -73.915579], [40.6618, -73.915567], [40.661712, -73.915579], [40.661628, -73.915612], [40.66155, -73.915667], [40.661482, -73.915741], [40.661427, -73.915831], [40.661385, -73.915933], [40.661359, -73.916044], [40.661351, -73.91616], [40.661359, -73.916276], [40.661385, -73.916387]]"
8fb70e70-7f9b-4c4c-a1a9-cecbd6bcaa61,Review Warning Zone 623,40.664955,-73.917003,0.102,"[[40.664137, -73.917149], [40.664192, -73.917239], [40.66426, -73.917313], [40.664338, -73.917368], [40.664422, -73.917401], [40.66451, -73.917413], [40.664598, -73.917401], [40.664682, -73.917368], [40.66476, -73.917313], [40.66482, -73.917247], [40.664857, -73.917287], [40.664851, -73.91737], [40.664859, -73.917486], [40.664885, -73.917597], [40.664927, -73.917699], [40.664982, -73.917789], [40.66505, -73.917863], [40.665128, -73.917918], [40.665212, -73.917951], [40.6653, -73.917963], [40.665388, -73.917951], [40.665472, -73.917918], [40.66555, -73.917863], [40.665618, -73.917789], [40.665673, -73.917699], [40.665715, -73.917597], [40.665741, -73.917486], [40.665749, -73.91737], [40.665741, -73.917254], [40.665715, -73.917143], [40.665673, -73.917041], [40.665618, -73.916951], [40.665573, -73.916903], [40.665579, -73.91682], [40.665571, -73.916704], [40.665545, -73.916593], [40.665503, -73.916491], [40.665448, -73.916401], [40.66538, -73.916327], [40.665302, -73.916272], [40.665218, -73.916239], [40.66513, -73.916227], [40.665042, -73.916239], [40.664958, -73.916272], [40.66488, -73.916327], [40.66482, -73.916393], [40.66476, -73.916327], [40.664682, -73.916272], [40.664598, -73.916239], [40.66451, -73.916227], [40.664422, -73.916239], [40.664338, -73.916272], [40.66426, -73.916327], [40.664192, -73.916401], [40.664137, -73.916491], [40.664095, -73.916593], [40.664069, -73.916704], [40.664061, -73.91682], [40.664069, -73.916936], [40.664095, -73.917047]]"
62966304-bf79-4429-b73b-f84f00be8d1b,Review Warning Zone 624,40.66464,-73.91868,0.05,"[[40.664225, -73.918907], [40.664267, -73.919009], [40.664322, -73.919099], [40.66439, -73.919173], [40.664468, -73.919228], [40.664552, -73.919261], [40.66464, -73.919273], [40.664728, -73.919261], [40.664812, -73.919228], [40.66489, -73.919173], [40.664958, -73.919099], [40.665013, -73.919009], [40.665055, -73.918907], [40.665081, -73.918796], [40.665089, -73.91868], [40.665081, -73.918564], [40.665055, -73.918453], [40.665013, -73.918351], [40.664958, -73.918261], [40.66489, -73.918187], [40.664812, -73.918132], [40.664728, -73.918099], [40.66464, -73.918087], [40.664552, -73.918099], [40.664468, -73.918132], [40.66439, -73.918187], [40.664322, -73.918261], [40.664267, -73.918351], [40.664225, -73.918453], [40.664199, -73.918564], [40.664191, -73.91868], [40.664199, -73.918796]]"
ce2cce48-2f8a-4b78-b110-af3b629984d6,Review Warning Zone 625,40.67086,-73.92105,0.05,"[[40.670487, -73.921379], [40.670542, -73.921469], [40.67061, -73.921543], [40.670688, -73.921598], [40.670772, -73.921631], [40.67086, -73.921643], [40.670948, -73.921631], [40.671032, -73.921598], [40.67111, -73.921543], [40.671178, -73.921469], [40.671233, -73.921379], [40.671275, -73.921277], [40.671301, -73.921166], [40.671309, -73.92105], [40.671301, -73.920934], [40.671275, -73.920823], [40.671233, -73.920721], [40.671178, -73.920631], [40.67111, -73.920557], [40.671032, -73.920502], [40.670948, -73.920469], [40.67086, -73.920457], [40.670772, -73.920469], [40.670688, -73.920502], [40.67061, -73.920557], [40.670542, -73.920631], [40.670487, -73.920721], [40.670445, -73.920823], [40.670419, -73.920934], [40.670411, -73.92105], [40.670419, -73.921166], [40.670445, -73.921277]]"
220070f2-32e1-4811-ad8f-6b049ea2f6ca,Review Warning Zone 626,40.67251,-73.91549,0.05,"[[40.672137, -73.915819], [40.672192, -73.915909], [40.67226, -73.915983], [40.672338, -73.916038], [40.672422, -73.916071], [40.67251, -73.916083], [40.672598, -73.916071], [40.672682, -73.916038], [40.67276, -73.915983], [40.672828, -73.915909], [40.672883, -73.915819], [40.672925, -73.915717], [40.672951, -73.915606], [40.672959, -73.91549], [40.672951, -73.915374], [40.672925, -73.915263], [40.672883, -73.915161], [40.672828, -73.915071], [40.67276, -73.914997], [40.672682, -73.914942], [40.672598, -73.914909], [40.67251, -73.914897], [40.672422, -73.914909], [40.672338, -73.914942], [40.67226, -73.914997], [40.672192, -73.915071], [40.672137, -73.915161], [40.672095, -73.915263], [40.672069, -73.915374], [40.672061, -73.91549], [40.672069, -73.915606], [40.672095, -73.915717]]"
a59144af-c22f-46cb-b0c9-9382e94dabad,Review Warning Zone 627,40.67303,-73.91865,0.092,"[[40.672435, -73.919317], [40.672477, -73.919419], [40.672532, -73.919509], [40.6726, -73.919583], [40.672678, -73.919638], [40.672762, -73.919671], [40.67285, -73.919683], [40.672938, -73.919671], [40.673022, -73.919638], [40.6731, -73.919583], [40.673168, -73.919509], [40.673223, -73.919419], [40.673265, -73.919317], [40.673291, -73.919206], [40.673299, -73.91909], [40.673291, -73.918974], [40.673265, -73.918863], [40.673239, -73.918799], [40.673298, -73.918791], [40.673382, -73.918758], [40.67346, -73.918703], [40.673528, -73.918629], [40.673583, -73.918539], [40.673625, -73.918437], [40.673651, -73.918326], [40.673659, -73.91821], [40.673651, -73.918094], [40.673625, -73.917983], [40.673583, -73.917881], [40.673528, -73.917791], [40.67346, -73.917717], [40.673382, -73.917662], [40.673298, -73.917629], [40.67321, -73.917617], [40.673122, -73.917629], [40.673038, -73.917662], [40.67296, -73.917717], [40.672892, -73.917791], [40.672837, -73.917881], [40.672795, -73.917983], [40.672769, -73.918094], [40.672761, -73.91821], [40.672769, -73.918326], [40.672795, -73.918437], [40.672821, -73.918501], [40.672762, -73.918509], [40.672678, -73.918542], [40.6726, -73.918597], [40.672532, -73.918671], [40.672477, -73.918761], [40.672435, -73.918863], [40.672409, -73.918974], [40.672401, -73.91909], [40.672409, -73.919206]]"
51942301-b87b-4cf1-b519-37941eeec61d,Review Warning Zone 628,40.67319,-73.91315,0.05,"[[40.672775, -73.913377], [40.672817, -73.913479], [40.672872, -73.913569], [40.67294, -73.913643], [40.673018, -73.913698], [40.673102, -73.913731], [40.67319, -73.913743], [40.673278, -73.913731], [40.673362, -73.913698], [40.67344, -73.913643], [40.673508, -73.913569], [40.673563, -73.913479], [40.673605, -73.913377], [40.673631, -73.913266], [40.673639, -73.91315], [40.673631, -73.913034], [40.673605, -73.912923], [40.673563, -73.912821], [40.673508, -73.912731], [40.67344, -73.912657], [40.673362, -73.912602], [40.673278, -73.912569], [40.67319, -73.912557], [40.673102, -73.912569], [40.673018, -73.912602], [40.67294, -73.912657], [40.672872, -73.912731], [40.672817, -73.912821], [40.672775, -73.912923], [40.672749, -73.913034], [40.672741, -73.91315], [40.672749, -73.913266]]"
f2732ae5-3f0c-40f9-b2c0-e4a4c41a1a34,Review Warning Zone 629,40.67445,-73.92151,0.05,"[[40.674077, -73.921839], [40.674132, -73.921929], [40.6742, -73.922003], [40.674278, -73.922058], [40.674362, -73.922091], [40.67445, -73.922103], [40.674538, -73.922091], [40.674622, -73.922058], [40.6747, -73.922003], [40.674768, -73.921929], [40.674823, -73.921839], [40.674865, -73.921737], [40.674891, -73.921626], [40.674899, -73.92151], [40.674891, -73.921394], [40.674865, -73.921283], [40.674823, -73.921181], [40.674768, -73.921091], [40.6747, -73.921017], [40.674622, -73.920962], [40.674538, -73.920929], [40.67445, -73.920917], [40.674362, -73.920929], [40.674278, -73.920962], [40.6742, -73.921017], [40.674132, -73.921091], [40.674077, -73.921181], [40.674035, -73.921283], [40.674009, -73.921394], [40.674001, -73.92151], [40.674009, -73.921626], [40.674035, -73.921737]]"
148efa04-1e72-4759-9ddc-a43738796d40,Review Warning Zone 630,40.67492,-73.91262,0.05,"[[40.674547, -73.912949], [40.674602, -73.913039], [40.67467, -73.913113], [40.674748, -73.913168], [40.674832, -73.913201], [40.67492, -73.913213], [40.675008, -73.913201], [40.675092, -73.913168], [40.67517, -73.913113], [40.675238, -73.913039], [40.675293, -73.912949], [40.675335, -73.912847], [40.675361, -73.912736], [40.675369, -73.91262], [40.675361, -73.912504], [40.675335, -73.912393], [40.675293, -73.912291], [40.675238, -73.912201], [40.67517, -73.912127], [40.675092, -73.912072], [40.675008, -73.912039], [40.67492, -73.912027], [40.674832, -73.912039], [40.674748, -73.912072], [40.67467, -73.912127], [40.674602, -73.912201], [40.674547, -73.912291], [40.674505, -73.912393], [40.674479, -73.912504], [40.674471, -73.91262], [40.674479, -73.912736], [40.674505, -73.912847]]"
63de15e9-82b9-4696-bf23-45384d767a12,Review Warning Zone 631,40.67685,-73.91672,0.05,"[[40.676435, -73.916947], [40.676477, -73.917049], [40.676532, -73.917139], [40.6766, -73.917213], [40.676678, -73.917268], [40.676762, -73.917301], [40.67685, -73.917313], [40.676938, -73.917301], [40.677022, -73.917268], [40.6771, -73.917213], [40.677168, -73.917139], [40.677223, -73.917049], [40.677265, -73.916947], [40.677291, -73.916836], [40.677299, -73.91672], [40.677291, -73.916604], [40.677265, -73.916493], [40.677223, -73.916391], [40.677168, -73.916301], [40.6771, -73.916227], [40.677022, -73.916172], [40.676938, -73.916139], [40.67685, -73.916127], [40.676762, -73.916139], [40.676678, -73.916172], [40.6766, -73.916227], [40.676532, -73.916301], [40.676477, -73.916391], [40.676435, -73.916493], [40.676409, -73.916604], [40.676401, -73.91672], [40.676409, -73.916836]]"
9101a630-13d3-422c-881f-773a2fe772f5,Review Warning Zone 632,40.67743,-73.9203,0.05,"[[40.677057, -73.920629], [40.677112, -73.920719], [40.67718, -73.920793], [40.677258, -73.920848], [40.677342, -73.920881], [40.67743, -73.920893], [40.677518, -73.920881], [40.677602, -73.920848], [40.67768, -73.920793], [40.677748, -73.920719], [40.677803, -73.920629], [40.677845, -73.920527], [40.677871, -73.920416], [40.677879, -73.9203], [40.677871, -73.920184], [40.677845, -73.920073], [40.677803, -73.919971], [40.677748, -73.919881], [40.67768, -73.919807], [40.677602, -73.919752], [40.677518, -73.919719], [40.67743, -73.919707], [40.677342, -73.919719], [40.677258, -73.919752], [40.67718, -73.919807], [40.677112, -73.919881], [40.677057, -73.919971], [40.677015, -73.920073], [40.676989, -73.920184], [40.676981, -73.9203], [40.676989, -73.920416], [40.677015, -73.920527]]"
5c83795d-e772-41dd-b54b-016f218402d8,Review Warning Zone 633,40.67878,-73.91265,0.05,"[[40.678407, -73.912979], [40.678462, -73.913069], [40.67853, -73.913143], [40.678608, -73.913198], [40.678692, -73.913231], [40.67878, -73.913243], [40.678868, -73.913231], [40.678952, -73.913198], [40.67903, -73.913143], [40.679098, -73.913069], [40.679153, -73.912979], [40.679195, -73.912877], [40.679221, -73.912766], [40.679229, -73.91265], [40.679221, -73.912534], [40.679195, -73.912423], [40.679153, -73.912321], [40.679098, -73.912231], [40.67903, -73.912157], [40.678952, -73.912102], [40.678868, -73.912069], [40.67878, -73.912057], [40.678692, -73.912069], [40.678608, -73.912102], [40.67853, -73.912157], [40.678462, -73.912231], [40.678407, -73.912321], [40.678365, -73.912423], [40.678339, -73.912534], [40.678331, -73.91265], [40.678339, -73.912766], [40.678365, -73.912877]]"
02008d6f-751a-4aff-beea-69c09220b0fb,Review Warning Zone 634,40.68014,-73.91835,0.05,"[[40.679725, -73.918577], [40.679767, -73.918679], [40.679822, -73.918769], [40.67989, -73.918843], [40.679968, -73.918898], [40.680052, -73.918931], [40.68014, -73.918943], [40.680228, -73.918931], [40.680312, -73.918898], [40.68039, -73.918843], [40.680458, -73.918769], [40.680513, -73.918679], [40.680555, -73.918577], [40.680581, -73.918466], [40.680589, -73.91835], [40.680581, -73.918234], [40.680555, -73.918123], [40.680513, -73.918021], [40.680458, -73.917931], [40.68039, -73.917857], [40.680312, -73.917802], [40.680228, -73.917769], [40.68014, -73.917757], [40.680052, -73.917769], [40.679968, -73.917802], [40.67989, -73.917857], [40.679822, -73.917931], [40.679767, -73.918021], [40.679725, -73.918123], [40.679699, -73.918234], [40.679691, -73.91835], [40.679699, -73.918466]]"
2779b724-814c-4cd7-8ce1-58f6a3e7af6a,Review Warning Zone 635,40.68038,-73.92221,0.05,"[[40.680007, -73.922539], [40.680062, -73.922629], [40.68013, -73.922703], [40.680208, -73.922758], [40.680292, -73.922791], [40.68038, -73.922803], [40.680468, -73.922791], [40.680552, -73.922758], [40.68063, -73.922703], [40.680698, -73.922629], [40.680753, -73.922539], [40.680795, -73.922437], [40.680821, -73.922326], [40.680829, -73.92221], [40.680821, -73.922094], [40.680795, -73.921983], [40.680753, -73.921881], [40.680698, -73.921791], [40.68063, -73.921717], [40.680552, -73.921662], [40.680468, -73.921629], [40.68038, -73.921617], [40.680292, -73.921629], [40.680208, -73.921662], [40.68013, -73.921717], [40.680062, -73.921791], [40.680007, -73.921881], [40.679965, -73.921983], [40.679939, -73.922094], [40.679931, -73.92221], [40.679939, -73.922326], [40.679965, -73.922437]]"
18f9f2b5-b7a8-4141-bbb7-23ace77ec9a6,Review Warning Zone 636,40.680825,-73.912286,0.121,"[[40.680197, -73.913379], [40.680252, -73.913469], [40.68032, -73.913543], [40.680398, -73.913598], [40.680482, -73.913631], [40.68057, -73.913643], [40.680658, -73.913631], [40.680742, -73.913598], [40.68082, -73.913543], [40.680888, -73.913469], [40.680943, -73.913379], [40.680985, -73.913277], [40.681011, -73.913166], [40.681019, -73.91305], [40.681014, -73.91298], [40.681078, -73.912971], [40.681162, -73.912938], [40.68124, -73.912883], [40.681308, -73.912809], [40.681363, -73.912719], [40.681405, -73.912617], [40.681431, -73.912506], [40.681439, -73.91239], [40.681431, -73.912274], [40.681405, -73.912163], [40.681363, -73.912061], [40.681308, -73.911971], [40.68124, -73.911897], [40.681223, -73.911885], [40.681238, -73.911869], [40.681293, -73.911779], [40.681335, -73.911677], [40.681361, -73.911566], [40.681369, -73.91145], [40.681361, -73.911334], [40.681335, -73.911223], [40.681293, -73.911121], [40.681238, -73.911031], [40.68117, -73.910957], [40.681092, -73.910902], [40.681008, -73.910869], [40.68092, -73.910857], [40.680832, -73.910869], [40.680748, -73.910902], [40.68067, -73.910957], [40.680602, -73.911031], [40.680547, -73.911121], [40.680505, -73.911223], [40.680479, -73.911334], [40.680471, -73.91145], [40.680479, -73.911566], [40.680505, -73.911677], [40.680547, -73.911779], [40.680602, -73.911869], [40.68067, -73.911943], [40.680687, -73.911955], [40.680672, -73.911971], [40.680617, -73.912061], [40.680575, -73.912163], [40.680549, -73.912274], [40.680541, -73.91239], [40.680546, -73.91246], [40.680482, -73.912469], [40.680398, -73.912502], [40.68032, -73.912557], [40.680252, -73.912631], [40.680197, -73.912721], [40.680155, -73.912823], [40.680129, -73.912934], [40.680121, -73.91305], [40.680129, -73.913166], [40.680155, -73.913277]]"
a09f49e9-0c4a-4f5c-bf3a-af0bd4cbe2d4,Review Warning Zone 637,40.68074,-73.91969,0.05,"[[40.680325, -73.919917], [40.680367, -73.920019], [40.680422, -73.920109], [40.68049, -73.920183], [40.680568, -73.920238], [40.680652, -73.920271], [40.68074, -73.920283], [40.680828, -73.920271], [40.680912, -73.920238], [40.68099, -73.920183], [40.681058, -73.920109], [40.681113, -73.920019], [40.681155, -73.919917], [40.681181, -73.919806], [40.681189, -73.91969], [40.681181, -73.919574], [40.681155, -73.919463], [40.681113, -73.919361], [40.681058, -73.919271], [40.68099, -73.919197], [40.680912, -73.919142], [40.680828, -73.919109], [40.68074, -73.919097], [40.680652, -73.919109], [40.680568, -73.919142], [40.68049, -73.919197], [40.680422, -73.919271], [40.680367, -73.919361], [40.680325, -73.919463], [40.680299, -73.919574], [40.680291, -73.91969], [40.680299, -73.919806]]"
eecab983-e6d4-4cb8-9d18-80cf72956c0e,Review Warning Zone 638,40.68137,-73.91409,0.085,"[[40.680935, -73.913897], [40.680977, -73.913999], [40.681032, -73.914089], [40.681057, -73.914116], [40.681017, -73.914181], [40.680975, -73.914283], [40.680949, -73.914394], [40.680941, -73.91451], [40.680949, -73.914626], [40.680975, -73.914737], [40.681017, -73.914839], [40.681072, -73.914929], [40.68114, -73.915003], [40.681218, -73.915058], [40.681302, -73.915091], [40.68139, -73.915103], [40.681478, -73.915091], [40.681562, -73.915058], [40.68164, -73.915003], [40.681708, -73.914929], [40.681763, -73.914839], [40.681805, -73.914737], [40.681831, -73.914626], [40.681839, -73.91451], [40.681831, -73.914394], [40.681805, -73.914283], [40.681763, -73.914181], [40.681708, -73.914091], [40.681683, -73.914064], [40.681723, -73.913999], [40.681765, -73.913897], [40.681791, -73.913786], [40.681799, -73.91367], [40.681791, -73.913554], [40.681765, -73.913443], [40.681723, -73.913341], [40.681668, -73.913251], [40.6816, -73.913177], [40.681522, -73.913122], [40.681438, -73.913089], [40.68135, -73.913077], [40.681262, -73.913089], [40.681178, -73.913122], [40.6811, -73.913177], [40.681032, -73.913251], [40.680977, -73.913341], [40.680935, -73.913443], [40.680909, -73.913554], [40.680901, -73.91367], [40.680909, -73.913786]]"
b17c21f0-ef58-4e4c-a34d-a30da4e059ff,Review Warning Zone 639,40.68155,-73.92082,0.05,"[[40.681177, -73.921149], [40.681232, -73.921239], [40.6813, -73.921313], [40.681378, -73.921368], [40.681462, -73.921401], [40.68155, -73.921413], [40.681638, -73.921401], [40.681722, -73.921368], [40.6818, -73.921313], [40.681868, -73.921239], [40.681923, -73.921149], [40.681965, -73.921047], [40.681991, -73.920936], [40.681999, -73.92082], [40.681991, -73.920704], [40.681965, -73.920593], [40.681923, -73.920491], [40.681868, -73.920401], [40.6818, -73.920327], [40.681722, -73.920272], [40.681638, -73.920239], [40.68155, -73.920227], [40.681462, -73.920239], [40.681378, -73.920272], [40.6813, -73.920327], [40.681232, -73.920401], [40.681177, -73.920491], [40.681135, -73.920593], [40.681109, -73.920704], [40.681101, -73.92082], [40.681109, -73.920936], [40.681135, -73.921047]]"
a398c672-5c16-4e64-8856-ff0a2e745fa1,Review Warning Zone 640,40.68307,-73.91894,0.095,"[[40.682607, -73.919789], [40.682662, -73.919879], [40.68273, -73.919953], [40.682808, -73.920008], [40.682892, -73.920041], [40.68298, -73.920053], [40.683068, -73.920041], [40.683152, -73.920008], [40.68323, -73.919953], [40.683298, -73.919879], [40.683353, -73.919789], [40.683395, -73.919687], [40.683421, -73.919576], [40.683429, -73.91946], [40.683421, -73.919344], [40.683395, -73.919233], [40.683353, -73.919131], [40.683298, -73.919041], [40.683257, -73.918997], [40.683332, -73.918968], [40.68341, -73.918913], [40.683478, -73.918839], [40.683533, -73.918749], [40.683575, -73.918647], [40.683601, -73.918536], [40.683609, -73.91842], [40.683601, -73.918304], [40.683575, -73.918193], [40.683533, -73.918091], [40.683478, -73.918001], [40.68341, -73.917927], [40.683332, -73.917872], [40.683248, -73.917839], [40.68316, -73.917827], [40.683072, -73.917839], [40.682988, -73.917872], [40.68291, -73.917927], [40.682842, -73.918001], [40.682787, -73.918091], [40.682745, -73.918193], [40.682719, -73.918304], [40.682711, -73.91842], [40.682719, -73.918536], [40.682745, -73.918647], [40.682787, -73.918749], [40.682842, -73.918839], [40.682883, -73.918883], [40.682808, -73.918912], [40.68273, -73.918967], [40.682662, -73.919041], [40.682607, -73.919131], [40.682565, -73.919233], [40.682539, -73.919344], [40.682531, -73.91946], [40.682539, -73.919576], [40.682565, -73.919687]]"
94ba32de-22c6-43a2-aa0c-50ec1e9bfeee,Review Warning Zone 641,40.68421,-73.92135,0.05,"[[40.683795, -73.921577], [40.683837, -73.921679], [40.683892, -73.921769], [40.68396, -73.921843], [40.684038, -73.921898], [40.684122, -73.921931], [40.68421, -73.921943], [40.684298, -73.921931], [40.684382, -73.921898], [40.68446, -73.921843], [40.684528, -73.921769], [40.684583, -73.921679], [40.684625, -73.921577], [40.684651, -73.921466], [40.684659, -73.92135], [40.684651, -73.921234], [40.684625, -73.921123], [40.684583, -73.921021], [40.684528, -73.920931], [40.68446, -73.920857], [40.684382, -73.920802], [40.684298, -73.920769], [40.68421, -73.920757], [40.684122, -73.920769], [40.684038, -73.920802], [40.68396, -73.920857], [40.683892, -73.920931], [40.683837, -73.921021], [40.683795, -73.921123], [40.683769, -73.921234], [40.683761, -73.92135], [40.683769, -73.921466]]"
f8f68e31-2850-4bca-91c8-ab0e5c09cb92,Review Warning Zone 642,40.68482,-73.91961,0.05,"[[40.684447, -73.919939], [40.684502, -73.920029], [40.68457, -73.920103], [40.684648, -73.920158], [40.684732, -73.920191], [40.68482, -73.920203], [40.684908, -73.920191], [40.684992, -73.920158], [40.68507, -73.920103], [40.685138, -73.920029], [40.685193, -73.919939], [40.685235, -73.919837], [40.685261, -73.919726], [40.685269, -73.91961], [40.685261, -73.919494], [40.685235, -73.919383], [40.685193, -73.919281], [40.685138, -73.919191], [40.68507, -73.919117], [40.684992, -73.919062], [40.684908, -73.919029], [40.68482, -73.919017], [40.684732, -73.919029], [40.684648, -73.919062], [40.68457, -73.919117], [40.684502, -73.919191], [40.684447, -73.919281], [40.684405, -73.919383], [40.684379, -73.919494], [40.684371, -73.91961], [40.684379, -73.919726], [40.684405, -73.919837]]"
8353b338-10ed-4c6f-90be-69c43cdcb834,Review Warning Zone 643,40.686,-73.91567,0.05,"[[40.685585, -73.915897], [40.685627, -73.915999], [40.685682, -73.916089], [40.68575, -73.916163], [40.685828, -73.916218], [40.685912, -73.916251], [40.686, -73.916263], [40.686088, -73.916251], [40.686172, -73.916218], [40.68625, -73.916163], [40.686318, -73.916089], [40.686373, -73.915999], [40.686415, -73.915897], [40.686441, -73.915786], [40.686449, -73.91567], [40.686441, -73.915554], [40.686415, -73.915443], [40.686373, -73.915341], [40.686318, -73.915251], [40.68625, -73.915177], [40.686172, -73.915122], [40.686088, -73.915089], [40.686, -73.915077], [40.685912, -73.915089], [40.685828, -73.915122], [40.68575, -73.915177], [40.685682, -73.915251], [40.685627, -73.915341], [40.685585, -73.915443], [40.685559, -73.915554], [40.685551, -73.91567], [40.685559, -73.915786]]"
3e516460-7336-4f3e-a409-156547bf79d1,Review Warning Zone 644,40.68644,-73.9213,0.05,"[[40.686025, -73.921527], [40.686067, -73.921629], [40.686122, -73.921719], [40.68619, -73.921793], [40.686268, -73.921848], [40.686352, -73.921881], [40.68644, -73.921893], [40.686528, -73.921881], [40.686612, -73.921848], [40.68669, -73.921793], [40.686758, -73.921719], [40.686813, -73.921629], [40.686855, -73.921527], [40.686881, -73.921416], [40.686889, -73.9213], [40.686881, -73.921184], [40.686855, -73.921073], [40.686813, -73.920971], [40.686758, -73.920881], [40.68669, -73.920807], [40.686612, -73.920752], [40.686528, -73.920719], [40.68644, -73.920707], [40.686352, -73.920719], [40.686268, -73.920752], [40.68619, -73.920807], [40.686122, -73.920881], [40.686067, -73.920971], [40.686025, -73.921073], [40.685999, -73.921184], [40.685991, -73.9213], [40.685999, -73.921416]]"
3eba4d41-5641-42f8-8b1e-877afc992e74,Review Warning Zone 645,40.68653,-73.91388,0.05,"[[40.686115, -73.914107], [40.686157, -73.914209], [40.686212, -73.914299], [40.68628, -73.914373], [40.686358, -73.914428], [40.686442, -73.914461], [40.68653, -73.914473], [40.686618, -73.914461], [40.686702, -73.914428], [40.68678, -73.914373], [40.686848, -73.914299], [40.686903, -73.914209], [40.686945, -73.914107], [40.686971, -73.913996], [40.686979, -73.91388], [40.686971, -73.913764], [40.686945, -73.913653], [40.686903, -73.913551], [40.686848, -73.913461], [40.68678, -73.913387], [40.686702, -73.913332], [40.686618, -73.913299], [40.68653, -73.913287], [40.686442, -73.913299], [40.686358, -73.913332], [40.68628, -73.913387], [40.686212, -73.913461], [40.686157, -73.913551], [40.686115, -73.913653], [40.686089, -73.913764], [40.686081, -73.91388], [40.686089, -73.913996]]"
9b01e590-1d24-465b-92c3-aafe259735b8,Review Warning Zone 646,40.686745,-73.91684,0.077,"[[40.686347, -73.916849], [40.686372, -73.916891], [40.686355, -73.916933], [40.686329, -73.917044], [40.686321, -73.91716], [40.686329, -73.917276], [40.686355, -73.917387], [40.686397, -73.917489], [40.686452, -73.917579], [40.68652, -73.917653], [40.686598, -73.917708], [40.686682, -73.917741], [40.68677, -73.917753], [40.686858, -73.917741], [40.686942, -73.917708], [40.68702, -73.917653], [40.687088, -73.917579], [40.687143, -73.917489], [40.687185, -73.917387], [40.687211, -73.917276], [40.687219, -73.91716], [40.687211, -73.917044], [40.687185, -73.916933], [40.687143, -73.916831], [40.687118, -73.916789], [40.687135, -73.916747], [40.687161, -73.916636], [40.687169, -73.91652], [40.687161, -73.916404], [40.687135, -73.916293], [40.687093, -73.916191], [40.687038, -73.916101], [40.68697, -73.916027], [40.686892, -73.915972], [40.686808, -73.915939], [40.68672, -73.915927], [40.686632, -73.915939], [40.686548, -73.915972], [40.68647, -73.916027], [40.686402, -73.916101], [40.686347, -73.916191], [40.686305, -73.916293], [40.686279, -73.916404], [40.686271, -73.91652], [40.686279, -73.916636], [40.686305, -73.916747]]"
63618a49-b7f4-4de6-88b2-e32ca82ece1e,Review Warning Zone 647,40.68746,-73.91945,0.05,"[[40.687045, -73.919677], [40.687087, -73.919779], [40.687142, -73.919869], [40.68721, -73.919943], [40.687288, -73.919998], [40.687372, -73.920031], [40.68746, -73.920043], [40.687548, -73.920031], [40.687632, -73.919998], [40.68771, -73.919943], [40.687778, -73.919869], [40.687833, -73.919779], [40.687875, -73.919677], [40.687901, -73.919566], [40.687909, -73.91945], [40.687901, -73.919334], [40.687875, -73.919223], [40.687833, -73.919121], [40.687778, -73.919031], [40.68771, -73.918957], [40.687632, -73.918902], [40.687548, -73.918869], [40.68746, -73.918857], [40.687372, -73.918869], [40.687288, -73.918902], [40.68721, -73.918957], [40.687142, -73.919031], [40.687087, -73.919121], [40.687045, -73.919223], [40.687019, -73.919334], [40.687011, -73.91945], [40.687019, -73.919566]]"
45db3c6c-d63c-41f4-b846-216c2c8716b7,Review Warning Zone 648,40.68731,-73.912655,0.096,"[[40.687275, -73.913087], [40.687317, -73.913189], [40.687372, -73.913279], [40.68744, -73.913353], [40.687518, -73.913408], [40.687602, -73.913441], [40.68769, -73.913453], [40.687778, -73.913441], [40.687862, -73.913408], [40.68794, -73.913353], [40.688008, -73.913279], [40.688063, -73.913189], [40.688105, -73.913087], [40.688131, -73.912976], [40.688139, -73.91286], [40.688131, -73.912744], [40.688105, -73.912633], [40.688063, -73.912531], [40.688008, -73.912441], [40.68794, -73.912367], [40.687862, -73.912312], [40.687778, -73.912279], [40.68769, -73.912267], [40.687602, -73.912279], [40.687518, -73.912312], [40.68744, -73.912367], [40.687378, -73.912435], [40.687371, -73.912334], [40.687345, -73.912223], [40.687303, -73.912121], [40.687248, -73.912031], [40.68718, -73.911957], [40.687102, -73.911902], [40.687018, -73.911869], [40.68693, -73.911857], [40.686842, -73.911869], [40.686758, -73.911902], [40.68668, -73.911957], [40.686612, -73.912031], [40.686557, -73.912121], [40.686515, -73.912223], [40.686489, -73.912334], [40.686481, -73.91245], [40.686489, -73.912566], [40.686515, -73.912677], [40.686557, -73.912779], [40.686612, -73.912869], [40.68668, -73.912943], [40.686758, -73.912998], [40.686842, -73.913031], [40.68693, -73.913043], [40.687018, -73.913031], [40.687102, -73.912998], [40.68718, -73.912943], [40.687242, -73.912875], [40.687249, -73.912976]]"
ebd5f77e-1a80-47ff-94b0-1340a1d9c99a,Review Warning Zone 649,40.68769,-73.91788,0.05,"[[40.687317, -73.918209], [40.687372, -73.918299], [40.68744, -73.918373], [40.687518, -73.918428], [40.687602, -73.918461], [40.68769, -73.918473], [40.687778, -73.918461], [40.687862, -73.918428], [40.68794, -73.918373], [40.688008, -73.918299], [40.688063, -73.918209], [40.688105, -73.918107], [40.688131, -73.917996], [40.688139, -73.91788], [40.688131, -73.917764], [40.688105, -73.917653], [40.688063, -73.917551], [40.688008, -73.917461], [40.68794, -73.917387], [40.687862, -73.917332], [40.687778, -73.917299], [40.68769, -73.917287], [40.687602, -73.917299], [40.687518, -73.917332], [40.68744, -73.917387], [40.687372, -73.917461], [40.687317, -73.917551], [40.687275, -73.917653], [40.687249, -73.917764], [40.687241, -73.91788], [40.687249, -73.917996], [40.687275, -73.918107]]"
65674f8a-30f4-440a-a0e5-961c52e06dad,Review Warning Zone 650,40.688209,-73.916365,0.115,"[[40.687357, -73.916469], [40.687412, -73.916559], [40.68748, -73.916633], [40.687504, -73.916649], [40.687509, -73.916726], [40.687535, -73.916837], [40.687577, -73.916939], [40.687632, -73.917029], [40.6877, -73.917103], [40.687778, -73.917158], [40.687862, -73.917191], [40.68795, -73.917203], [40.688038, -73.917191], [40.688122, -73.917158], [40.6882, -73.917103], [40.688268, -73.917029], [40.688323, -73.916939], [40.688365, -73.916837], [40.688391, -73.916726], [40.688397, -73.916632], [40.688417, -73.916679], [40.688472, -73.916769], [40.68854, -73.916843], [40.688618, -73.916898], [40.688702, -73.916931], [40.68879, -73.916943], [40.688878, -73.916931], [40.688962, -73.916898], [40.68904, -73.916843], [40.689108, -73.916769], [40.689163, -73.916679], [40.689205, -73.916577], [40.689231, -73.916466], [40.689239, -73.91635], [40.689231, -73.916234], [40.689205, -73.916123], [40.689163, -73.916021], [40.689108, -73.915931], [40.68904, -73.915857], [40.688962, -73.915802], [40.688878, -73.915769], [40.68879, -73.915757], [40.688702, -73.915769], [40.688618, -73.915802], [40.68854, -73.915857], [40.688472, -73.915931], [40.688417, -73.916021], [40.688375, -73.916123], [40.688349, -73.916234], [40.688343, -73.916328], [40.688323, -73.916281], [40.688268, -73.916191], [40.6882, -73.916117], [40.688176, -73.916101], [40.688171, -73.916024], [40.688145, -73.915913], [40.688103, -73.915811], [40.688048, -73.915721], [40.68798, -73.915647], [40.687902, -73.915592], [40.687818, -73.915559], [40.68773, -73.915547], [40.687642, -73.915559], [40.687558, -73.915592], [40.68748, -73.915647], [40.687412, -73.915721], [40.687357, -73.915811], [40.687315, -73.915913], [40.687289, -73.916024], [40.687281, -73.91614], [40.687289, -73.916256], [40.687315, -73.916367]]"
a94838cc-1d83-41cc-83b6-e8fbfef2a74b,Review Warning Zone 651,40.68778,-73.91437,0.05,"[[40.687365, -73.914597], [40.687407, -73.914699], [40.687462, -73.914789], [40.68753, -73.914863], [40.687608, -73.914918], [40.687692, -73.914951], [40.68778, -73.914963], [40.687868, -73.914951], [40.687952, -73.914918], [40.68803, -73.914863], [40.688098, -73.914789], [40.688153, -73.914699], [40.688195, -73.914597], [40.688221, -73.914486], [40.688229, -73.91437], [40.688221, -73.914254], [40.688195, -73.914143], [40.688153, -73.914041], [40.688098, -73.913951], [40.68803, -73.913877], [40.687952, -73.913822], [40.687868, -73.913789], [40.68778, -73.913777], [40.687692, -73.913789], [40.687608, -73.913822], [40.68753, -73.913877], [40.687462, -73.913951], [40.687407, -73.914041], [40.687365, -73.914143], [40.687339, -73.914254], [40.687331, -73.91437], [40.687339, -73.914486]]"
09d7f8a3-1f7a-4938-a04b-a2c8a7dcff92,Review Warning Zone 652,40.68915,-73.91919,0.05,"[[40.688777, -73.919519], [40.688832, -73.919609], [40.6889, -73.919683], [40.688978, -73.919738], [40.689062, -73.919771], [40.68915, -73.919783], [40.689238, -73.919771], [40.689322, -73.919738], [40.6894, -73.919683], [40.689468, -73.919609], [40.689523, -73.919519], [40.689565, -73.919417], [40.689591, -73.919306], [40.689599, -73.91919], [40.689591, -73.919074], [40.689565, -73.918963], [40.689523, -73.918861], [40.689468, -73.918771], [40.6894, -73.918697], [40.689322, -73.918642], [40.689238, -73.918609], [40.68915, -73.918597], [40.689062, -73.918609], [40.688978, -73.918642], [40.6889, -73.918697], [40.688832, -73.918771], [40.688777, -73.918861], [40.688735, -73.918963], [40.688709, -73.919074], [40.688701, -73.91919], [40.688709, -73.919306], [40.688735, -73.919417]]"
d88a4bcb-55c3-415d-a3e4-82e8dbcb678f,Review Warning Zone 653,40.68983,-73.91464,0.05,"[[40.689457, -73.914969], [40.689512, -73.915059], [40.68958, -73.915133], [40.689658, -73.915188], [40.689742, -73.915221], [40.68983, -73.915233], [40.689918, -73.915221], [40.690002, -73.915188], [40.69008, -73.915133], [40.690148, -73.915059], [40.690203, -73.914969], [40.690245, -73.914867], [40.690271, -73.914756], [40.690279, -73.91464], [40.690271, -73.914524], [40.690245, -73.914413], [40.690203, -73.914311], [40.690148, -73.914221], [40.69008, -73.914147], [40.690002, -73.914092], [40.689918, -73.914059], [40.68983, -73.914047], [40.689742, -73.914059], [40.689658, -73.914092], [40.68958, -73.914147], [40.689512, -73.914221], [40.689457, -73.914311], [40.689415, -73.914413], [40.689389, -73.914524], [40.689381, -73.91464], [40.689389, -73.914756], [40.689415, -73.914867]]"
3f06881e-ff8f-4bea-be95-5e6b377ba798,Review Warning Zone 654,40.69097,-73.9194,0.09,"[[40.69071, -73.920363], [40.690788, -73.920418], [40.690872, -73.920451], [40.69096, -73.920463], [40.691048, -73.920451], [40.691132, -73.920418], [40.69121, -73.920363], [40.691278, -73.920289], [40.691333, -73.920199], [40.691375, -73.920097], [40.691401, -73.919986], [40.691409, -73.91987], [40.691401, -73.919754], [40.691375, -73.919643], [40.691333, -73.919541], [40.691278, -73.919451], [40.691241, -73.919411], [40.691298, -73.919349], [40.691353, -73.919259], [40.691395, -73.919157], [40.691421, -73.919046], [40.691429, -73.91893], [40.691421, -73.918814], [40.691395, -73.918703], [40.691353, -73.918601], [40.691298, -73.918511], [40.69123, -73.918437], [40.691152, -73.918382], [40.691068, -73.918349], [40.69098, -73.918337], [40.690892, -73.918349], [40.690808, -73.918382], [40.69073, -73.918437], [40.690662, -73.918511], [40.690607, -73.918601], [40.690565, -73.918703], [40.690539, -73.918814], [40.690531, -73.91893], [40.690539, -73.919046], [40.690565, -73.919157], [40.690607, -73.919259], [40.690662, -73.919349], [40.690699, -73.919389], [40.690642, -73.919451], [40.690587, -73.919541], [40.690545, -73.919643], [40.690519, -73.919754], [40.690511, -73.91987], [40.690519, -73.919986], [40.690545, -73.920097], [40.690587, -73.920199], [40.690642, -73.920289]]"
b6c9a472-4a0a-4ca7-92a7-4635cbeb78d1,Review Warning Zone 655,40.69374,-73.92077,0.05,"[[40.693325, -73.920997], [40.693367, -73.921099], [40.693422, -73.921189], [40.69349, -73.921263], [40.693568, -73.921318], [40.693652, -73.921351], [40.69374, -73.921363], [40.693828, -73.921351], [40.693912, -73.921318], [40.69399, -73.921263], [40.694058, -73.921189], [40.694113, -73.921099], [40.694155, -73.920997], [40.694181, -73.920886], [40.694189, -73.92077], [40.694181, -73.920654], [40.694155, -73.920543], [40.694113, -73.920441], [40.694058, -73.920351], [40.69399, -73.920277], [40.693912, -73.920222], [40.693828, -73.920189], [40.69374, -73.920177], [40.693652, -73.920189], [40.693568, -73.920222], [40.69349, -73.920277], [40.693422, -73.920351], [40.693367, -73.920441], [40.693325, -73.920543], [40.693299, -73.920654], [40.693291, -73.92077], [40.693299, -73.920886]]"
00bcff07-29e4-43bc-8483-583c4d644671,Review Warning Zone 656,40.69671,-73.91507,0.05,"[[40.696337, -73.915399], [40.696392, -73.915489], [40.69646, -73.915563], [40.696538, -73.915618], [40.696622, -73.915651], [40.69671, -73.915663], [40.696798, -73.915651], [40.696882, -73.915618], [40.69696, -73.915563], [40.697028, -73.915489], [40.697083, -73.915399], [40.697125, -73.915297], [40.697151, -73.915186], [40.697159, -73.91507], [40.697151, -73.914954], [40.697125, -73.914843], [40.697083, -73.914741], [40.697028, -73.914651], [40.69696, -73.914577], [40.696882, -73.914522], [40.696798, -73.914489], [40.69671, -73.914477], [40.696622, -73.914489], [40.696538, -73.914522], [40.69646, -73.914577], [40.696392, -73.914651], [40.696337, -73.914741], [40.696295, -73.914843], [40.696269, -73.914954], [40.696261, -73.91507], [40.696269, -73.915186], [40.696295, -73.915297]]"
3c01b727-1b3a-4a62-a18e-1958137d7275,Review Warning Zone 657,40.69897,-73.92241,0.05,"[[40.698597, -73.922739], [40.698652, -73.922829], [40.69872, -73.922903], [40.698798, -73.922958], [40.698882, -73.922991], [40.69897, -73.923003], [40.699058, -73.922991], [40.699142, -73.922958], [40.69922, -73.922903], [40.699288, -73.922829], [40.699343, -73.922739], [40.699385, -73.922637], [40.699411, -73.922526], [40.699419, -73.92241], [40.699411, -73.922294], [40.699385, -73.922183], [40.699343, -73.922081], [40.699288, -73.921991], [40.69922, -73.921917], [40.699142, -73.921862], [40.699058, -73.921829], [40.69897, -73.921817], [40.698882, -73.921829], [40.698798, -73.921862], [40.69872, -73.921917], [40.698652, -73.921991], [40.698597, -73.922081], [40.698555, -73.922183], [40.698529, -73.922294], [40.698521, -73.92241], [40.698529, -73.922526], [40.698555, -73.922637]]"
2a3a634d-1eca-466b-88c3-ac54d4f83de2,Review Warning Zone 658,40.69968,-73.91319,0.05,"[[40.699265, -73.913417], [40.699307, -73.913519], [40.699362, -73.913609], [40.69943, -73.913683], [40.699508, -73.913738], [40.699592, -73.913771], [40.69968, -73.913783], [40.699768, -73.913771], [40.699852, -73.913738], [40.69993, -73.913683], [40.699998, -73.913609], [40.700053, -73.913519], [40.700095, -73.913417], [40.700121, -73.913306], [40.700129, -73.91319], [40.700121, -73.913074], [40.700095, -73.912963], [40.700053, -73.912861], [40.699998, -73.912771], [40.69993, -73.912697], [40.699852, -73.912642], [40.699768, -73.912609], [40.69968, -73.912597], [40.699592, -73.912609], [40.699508, -73.912642], [40.69943, -73.912697], [40.699362, -73.912771], [40.699307, -73.912861], [40.699265, -73.912963], [40.699239, -73.913074], [40.699231, -73.91319], [40.699239, -73.913306]]"
75b6ee28-bc86-4bd7-8a88-5b4fab102e45,Review Warning Zone 659,40.6998,-73.91781,0.05,"[[40.699385, -73.918037], [40.699427, -73.918139], [40.699482, -73.918229], [40.69955, -73.918303], [40.699628, -73.918358], [40.699712, -73.918391], [40.6998, -73.918403], [40.699888, -73.918391], [40.699972, -73.918358], [40.70005, -73.918303], [40.700118, -73.918229], [40.700173, -73.918139], [40.700215, -73.918037], [40.700241, -73.917926], [40.700249, -73.91781], [40.700241, -73.917694], [40.700215, -73.917583], [40.700173, -73.917481], [40.700118, -73.917391], [40.70005, -73.917317], [40.699972, -73.917262], [40.699888, -73.917229], [40.6998, -73.917217], [40.699712, -73.917229], [40.699628, -73.917262], [40.69955, -73.917317], [40.699482, -73.917391], [40.699427, -73.917481], [40.699385, -73.917583], [40.699359, -73.917694], [40.699351, -73.91781], [40.699359, -73.917926]]"
fb18da62-1f59-4af1-b8f7-fd7df0dc5656,Review Warning Zone 660,40.70151,-73.92107,0.05,"[[40.701095, -73.921297], [40.701137, -73.921399], [40.701192, -73.921489], [40.70126, -73.921563], [40.701338, -73.921618], [40.701422, -73.921651], [40.70151, -73.921663], [40.701598, -73.921651], [40.701682, -73.921618], [40.70176, -73.921563], [40.701828, -73.921489], [40.701883, -73.921399], [40.701925, -73.921297], [40.701951, -73.921186], [40.701959, -73.92107], [40.701951, -73.920954], [40.701925, -73.920843], [40.701883, -73.920741], [40.701828, -73.920651], [40.70176, -73.920577], [40.701682, -73.920522], [40.701598, -73.920489], [40.70151, -73.920477], [40.701422, -73.920489], [40.701338, -73.920522], [40.70126, -73.920577], [40.701192, -73.920651], [40.701137, -73.920741], [40.701095, -73.920843], [40.701069, -73.920954], [40.701061, -73.92107], [40.701069, -73.921186]]"
50847c26-c36f-4af0-a061-0fb683212657,Review Warning Zone 661,40.70433,-73.91699,0.05,"[[40.703957, -73.917319], [40.704012, -73.917409], [40.70408, -73.917483], [40.704158, -73.917538], [40.704242, -73.917571], [40.70433, -73.917583], [40.704418, -73.917571], [40.704502, -73.917538], [40.70458, -73.917483], [40.704648, -73.917409], [40.704703, -73.917319], [40.704745, -73.917217], [40.704771, -73.917106], [40.704779, -73.91699], [40.704771, -73.916874], [40.704745, -73.916763], [40.704703, -73.916661], [40.704648, -73.916571], [40.70458, -73.916497], [40.704502, -73.916442], [40.704418, -73.916409], [40.70433, -73.916397], [40.704242, -73.916409], [40.704158, -73.916442], [40.70408, -73.916497], [40.704012, -73.916571], [40.703957, -73.916661], [40.703915, -73.916763], [40.703889, -73.916874], [40.703881, -73.91699], [40.703889, -73.917106], [40.703915, -73.917217]]"
440904f6-e1b6-426b-abb1-d8c739f83336,Review Warning Zone 662,40.70458,-73.91835,0.05,"[[40.704207, -73.918679], [40.704262, -73.918769], [40.70433, -73.918843], [40.704408, -73.918898], [40.704492, -73.918931], [40.70458, -73.918943], [40.704668, -73.918931], [40.704752, -73.918898], [40.70483, -73.918843], [40.704898, -73.918769], [40.704953, -73.918679], [40.704995, -73.918577], [40.705021, -73.918466], [40.705029, -73.91835], [40.705021, -73.918234], [40.704995, -73.918123], [40.704953, -73.918021], [40.704898, -73.917931], [40.70483, -73.917857], [40.704752, -73.917802], [40.704668, -73.917769], [40.70458, -73.917757], [40.704492, -73.917769], [40.704408, -73.917802], [40.70433, -73.917857], [40.704262, -73.917931], [40.704207, -73.918021], [40.704165, -73.918123], [40.704139, -73.918234], [40.704131, -73.91835], [40.704139, -73.918466], [40.704165, -73.918577]]"
e6494b6d-74e7-4fae-ad8c-d917ecdbf2b2,Review Warning Zone 663,40.70596,-73.91755,0.05,"[[40.705545, -73.917777], [40.705587, -73.917879], [40.705642, -73.917969], [40.70571, -73.918043], [40.705788, -73.918098], [40.705872, -73.918131], [40.70596, -73.918143], [40.706048, -73.918131], [40.706132, -73.918098], [40.70621, -73.918043], [40.706278, -73.917969], [40.706333, -73.917879], [40.706375, -73.917777], [40.706401, -73.917666], [40.706409, -73.91755], [40.706401, -73.917434], [40.706375, -73.917323], [40.706333, -73.917221], [40.706278, -73.917131], [40.70621, -73.917057], [40.706132, -73.917002], [40.706048, -73.916969], [40.70596, -73.916957], [40.705872, -73.916969], [40.705788, -73.917002], [40.70571, -73.917057], [40.705642, -73.917131], [40.705587, -73.917221], [40.705545, -73.917323], [40.705519, -73.917434], [40.705511, -73.91755], [40.705519, -73.917666]]"
f1a345bd-bb35-4f60-b310-0719d32f6fe3,Review Warning Zone 664,40.70762,-73.92267,0.05,"[[40.707247, -73.922999], [40.707302, -73.923089], [40.70737, -73.923163], [40.707448, -73.923218], [40.707532, -73.923251], [40.70762, -73.923263], [40.707708, -73.923251], [40.707792, -73.923218], [40.70787, -73.923163], [40.707938, -73.923089], [40.707993, -73.922999], [40.708035, -73.922897], [40.708061, -73.922786], [40.708069, -73.92267], [40.708061, -73.922554], [40.708035, -73.922443], [40.707993, -73.922341], [40.707938, -73.922251], [40.70787, -73.922177], [40.707792, -73.922122], [40.707708, -73.922089], [40.70762, -73.922077], [40.707532, -73.922089], [40.707448, -73.922122], [40.70737, -73.922177], [40.707302, -73.922251], [40.707247, -73.922341], [40.707205, -73.922443], [40.707179, -73.922554], [40.707171, -73.92267], [40.707179, -73.922786], [40.707205, -73.922897]]"
abf13c39-68e4-4e2f-a710-618a949c9065,Review Warning Zone 665,40.708406,-73.92138,0.05,"[[40.708033, -73.921709], [40.708089, -73.921799], [40.708157, -73.921873], [40.708234, -73.921928], [40.708319, -73.921961], [40.708406, -73.921973], [40.708494, -73.921961], [40.708578, -73.921928], [40.708656, -73.921873], [40.708724, -73.921799], [40.70878, -73.921709], [40.708821, -73.921607], [40.708847, -73.921496], [40.708855, -73.92138], [40.708847, -73.921264], [40.708821, -73.921153], [40.70878, -73.921051], [40.708724, -73.920961], [40.708656, -73.920887], [40.708578, -73.920832], [40.708494, -73.920799], [40.708406, -73.920787], [40.708319, -73.920799], [40.708234, -73.920832], [40.708157, -73.920887], [40.708089, -73.920961], [40.708033, -73.921051], [40.707991, -73.921153], [40.707966, -73.921264], [40.707957, -73.92138], [40.707966, -73.921496], [40.707991, -73.921607]]"
f3bbc68d-29c7-4596-a0cc-a7d1bffabd52,Review Warning Zone 666,40.70979,-73.92209,0.05,"[[40.709375, -73.922317], [40.709417, -73.922419], [40.709472, -73.922509], [40.70954, -73.922583], [40.709618, -73.922638], [40.709702, -73.922671], [40.70979, -73.922683], [40.709878, -73.922671], [40.709962, -73.922638], [40.71004, -73.922583], [40.710108, -73.922509], [40.710163, -73.922419], [40.710205, -73.922317], [40.710231, -73.922206], [40.710239, -73.92209], [40.710231, -73.921974], [40.710205, -73.921863], [40.710163, -73.921761], [40.710108, -73.921671], [40.71004, -73.921597], [40.709962, -73.921542], [40.709878, -73.921509], [40.70979, -73.921497], [40.709702, -73.921509], [40.709618, -73.921542], [40.70954, -73.921597], [40.709472, -73.921671], [40.709417, -73.921761], [40.709375, -73.921863], [40.709349, -73.921974], [40.709341, -73.92209], [40.709349, -73.922206]]"
e329ff3d-8e0d-4126-b932-b4f44fddb3c3,Review Warning Zone 667,40.71235,-73.920145,0.066,"[[40.711837, -73.920469], [40.711892, -73.920559], [40.71196, -73.920633], [40.712038, -73.920688], [40.712122, -73.920721], [40.71221, -73.920733], [40.712298, -73.920721], [40.712338, -73.920705], [40.712402, -73.920731], [40.71249, -73.920743], [40.712578, -73.920731], [40.712662, -73.920698], [40.71274, -73.920643], [40.712808, -73.920569], [40.712863, -73.920479], [40.712905, -73.920377], [40.712931, -73.920266], [40.712939, -73.92015], [40.712931, -73.920034], [40.712905, -73.919923], [40.712863, -73.919821], [40.712808, -73.919731], [40.71274, -73.919657], [40.712662, -73.919602], [40.712578, -73.919569], [40.71249, -73.919557], [40.712402, -73.919569], [40.712362, -73.919585], [40.712298, -73.919559], [40.71221, -73.919547], [40.712122, -73.919559], [40.712038, -73.919592], [40.71196, -73.919647], [40.711892, -73.919721], [40.711837, -73.919811], [40.711795, -73.919913], [40.711769, -73.920024], [40.711761, -73.92014], [40.711769, -73.920256], [40.711795, -73.920367]]"
6c78fe14-04f7-4f20-a88f-dbf1d93094df,Review Warning Zone 668,40.71254,-73.91882,0.05,"[[40.712125, -73.919047], [40.712167, -73.919149], [40.712222, -73.919239], [40.71229, -73.919313], [40.712368, -73.919368], [40.712452, -73.919401], [40.71254, -73.919413], [40.712628, -73.919401], [40.712712, -73.919368], [40.71279, -73.919313], [40.712858, -73.919239], [40.712913, -73.919149], [40.712955, -73.919047], [40.712981, -73.918936], [40.712989, -73.91882], [40.712981, -73.918704], [40.712955, -73.918593], [40.712913, -73.918491], [40.712858, -73.918401], [40.71279, -73.918327], [40.712712, -73.918272], [40.712628, -73.918239], [40.71254, -73.918227], [40.712452, -73.918239], [40.712368, -73.918272], [40.71229, -73.918327], [40.712222, -73.918401], [40.712167, -73.918491], [40.712125, -73.918593], [40.712099, -73.918704], [40.712091, -73.91882], [40.712099, -73.918936]]"
91509654-72a2-41de-b1cd-3bb7a979e8e5,Review Warning Zone 669,40.73069,-73.91994,0.05,"[[40.730275, -73.920167], [40.730317, -73.920269], [40.730372, -73.920359], [40.73044, -73.920433], [40.730518, -73.920488], [40.730602, -73.920521], [40.73069, -73.920533], [40.730778, -73.920521], [40.730862, -73.920488], [40.73094, -73.920433], [40.731008, -73.920359], [40.731063, -73.920269], [40.731105, -73.920167], [40.731131, -73.920056], [40.731139, -73.91994], [40.731131, -73.919824], [40.731105, -73.919713], [40.731063, -73.919611], [40.731008, -73.919521], [40.73094, -73.919447], [40.730862, -73.919392], [40.730778, -73.919359], [40.73069, -73.919347], [40.730602, -73.919359], [40.730518, -73.919392], [40.73044, -73.919447], [40.730372, -73.919521], [40.730317, -73.919611], [40.730275, -73.919713], [40.730249, -73.919824], [40.730241, -73.91994], [40.730249, -73.920056]]"
d17bd988-d2a5-4db4-b338-65afb409efef,Review Warning Zone 670,40.73612,-73.91797,0.05,"[[40.735705, -73.918197], [40.735747, -73.918299], [40.735802, -73.918389], [40.73587, -73.918463], [40.735948, -73.918518], [40.736032, -73.918551], [40.73612, -73.918563], [40.736208, -73.918551], [40.736292, -73.918518], [40.73637, -73.918463], [40.736438, -73.918389], [40.736493, -73.918299], [40.736535, -73.918197], [40.736561, -73.918086], [40.736569, -73.91797], [40.736561, -73.917854], [40.736535, -73.917743], [40.736493, -73.917641], [40.736438, -73.917551], [40.73637, -73.917477], [40.736292, -73.917422], [40.736208, -73.917389], [40.73612, -73.917377], [40.736032, -73.917389], [40.735948, -73.917422], [40.73587, -73.917477], [40.735802, -73.917551], [40.735747, -73.917641], [40.735705, -73.917743], [40.735679, -73.917854], [40.735671, -73.91797], [40.735679, -73.918086]]"
91eb406a-b272-4746-be76-381e39903c9e,Review Warning Zone 671,40.742521,-73.917396,0.05,"[[40.742148, -73.917725], [40.742204, -73.917815], [40.742272, -73.917889], [40.742349, -73.917943], [40.742434, -73.917977], [40.742521, -73.917988], [40.742609, -73.917977], [40.742693, -73.917943], [40.742771, -73.917889], [40.742839, -73.917815], [40.742895, -73.917725], [40.742936, -73.917623], [40.742962, -73.917511], [40.74297, -73.917396], [40.742962, -73.91728], [40.742936, -73.917169], [40.742895, -73.917066], [40.742839, -73.916977], [40.742771, -73.916903], [40.742693, -73.916848], [40.742609, -73.916814], [40.742521, -73.916803], [40.742434, -73.916814], [40.742349, -73.916848], [40.742272, -73.916903], [40.742204, -73.916977], [40.742148, -73.917066], [40.742106, -73.917169], [40.742081, -73.91728], [40.742072, -73.917396], [40.742081, -73.917511], [40.742106, -73.917623]]"
5f81b028-7b4b-4d2d-8450-735fbd411660,Review Warning Zone 672,40.7568,-73.91448,0.05,"[[40.756427, -73.914809], [40.756482, -73.914899], [40.75655, -73.914973], [40.756628, -73.915028], [40.756712, -73.915061], [40.7568, -73.915073], [40.756888, -73.915061], [40.756972, -73.915028], [40.75705, -73.914973], [40.757118, -73.914899], [40.757173, -73.914809], [40.757215, -73.914707], [40.757241, -73.914596], [40.757249, -73.91448], [40.757241, -73.914364], [40.757215, -73.914253], [40.757173, -73.914151], [40.757118, -73.914061], [40.75705, -73.913987], [40.756972, -73.913932], [40.756888, -73.913899], [40.7568, -73.913887], [40.756712, -73.913899], [40.756628, -73.913932], [40.75655, -73.913987], [40.756482, -73.914061], [40.756427, -73.914151], [40.756385, -73.914253], [40.756359, -73.914364], [40.756351, -73.91448], [40.756359, -73.914596], [40.756385, -73.914707]]"
5b86b8e3-4983-482b-9ed9-e856e6e578e4,Review Warning Zone 673,40.76089,-73.92046,0.05,"[[40.760475, -73.920687], [40.760517, -73.920789], [40.760572, -73.920879], [40.76064, -73.920953], [40.760718, -73.921008], [40.760802, -73.921041], [40.76089, -73.921053], [40.760978, -73.921041], [40.761062, -73.921008], [40.76114, -73.920953], [40.761208, -73.920879], [40.761263, -73.920789], [40.761305, -73.920687], [40.761331, -73.920576], [40.761339, -73.92046], [40.761331, -73.920344], [40.761305, -73.920233], [40.761263, -73.920131], [40.761208, -73.920041], [40.76114, -73.919967], [40.761062, -73.919912], [40.760978, -73.919879], [40.76089, -73.919867], [40.760802, -73.919879], [40.760718, -73.919912], [40.76064, -73.919967], [40.760572, -73.920041], [40.760517, -73.920131], [40.760475, -73.920233], [40.760449, -73.920344], [40.760441, -73.92046], [40.760449, -73.920576]]"
78ad984d-c5f2-4466-8959-a3177a1b3647,Review Warning Zone 674,40.76534,-73.91944,0.05,"[[40.764925, -73.919667], [40.764967, -73.919769], [40.765022, -73.919859], [40.76509, -73.919933], [40.765168, -73.919988], [40.765252, -73.920021], [40.76534, -73.920033], [40.765428, -73.920021], [40.765512, -73.919988], [40.76559, -73.919933], [40.765658, -73.919859], [40.765713, -73.919769], [40.765755, -73.919667], [40.765781, -73.919556], [40.765789, -73.91944], [40.765781, -73.919324], [40.765755, -73.919213], [40.765713, -73.919111], [40.765658, -73.919021], [40.76559, -73.918947], [40.765512, -73.918892], [40.765428, -73.918859], [40.76534, -73.918847], [40.765252, -73.918859], [40.765168, -73.918892], [40.76509, -73.918947], [40.765022, -73.919021], [40.764967, -73.919111], [40.764925, -73.919213], [40.764899, -73.919324], [40.764891, -73.91944], [40.764899, -73.919556]]"
0f82fa6d-15fb-4ee1-8b22-e9c4f1cc67c0,Review Warning Zone 675,40.76676,-73.91276,0.05,"[[40.766345, -73.912987], [40.766387, -73.913089], [40.766442, -73.913179], [40.76651, -73.913253], [40.766588, -73.913308], [40.766672, -73.913341], [40.76676, -73.913353], [40.766848, -73.913341], [40.766932, -73.913308], [40.76701, -73.913253], [40.767078, -73.913179], [40.767133, -73.913089], [40.767175, -73.912987], [40.767201, -73.912876], [40.767209, -73.91276], [40.767201, -73.912644], [40.767175, -73.912533], [40.767133, -73.912431], [40.767078, -73.912341], [40.76701, -73.912267], [40.766932, -73.912212], [40.766848, -73.912179], [40.76676, -73.912167], [40.766672, -73.912179], [40.766588, -73.912212], [40.76651, -73.912267], [40.766442, -73.912341], [40.766387, -73.912431], [40.766345, -73.912533], [40.766319, -73.912644], [40.766311, -73.91276], [40.766319, -73.912876]]"
14708931-ba25-4a53-8a4a-d9616516b30e,Review Warning Zone 676,40.77727,-73.91761,0.05,"[[40.776897, -73.917939], [40.776952, -73.918029], [40.77702, -73.918103], [40.777098, -73.918158], [40.777182, -73.918191], [40.77727, -73.918203], [40.777358, -73.918191], [40.777442, -73.918158], [40.77752, -73.918103], [40.777588, -73.918029], [40.777643, -73.917939], [40.777685, -73.917837], [40.777711, -73.917726], [40.777719, -73.91761], [40.777711, -73.917494], [40.777685, -73.917383], [40.777643, -73.917281], [40.777588, -73.917191], [40.77752, -73.917117], [40.777442, -73.917062], [40.777358, -73.917029], [40.77727, -73.917017], [40.777182, -73.917029], [40.777098, -73.917062], [40.77702, -73.917117], [40.776952, -73.917191], [40.776897, -73.917281], [40.776855, -73.917383], [40.776829, -73.917494], [40.776821, -73.91761], [40.776829, -73.917726], [40.776855, -73.917837]]"
166f1f2d-ba62-4b18-a707-ea2e0fdfe0bb,Review Warning Zone 677,40.80056,-73.91306,0.05,"[[40.800187, -73.913389], [40.800242, -73.913479], [40.80031, -73.913553], [40.800388, -73.913608], [40.800472, -73.913641], [40.80056, -73.913653], [40.800648, -73.913641], [40.800732, -73.913608], [40.80081, -73.913553], [40.800878, -73.913479], [40.800933, -73.913389], [40.800975, -73.913287], [40.801001, -73.913176], [40.801009, -73.91306], [40.801001, -73.912944], [40.800975, -73.912833], [40.800933, -73.912731], [40.800878, -73.912641], [40.80081, -73.912567], [40.800732, -73.912512], [40.800648, -73.912479], [40.80056, -73.912467], [40.800472, -73.912479], [40.800388, -73.912512], [40.80031, -73.912567], [40.800242, -73.912641], [40.800187, -73.912731], [40.800145, -73.912833], [40.800119, -73.912944], [40.800111, -73.91306], [40.800119, -73.913176], [40.800145, -73.913287]]"
44887bb5-c9ed-4f40-8fd0-e735a56a3ee4,Review Warning Zone 678,40.80097,-73.91421,0.05,"[[40.800555, -73.914437], [40.800597, -73.914539], [40.800652, -73.914629], [40.80072, -73.914703], [40.800798, -73.914758], [40.800882, -73.914791], [40.80097, -73.914803], [40.801058, -73.914791], [40.801142, -73.914758], [40.80122, -73.914703], [40.801288, -73.914629], [40.801343, -73.914539], [40.801385, -73.914437], [40.801411, -73.914326], [40.801419, -73.91421], [40.801411, -73.914094], [40.801385, -73.913983], [40.801343, -73.913881], [40.801288, -73.913791], [40.80122, -73.913717], [40.801142, -73.913662], [40.801058, -73.913629], [40.80097, -73.913617], [40.800882, -73.913629], [40.800798, -73.913662], [40.80072, -73.913717], [40.800652, -73.913791], [40.800597, -73.913881], [40.800555, -73.913983], [40.800529, -73.914094], [40.800521, -73.91421], [40.800529, -73.914326]]"
7266b806-3dd6-4846-88c7-81b6e65d6715,Review Warning Zone 679,40.80115,-73.91567,0.05,"[[40.800735, -73.915897], [40.800777, -73.915999], [40.800832, -73.916089], [40.8009, -73.916163], [40.800978, -73.916218], [40.801062, -73.916251], [40.80115, -73.916263], [40.801238, -73.916251], [40.801322, -73.916218], [40.8014, -73.916163], [40.801468, -73.916089], [40.801523, -73.915999], [40.801565, -73.915897], [40.801591, -73.915786], [40.801599, -73.91567], [40.801591, -73.915554], [40.801565, -73.915443], [40.801523, -73.915341], [40.801468, -73.915251], [40.8014, -73.915177], [40.801322, -73.915122], [40.801238, -73.915089], [40.80115, -73.915077], [40.801062, -73.915089], [40.800978, -73.915122], [40.8009, -73.915177], [40.800832, -73.915251], [40.800777, -73.915341], [40.800735, -73.915443], [40.800709, -73.915554], [40.800701, -73.91567], [40.800709, -73.915786]]"
4706a581-7d7f-4f66-b2a6-42fbbc443566,Review Warning Zone 680,40.80242,-73.91383,0.05,"[[40.802005, -73.914057], [40.802047, -73.914159], [40.802102, -73.914249], [40.80217, -73.914323], [40.802248, -73.914378], [40.802332, -73.914411], [40.80242, -73.914423], [40.802508, -73.914411], [40.802592, -73.914378], [40.80267, -73.914323], [40.802738, -73.914249], [40.802793, -73.914159], [40.802835, -73.914057], [40.802861, -73.913946], [40.802869, -73.91383], [40.802861, -73.913714], [40.802835, -73.913603], [40.802793, -73.913501], [40.802738, -73.913411], [40.80267, -73.913337], [40.802592, -73.913282], [40.802508, -73.913249], [40.80242, -73.913237], [40.802332, -73.913249], [40.802248, -73.913282], [40.80217, -73.913337], [40.802102, -73.913411], [40.802047, -73.913501], [40.802005, -73.913603], [40.801979, -73.913714], [40.801971, -73.91383], [40.801979, -73.913946]]"
d2b458d9-d591-4fac-aaa4-1e64f2e5cbb8,Review Warning Zone 681,40.80421,-73.92249,0.05,"[[40.803837, -73.922819], [40.803892, -73.922909], [40.80396, -73.922983], [40.804038, -73.923038], [40.804122, -73.923071], [40.80421, -73.923083], [40.804298, -73.923071], [40.804382, -73.923038], [40.80446, -73.922983], [40.804528, -73.922909], [40.804583, -73.922819], [40.804625, -73.922717], [40.804651, -73.922606], [40.804659, -73.92249], [40.804651, -73.922374], [40.804625, -73.922263], [40.804583, -73.922161], [40.804528, -73.922071], [40.80446, -73.921997], [40.804382, -73.921942], [40.804298, -73.921909], [40.80421, -73.921897], [40.804122, -73.921909], [40.804038, -73.921942], [40.80396, -73.921997], [40.803892, -73.922071], [40.803837, -73.922161], [40.803795, -73.922263], [40.803769, -73.922374], [40.803761, -73.92249], [40.803769, -73.922606], [40.803795, -73.922717]]"
c7058deb-1193-4c4a-a324-a8f003a36ff8,Review Warning Zone 682,40.80756,-73.92264,0.05,"[[40.807187, -73.922969], [40.807242, -73.923059], [40.80731, -73.923133], [40.807388, -73.923188], [40.807472, -73.923221], [40.80756, -73.923233], [40.807648, -73.923221], [40.807732, -73.923188], [40.80781, -73.923133], [40.807878, -73.923059], [40.807933, -73.922969], [40.807975, -73.922867], [40.808001, -73.922756], [40.808009, -73.92264], [40.808001, -73.922524], [40.807975, -73.922413], [40.807933, -73.922311], [40.807878, -73.922221], [40.80781, -73.922147], [40.807732, -73.922092], [40.807648, -73.922059], [40.80756, -73.922047], [40.807472, -73.922059], [40.807388, -73.922092], [40.80731, -73.922147], [40.807242, -73.922221], [40.807187, -73.922311], [40.807145, -73.922413], [40.807119, -73.922524], [40.807111, -73.92264], [40.807119, -73.922756], [40.807145, -73.922867]]"
b7ca7f71-f3fa-4131-95e1-5f7bcc809c39,Review Warning Zone 683,40.80836,-73.91417,0.05,"[[40.807945, -73.914397], [40.807987, -73.914499], [40.808042, -73.914589], [40.80811, -73.914663], [40.808188, -73.914718], [40.808272, -73.914751], [40.80836, -73.914763], [40.808448, -73.914751], [40.808532, -73.914718], [40.80861, -73.914663], [40.808678, -73.914589], [40.808733, -73.914499], [40.808775, -73.914397], [40.808801, -73.914286], [40.808809, -73.91417], [40.808801, -73.914054], [40.808775, -73.913943], [40.808733, -73.913841], [40.808678, -73.913751], [40.80861, -73.913677], [40.808532, -73.913622], [40.808448, -73.913589], [40.80836, -73.913577], [40.808272, -73.913589], [40.808188, -73.913622], [40.80811, -73.913677], [40.808042, -73.913751], [40.807987, -73.913841], [40.807945, -73.913943], [40.807919, -73.914054], [40.807911, -73.91417], [40.807919, -73.914286]]"
89f2f37b-cf35-4ad8-9cb2-1099cff36b58,Review Warning Zone 684,40.8087,-73.91909,0.05,"[[40.808285, -73.919317], [40.808327, -73.919419], [40.808382, -73.919509], [40.80845, -73.919583], [40.808528, -73.919638], [40.808612, -73.919671], [40.8087, -73.919683], [40.808788, -73.919671], [40.808872, -73.919638], [40.80895, -73.919583], [40.809018, -73.919509], [40.809073, -73.919419], [40.809115, -73.919317], [40.809141, -73.919206], [40.809149, -73.91909], [40.809141, -73.918974], [40.809115, -73.918863], [40.809073, -73.918761], [40.809018, -73.918671], [40.80895, -73.918597], [40.808872, -73.918542], [40.808788, -73.918509], [40.8087, -73.918497], [40.808612, -73.918509], [40.808528, -73.918542], [40.80845, -73.918597], [40.808382, -73.918671], [40.808327, -73.918761], [40.808285, -73.918863], [40.808259, -73.918974], [40.808251, -73.91909], [40.808259, -73.919206]]"
9bdbeee0-0a0b-4567-b2a3-2d0ddcb108d2,Review Warning Zone 685,40.80872,-73.92185,0.05,"[[40.808305, -73.922077], [40.808347, -73.922179], [40.808402, -73.922269], [40.80847, -73.922343], [40.808548, -73.922398], [40.808632, -73.922431], [40.80872, -73.922443], [40.808808, -73.922431], [40.808892, -73.922398], [40.80897, -73.922343], [40.809038, -73.922269], [40.809093, -73.922179], [40.809135, -73.922077], [40.809161, -73.921966], [40.809169, -73.92185], [40.809161, -73.921734], [40.809135, -73.921623], [40.809093, -73.921521], [40.809038, -73.921431], [40.80897, -73.921357], [40.808892, -73.921302], [40.808808, -73.921269], [40.80872, -73.921257], [40.808632, -73.921269], [40.808548, -73.921302], [40.80847, -73.921357], [40.808402, -73.921431], [40.808347, -73.921521], [40.808305, -73.921623], [40.808279, -73.921734], [40.808271, -73.92185], [40.808279, -73.921966]]"
5a9bcbf6-5ee0-46f5-85bd-bbf555969086,Review Warning Zone 686,40.809833,-73.919974,0.093,"[[40.809077, -73.920399], [40.809132, -73.920489], [40.8092, -73.920563], [40.809278, -73.920618], [40.809362, -73.920651], [40.80945, -73.920663], [40.809538, -73.920651], [40.809622, -73.920618], [40.8097, -73.920563], [40.809748, -73.92051], [40.809777, -73.920579], [40.809832, -73.920669], [40.8099, -73.920743], [40.809978, -73.920798], [40.810062, -73.920831], [40.81015, -73.920843], [40.810238, -73.920831], [40.810322, -73.920798], [40.8104, -73.920743], [40.810468, -73.920669], [40.810523, -73.920579], [40.810565, -73.920477], [40.810591, -73.920366], [40.810599, -73.92025], [40.810591, -73.920134], [40.810565, -73.920023], [40.810523, -73.919921], [40.810468, -73.919831], [40.810411, -73.91977], [40.810405, -73.919743], [40.810363, -73.919641], [40.810355, -73.919627], [40.810359, -73.91957], [40.810351, -73.919454], [40.810325, -73.919343], [40.810283, -73.919241], [40.810228, -73.919151], [40.81016, -73.919077], [40.810082, -73.919022], [40.809998, -73.918989], [40.80991, -73.918977], [40.809822, -73.918989], [40.809738, -73.919022], [40.80966, -73.919077], [40.809592, -73.919151], [40.809537, -73.919241], [40.809495, -73.919343], [40.809469, -73.919454], [40.809468, -73.91948], [40.80945, -73.919477], [40.809362, -73.919489], [40.809278, -73.919522], [40.8092, -73.919577], [40.809132, -73.919651], [40.809077, -73.919741], [40.809035, -73.919843], [40.809009, -73.919954], [40.809001, -73.92007], [40.809009, -73.920186], [40.809035, -73.920297]]"
617ae6d4-7fd0-4492-b3fd-88fa9d37eeff,Review Warning Zone 687,40.809735,-73.92179,0.061,"[[40.809267, -73.922069], [40.809322, -73.922159], [40.80939, -73.922233], [40.809468, -73.922288], [40.809552, -73.922321], [40.809572, -73.922324], [40.80958, -73.922333], [40.809658, -73.922388], [40.809742, -73.922421], [40.80983, -73.922433], [40.809918, -73.922421], [40.810002, -73.922388], [40.81008, -73.922333], [40.810148, -73.922259], [40.810203, -73.922169], [40.810245, -73.922067], [40.810271, -73.921956], [40.810279, -73.92184], [40.810271, -73.921724], [40.810245, -73.921613], [40.810203, -73.921511], [40.810148, -73.921421], [40.81008, -73.921347], [40.810002, -73.921292], [40.809918, -73.921259], [40.809898, -73.921256], [40.80989, -73.921247], [40.809812, -73.921192], [40.809728, -73.921159], [40.80964, -73.921147], [40.809552, -73.921159], [40.809468, -73.921192], [40.80939, -73.921247], [40.809322, -73.921321], [40.809267, -73.921411], [40.809225, -73.921513], [40.809199, -73.921624], [40.809191, -73.92174], [40.809199, -73.921856], [40.809225, -73.921967]]"
f3e0247a-39db-44f5-8555-489e8fe92527,Review Warning Zone 688,40.81149,-73.91913,0.05,"[[40.811117, -73.919459], [40.811172, -73.919549], [40.81124, -73.919623], [40.811318, -73.919678], [40.811402, -73.919711], [40.81149, -73.919723], [40.811578, -73.919711], [40.811662, -73.919678], [40.81174, -73.919623], [40.811808, -73.919549], [40.811863, -73.919459], [40.811905, -73.919357], [40.811931, -73.919246], [40.811939, -73.91913], [40.811931, -73.919014], [40.811905, -73.918903], [40.811863, -73.918801], [40.811808, -73.918711], [40.81174, -73.918637], [40.811662, -73.918582], [40.811578, -73.918549], [40.81149, -73.918537], [40.811402, -73.918549], [40.811318, -73.918582], [40.81124, -73.918637], [40.811172, -73.918711], [40.811117, -73.918801], [40.811075, -73.918903], [40.811049, -73.919014], [40.811041, -73.91913], [40.811049, -73.919246], [40.811075, -73.919357]]"
4a36592c-f480-45f5-9cb0-944602b30914,Review Warning Zone 689,40.812,-73.92178,0.05,"[[40.811585, -73.922007], [40.811627, -73.922109], [40.811682, -73.922199], [40.81175, -73.922273], [40.811828, -73.922328], [40.811912, -73.922361], [40.812, -73.922373], [40.812088, -73.922361], [40.812172, -73.922328], [40.81225, -73.922273], [40.812318, -73.922199], [40.812373, -73.922109], [40.812415, -73.922007], [40.812441, -73.921896], [40.812449, -73.92178], [40.812441, -73.921664], [40.812415, -73.921553], [40.812373, -73.921451], [40.812318, -73.921361], [40.81225, -73.921287], [40.812172, -73.921232], [40.812088, -73.921199], [40.812, -73.921187], [40.811912, -73.921199], [40.811828, -73.921232], [40.81175, -73.921287], [40.811682, -73.921361], [40.811627, -73.921451], [40.811585, -73.921553], [40.811559, -73.921664], [40.811551, -73.92178], [40.811559, -73.921896]]"
e2899377-1eed-4b8a-9c81-e304905cdc31,Review Warning Zone 690,40.823065,-73.91389,0.097,"[[40.822325, -73.913757], [40.822367, -73.913859], [40.822422, -73.913949], [40.82249, -73.914023], [40.822568, -73.914078], [40.822652, -73.914111], [40.82274, -73.914123], [40.822828, -73.914111], [40.822912, -73.914078], [40.822972, -73.914035], [40.822949, -73.914134], [40.822941, -73.91425], [40.822949, -73.914366], [40.822975, -73.914477], [40.823017, -73.914579], [40.823072, -73.914669], [40.82314, -73.914743], [40.823218, -73.914798], [40.823302, -73.914831], [40.82339, -73.914843], [40.823478, -73.914831], [40.823562, -73.914798], [40.82364, -73.914743], [40.823708, -73.914669], [40.823763, -73.914579], [40.823805, -73.914477], [40.823831, -73.914366], [40.823839, -73.91425], [40.823831, -73.914134], [40.823805, -73.914023], [40.823763, -73.913921], [40.823708, -73.913831], [40.82364, -73.913757], [40.823562, -73.913702], [40.823478, -73.913669], [40.82339, -73.913657], [40.823302, -73.913669], [40.823218, -73.913702], [40.823158, -73.913745], [40.823181, -73.913646], [40.823189, -73.91353], [40.823181, -73.913414], [40.823155, -73.913303], [40.823113, -73.913201], [40.823058, -73.913111], [40.82299, -73.913037], [40.822912, -73.912982], [40.822828, -73.912949], [40.82274, -73.912937], [40.822652, -73.912949], [40.822568, -73.912982], [40.82249, -73.913037], [40.822422, -73.913111], [40.822367, -73.913201], [40.822325, -73.913303], [40.822299, -73.913414], [40.822291, -73.91353], [40.822299, -73.913646]]"
2ba4792e-72c9-4363-ba92-9689d247c851,Review Warning Zone 691,40.8245,-73.91501,0.05,"[[40.824127, -73.915339], [40.824182, -73.915429], [40.82425, -73.915503], [40.824328, -73.915558], [40.824412, -73.915591], [40.8245, -73.915603], [40.824588, -73.915591], [40.824672, -73.915558], [40.82475, -73.915503], [40.824818, -73.915429], [40.824873, -73.915339], [40.824915, -73.915237], [40.824941, -73.915126], [40.824949, -73.91501], [40.824941, -73.914894], [40.824915, -73.914783], [40.824873, -73.914681], [40.824818, -73.914591], [40.82475, -73.914517], [40.824672, -73.914462], [40.824588, -73.914429], [40.8245, -73.914417], [40.824412, -73.914429], [40.824328, -73.914462], [40.82425, -73.914517], [40.824182, -73.914591], [40.824127, -73.914681], [40.824085, -73.914783], [40.824059, -73.914894], [40.824051, -73.91501], [40.824059, -73.915126], [40.824085, -73.915237]]"
0409d4df-4ee9-4d72-968c-b5211ed8456f,Review Warning Zone 692,40.82648,-73.91541,0.05,"[[40.826107, -73.915739], [40.826162, -73.915829], [40.82623, -73.915903], [40.826308, -73.915958], [40.826392, -73.915991], [40.82648, -73.916003], [40.826568, -73.915991], [40.826652, -73.915958], [40.82673, -73.915903], [40.826798, -73.915829], [40.826853, -73.915739], [40.826895, -73.915637], [40.826921, -73.915526], [40.826929, -73.91541], [40.826921, -73.915294], [40.826895, -73.915183], [40.826853, -73.915081], [40.826798, -73.914991], [40.82673, -73.914917], [40.826652, -73.914862], [40.826568, -73.914829], [40.82648, -73.914817], [40.826392, -73.914829], [40.826308, -73.914862], [40.82623, -73.914917], [40.826162, -73.914991], [40.826107, -73.915081], [40.826065, -73.915183], [40.826039, -73.915294], [40.826031, -73.91541], [40.826039, -73.915526], [40.826065, -73.915637]]"
43262196-615e-47e0-b240-c5f7ed2de336,Review Warning Zone 693,40.8308,-73.9162,0.05,"[[40.830385, -73.916427], [40.830427, -73.916529], [40.830482, -73.916619], [40.83055, -73.916693], [40.830628, -73.916748], [40.830712, -73.916781], [40.8308, -73.916793], [40.830888, -73.916781], [40.830972, -73.916748], [40.83105, -73.916693], [40.831118, -73.916619], [40.831173, -73.916529], [40.831215, -73.916427], [40.831241, -73.916316], [40.831249, -73.9162], [40.831241, -73.916084], [40.831215, -73.915973], [40.831173, -73.915871], [40.831118, -73.915781], [40.83105, -73.915707], [40.830972, -73.915652], [40.830888, -73.915619], [40.8308, -73.915607], [40.830712, -73.915619], [40.830628, -73.915652], [40.83055, -73.915707], [40.830482, -73.915781], [40.830427, -73.915871], [40.830385, -73.915973], [40.830359, -73.916084], [40.830351, -73.9162], [40.830359, -73.916316]]"
5fa0620a-8745-4021-aea7-bfa568273c62,Review Warning Zone 694,40.83106,-73.92168,0.05,"[[40.830645, -73.921907], [40.830687, -73.922009], [40.830742, -73.922099], [40.83081, -73.922173], [40.830888, -73.922228], [40.830972, -73.922261], [40.83106, -73.922273], [40.831148, -73.922261], [40.831232, -73.922228], [40.83131, -73.922173], [40.831378, -73.922099], [40.831433, -73.922009], [40.831475, -73.921907], [40.831501, -73.921796], [40.831509, -73.92168], [40.831501, -73.921564], [40.831475, -73.921453], [40.831433, -73.921351], [40.831378, -73.921261], [40.83131, -73.921187], [40.831232, -73.921132], [40.831148, -73.921099], [40.83106, -73.921087], [40.830972, -73.921099], [40.830888, -73.921132], [40.83081, -73.921187], [40.830742, -73.921261], [40.830687, -73.921351], [40.830645, -73.921453], [40.830619, -73.921564], [40.830611, -73.92168], [40.830619, -73.921796]]"
208ad5a1-173d-4037-b0ec-194a526dd6a5,Review Warning Zone 695,40.83165,-73.91821,0.05,"[[40.831235, -73.918437], [40.831277, -73.918539], [40.831332, -73.918629], [40.8314, -73.918703], [40.831478, -73.918758], [40.831562, -73.918791], [40.83165, -73.918803], [40.831738, -73.918791], [40.831822, -73.918758], [40.8319, -73.918703], [40.831968, -73.918629], [40.832023, -73.918539], [40.832065, -73.918437], [40.832091, -73.918326], [40.832099, -73.91821], [40.832091, -73.918094], [40.832065, -73.917983], [40.832023, -73.917881], [40.831968, -73.917791], [40.8319, -73.917717], [40.831822, -73.917662], [40.831738, -73.917629], [40.83165, -73.917617], [40.831562, -73.917629], [40.831478, -73.917662], [40.8314, -73.917717], [40.831332, -73.917791], [40.831277, -73.917881], [40.831235, -73.917983], [40.831209, -73.918094], [40.831201, -73.91821], [40.831209, -73.918326]]"
12bd0ca2-0ba0-47b3-8f08-db428c06f203,Review Warning Zone 696,40.83227,-73.91983,0.05,"[[40.831897, -73.920159], [40.831952, -73.920249], [40.83202, -73.920323], [40.832098, -73.920378], [40.832182, -73.920411], [40.83227, -73.920423], [40.832358, -73.920411], [40.832442, -73.920378], [40.83252, -73.920323], [40.832588, -73.920249], [40.832643, -73.920159], [40.832685, -73.920057], [40.832711, -73.919946], [40.832719, -73.91983], [40.832711, -73.919714], [40.832685, -73.919603], [40.832643, -73.919501], [40.832588, -73.919411], [40.83252, -73.919337], [40.832442, -73.919282], [40.832358, -73.919249], [40.83227, -73.919237], [40.832182, -73.919249], [40.832098, -73.919282], [40.83202, -73.919337], [40.831952, -73.919411], [40.831897, -73.919501], [40.831855, -73.919603], [40.831829, -73.919714], [40.831821, -73.91983], [40.831829, -73.919946], [40.831855, -73.920057]]"
d7a00503-fe3f-460c-9921-90f26f2f5193,Review Warning Zone 697,40.83541,-73.92266,0.05,"[[40.835037, -73.922989], [40.835092, -73.923079], [40.83516, -73.923153], [40.835238, -73.923208], [40.835322, -73.923241], [40.83541, -73.923253], [40.835498, -73.923241], [40.835582, -73.923208], [40.83566, -73.923153], [40.835728, -73.923079], [40.835783, -73.922989], [40.835825, -73.922887], [40.835851, -73.922776], [40.835859, -73.92266], [40.835851, -73.922544], [40.835825, -73.922433], [40.835783, -73.922331], [40.835728, -73.922241], [40.83566, -73.922167], [40.835582, -73.922112], [40.835498, -73.922079], [40.83541, -73.922067], [40.835322, -73.922079], [40.835238, -73.922112], [40.83516, -73.922167], [40.835092, -73.922241], [40.835037, -73.922331], [40.834995, -73.922433], [40.834969, -73.922544], [40.834961, -73.92266], [40.834969, -73.922776], [40.834995, -73.922887]]"
61fc0277-bb5f-4114-909e-84c311ff524e,Review Warning Zone 698,40.83582,-73.91451,0.05,"[[40.835405, -73.914737], [40.835447, -73.914839], [40.835502, -73.914929], [40.83557, -73.915003], [40.835648, -73.915058], [40.835732, -73.915091], [40.83582, -73.915103], [40.835908, -73.915091], [40.835992, -73.915058], [40.83607, -73.915003], [40.836138, -73.914929], [40.836193, -73.914839], [40.836235, -73.914737], [40.836261, -73.914626], [40.836269, -73.91451], [40.836261, -73.914394], [40.836235, -73.914283], [40.836193, -73.914181], [40.836138, -73.914091], [40.83607, -73.914017], [40.835992, -73.913962], [40.835908, -73.913929], [40.83582, -73.913917], [40.835732, -73.913929], [40.835648, -73.913962], [40.83557, -73.914017], [40.835502, -73.914091], [40.835447, -73.914181], [40.835405, -73.914283], [40.835379, -73.914394], [40.835371, -73.91451], [40.835379, -73.914626]]"
77f95e98-2f29-4d8f-85fd-e21f13dd7752,Review Warning Zone 699,40.851648,-73.920718,0.05,"[[40.851275, -73.921047], [40.85133, -73.921137], [40.851399, -73.92121], [40.851476, -73.921265], [40.85156, -73.921299], [40.851648, -73.92131], [40.851736, -73.921299], [40.85182, -73.921265], [40.851898, -73.92121], [40.851966, -73.921137], [40.852022, -73.921047], [40.852063, -73.920944], [40.852089, -73.920833], [40.852097, -73.920718], [40.852089, -73.920602], [40.852063, -73.920491], [40.852022, -73.920388], [40.851966, -73.920298], [40.851898, -73.920225], [40.85182, -73.92017], [40.851736, -73.920136], [40.851648, -73.920125], [40.85156, -73.920136], [40.851476, -73.92017], [40.851399, -73.920225], [40.85133, -73.920298], [40.851275, -73.920388], [40.851233, -73.920491], [40.851208, -73.920602], [40.851199, -73.920718], [40.851208, -73.920833], [40.851233, -73.920944]]"
1d8bff5d-6e20-466c-854f-6d3abd74404e,Review Warning Zone 700,40.852665,-73.916195,0.073,"[[40.852087, -73.916479], [40.852142, -73.916569], [40.85221, -73.916643], [40.852288, -73.916698], [40.852372, -73.916731], [40.85246, -73.916743], [40.852548, -73.916731], [40.8526, -73.91671], [40.85262, -73.916733], [40.852698, -73.916788], [40.852782, -73.916821], [40.85287, -73.916833], [40.852958, -73.916821], [40.853042, -73.916788], [40.85312, -73.916733], [40.853188, -73.916659], [40.853243, -73.916569], [40.853285, -73.916467], [40.853311, -73.916356], [40.853319, -73.91624], [40.853311, -73.916124], [40.853285, -73.916013], [40.853243, -73.915911], [40.853188, -73.915821], [40.85312, -73.915747], [40.853042, -73.915692], [40.852958, -73.915659], [40.85287, -73.915647], [40.852782, -73.915659], [40.85273, -73.91568], [40.85271, -73.915657], [40.852632, -73.915602], [40.852548, -73.915569], [40.85246, -73.915557], [40.852372, -73.915569], [40.852288, -73.915602], [40.85221, -73.915657], [40.852142, -73.915731], [40.852087, -73.915821], [40.852045, -73.915923], [40.852019, -73.916034], [40.852011, -73.91615], [40.852019, -73.916266], [40.852045, -73.916377]]"
8df6015e-793c-4042-a8db-3ff46ac2c618,Review Warning Zone 701,40.86299,-73.92182,0.05,"[[40.862617, -73.922149], [40.862672, -73.922239], [40.86274, -73.922313], [40.862818, -73.922368], [40.862902, -73.922401], [40.86299, -73.922413], [40.863078, -73.922401], [40.863162, -73.922368], [40.86324, -73.922313], [40.863308, -73.922239], [40.863363, -73.922149], [40.863405, -73.922047], [40.863431, -73.921936], [40.863439, -73.92182], [40.863431, -73.921704], [40.863405, -73.921593], [40.863363, -73.921491], [40.863308, -73.921401], [40.86324, -73.921327], [40.863162, -73.921272], [40.863078, -73.921239], [40.86299, -73.921227], [40.862902, -73.921239], [40.862818, -73.921272], [40.86274, -73.921327], [40.862672, -73.921401], [40.862617, -73.921491], [40.862575, -73.921593], [40.862549, -73.921704], [40.862541, -73.92182], [40.862549, -73.921936], [40.862575, -73.922047]]"
0eaa1be4-5990-4643-83df-8c9a3b8bf718,Review Warning Zone 702,40.86753,-73.92257,0.05,"[[40.867157, -73.922899], [40.867212, -73.922989], [40.86728, -73.923063], [40.867358, -73.923118], [40.867442, -73.923151], [40.86753, -73.923163], [40.867618, -73.923151], [40.867702, -73.923118], [40.86778, -73.923063], [40.867848, -73.922989], [40.867903, -73.922899], [40.867945, -73.922797], [40.867971, -73.922686], [40.867979, -73.92257], [40.867971, -73.922454], [40.867945, -73.922343], [40.867903, -73.922241], [40.867848, -73.922151], [40.86778, -73.922077], [40.867702, -73.922022], [40.867618, -73.921989], [40.86753, -73.921977], [40.867442, -73.921989], [40.867358, -73.922022], [40.86728, -73.922077], [40.867212, -73.922151], [40.867157, -73.922241], [40.867115, -73.922343], [40.867089, -73.922454], [40.867081, -73.92257], [40.867089, -73.922686], [40.867115, -73.922797]]"
8ac3823e-2f6d-4176-92f3-693b04965440,Review Warning Zone 703,40.86926,-73.92221,0.05,"[[40.868845, -73.922437], [40.868887, -73.922539], [40.868942, -73.922629], [40.86901, -73.922703], [40.869088, -73.922758], [40.869172, -73.922791], [40.86926, -73.922803], [40.869348, -73.922791], [40.869432, -73.922758], [40.86951, -73.922703], [40.869578, -73.922629], [40.869633, -73.922539], [40.869675, -73.922437], [40.869701, -73.922326], [40.869709, -73.92221], [40.869701, -73.922094], [40.869675, -73.921983], [40.869633, -73.921881], [40.869578, -73.921791], [40.86951, -73.921717], [40.869432, -73.921662], [40.869348, -73.921629], [40.86926, -73.921617], [40.869172, -73.921629], [40.869088, -73.921662], [40.86901, -73.921717], [40.868942, -73.921791], [40.868887, -73.921881], [40.868845, -73.921983], [40.868819, -73.922094], [40.868811, -73.92221], [40.868819, -73.922326]]"
4db33fcf-c8a1-461a-a245-adeb194f97ab,Review Warning Zone 704,40.6291,-73.90154,0.05,"[[40.628685, -73.901767], [40.628727, -73.901869], [40.628782, -73.901959], [40.62885, -73.902033], [40.628928, -73.902088], [40.629012, -73.902121], [40.6291, -73.902133], [40.629188, -73.902121], [40.629272, -73.902088], [40.62935, -73.902033], [40.629418, -73.901959], [40.629473, -73.901869], [40.629515, -73.901767], [40.629541, -73.901656], [40.629549, -73.90154], [40.629541, -73.901424], [40.629515, -73.901313], [40.629473, -73.901211], [40.629418, -73.901121], [40.62935, -73.901047], [40.629272, -73.900992], [40.629188, -73.900959], [40.6291, -73.900947], [40.629012, -73.900959], [40.628928, -73.900992], [40.62885, -73.901047], [40.628782, -73.901121], [40.628727, -73.901211], [40.628685, -73.901313], [40.628659, -73.901424], [40.628651, -73.90154], [40.628659, -73.901656]]"
ef3f4597-527e-44b3-baea-c70e6ed7c848,Review Warning Zone 705,40.63188,-73.906,0.05,"[[40.631465, -73.906227], [40.631507, -73.906329], [40.631562, -73.906419], [40.63163, -73.906493], [40.631708, -73.906548], [40.631792, -73.906581], [40.63188, -73.906593], [40.631968, -73.906581], [40.632052, -73.906548], [40.63213, -73.906493], [40.632198, -73.906419], [40.632253, -73.906329], [40.632295, -73.906227], [40.632321, -73.906116], [40.632329, -73.906], [40.632321, -73.905884], [40.632295, -73.905773], [40.632253, -73.905671], [40.632198, -73.905581], [40.63213, -73.905507], [40.632052, -73.905452], [40.631968, -73.905419], [40.63188, -73.905407], [40.631792, -73.905419], [40.631708, -73.905452], [40.63163, -73.905507], [40.631562, -73.905581], [40.631507, -73.905671], [40.631465, -73.905773], [40.631439, -73.905884], [40.631431, -73.906], [40.631439, -73.906116]]"
50b64177-54f6-461a-bc1c-9ae9383b58e7,Review Warning Zone 706,40.635296,-73.907608,0.05,"[[40.634923, -73.907937], [40.634978, -73.908027], [40.635046, -73.908101], [40.635124, -73.908156], [40.635208, -73.908189], [40.635296, -73.908201], [40.635384, -73.908189], [40.635468, -73.908156], [40.635546, -73.908101], [40.635614, -73.908027], [40.635669, -73.907937], [40.635711, -73.907835], [40.635737, -73.907724], [40.635745, -73.907608], [40.635737, -73.907492], [40.635711, -73.907381], [40.635669, -73.907279], [40.635614, -73.907189], [40.635546, -73.907115], [40.635468, -73.90706], [40.635384, -73.907027], [40.635296, -73.907015], [40.635208, -73.907027], [40.635124, -73.90706], [40.635046, -73.907115], [40.634978, -73.907189], [40.634923, -73.907279], [40.634881, -73.907381], [40.634855, -73.907492], [40.634847, -73.907608], [40.634855, -73.907724], [40.634881, -73.907835]]"
a4ecbb9d-eb54-4f26-b258-45d870d3dec7,Review Warning Zone 707,40.63822,-73.90648,0.05,"[[40.637847, -73.906809], [40.637902, -73.906899], [40.63797, -73.906973], [40.638048, -73.907028], [40.638132, -73.907061], [40.63822, -73.907073], [40.638308, -73.907061], [40.638392, -73.907028], [40.63847, -73.906973], [40.638538, -73.906899], [40.638593, -73.906809], [40.638635, -73.906707], [40.638661, -73.906596], [40.638669, -73.90648], [40.638661, -73.906364], [40.638635, -73.906253], [40.638593, -73.906151], [40.638538, -73.906061], [40.63847, -73.905987], [40.638392, -73.905932], [40.638308, -73.905899], [40.63822, -73.905887], [40.638132, -73.905899], [40.638048, -73.905932], [40.63797, -73.905987], [40.637902, -73.906061], [40.637847, -73.906151], [40.637805, -73.906253], [40.637779, -73.906364], [40.637771, -73.90648], [40.637779, -73.906596], [40.637805, -73.906707]]"
d5c7e777-2db3-45a7-8bc4-2cba6a03902f,Review Warning Zone 708,40.63862,-73.9116,0.05,"[[40.638205, -73.911827], [40.638247, -73.911929], [40.638302, -73.912019], [40.63837, -73.912093], [40.638448, -73.912148], [40.638532, -73.912181], [40.63862, -73.912193], [40.638708, -73.912181], [40.638792, -73.912148], [40.63887, -73.912093], [40.638938, -73.912019], [40.638993, -73.911929], [40.639035, -73.911827], [40.639061, -73.911716], [40.639069, -73.9116], [40.639061, -73.911484], [40.639035, -73.911373], [40.638993, -73.911271], [40.638938, -73.911181], [40.63887, -73.911107], [40.638792, -73.911052], [40.638708, -73.911019], [40.63862, -73.911007], [40.638532, -73.911019], [40.638448, -73.911052], [40.63837, -73.911107], [40.638302, -73.911181], [40.638247, -73.911271], [40.638205, -73.911373], [40.638179, -73.911484], [40.638171, -73.9116], [40.638179, -73.911716]]"
090c2ed9-7110-4b55-a7d0-55a91286cb3c,Review Warning Zone 709,40.63937,-73.908085,0.062,"[[40.639178, -73.908778], [40.639262, -73.908811], [40.63935, -73.908823], [40.639438, -73.908811], [40.639522, -73.908778], [40.6396, -73.908723], [40.639668, -73.908649], [40.639723, -73.908559], [40.639765, -73.908457], [40.639791, -73.908346], [40.639799, -73.90823], [40.639796, -73.908189], [40.639805, -73.908167], [40.639831, -73.908056], [40.639839, -73.90794], [40.639831, -73.907824], [40.639805, -73.907713], [40.639763, -73.907611], [40.639708, -73.907521], [40.63964, -73.907447], [40.639562, -73.907392], [40.639478, -73.907359], [40.63939, -73.907347], [40.639302, -73.907359], [40.639218, -73.907392], [40.63914, -73.907447], [40.639072, -73.907521], [40.639017, -73.907611], [40.638975, -73.907713], [40.638949, -73.907824], [40.638941, -73.90794], [40.638944, -73.907981], [40.638935, -73.908003], [40.638909, -73.908114], [40.638901, -73.90823], [40.638909, -73.908346], [40.638935, -73.908457], [40.638977, -73.908559], [40.639032, -73.908649], [40.6391, -73.908723]]"
0b16a992-935f-45ab-bef8-7b1153a9e7f4,Review Warning Zone 710,40.64575,-73.90889,0.05,"[[40.645377, -73.909219], [40.645432, -73.909309], [40.6455, -73.909383], [40.645578, -73.909438], [40.645662, -73.909471], [40.64575, -73.909483], [40.645838, -73.909471], [40.645922, -73.909438], [40.646, -73.909383], [40.646068, -73.909309], [40.646123, -73.909219], [40.646165, -73.909117], [40.646191, -73.909006], [40.646199, -73.90889], [40.646191, -73.908774], [40.646165, -73.908663], [40.646123, -73.908561], [40.646068, -73.908471], [40.646, -73.908397], [40.645922, -73.908342], [40.645838, -73.908309], [40.64575, -73.908297], [40.645662, -73.908309], [40.645578, -73.908342], [40.6455, -73.908397], [40.645432, -73.908471], [40.645377, -73.908561], [40.645335, -73.908663], [40.645309, -73.908774], [40.645301, -73.90889], [40.645309, -73.909006], [40.645335, -73.909117]]"
433f0465-3108-4bc6-b10a-0e5a6d57333b,Review Warning Zone 711,40.64601,-73.90387,0.05,"[[40.645637, -73.904199], [40.645692, -73.904289], [40.64576, -73.904363], [40.645838, -73.904418], [40.645922, -73.904451], [40.64601, -73.904463], [40.646098, -73.904451], [40.646182, -73.904418], [40.64626, -73.904363], [40.646328, -73.904289], [40.646383, -73.904199], [40.646425, -73.904097], [40.646451, -73.903986], [40.646459, -73.90387], [40.646451, -73.903754], [40.646425, -73.903643], [40.646383, -73.903541], [40.646328, -73.903451], [40.64626, -73.903377], [40.646182, -73.903322], [40.646098, -73.903289], [40.64601, -73.903277], [40.645922, -73.903289], [40.645838, -73.903322], [40.64576, -73.903377], [40.645692, -73.903451], [40.645637, -73.903541], [40.645595, -73.903643], [40.645569, -73.903754], [40.645561, -73.90387], [40.645569, -73.903986], [40.645595, -73.904097]]"
cba8f004-60fd-4114-a5ec-8bc62e81709c,Review Warning Zone 712,40.6578,-73.91148,0.05,"[[40.657385, -73.911707], [40.657427, -73.911809], [40.657482, -73.911899], [40.65755, -73.911973], [40.657628, -73.912028], [40.657712, -73.912061], [40.6578, -73.912073], [40.657888, -73.912061], [40.657972, -73.912028], [40.65805, -73.911973], [40.658118, -73.911899], [40.658173, -73.911809], [40.658215, -73.911707], [40.658241, -73.911596], [40.658249, -73.91148], [40.658241, -73.911364], [40.658215, -73.911253], [40.658173, -73.911151], [40.658118, -73.911061], [40.65805, -73.910987], [40.657972, -73.910932], [40.657888, -73.910899], [40.6578, -73.910887], [40.657712, -73.910899], [40.657628, -73.910932], [40.65755, -73.910987], [40.657482, -73.911061], [40.657427, -73.911151], [40.657385, -73.911253], [40.657359, -73.911364], [40.657351, -73.91148], [40.657359, -73.911596]]"
e7fcca91-0250-415f-acb5-357711563f83,Review Warning Zone 713,40.660147,-73.894159,0.143,"[[40.658995, -73.894367], [40.659037, -73.894469], [40.659092, -73.894559], [40.65916, -73.894633], [40.659238, -73.894688], [40.659322, -73.894721], [40.65941, -73.894733], [40.659498, -73.894721], [40.659582, -73.894688], [40.65966, -73.894633], [40.659728, -73.894559], [40.659783, -73.894469], [40.659785, -73.894466], [40.659785, -73.894467], [40.659827, -73.894569], [40.659882, -73.894659], [40.65995, -73.894733], [40.660028, -73.894788], [40.660112, -73.894821], [40.6602, -73.894833], [40.660288, -73.894821], [40.660372, -73.894788], [40.66045, -73.894733], [40.660518, -73.894659], [40.660573, -73.894569], [40.660578, -73.894558], [40.660607, -73.894629], [40.660662, -73.894719], [40.66073, -73.894793], [40.660808, -73.894848], [40.660892, -73.894881], [40.66098, -73.894893], [40.661068, -73.894881], [40.661152, -73.894848], [40.66123, -73.894793], [40.661298, -73.894719], [40.661353, -73.894629], [40.661395, -73.894527], [40.661421, -73.894416], [40.661429, -73.8943], [40.661421, -73.894184], [40.661395, -73.894073], [40.661353, -73.893971], [40.661298, -73.893881], [40.66123, -73.893807], [40.661152, -73.893752], [40.661068, -73.893719], [40.66098, -73.893707], [40.660892, -73.893719], [40.660808, -73.893752], [40.66073, -73.893807], [40.660662, -73.893881], [40.660607, -73.893971], [40.660602, -73.893982], [40.660573, -73.893911], [40.660518, -73.893821], [40.66045, -73.893747], [40.660372, -73.893692], [40.660288, -73.893659], [40.6602, -73.893647], [40.660112, -73.893659], [40.66004, -73.893688], [40.660025, -73.893623], [40.659983, -73.893521], [40.659928, -73.893431], [40.65986, -73.893357], [40.659782, -73.893302], [40.659698, -73.893269], [40.65961, -73.893257], [40.659522, -73.893269], [40.659438, -73.893302], [40.65936, -73.893357], [40.659292, -73.893431], [40.659237, -73.893521], [40.659195, -73.893623], [40.65916, -73.893647], [40.659092, -73.893721], [40.659037, -73.893811], [40.658995, -73.893913], [40.658969, -73.894024], [40.658961, -73.89414], [40.658969, -73.894256]]"
6767bcae-b9bf-4b35-8798-a06e17ef5857,Review Warning Zone 714,40.65956,-73.89786,0.05,"[[40.659145, -73.898087], [40.659187, -73.898189], [40.659242, -73.898279], [40.65931, -73.898353], [40.659388, -73.898408], [40.659472, -73.898441], [40.65956, -73.898453], [40.659648, -73.898441], [40.659732, -73.898408], [40.65981, -73.898353], [40.659878, -73.898279], [40.659933, -73.898189], [40.659975, -73.898087], [40.660001, -73.897976], [40.660009, -73.89786], [40.660001, -73.897744], [40.659975, -73.897633], [40.659933, -73.897531], [40.659878, -73.897441], [40.65981, -73.897367], [40.659732, -73.897312], [40.659648, -73.897279], [40.65956, -73.897267], [40.659472, -73.897279], [40.659388, -73.897312], [40.65931, -73.897367], [40.659242, -73.897441], [40.659187, -73.897531], [40.659145, -73.897633], [40.659119, -73.897744], [40.659111, -73.89786], [40.659119, -73.897976]]"
72261a97-1c1b-42ad-bd9d-3945ac87521b,Review Warning Zone 715,40.660906,-73.899181,0.112,"[[40.660067, -73.899499], [40.660122, -73.899589], [40.66019, -73.899663], [40.660268, -73.899718], [40.660271, -73.899719], [40.660303, -73.899754], [40.660381, -73.899809], [40.660465, -73.899842], [40.660553, -73.899854], [40.660641, -73.899842], [40.660725, -73.899809], [40.660803, -73.899754], [40.660871, -73.89968], [40.660926, -73.89959], [40.660968, -73.899488], [40.660974, -73.89946], [40.660993, -73.899429], [40.661005, -73.899402], [40.661009, -73.899466], [40.661035, -73.899577], [40.661077, -73.899679], [40.661132, -73.899769], [40.6612, -73.899843], [40.661278, -73.899898], [40.661362, -73.899931], [40.66145, -73.899943], [40.661538, -73.899931], [40.661622, -73.899898], [40.6617, -73.899843], [40.661768, -73.899769], [40.661823, -73.899679], [40.661865, -73.899577], [40.661891, -73.899466], [40.661899, -73.89935], [40.661891, -73.899234], [40.661865, -73.899123], [40.661823, -73.899021], [40.661768, -73.898931], [40.6617, -73.898857], [40.661622, -73.898802], [40.661538, -73.898769], [40.66145, -73.898757], [40.661362, -73.898769], [40.661278, -73.898802], [40.6612, -73.898857], [40.661132, -73.898931], [40.661077, -73.899021], [40.661065, -73.899048], [40.661063, -73.899018], [40.661071, -73.898986], [40.661079, -73.89887], [40.661071, -73.898754], [40.661045, -73.898643], [40.661003, -73.898541], [40.660948, -73.898451], [40.66088, -73.898377], [40.660802, -73.898322], [40.660718, -73.898289], [40.66063, -73.898277], [40.660542, -73.898289], [40.660458, -73.898322], [40.66038, -73.898377], [40.660312, -73.898451], [40.660257, -73.898541], [40.660215, -73.898643], [40.66021, -73.898663], [40.66019, -73.898677], [40.660122, -73.898751], [40.660067, -73.898841], [40.660025, -73.898943], [40.659999, -73.899054], [40.659991, -73.89917], [40.659999, -73.899286], [40.660025, -73.899397]]"
365a5d41-f576-416a-9ccc-3479dc191c9e,Review Warning Zone 716,40.66107,-73.90149,0.05,"[[40.660697, -73.901819], [40.660752, -73.901909], [40.66082, -73.901983], [40.660898, -73.902038], [40.660982, -73.902071], [40.66107, -73.902083], [40.661158, -73.902071], [40.661242, -73.902038], [40.66132, -73.901983], [40.661388, -73.901909], [40.661443, -73.901819], [40.661485, -73.901717], [40.661511, -73.901606], [40.661519, -73.90149], [40.661511, -73.901374], [40.661485, -73.901263], [40.661443, -73.901161], [40.661388, -73.901071], [40.66132, -73.900997], [40.661242, -73.900942], [40.661158, -73.900909], [40.66107, -73.900897], [40.660982, -73.900909], [40.660898, -73.900942], [40.66082, -73.900997], [40.660752, -73.901071], [40.660697, -73.901161], [40.660655, -73.901263], [40.660629, -73.901374], [40.660621, -73.90149], [40.660629, -73.901606], [40.660655, -73.901717]]"
6fcf9a49-0001-4b3c-9f59-10b49f7d07fc,Review Warning Zone 717,40.66821,-73.89567,0.05,"[[40.667795, -73.895897], [40.667837, -73.895999], [40.667892, -73.896089], [40.66796, -73.896163], [40.668038, -73.896218], [40.668122, -73.896251], [40.66821, -73.896263], [40.668298, -73.896251], [40.668382, -73.896218], [40.66846, -73.896163], [40.668528, -73.896089], [40.668583, -73.895999], [40.668625, -73.895897], [40.668651, -73.895786], [40.668659, -73.89567], [40.668651, -73.895554], [40.668625, -73.895443], [40.668583, -73.895341], [40.668528, -73.895251], [40.66846, -73.895177], [40.668382, -73.895122], [40.668298, -73.895089], [40.66821, -73.895077], [40.668122, -73.895089], [40.668038, -73.895122], [40.66796, -73.895177], [40.667892, -73.895251], [40.667837, -73.895341], [40.667795, -73.895443], [40.667769, -73.895554], [40.667761, -73.89567], [40.667769, -73.895786]]"
00c4f01b-f92c-4a45-a7f0-5e37115aefc4,Review Warning Zone 718,40.66842,-73.89919,0.05,"[[40.668005, -73.899417], [40.668047, -73.899519], [40.668102, -73.899609], [40.66817, -73.899683], [40.668248, -73.899738], [40.668332, -73.899771], [40.66842, -73.899783], [40.668508, -73.899771], [40.668592, -73.899738], [40.66867, -73.899683], [40.668738, -73.899609], [40.668793, -73.899519], [40.668835, -73.899417], [40.668861, -73.899306], [40.668869, -73.89919], [40.668861, -73.899074], [40.668835, -73.898963], [40.668793, -73.898861], [40.668738, -73.898771], [40.66867, -73.898697], [40.668592, -73.898642], [40.668508, -73.898609], [40.66842, -73.898597], [40.668332, -73.898609], [40.668248, -73.898642], [40.66817, -73.898697], [40.668102, -73.898771], [40.668047, -73.898861], [40.668005, -73.898963], [40.667979, -73.899074], [40.667971, -73.89919], [40.667979, -73.899306]]"
6a25328d-ce2e-4fa9-83af-d78fa78bc452,Review Warning Zone 719,40.67195,-73.90983,0.05,"[[40.671577, -73.910159], [40.671632, -73.910249], [40.6717, -73.910323], [40.671778, -73.910378], [40.671862, -73.910411], [40.67195, -73.910423], [40.672038, -73.910411], [40.672122, -73.910378], [40.6722, -73.910323], [40.672268, -73.910249], [40.672323, -73.910159], [40.672365, -73.910057], [40.672391, -73.909946], [40.672399, -73.90983], [40.672391, -73.909714], [40.672365, -73.909603], [40.672323, -73.909501], [40.672268, -73.909411], [40.6722, -73.909337], [40.672122, -73.909282], [40.672038, -73.909249], [40.67195, -73.909237], [40.671862, -73.909249], [40.671778, -73.909282], [40.6717, -73.909337], [40.671632, -73.909411], [40.671577, -73.909501], [40.671535, -73.909603], [40.671509, -73.909714], [40.671501, -73.90983], [40.671509, -73.909946], [40.671535, -73.910057]]"
4403ea2a-6c38-4fb0-848c-cfee2ef773c7,Review Warning Zone 720,40.673218,-73.897003,0.05,"[[40.672845, -73.897332], [40.6729, -73.897422], [40.672968, -73.897496], [40.673046, -73.897551], [40.67313, -73.897584], [40.673218, -73.897596], [40.673306, -73.897584], [40.67339, -73.897551], [40.673468, -73.897496], [40.673536, -73.897422], [40.673591, -73.897332], [40.673633, -73.89723], [40.673659, -73.897119], [40.673667, -73.897003], [40.673659, -73.896887], [40.673633, -73.896776], [40.673591, -73.896674], [40.673536, -73.896584], [40.673468, -73.89651], [40.67339, -73.896455], [40.673306, -73.896422], [40.673218, -73.89641], [40.67313, -73.896422], [40.673046, -73.896455], [40.672968, -73.89651], [40.6729, -73.896584], [40.672845, -73.896674], [40.672803, -73.896776], [40.672777, -73.896887], [40.672769, -73.897003], [40.672777, -73.897119], [40.672803, -73.89723]]"
8a6cf41e-2a25-405a-9720-9be7af4a37a3,Review Warning Zone 721,40.67327,-73.90949,0.05,"[[40.672855, -73.909717], [40.672897, -73.909819], [40.672952, -73.909909], [40.67302, -73.909983], [40.673098, -73.910038], [40.673182, -73.910071], [40.67327, -73.910083], [40.673358, -73.910071], [40.673442, -73.910038], [40.67352, -73.909983], [40.673588, -73.909909], [40.673643, -73.909819], [40.673685, -73.909717], [40.673711, -73.909606], [40.673719, -73.90949], [40.673711, -73.909374], [40.673685, -73.909263], [40.673643, -73.909161], [40.673588, -73.909071], [40.67352, -73.908997], [40.673442, -73.908942], [40.673358, -73.908909], [40.67327, -73.908897], [40.673182, -73.908909], [40.673098, -73.908942], [40.67302, -73.908997], [40.672952, -73.909071], [40.672897, -73.909161], [40.672855, -73.909263], [40.672829, -73.909374], [40.672821, -73.90949], [40.672829, -73.909606]]"
6291e27e-dc70-4f7a-97ca-7c6b716193fd,Review Warning Zone 722,40.67381,-73.90063,0.05,"[[40.673395, -73.900857], [40.673437, -73.900959], [40.673492, -73.901049], [40.67356, -73.901123], [40.673638, -73.901178], [40.673722, -73.901211], [40.67381, -73.901223], [40.673898, -73.901211], [40.673982, -73.901178], [40.67406, -73.901123], [40.674128, -73.901049], [40.674183, -73.900959], [40.674225, -73.900857], [40.674251, -73.900746], [40.674259, -73.90063], [40.674251, -73.900514], [40.674225, -73.900403], [40.674183, -73.900301], [40.674128, -73.900211], [40.67406, -73.900137], [40.673982, -73.900082], [40.673898, -73.900049], [40.67381, -73.900037], [40.673722, -73.900049], [40.673638, -73.900082], [40.67356, -73.900137], [40.673492, -73.900211], [40.673437, -73.900301], [40.673395, -73.900403], [40.673369, -73.900514], [40.673361, -73.90063], [40.673369, -73.900746]]"
2f935e43-8d1e-4ca8-aa4a-c231ea73f4a8,Review Warning Zone 723,40.67677,-73.91006,0.05,"[[40.676355, -73.910287], [40.676397, -73.910389], [40.676452, -73.910479], [40.67652, -73.910553], [40.676598, -73.910608], [40.676682, -73.910641], [40.67677, -73.910653], [40.676858, -73.910641], [40.676942, -73.910608], [40.67702, -73.910553], [40.677088, -73.910479], [40.677143, -73.910389], [40.677185, -73.910287], [40.677211, -73.910176], [40.677219, -73.91006], [40.677211, -73.909944], [40.677185, -73.909833], [40.677143, -73.909731], [40.677088, -73.909641], [40.67702, -73.909567], [40.676942, -73.909512], [40.676858, -73.909479], [40.67677, -73.909467], [40.676682, -73.909479], [40.676598, -73.909512], [40.67652, -73.909567], [40.676452, -73.909641], [40.676397, -73.909731], [40.676355, -73.909833], [40.676329, -73.909944], [40.676321, -73.91006], [40.676329, -73.910176]]"
6c2647b2-5840-4b9c-9225-53a77c01fcdc,Review Warning Zone 724,40.677587,-73.908868,0.206,"[[40.676511, -73.907594], [40.676566, -73.907684], [40.676634, -73.907758], [40.676712, -73.907813], [40.676796, -73.907846], [40.676884, -73.907858], [40.676964, -73.907847], [40.676943, -73.9079], [40.676917, -73.908011], [40.676909, -73.908127], [40.676917, -73.908243], [40.676943, -73.908354], [40.676984, -73.908456], [40.67704, -73.908546], [40.677108, -73.90862], [40.677186, -73.908675], [40.67727, -73.908708], [40.677331, -73.908716], [40.677329, -73.908724], [40.677321, -73.90884], [40.677329, -73.908956], [40.677355, -73.909067], [40.677397, -73.909169], [40.677452, -73.909259], [40.67752, -73.909333], [40.677598, -73.909388], [40.677682, -73.909421], [40.67777, -73.909433], [40.677762, -73.909441], [40.677707, -73.909531], [40.677665, -73.909633], [40.677639, -73.909744], [40.677631, -73.90986], [40.677639, -73.909976], [40.677665, -73.910087], [40.677666, -73.910088], [40.67761, -73.910127], [40.677542, -73.910201], [40.677487, -73.910291], [40.677445, -73.910393], [40.677419, -73.910504], [40.677411, -73.91062], [40.677419, -73.910736], [40.677445, -73.910847], [40.677487, -73.910949], [40.677542, -73.911039], [40.67761, -73.911113], [40.677688, -73.911168], [40.677772, -73.911201], [40.67786, -73.911213], [40.677948, -73.911201], [40.678032, -73.911168], [40.67811, -73.911113], [40.678178, -73.911039], [40.678233, -73.910949], [40.678275, -73.910847], [40.678301, -73.910736], [40.678309, -73.91062], [40.678301, -73.910504], [40.678275, -73.910393], [40.678274, -73.910392], [40.67833, -73.910353], [40.678398, -73.910279], [40.678453, -73.910189], [40.678495, -73.910087], [40.678521, -73.909976], [40.678529, -73.90986], [40.678521, -73.909744], [40.678495, -73.909633], [40.678453, -73.909531], [40.678398, -73.909441], [40.67833, -73.909367], [40.678252, -73.909312], [40.678168, -73.909279], [40.67808, -73.909267], [40.678088, -73.909259], [40.678143, -73.909169], [40.678185, -73.909067], [40.678211, -73.908956], [40.678219, -73.90884], [40.678211, -73.908724], [40.678185, -73.908613], [40.678143, -73.908511], [40.678088, -73.908421], [40.67802, -73.908347], [40.677979, -73.908319], [40.678001, -73.908226], [40.678009, -73.90811], [40.678001, -73.907994], [40.677975, -73.907883], [40.677933, -73.907781], [40.677878, -73.907691], [40.67781, -73.907617], [40.677732, -73.907562], [40.677648, -73.907529], [40.67756, -73.907517], [40.677472, -73.907529], [40.677434, -73.907544], [40.677358, -73.907534], [40.677277, -73.907545], [40.677299, -73.907492], [40.677325, -73.907381], [40.677333, -73.907265], [40.677325, -73.907149], [40.677299, -73.907038], [40.677257, -73.906936], [40.677202, -73.906846], [40.677134, -73.906772], [40.677056, -73.906717], [40.676972, -73.906684], [40.676884, -73.906672], [40.676796, -73.906684], [40.676712, -73.906717], [40.676634, -73.906772], [40.676566, -73.906846], [40.676511, -73.906936], [40.676469, -73.907038], [40.676443, -73.907149], [40.676435, -73.907265], [40.676443, -73.907381], [40.676469, -73.907492]]"
3ee78f31-db85-4b8e-9dda-c9206f4abd71,Review Warning Zone 725,40.67723,-73.89856,0.05,"[[40.676857, -73.898889], [40.676912, -73.898979], [40.67698, -73.899053], [40.677058, -73.899108], [40.677142, -73.899141], [40.67723, -73.899153], [40.677318, -73.899141], [40.677402, -73.899108], [40.67748, -73.899053], [40.677548, -73.898979], [40.677603, -73.898889], [40.677645, -73.898787], [40.677671, -73.898676], [40.677679, -73.89856], [40.677671, -73.898444], [40.677645, -73.898333], [40.677603, -73.898231], [40.677548, -73.898141], [40.67748, -73.898067], [40.677402, -73.898012], [40.677318, -73.897979], [40.67723, -73.897967], [40.677142, -73.897979], [40.677058, -73.898012], [40.67698, -73.898067], [40.676912, -73.898141], [40.676857, -73.898231], [40.676815, -73.898333], [40.676789, -73.898444], [40.676781, -73.89856], [40.676789, -73.898676], [40.676815, -73.898787]]"
a7895d66-c0bd-4538-a36e-cc6650c8db90,Review Warning Zone 726,40.67784,-73.90456,0.05,"[[40.677467, -73.904889], [40.677522, -73.904979], [40.67759, -73.905053], [40.677668, -73.905108], [40.677752, -73.905141], [40.67784, -73.905153], [40.677928, -73.905141], [40.678012, -73.905108], [40.67809, -73.905053], [40.678158, -73.904979], [40.678213, -73.904889], [40.678255, -73.904787], [40.678281, -73.904676], [40.678289, -73.90456], [40.678281, -73.904444], [40.678255, -73.904333], [40.678213, -73.904231], [40.678158, -73.904141], [40.67809, -73.904067], [40.678012, -73.904012], [40.677928, -73.903979], [40.67784, -73.903967], [40.677752, -73.903979], [40.677668, -73.904012], [40.67759, -73.904067], [40.677522, -73.904141], [40.677467, -73.904231], [40.677425, -73.904333], [40.677399, -73.904444], [40.677391, -73.90456], [40.677399, -73.904676], [40.677425, -73.904787]]"
9363e86d-669d-4440-a6b2-26731ecc5ed6,Review Warning Zone 727,40.67801,-73.90613,0.05,"[[40.677595, -73.906357], [40.677637, -73.906459], [40.677692, -73.906549], [40.67776, -73.906623], [40.677838, -73.906678], [40.677922, -73.906711], [40.67801, -73.906723], [40.678098, -73.906711], [40.678182, -73.906678], [40.67826, -73.906623], [40.678328, -73.906549], [40.678383, -73.906459], [40.678425, -73.906357], [40.678451, -73.906246], [40.678459, -73.90613], [40.678451, -73.906014], [40.678425, -73.905903], [40.678383, -73.905801], [40.678328, -73.905711], [40.67826, -73.905637], [40.678182, -73.905582], [40.678098, -73.905549], [40.67801, -73.905537], [40.677922, -73.905549], [40.677838, -73.905582], [40.67776, -73.905637], [40.677692, -73.905711], [40.677637, -73.905801], [40.677595, -73.905903], [40.677569, -73.906014], [40.677561, -73.90613], [40.677569, -73.906246]]"
738e799b-9504-4c8f-821e-2a1e8655853a,Review Warning Zone 728,40.679423,-73.909779,0.177,"[[40.678355, -73.908777], [40.678397, -73.908879], [40.678452, -73.908969], [40.67852, -73.909043], [40.678598, -73.909098], [40.678682, -73.909131], [40.678736, -73.909138], [40.678745, -73.909177], [40.678787, -73.909279], [40.678842, -73.909369], [40.67891, -73.909443], [40.678988, -73.909498], [40.679, -73.909502], [40.678999, -73.909504], [40.678991, -73.90962], [40.678999, -73.909736], [40.679025, -73.909847], [40.679045, -73.909896], [40.679029, -73.909964], [40.679021, -73.91008], [40.679029, -73.910196], [40.679055, -73.910307], [40.679097, -73.910409], [40.679152, -73.910499], [40.67922, -73.910573], [40.679298, -73.910628], [40.679382, -73.910661], [40.67947, -73.910673], [40.679517, -73.910667], [40.679518, -73.91069], [40.679487, -73.910741], [40.679445, -73.910843], [40.679419, -73.910954], [40.679411, -73.91107], [40.679419, -73.911186], [40.679445, -73.911297], [40.679487, -73.911399], [40.679542, -73.911489], [40.67961, -73.911563], [40.679688, -73.911618], [40.679772, -73.911651], [40.67986, -73.911663], [40.679948, -73.911651], [40.680032, -73.911618], [40.68011, -73.911563], [40.680178, -73.911489], [40.680233, -73.911399], [40.680275, -73.911297], [40.680301, -73.911186], [40.680309, -73.91107], [40.680302, -73.91097], [40.680333, -73.910919], [40.680375, -73.910817], [40.680401, -73.910706], [40.680409, -73.91059], [40.680401, -73.910474], [40.680375, -73.910363], [40.680333, -73.910261], [40.680278, -73.910171], [40.68021, -73.910097], [40.680132, -73.910042], [40.680048, -73.910009], [40.67996, -73.909997], [40.679913, -73.910003], [40.679911, -73.909964], [40.679885, -73.909853], [40.679865, -73.909804], [40.679881, -73.909736], [40.679889, -73.90962], [40.679881, -73.909504], [40.679855, -73.909393], [40.679813, -73.909291], [40.679758, -73.909201], [40.67969, -73.909127], [40.679612, -73.909072], [40.6796, -73.909068], [40.679601, -73.909066], [40.679609, -73.90895], [40.679601, -73.908834], [40.679575, -73.908723], [40.679533, -73.908621], [40.679478, -73.908531], [40.67941, -73.908457], [40.679332, -73.908402], [40.679248, -73.908369], [40.679194, -73.908362], [40.679185, -73.908323], [40.679143, -73.908221], [40.679088, -73.908131], [40.67902, -73.908057], [40.678942, -73.908002], [40.678858, -73.907969], [40.67877, -73.907957], [40.678682, -73.907969], [40.678598, -73.908002], [40.67852, -73.908057], [40.678452, -73.908131], [40.678397, -73.908221], [40.678355, -73.908323], [40.678329, -73.908434], [40.678321, -73.90855], [40.678329, -73.908666]]"
6c5d59b9-e1c3-4e97-add4-a048709da563,Review Warning Zone 729,40.682285,-73.90752,0.082,"[[40.681585, -73.907687], [40.681627, -73.907789], [40.681682, -73.907879], [40.68175, -73.907953], [40.681828, -73.908008], [40.681912, -73.908041], [40.682, -73.908053], [40.682088, -73.908041], [40.682172, -73.908008], [40.682232, -73.907966], [40.682252, -73.907999], [40.68232, -73.908073], [40.682398, -73.908128], [40.682482, -73.908161], [40.68257, -73.908173], [40.682658, -73.908161], [40.682742, -73.908128], [40.68282, -73.908073], [40.682888, -73.907999], [40.682943, -73.907909], [40.682985, -73.907807], [40.683011, -73.907696], [40.683019, -73.90758], [40.683011, -73.907464], [40.682985, -73.907353], [40.682943, -73.907251], [40.682888, -73.907161], [40.68282, -73.907087], [40.682742, -73.907032], [40.682658, -73.906999], [40.68257, -73.906987], [40.682482, -73.906999], [40.682398, -73.907032], [40.682338, -73.907074], [40.682318, -73.907041], [40.68225, -73.906967], [40.682172, -73.906912], [40.682088, -73.906879], [40.682, -73.906867], [40.681912, -73.906879], [40.681828, -73.906912], [40.68175, -73.906967], [40.681682, -73.907041], [40.681627, -73.907131], [40.681585, -73.907233], [40.681559, -73.907344], [40.681551, -73.90746], [40.681559, -73.907576]]"
86a6e6da-80a7-4b19-af2c-2e80634916f1,Review Warning Zone 730,40.68205,-73.89504,0.05,"[[40.681635, -73.895267], [40.681677, -73.895369], [40.681732, -73.895459], [40.6818, -73.895533], [40.681878, -73.895588], [40.681962, -73.895621], [40.68205, -73.895633], [40.682138, -73.895621], [40.682222, -73.895588], [40.6823, -73.895533], [40.682368, -73.895459], [40.682423, -73.895369], [40.682465, -73.895267], [40.682491, -73.895156], [40.682499, -73.89504], [40.682491, -73.894924], [40.682465, -73.894813], [40.682423, -73.894711], [40.682368, -73.894621], [40.6823, -73.894547], [40.682222, -73.894492], [40.682138, -73.894459], [40.68205, -73.894447], [40.681962, -73.894459], [40.681878, -73.894492], [40.6818, -73.894547], [40.681732, -73.894621], [40.681677, -73.894711], [40.681635, -73.894813], [40.681609, -73.894924], [40.681601, -73.89504], [40.681609, -73.895156]]"
79e1054e-ad16-43c0-b587-8dcb423960b8,Review Warning Zone 731,40.6821,-73.91245,0.05,"[[40.681685, -73.912677], [40.681727, -73.912779], [40.681782, -73.912869], [40.68185, -73.912943], [40.681928, -73.912998], [40.682012, -73.913031], [40.6821, -73.913043], [40.682188, -73.913031], [40.682272, -73.912998], [40.68235, -73.912943], [40.682418, -73.912869], [40.682473, -73.912779], [40.682515, -73.912677], [40.682541, -73.912566], [40.682549, -73.91245], [40.682541, -73.912334], [40.682515, -73.912223], [40.682473, -73.912121], [40.682418, -73.912031], [40.68235, -73.911957], [40.682272, -73.911902], [40.682188, -73.911869], [40.6821, -73.911857], [40.682012, -73.911869], [40.681928, -73.911902], [40.68185, -73.911957], [40.681782, -73.912031], [40.681727, -73.912121], [40.681685, -73.912223], [40.681659, -73.912334], [40.681651, -73.91245], [40.681659, -73.912566]]"
57265723-ba7b-4473-a28e-fb925446cac1,Review Warning Zone 732,40.68213,-73.91069,0.05,"[[40.681757, -73.911019], [40.681812, -73.911109], [40.68188, -73.911183], [40.681958, -73.911238], [40.682042, -73.911271], [40.68213, -73.911283], [40.682218, -73.911271], [40.682302, -73.911238], [40.68238, -73.911183], [40.682448, -73.911109], [40.682503, -73.911019], [40.682545, -73.910917], [40.682571, -73.910806], [40.682579, -73.91069], [40.682571, -73.910574], [40.682545, -73.910463], [40.682503, -73.910361], [40.682448, -73.910271], [40.68238, -73.910197], [40.682302, -73.910142], [40.682218, -73.910109], [40.68213, -73.910097], [40.682042, -73.910109], [40.681958, -73.910142], [40.68188, -73.910197], [40.681812, -73.910271], [40.681757, -73.910361], [40.681715, -73.910463], [40.681689, -73.910574], [40.681681, -73.91069], [40.681689, -73.910806], [40.681715, -73.910917]]"
a41d17bc-4c9a-4490-856e-3936cda13a50,Review Warning Zone 733,40.68264,-73.90628,0.05,"[[40.682225, -73.906507], [40.682267, -73.906609], [40.682322, -73.906699], [40.68239, -73.906773], [40.682468, -73.906828], [40.682552, -73.906861], [40.68264, -73.906873], [40.682728, -73.906861], [40.682812, -73.906828], [40.68289, -73.906773], [40.682958, -73.906699], [40.683013, -73.906609], [40.683055, -73.906507], [40.683081, -73.906396], [40.683089, -73.90628], [40.683081, -73.906164], [40.683055, -73.906053], [40.683013, -73.905951], [40.682958, -73.905861], [40.68289, -73.905787], [40.682812, -73.905732], [40.682728, -73.905699], [40.68264, -73.905687], [40.682552, -73.905699], [40.682468, -73.905732], [40.68239, -73.905787], [40.682322, -73.905861], [40.682267, -73.905951], [40.682225, -73.906053], [40.682199, -73.906164], [40.682191, -73.90628], [40.682199, -73.906396]]"
6f924a56-67af-4a5b-b048-e4de9bd42d1b,Review Warning Zone 734,40.68314,-73.909235,0.084,"[[40.682465, -73.909677], [40.682507, -73.909779], [40.682562, -73.909869], [40.68263, -73.909943], [40.682708, -73.909998], [40.682792, -73.910031], [40.68288, -73.910043], [40.682968, -73.910031], [40.683052, -73.909998], [40.68313, -73.909943], [40.683198, -73.909869], [40.683253, -73.909779], [40.683295, -73.909677], [40.683312, -73.909601], [40.683312, -73.909601], [40.6834, -73.909613], [40.683488, -73.909601], [40.683572, -73.909568], [40.68365, -73.909513], [40.683718, -73.909439], [40.683773, -73.909349], [40.683815, -73.909247], [40.683841, -73.909136], [40.683849, -73.90902], [40.683841, -73.908904], [40.683815, -73.908793], [40.683773, -73.908691], [40.683718, -73.908601], [40.68365, -73.908527], [40.683572, -73.908472], [40.683488, -73.908439], [40.6834, -73.908427], [40.683312, -73.908439], [40.683228, -73.908472], [40.68315, -73.908527], [40.683082, -73.908601], [40.683027, -73.908691], [40.682985, -73.908793], [40.682968, -73.908869], [40.682968, -73.908869], [40.68288, -73.908857], [40.682792, -73.908869], [40.682708, -73.908902], [40.68263, -73.908957], [40.682562, -73.909031], [40.682507, -73.909121], [40.682465, -73.909223], [40.682439, -73.909334], [40.682431, -73.90945], [40.682439, -73.909566]]"
908c38e6-75bb-4255-9b7f-550ea187cc41,Review Warning Zone 735,40.683299,-73.894235,0.05,"[[40.682884, -73.894462], [40.682925, -73.894564], [40.682981, -73.894654], [40.683049, -73.894728], [40.683127, -73.894783], [40.683211, -73.894816], [40.683299, -73.894828], [40.683387, -73.894816], [40.683471, -73.894783], [40.683548, -73.894728], [40.683617, -73.894654], [40.683672, -73.894564], [40.683714, -73.894462], [40.683739, -73.894351], [40.683748, -73.894235], [40.683739, -73.894119], [40.683714, -73.894008], [40.683672, -73.893906], [40.683617, -73.893816], [40.683548, -73.893742], [40.683471, -73.893687], [40.683387, -73.893654], [40.683299, -73.893642], [40.683211, -73.893654], [40.683127, -73.893687], [40.683049, -73.893742], [40.682981, -73.893816], [40.682925, -73.893906], [40.682884, -73.894008], [40.682858, -73.894119], [40.68285, -73.894235], [40.682858, -73.894351]]"
b93ed16a-2482-481a-a1cb-d7a0c0526a5f,Review Warning Zone 736,40.68353,-73.90744,0.05,"[[40.683157, -73.907769], [40.683212, -73.907859], [40.68328, -73.907933], [40.683358, -73.907988], [40.683442, -73.908021], [40.68353, -73.908033], [40.683618, -73.908021], [40.683702, -73.907988], [40.68378, -73.907933], [40.683848, -73.907859], [40.683903, -73.907769], [40.683945, -73.907667], [40.683971, -73.907556], [40.683979, -73.90744], [40.683971, -73.907324], [40.683945, -73.907213], [40.683903, -73.907111], [40.683848, -73.907021], [40.68378, -73.906947], [40.683702, -73.906892], [40.683618, -73.906859], [40.68353, -73.906847], [40.683442, -73.906859], [40.683358, -73.906892], [40.68328, -73.906947], [40.683212, -73.907021], [40.683157, -73.907111], [40.683115, -73.907213], [40.683089, -73.907324], [40.683081, -73.90744], [40.683089, -73.907556], [40.683115, -73.907667]]"
137ae11e-6363-4fe4-b5c7-ade42e0a755c,Review Warning Zone 737,40.68559,-73.90993,0.05,"[[40.685175, -73.910157], [40.685217, -73.910259], [40.685272, -73.910349], [40.68534, -73.910423], [40.685418, -73.910478], [40.685502, -73.910511], [40.68559, -73.910523], [40.685678, -73.910511], [40.685762, -73.910478], [40.68584, -73.910423], [40.685908, -73.910349], [40.685963, -73.910259], [40.686005, -73.910157], [40.686031, -73.910046], [40.686039, -73.90993], [40.686031, -73.909814], [40.686005, -73.909703], [40.685963, -73.909601], [40.685908, -73.909511], [40.68584, -73.909437], [40.685762, -73.909382], [40.685678, -73.909349], [40.68559, -73.909337], [40.685502, -73.909349], [40.685418, -73.909382], [40.68534, -73.909437], [40.685272, -73.909511], [40.685217, -73.909601], [40.685175, -73.909703], [40.685149, -73.909814], [40.685141, -73.90993], [40.685149, -73.910046]]"
44665c57-eaa4-4168-af78-b818a5fea3fd,Review Warning Zone 738,40.68584,-73.91186,0.05,"[[40.685425, -73.912087], [40.685467, -73.912189], [40.685522, -73.912279], [40.68559, -73.912353], [40.685668, -73.912408], [40.685752, -73.912441], [40.68584, -73.912453], [40.685928, -73.912441], [40.686012, -73.912408], [40.68609, -73.912353], [40.686158, -73.912279], [40.686213, -73.912189], [40.686255, -73.912087], [40.686281, -73.911976], [40.686289, -73.91186], [40.686281, -73.911744], [40.686255, -73.911633], [40.686213, -73.911531], [40.686158, -73.911441], [40.68609, -73.911367], [40.686012, -73.911312], [40.685928, -73.911279], [40.68584, -73.911267], [40.685752, -73.911279], [40.685668, -73.911312], [40.68559, -73.911367], [40.685522, -73.911441], [40.685467, -73.911531], [40.685425, -73.911633], [40.685399, -73.911744], [40.685391, -73.91186], [40.685399, -73.911976]]"
5ebf6b9c-2198-4132-9264-53bea5fd9979,Review Warning Zone 739,40.6867,-73.90766,0.05,"[[40.686285, -73.907887], [40.686327, -73.907989], [40.686382, -73.908079], [40.68645, -73.908153], [40.686528, -73.908208], [40.686612, -73.908241], [40.6867, -73.908253], [40.686788, -73.908241], [40.686872, -73.908208], [40.68695, -73.908153], [40.687018, -73.908079], [40.687073, -73.907989], [40.687115, -73.907887], [40.687141, -73.907776], [40.687149, -73.90766], [40.687141, -73.907544], [40.687115, -73.907433], [40.687073, -73.907331], [40.687018, -73.907241], [40.68695, -73.907167], [40.686872, -73.907112], [40.686788, -73.907079], [40.6867, -73.907067], [40.686612, -73.907079], [40.686528, -73.907112], [40.68645, -73.907167], [40.686382, -73.907241], [40.686327, -73.907331], [40.686285, -73.907433], [40.686259, -73.907544], [40.686251, -73.90766], [40.686259, -73.907776]]"
2929a77e-e2ff-42cb-9f90-145961fe5bec,Review Warning Zone 740,40.68914,-73.90994,0.05,"[[40.688767, -73.910269], [40.688822, -73.910359], [40.68889, -73.910433], [40.688968, -73.910488], [40.689052, -73.910521], [40.68914, -73.910533], [40.689228, -73.910521], [40.689312, -73.910488], [40.68939, -73.910433], [40.689458, -73.910359], [40.689513, -73.910269], [40.689555, -73.910167], [40.689581, -73.910056], [40.689589, -73.90994], [40.689581, -73.909824], [40.689555, -73.909713], [40.689513, -73.909611], [40.689458, -73.909521], [40.68939, -73.909447], [40.689312, -73.909392], [40.689228, -73.909359], [40.68914, -73.909347], [40.689052, -73.909359], [40.688968, -73.909392], [40.68889, -73.909447], [40.688822, -73.909521], [40.688767, -73.909611], [40.688725, -73.909713], [40.688699, -73.909824], [40.688691, -73.90994], [40.688699, -73.910056], [40.688725, -73.910167]]"
cfbd74be-7593-4b43-9513-371f677b88a2,Review Warning Zone 741,40.69076,-73.90409,0.05,"[[40.690345, -73.904317], [40.690387, -73.904419], [40.690442, -73.904509], [40.69051, -73.904583], [40.690588, -73.904638], [40.690672, -73.904671], [40.69076, -73.904683], [40.690848, -73.904671], [40.690932, -73.904638], [40.69101, -73.904583], [40.691078, -73.904509], [40.691133, -73.904419], [40.691175, -73.904317], [40.691201, -73.904206], [40.691209, -73.90409], [40.691201, -73.903974], [40.691175, -73.903863], [40.691133, -73.903761], [40.691078, -73.903671], [40.69101, -73.903597], [40.690932, -73.903542], [40.690848, -73.903509], [40.69076, -73.903497], [40.690672, -73.903509], [40.690588, -73.903542], [40.69051, -73.903597], [40.690442, -73.903671], [40.690387, -73.903761], [40.690345, -73.903863], [40.690319, -73.903974], [40.690311, -73.90409], [40.690319, -73.904206]]"
633a132b-6c89-4c63-9ca2-538e39376882,Review Warning Zone 742,40.69083,-73.90876,0.05,"[[40.690415, -73.908987], [40.690457, -73.909089], [40.690512, -73.909179], [40.69058, -73.909253], [40.690658, -73.909308], [40.690742, -73.909341], [40.69083, -73.909353], [40.690918, -73.909341], [40.691002, -73.909308], [40.69108, -73.909253], [40.691148, -73.909179], [40.691203, -73.909089], [40.691245, -73.908987], [40.691271, -73.908876], [40.691279, -73.90876], [40.691271, -73.908644], [40.691245, -73.908533], [40.691203, -73.908431], [40.691148, -73.908341], [40.69108, -73.908267], [40.691002, -73.908212], [40.690918, -73.908179], [40.69083, -73.908167], [40.690742, -73.908179], [40.690658, -73.908212], [40.69058, -73.908267], [40.690512, -73.908341], [40.690457, -73.908431], [40.690415, -73.908533], [40.690389, -73.908644], [40.690381, -73.90876], [40.690389, -73.908876]]"
1fae71d7-3bef-48c3-be7d-922cbd339a18,Review Warning Zone 743,40.69111,-73.91141,0.05,"[[40.690695, -73.911637], [40.690737, -73.911739], [40.690792, -73.911829], [40.69086, -73.911903], [40.690938, -73.911958], [40.691022, -73.911991], [40.69111, -73.912003], [40.691198, -73.911991], [40.691282, -73.911958], [40.69136, -73.911903], [40.691428, -73.911829], [40.691483, -73.911739], [40.691525, -73.911637], [40.691551, -73.911526], [40.691559, -73.91141], [40.691551, -73.911294], [40.691525, -73.911183], [40.691483, -73.911081], [40.691428, -73.910991], [40.69136, -73.910917], [40.691282, -73.910862], [40.691198, -73.910829], [40.69111, -73.910817], [40.691022, -73.910829], [40.690938, -73.910862], [40.69086, -73.910917], [40.690792, -73.910991], [40.690737, -73.911081], [40.690695, -73.911183], [40.690669, -73.911294], [40.690661, -73.91141], [40.690669, -73.911526]]"
ac5c55aa-31d5-4fd0-9174-f4a4bd4d5941,Review Warning Zone 744,40.6914,-73.90543,0.05,"[[40.691027, -73.905759], [40.691082, -73.905849], [40.69115, -73.905923], [40.691228, -73.905978], [40.691312, -73.906011], [40.6914, -73.906023], [40.691488, -73.906011], [40.691572, -73.905978], [40.69165, -73.905923], [40.691718, -73.905849], [40.691773, -73.905759], [40.691815, -73.905657], [40.691841, -73.905546], [40.691849, -73.90543], [40.691841, -73.905314], [40.691815, -73.905203], [40.691773, -73.905101], [40.691718, -73.905011], [40.69165, -73.904937], [40.691572, -73.904882], [40.691488, -73.904849], [40.6914, -73.904837], [40.691312, -73.904849], [40.691228, -73.904882], [40.69115, -73.904937], [40.691082, -73.905011], [40.691027, -73.905101], [40.690985, -73.905203], [40.690959, -73.905314], [40.690951, -73.90543], [40.690959, -73.905546], [40.690985, -73.905657]]"
03cb7f09-b452-42b4-8d23-47898acce761,Review Warning Zone 745,40.69467,-73.90932,0.05,"[[40.694297, -73.909649], [40.694352, -73.909739], [40.69442, -73.909813], [40.694498, -73.909868], [40.694582, -73.909901], [40.69467, -73.909913], [40.694758, -73.909901], [40.694842, -73.909868], [40.69492, -73.909813], [40.694988, -73.909739], [40.695043, -73.909649], [40.695085, -73.909547], [40.695111, -73.909436], [40.695119, -73.90932], [40.695111, -73.909204], [40.695085, -73.909093], [40.695043, -73.908991], [40.694988, -73.908901], [40.69492, -73.908827], [40.694842, -73.908772], [40.694758, -73.908739], [40.69467, -73.908727], [40.694582, -73.908739], [40.694498, -73.908772], [40.69442, -73.908827], [40.694352, -73.908901], [40.694297, -73.908991], [40.694255, -73.909093], [40.694229, -73.909204], [40.694221, -73.90932], [40.694229, -73.909436], [40.694255, -73.909547]]"
d9b6e45a-b7ad-4d97-9439-2e863f0a1820,Review Warning Zone 746,40.69573,-73.90954,0.05,"[[40.695315, -73.909767], [40.695357, -73.909869], [40.695412, -73.909959], [40.69548, -73.910033], [40.695558, -73.910088], [40.695642, -73.910121], [40.69573, -73.910133], [40.695818, -73.910121], [40.695902, -73.910088], [40.69598, -73.910033], [40.696048, -73.909959], [40.696103, -73.909869], [40.696145, -73.909767], [40.696171, -73.909656], [40.696179, -73.90954], [40.696171, -73.909424], [40.696145, -73.909313], [40.696103, -73.909211], [40.696048, -73.909121], [40.69598, -73.909047], [40.695902, -73.908992], [40.695818, -73.908959], [40.69573, -73.908947], [40.695642, -73.908959], [40.695558, -73.908992], [40.69548, -73.909047], [40.695412, -73.909121], [40.695357, -73.909211], [40.695315, -73.909313], [40.695289, -73.909424], [40.695281, -73.90954], [40.695289, -73.909656]]"
2002ea91-7631-4d2e-948c-efbf20b92275,Review Warning Zone 747,40.696045,-73.9121,0.083,"[[40.695577, -73.912799], [40.695632, -73.912889], [40.6957, -73.912963], [40.695778, -73.913018], [40.695862, -73.913051], [40.69595, -73.913063], [40.696038, -73.913051], [40.696122, -73.913018], [40.6962, -73.912963], [40.696268, -73.912889], [40.696323, -73.912799], [40.696365, -73.912697], [40.696391, -73.912586], [40.696399, -73.91247], [40.696391, -73.912354], [40.696365, -73.912243], [40.696364, -73.912241], [40.69639, -73.912223], [40.696458, -73.912149], [40.696513, -73.912059], [40.696555, -73.911957], [40.696581, -73.911846], [40.696589, -73.91173], [40.696581, -73.911614], [40.696555, -73.911503], [40.696513, -73.911401], [40.696458, -73.911311], [40.69639, -73.911237], [40.696312, -73.911182], [40.696228, -73.911149], [40.69614, -73.911137], [40.696052, -73.911149], [40.695968, -73.911182], [40.69589, -73.911237], [40.695822, -73.911311], [40.695767, -73.911401], [40.695725, -73.911503], [40.695699, -73.911614], [40.695691, -73.91173], [40.695699, -73.911846], [40.695725, -73.911957], [40.695726, -73.911959], [40.6957, -73.911977], [40.695632, -73.912051], [40.695577, -73.912141], [40.695535, -73.912243], [40.695509, -73.912354], [40.695501, -73.91247], [40.695509, -73.912586], [40.695535, -73.912697]]"
a6816431-4cdb-490a-b329-8148c044e494,Review Warning Zone 748,40.6968,-73.90816,0.05,"[[40.696427, -73.908489], [40.696482, -73.908579], [40.69655, -73.908653], [40.696628, -73.908708], [40.696712, -73.908741], [40.6968, -73.908753], [40.696888, -73.908741], [40.696972, -73.908708], [40.69705, -73.908653], [40.697118, -73.908579], [40.697173, -73.908489], [40.697215, -73.908387], [40.697241, -73.908276], [40.697249, -73.90816], [40.697241, -73.908044], [40.697215, -73.907933], [40.697173, -73.907831], [40.697118, -73.907741], [40.69705, -73.907667], [40.696972, -73.907612], [40.696888, -73.907579], [40.6968, -73.907567], [40.696712, -73.907579], [40.696628, -73.907612], [40.69655, -73.907667], [40.696482, -73.907741], [40.696427, -73.907831], [40.696385, -73.907933], [40.696359, -73.908044], [40.696351, -73.90816], [40.696359, -73.908276], [40.696385, -73.908387]]"
c42b094a-4e8b-430f-8491-d62f07597649,Review Warning Zone 749,40.70096,-73.90739,0.05,"[[40.700587, -73.907719], [40.700642, -73.907809], [40.70071, -73.907883], [40.700788, -73.907938], [40.700872, -73.907971], [40.70096, -73.907983], [40.701048, -73.907971], [40.701132, -73.907938], [40.70121, -73.907883], [40.701278, -73.907809], [40.701333, -73.907719], [40.701375, -73.907617], [40.701401, -73.907506], [40.701409, -73.90739], [40.701401, -73.907274], [40.701375, -73.907163], [40.701333, -73.907061], [40.701278, -73.906971], [40.70121, -73.906897], [40.701132, -73.906842], [40.701048, -73.906809], [40.70096, -73.906797], [40.700872, -73.906809], [40.700788, -73.906842], [40.70071, -73.906897], [40.700642, -73.906971], [40.700587, -73.907061], [40.700545, -73.907163], [40.700519, -73.907274], [40.700511, -73.90739], [40.700519, -73.907506], [40.700545, -73.907617]]"
3dffeb5e-edc2-4461-b485-42f9a11c5a3d,Review Warning Zone 750,40.70154,-73.89604,0.05,"[[40.701125, -73.896267], [40.701167, -73.896369], [40.701222, -73.896459], [40.70129, -73.896533], [40.701368, -73.896588], [40.701452, -73.896621], [40.70154, -73.896633], [40.701628, -73.896621], [40.701712, -73.896588], [40.70179, -73.896533], [40.701858, -73.896459], [40.701913, -73.896369], [40.701955, -73.896267], [40.701981, -73.896156], [40.701989, -73.89604], [40.701981, -73.895924], [40.701955, -73.895813], [40.701913, -73.895711], [40.701858, -73.895621], [40.70179, -73.895547], [40.701712, -73.895492], [40.701628, -73.895459], [40.70154, -73.895447], [40.701452, -73.895459], [40.701368, -73.895492], [40.70129, -73.895547], [40.701222, -73.895621], [40.701167, -73.895711], [40.701125, -73.895813], [40.701099, -73.895924], [40.701091, -73.89604], [40.701099, -73.896156]]"
5548d3dc-3bcf-4bc6-9ae2-71be838fdfea,Review Warning Zone 751,40.70178,-73.90558,0.05,"[[40.701365, -73.905807], [40.701407, -73.905909], [40.701462, -73.905999], [40.70153, -73.906073], [40.701608, -73.906128], [40.701692, -73.906161], [40.70178, -73.906173], [40.701868, -73.906161], [40.701952, -73.906128], [40.70203, -73.906073], [40.702098, -73.905999], [40.702153, -73.905909], [40.702195, -73.905807], [40.702221, -73.905696], [40.702229, -73.90558], [40.702221, -73.905464], [40.702195, -73.905353], [40.702153, -73.905251], [40.702098, -73.905161], [40.70203, -73.905087], [40.701952, -73.905032], [40.701868, -73.904999], [40.70178, -73.904987], [40.701692, -73.904999], [40.701608, -73.905032], [40.70153, -73.905087], [40.701462, -73.905161], [40.701407, -73.905251], [40.701365, -73.905353], [40.701339, -73.905464], [40.701331, -73.90558], [40.701339, -73.905696]]"
8a3be7fb-66b5-4656-ba92-e0bf28a62ee3,Review Warning Zone 752,40.70599,-73.90881,0.05,"[[40.705575, -73.909037], [40.705617, -73.909139], [40.705672, -73.909229], [40.70574, -73.909303], [40.705818, -73.909358], [40.705902, -73.909391], [40.70599, -73.909403], [40.706078, -73.909391], [40.706162, -73.909358], [40.70624, -73.909303], [40.706308, -73.909229], [40.706363, -73.909139], [40.706405, -73.909037], [40.706431, -73.908926], [40.706439, -73.90881], [40.706431, -73.908694], [40.706405, -73.908583], [40.706363, -73.908481], [40.706308, -73.908391], [40.70624, -73.908317], [40.706162, -73.908262], [40.706078, -73.908229], [40.70599, -73.908217], [40.705902, -73.908229], [40.705818, -73.908262], [40.70574, -73.908317], [40.705672, -73.908391], [40.705617, -73.908481], [40.705575, -73.908583], [40.705549, -73.908694], [40.705541, -73.90881], [40.705549, -73.908926]]"
e18ce382-b3c0-4440-8c23-7cb339b307ae,Review Warning Zone 753,40.70673,-73.90763,0.05,"[[40.706357, -73.907959], [40.706412, -73.908049], [40.70648, -73.908123], [40.706558, -73.908178], [40.706642, -73.908211], [40.70673, -73.908223], [40.706818, -73.908211], [40.706902, -73.908178], [40.70698, -73.908123], [40.707048, -73.908049], [40.707103, -73.907959], [40.707145, -73.907857], [40.707171, -73.907746], [40.707179, -73.90763], [40.707171, -73.907514], [40.707145, -73.907403], [40.707103, -73.907301], [40.707048, -73.907211], [40.70698, -73.907137], [40.706902, -73.907082], [40.706818, -73.907049], [40.70673, -73.907037], [40.706642, -73.907049], [40.706558, -73.907082], [40.70648, -73.907137], [40.706412, -73.907211], [40.706357, -73.907301], [40.706315, -73.907403], [40.706289, -73.907514], [40.706281, -73.90763], [40.706289, -73.907746], [40.706315, -73.907857]]"
0338888a-1314-441e-b40d-557f9a5737c1,Review Warning Zone 754,40.71435,-73.90936,0.05,"[[40.713977, -73.909689], [40.714032, -73.909779], [40.7141, -73.909853], [40.714178, -73.909908], [40.714262, -73.909941], [40.71435, -73.909953], [40.714438, -73.909941], [40.714522, -73.909908], [40.7146, -73.909853], [40.714668, -73.909779], [40.714723, -73.909689], [40.714765, -73.909587], [40.714791, -73.909476], [40.714799, -73.90936], [40.714791, -73.909244], [40.714765, -73.909133], [40.714723, -73.909031], [40.714668, -73.908941], [40.7146, -73.908867], [40.714522, -73.908812], [40.714438, -73.908779], [40.71435, -73.908767], [40.714262, -73.908779], [40.714178, -73.908812], [40.7141, -73.908867], [40.714032, -73.908941], [40.713977, -73.909031], [40.713935, -73.909133], [40.713909, -73.909244], [40.713901, -73.90936], [40.713909, -73.909476], [40.713935, -73.909587]]"
71e69b72-7751-4a61-9ae5-d6877e4de402,Review Warning Zone 755,40.7301,-73.89931,0.05,"[[40.729685, -73.899537], [40.729727, -73.899639], [40.729782, -73.899729], [40.72985, -73.899803], [40.729928, -73.899858], [40.730012, -73.899891], [40.7301, -73.899903], [40.730188, -73.899891], [40.730272, -73.899858], [40.73035, -73.899803], [40.730418, -73.899729], [40.730473, -73.899639], [40.730515, -73.899537], [40.730541, -73.899426], [40.730549, -73.89931], [40.730541, -73.899194], [40.730515, -73.899083], [40.730473, -73.898981], [40.730418, -73.898891], [40.73035, -73.898817], [40.730272, -73.898762], [40.730188, -73.898729], [40.7301, -73.898717], [40.730012, -73.898729], [40.729928, -73.898762], [40.72985, -73.898817], [40.729782, -73.898891], [40.729727, -73.898981], [40.729685, -73.899083], [40.729659, -73.899194], [40.729651, -73.89931], [40.729659, -73.899426]]"
afe618eb-fd75-4a6e-8ba2-bb158d5425cf,Review Warning Zone 756,40.737,-73.90426,0.05,"[[40.736627, -73.904589], [40.736682, -73.904679], [40.73675, -73.904753], [40.736828, -73.904808], [40.736912, -73.904841], [40.737, -73.904853], [40.737088, -73.904841], [40.737172, -73.904808], [40.73725, -73.904753], [40.737318, -73.904679], [40.737373, -73.904589], [40.737415, -73.904487], [40.737441, -73.904376], [40.737449, -73.90426], [40.737441, -73.904144], [40.737415, -73.904033], [40.737373, -73.903931], [40.737318, -73.903841], [40.73725, -73.903767], [40.737172, -73.903712], [40.737088, -73.903679], [40.737, -73.903667], [40.736912, -73.903679], [40.736828, -73.903712], [40.73675, -73.903767], [40.736682, -73.903841], [40.736627, -73.903931], [40.736585, -73.904033], [40.736559, -73.904144], [40.736551, -73.90426], [40.736559, -73.904376], [40.736585, -73.904487]]"
1b8ac348-28d4-4dcc-934a-67b76bbdb29c,Review Warning Zone 757,40.7373,-73.89628,0.05,"[[40.736927, -73.896609], [40.736982, -73.896699], [40.73705, -73.896773], [40.737128, -73.896828], [40.737212, -73.896861], [40.7373, -73.896873], [40.737388, -73.896861], [40.737472, -73.896828], [40.73755, -73.896773], [40.737618, -73.896699], [40.737673, -73.896609], [40.737715, -73.896507], [40.737741, -73.896396], [40.737749, -73.89628], [40.737741, -73.896164], [40.737715, -73.896053], [40.737673, -73.895951], [40.737618, -73.895861], [40.73755, -73.895787], [40.737472, -73.895732], [40.737388, -73.895699], [40.7373, -73.895687], [40.737212, -73.895699], [40.737128, -73.895732], [40.73705, -73.895787], [40.736982, -73.895861], [40.736927, -73.895951], [40.736885, -73.896053], [40.736859, -73.896164], [40.736851, -73.89628], [40.736859, -73.896396], [40.736885, -73.896507]]"
f8698073-309a-4cae-a28d-d5ff8f6ebd03,Review Warning Zone 758,40.73774,-73.90887,0.05,"[[40.737325, -73.909097], [40.737367, -73.909199], [40.737422, -73.909289], [40.73749, -73.909363], [40.737568, -73.909418], [40.737652, -73.909451], [40.73774, -73.909463], [40.737828, -73.909451], [40.737912, -73.909418], [40.73799, -73.909363], [40.738058, -73.909289], [40.738113, -73.909199], [40.738155, -73.909097], [40.738181, -73.908986], [40.738189, -73.90887], [40.738181, -73.908754], [40.738155, -73.908643], [40.738113, -73.908541], [40.738058, -73.908451], [40.73799, -73.908377], [40.737912, -73.908322], [40.737828, -73.908289], [40.73774, -73.908277], [40.737652, -73.908289], [40.737568, -73.908322], [40.73749, -73.908377], [40.737422, -73.908451], [40.737367, -73.908541], [40.737325, -73.908643], [40.737299, -73.908754], [40.737291, -73.90887], [40.737299, -73.908986]]"
8572f5dc-85ae-4201-86e8-7db8267badd3,Review Warning Zone 759,40.7413,-73.89735,0.05,"[[40.740927, -73.897679], [40.740982, -73.897769], [40.74105, -73.897843], [40.741128, -73.897898], [40.741212, -73.897931], [40.7413, -73.897943], [40.741388, -73.897931], [40.741472, -73.897898], [40.74155, -73.897843], [40.741618, -73.897769], [40.741673, -73.897679], [40.741715, -73.897577], [40.741741, -73.897466], [40.741749, -73.89735], [40.741741, -73.897234], [40.741715, -73.897123], [40.741673, -73.897021], [40.741618, -73.896931], [40.74155, -73.896857], [40.741472, -73.896802], [40.741388, -73.896769], [40.7413, -73.896757], [40.741212, -73.896769], [40.741128, -73.896802], [40.74105, -73.896857], [40.740982, -73.896931], [40.740927, -73.897021], [40.740885, -73.897123], [40.740859, -73.897234], [40.740851, -73.89735], [40.740859, -73.897466], [40.740885, -73.897577]]"
348054ca-ab8c-499f-982f-0e54dac2697d,Review Warning Zone 760,40.74173,-73.90586,0.05,"[[40.741357, -73.906189], [40.741412, -73.906279], [40.74148, -73.906353], [40.741558, -73.906408], [40.741642, -73.906441], [40.74173, -73.906453], [40.741818, -73.906441], [40.741902, -73.906408], [40.74198, -73.906353], [40.742048, -73.906279], [40.742103, -73.906189], [40.742145, -73.906087], [40.742171, -73.905976], [40.742179, -73.90586], [40.742171, -73.905744], [40.742145, -73.905633], [40.742103, -73.905531], [40.742048, -73.905441], [40.74198, -73.905367], [40.741902, -73.905312], [40.741818, -73.905279], [40.74173, -73.905267], [40.741642, -73.905279], [40.741558, -73.905312], [40.74148, -73.905367], [40.741412, -73.905441], [40.741357, -73.905531], [40.741315, -73.905633], [40.741289, -73.905744], [40.741281, -73.90586], [40.741289, -73.905976], [40.741315, -73.906087]]"
51c7f3ad-be6f-40da-9a57-598ac9caa17e,Review Warning Zone 761,40.75804,-73.89447,0.05,"[[40.757625, -73.894697], [40.757667, -73.894799], [40.757722, -73.894889], [40.75779, -73.894963], [40.757868, -73.895018], [40.757952, -73.895051], [40.75804, -73.895063], [40.758128, -73.895051], [40.758212, -73.895018], [40.75829, -73.894963], [40.758358, -73.894889], [40.758413, -73.894799], [40.758455, -73.894697], [40.758481, -73.894586], [40.758489, -73.89447], [40.758481, -73.894354], [40.758455, -73.894243], [40.758413, -73.894141], [40.758358, -73.894051], [40.75829, -73.893977], [40.758212, -73.893922], [40.758128, -73.893889], [40.75804, -73.893877], [40.757952, -73.893889], [40.757868, -73.893922], [40.75779, -73.893977], [40.757722, -73.894051], [40.757667, -73.894141], [40.757625, -73.894243], [40.757599, -73.894354], [40.757591, -73.89447], [40.757599, -73.894586]]"
f85e54ad-219a-4e36-a1e1-bbcb0324832a,Review Warning Zone 762,40.75993,-73.90933,0.05,"[[40.759515, -73.909557], [40.759557, -73.909659], [40.759612, -73.909749], [40.75968, -73.909823], [40.759758, -73.909878], [40.759842, -73.909911], [40.75993, -73.909923], [40.760018, -73.909911], [40.760102, -73.909878], [40.76018, -73.909823], [40.760248, -73.909749], [40.760303, -73.909659], [40.760345, -73.909557], [40.760371, -73.909446], [40.760379, -73.90933], [40.760371, -73.909214], [40.760345, -73.909103], [40.760303, -73.909001], [40.760248, -73.908911], [40.76018, -73.908837], [40.760102, -73.908782], [40.760018, -73.908749], [40.75993, -73.908737], [40.759842, -73.908749], [40.759758, -73.908782], [40.75968, -73.908837], [40.759612, -73.908911], [40.759557, -73.909001], [40.759515, -73.909103], [40.759489, -73.909214], [40.759481, -73.90933], [40.759489, -73.909446]]"
c512000b-8be2-4197-885c-803d862c4d6a,Review Warning Zone 763,40.81088,-73.90733,0.05,"[[40.810465, -73.907557], [40.810507, -73.907659], [40.810562, -73.907749], [40.81063, -73.907823], [40.810708, -73.907878], [40.810792, -73.907911], [40.81088, -73.907923], [40.810968, -73.907911], [40.811052, -73.907878], [40.81113, -73.907823], [40.811198, -73.907749], [40.811253, -73.907659], [40.811295, -73.907557], [40.811321, -73.907446], [40.811329, -73.90733], [40.811321, -73.907214], [40.811295, -73.907103], [40.811253, -73.907001], [40.811198, -73.906911], [40.81113, -73.906837], [40.811052, -73.906782], [40.810968, -73.906749], [40.81088, -73.906737], [40.810792, -73.906749], [40.810708, -73.906782], [40.81063, -73.906837], [40.810562, -73.906911], [40.810507, -73.907001], [40.810465, -73.907103], [40.810439, -73.907214], [40.810431, -73.90733], [40.810439, -73.907446]]"
79bf538d-10c2-44cc-be84-eddbd5d7a40f,Review Warning Zone 764,40.8127,-73.90988,0.05,"[[40.812327, -73.910209], [40.812382, -73.910299], [40.81245, -73.910373], [40.812528, -73.910428], [40.812612, -73.910461], [40.8127, -73.910473], [40.812788, -73.910461], [40.812872, -73.910428], [40.81295, -73.910373], [40.813018, -73.910299], [40.813073, -73.910209], [40.813115, -73.910107], [40.813141, -73.909996], [40.813149, -73.90988], [40.813141, -73.909764], [40.813115, -73.909653], [40.813073, -73.909551], [40.813018, -73.909461], [40.81295, -73.909387], [40.812872, -73.909332], [40.812788, -73.909299], [40.8127, -73.909287], [40.812612, -73.909299], [40.812528, -73.909332], [40.81245, -73.909387], [40.812382, -73.909461], [40.812327, -73.909551], [40.812285, -73.909653], [40.812259, -73.909764], [40.812251, -73.90988], [40.812259, -73.909996], [40.812285, -73.910107]]"
24247a4b-cdf1-415d-9214-a9bc7bdf176a,Review Warning Zone 765,40.81281,-73.90779,0.05,"[[40.812437, -73.908119], [40.812492, -73.908209], [40.81256, -73.908283], [40.812638, -73.908338], [40.812722, -73.908371], [40.81281, -73.908383], [40.812898, -73.908371], [40.812982, -73.908338], [40.81306, -73.908283], [40.813128, -73.908209], [40.813183, -73.908119], [40.813225, -73.908017], [40.813251, -73.907906], [40.813259, -73.90779], [40.813251, -73.907674], [40.813225, -73.907563], [40.813183, -73.907461], [40.813128, -73.907371], [40.81306, -73.907297], [40.812982, -73.907242], [40.812898, -73.907209], [40.81281, -73.907197], [40.812722, -73.907209], [40.812638, -73.907242], [40.81256, -73.907297], [40.812492, -73.907371], [40.812437, -73.907461], [40.812395, -73.907563], [40.812369, -73.907674], [40.812361, -73.90779], [40.812369, -73.907906], [40.812395, -73.908017]]"
b7092058-0671-43f3-b341-6c13f6691840,Review Warning Zone 766,40.81587,-73.90052,0.05,"[[40.815455, -73.900747], [40.815497, -73.900849], [40.815552, -73.900939], [40.81562, -73.901013], [40.815698, -73.901068], [40.815782, -73.901101], [40.81587, -73.901113], [40.815958, -73.901101], [40.816042, -73.901068], [40.81612, -73.901013], [40.816188, -73.900939], [40.816243, -73.900849], [40.816285, -73.900747], [40.816311, -73.900636], [40.816319, -73.90052], [40.816311, -73.900404], [40.816285, -73.900293], [40.816243, -73.900191], [40.816188, -73.900101], [40.81612, -73.900027], [40.816042, -73.899972], [40.815958, -73.899939], [40.81587, -73.899927], [40.815782, -73.899939], [40.815698, -73.899972], [40.81562, -73.900027], [40.815552, -73.900101], [40.815497, -73.900191], [40.815455, -73.900293], [40.815429, -73.900404], [40.815421, -73.90052], [40.815429, -73.900636]]"
a6ed644b-6efa-4613-8acf-2c94fcf16522,Review Warning Zone 767,40.82221,-73.90325,0.05,"[[40.821795, -73.903477], [40.821837, -73.903579], [40.821892, -73.903669], [40.82196, -73.903743], [40.822038, -73.903798], [40.822122, -73.903831], [40.82221, -73.903843], [40.822298, -73.903831], [40.822382, -73.903798], [40.82246, -73.903743], [40.822528, -73.903669], [40.822583, -73.903579], [40.822625, -73.903477], [40.822651, -73.903366], [40.822659, -73.90325], [40.822651, -73.903134], [40.822625, -73.903023], [40.822583, -73.902921], [40.822528, -73.902831], [40.82246, -73.902757], [40.822382, -73.902702], [40.822298, -73.902669], [40.82221, -73.902657], [40.822122, -73.902669], [40.822038, -73.902702], [40.82196, -73.902757], [40.821892, -73.902831], [40.821837, -73.902921], [40.821795, -73.903023], [40.821769, -73.903134], [40.821761, -73.90325], [40.821769, -73.903366]]"
be32d120-091b-4aec-8c80-0dfe48c8e1a8,Review Warning Zone 768,40.82319,-73.90341,0.05,"[[40.822775, -73.903637], [40.822817, -73.903739], [40.822872, -73.903829], [40.82294, -73.903903], [40.823018, -73.903958], [40.823102, -73.903991], [40.82319, -73.904003], [40.823278, -73.903991], [40.823362, -73.903958], [40.82344, -73.903903], [40.823508, -73.903829], [40.823563, -73.903739], [40.823605, -73.903637], [40.823631, -73.903526], [40.823639, -73.90341], [40.823631, -73.903294], [40.823605, -73.903183], [40.823563, -73.903081], [40.823508, -73.902991], [40.82344, -73.902917], [40.823362, -73.902862], [40.823278, -73.902829], [40.82319, -73.902817], [40.823102, -73.902829], [40.823018, -73.902862], [40.82294, -73.902917], [40.822872, -73.902991], [40.822817, -73.903081], [40.822775, -73.903183], [40.822749, -73.903294], [40.822741, -73.90341], [40.822749, -73.903526]]"
3210e271-0bb0-41a4-9452-2cd2ec89b796,Review Warning Zone 769,40.82576,-73.90124,0.05,"[[40.825387, -73.901569], [40.825442, -73.901659], [40.82551, -73.901733], [40.825588, -73.901788], [40.825672, -73.901821], [40.82576, -73.901833], [40.825848, -73.901821], [40.825932, -73.901788], [40.82601, -73.901733], [40.826078, -73.901659], [40.826133, -73.901569], [40.826175, -73.901467], [40.826201, -73.901356], [40.826209, -73.90124], [40.826201, -73.901124], [40.826175, -73.901013], [40.826133, -73.900911], [40.826078, -73.900821], [40.82601, -73.900747], [40.825932, -73.900692], [40.825848, -73.900659], [40.82576, -73.900647], [40.825672, -73.900659], [40.825588, -73.900692], [40.82551, -73.900747], [40.825442, -73.900821], [40.825387, -73.900911], [40.825345, -73.901013], [40.825319, -73.901124], [40.825311, -73.90124], [40.825319, -73.901356], [40.825345, -73.901467]]"
9e8a9b96-780a-4cd7-b121-baf3cdf11442,Review Warning Zone 770,40.828,-73.90573,0.05,"[[40.827627, -73.906059], [40.827682, -73.906149], [40.82775, -73.906223], [40.827828, -73.906278], [40.827912, -73.906311], [40.828, -73.906323], [40.828088, -73.906311], [40.828172, -73.906278], [40.82825, -73.906223], [40.828318, -73.906149], [40.828373, -73.906059], [40.828415, -73.905957], [40.828441, -73.905846], [40.828449, -73.90573], [40.828441, -73.905614], [40.828415, -73.905503], [40.828373, -73.905401], [40.828318, -73.905311], [40.82825, -73.905237], [40.828172, -73.905182], [40.828088, -73.905149], [40.828, -73.905137], [40.827912, -73.905149], [40.827828, -73.905182], [40.82775, -73.905237], [40.827682, -73.905311], [40.827627, -73.905401], [40.827585, -73.905503], [40.827559, -73.905614], [40.827551, -73.90573], [40.827559, -73.905846], [40.827585, -73.905957]]"
d7fe0886-2d33-4eb0-86b0-b211cda32d63,Review Warning Zone 771,40.83104,-73.89533,0.05,"[[40.830625, -73.895557], [40.830667, -73.895659], [40.830722, -73.895749], [40.83079, -73.895823], [40.830868, -73.895878], [40.830952, -73.895911], [40.83104, -73.895923], [40.831128, -73.895911], [40.831212, -73.895878], [40.83129, -73.895823], [40.831358, -73.895749], [40.831413, -73.895659], [40.831455, -73.895557], [40.831481, -73.895446], [40.831489, -73.89533], [40.831481, -73.895214], [40.831455, -73.895103], [40.831413, -73.895001], [40.831358, -73.894911], [40.83129, -73.894837], [40.831212, -73.894782], [40.831128, -73.894749], [40.83104, -73.894737], [40.830952, -73.894749], [40.830868, -73.894782], [40.83079, -73.894837], [40.830722, -73.894911], [40.830667, -73.895001], [40.830625, -73.895103], [40.830599, -73.895214], [40.830591, -73.89533], [40.830599, -73.895446]]"
583ac3d9-7885-4ecf-bc4b-a1d665cc46a2,Review Warning Zone 772,40.8357,-73.90998,0.05,"[[40.835285, -73.910207], [40.835327, -73.910309], [40.835382, -73.910399], [40.83545, -73.910473], [40.835528, -73.910528], [40.835612, -73.910561], [40.8357, -73.910573], [40.835788, -73.910561], [40.835872, -73.910528], [40.83595, -73.910473], [40.836018, -73.910399], [40.836073, -73.910309], [40.836115, -73.910207], [40.836141, -73.910096], [40.836149, -73.90998], [40.836141, -73.909864], [40.836115, -73.909753], [40.836073, -73.909651], [40.836018, -73.909561], [40.83595, -73.909487], [40.835872, -73.909432], [40.835788, -73.909399], [40.8357, -73.909387], [40.835612, -73.909399], [40.835528, -73.909432], [40.83545, -73.909487], [40.835382, -73.909561], [40.835327, -73.909651], [40.835285, -73.909753], [40.835259, -73.909864], [40.835251, -73.90998], [40.835259, -73.910096]]"
6bcc22de-bcef-4f16-8043-5dab979c7a2d,Review Warning Zone 773,40.84524,-73.90798,0.05,"[[40.844825, -73.908207], [40.844867, -73.908309], [40.844922, -73.908399], [40.84499, -73.908473], [40.845068, -73.908528], [40.845152, -73.908561], [40.84524, -73.908573], [40.845328, -73.908561], [40.845412, -73.908528], [40.84549, -73.908473], [40.845558, -73.908399], [40.845613, -73.908309], [40.845655, -73.908207], [40.845681, -73.908096], [40.845689, -73.90798], [40.845681, -73.907864], [40.845655, -73.907753], [40.845613, -73.907651], [40.845558, -73.907561], [40.84549, -73.907487], [40.845412, -73.907432], [40.845328, -73.907399], [40.84524, -73.907387], [40.845152, -73.907399], [40.845068, -73.907432], [40.84499, -73.907487], [40.844922, -73.907561], [40.844867, -73.907651], [40.844825, -73.907753], [40.844799, -73.907864], [40.844791, -73.90798], [40.844799, -73.908096]]"
f1be5517-c5a8-4c61-9359-ebc1d5343c57,Review Warning Zone 774,40.84625,-73.90436,0.05,"[[40.845877, -73.904689], [40.845932, -73.904779], [40.846, -73.904853], [40.846078, -73.904908], [40.846162, -73.904941], [40.84625, -73.904953], [40.846338, -73.904941], [40.846422, -73.904908], [40.8465, -73.904853], [40.846568, -73.904779], [40.846623, -73.904689], [40.846665, -73.904587], [40.846691, -73.904476], [40.846699, -73.90436], [40.846691, -73.904244], [40.846665, -73.904133], [40.846623, -73.904031], [40.846568, -73.903941], [40.8465, -73.903867], [40.846422, -73.903812], [40.846338, -73.903779], [40.84625, -73.903767], [40.846162, -73.903779], [40.846078, -73.903812], [40.846, -73.903867], [40.845932, -73.903941], [40.845877, -73.904031], [40.845835, -73.904133], [40.845809, -73.904244], [40.845801, -73.90436], [40.845809, -73.904476], [40.845835, -73.904587]]"
5c392beb-e662-4935-91ab-e9b68dd9a840,Review Warning Zone 775,40.84706,-73.90526,0.05,"[[40.846687, -73.905589], [40.846742, -73.905679], [40.84681, -73.905753], [40.846888, -73.905808], [40.846972, -73.905841], [40.84706, -73.905853], [40.847148, -73.905841], [40.847232, -73.905808], [40.84731, -73.905753], [40.847378, -73.905679], [40.847433, -73.905589], [40.847475, -73.905487], [40.847501, -73.905376], [40.847509, -73.90526], [40.847501, -73.905144], [40.847475, -73.905033], [40.847433, -73.904931], [40.847378, -73.904841], [40.84731, -73.904767], [40.847232, -73.904712], [40.847148, -73.904679], [40.84706, -73.904667], [40.846972, -73.904679], [40.846888, -73.904712], [40.84681, -73.904767], [40.846742, -73.904841], [40.846687, -73.904931], [40.846645, -73.905033], [40.846619, -73.905144], [40.846611, -73.90526], [40.846619, -73.905376], [40.846645, -73.905487]]"
bec38b6c-157d-445b-a6f0-dc22ece8a7e1,Review Warning Zone 776,40.847805,-73.908655,0.069,"[[40.847305, -73.908677], [40.847347, -73.908779], [40.847402, -73.908869], [40.847445, -73.908915], [40.847449, -73.908976], [40.847475, -73.909087], [40.847517, -73.909189], [40.847572, -73.909279], [40.84764, -73.909353], [40.847718, -73.909408], [40.847802, -73.909441], [40.84789, -73.909453], [40.847978, -73.909441], [40.848062, -73.909408], [40.84814, -73.909353], [40.848208, -73.909279], [40.848263, -73.909189], [40.848305, -73.909087], [40.848331, -73.908976], [40.848339, -73.90886], [40.848331, -73.908744], [40.848305, -73.908633], [40.848263, -73.908531], [40.848208, -73.908441], [40.848165, -73.908395], [40.848161, -73.908334], [40.848135, -73.908223], [40.848093, -73.908121], [40.848038, -73.908031], [40.84797, -73.907957], [40.847892, -73.907902], [40.847808, -73.907869], [40.84772, -73.907857], [40.847632, -73.907869], [40.847548, -73.907902], [40.84747, -73.907957], [40.847402, -73.908031], [40.847347, -73.908121], [40.847305, -73.908223], [40.847279, -73.908334], [40.847271, -73.90845], [40.847279, -73.908566]]"
24902284-68dc-47a6-8b10-db5e8fed56de,Review Warning Zone 777,40.84823,-73.904463,0.059,"[[40.847735, -73.904707], [40.847777, -73.904809], [40.847832, -73.904899], [40.8479, -73.904973], [40.847978, -73.905028], [40.848062, -73.905061], [40.84815, -73.905073], [40.848238, -73.905061], [40.848292, -73.90504], [40.848309, -73.905042], [40.848397, -73.90503], [40.848481, -73.904997], [40.848559, -73.904942], [40.848627, -73.904868], [40.848682, -73.904778], [40.848724, -73.904676], [40.84875, -73.904565], [40.848758, -73.904449], [40.84875, -73.904333], [40.848724, -73.904222], [40.848682, -73.90412], [40.848627, -73.90403], [40.848559, -73.903956], [40.848481, -73.903901], [40.848466, -73.903896], [40.848462, -73.903892], [40.848378, -73.903859], [40.84829, -73.903847], [40.848202, -73.903859], [40.848122, -73.903891], [40.848062, -73.903899], [40.847978, -73.903932], [40.8479, -73.903987], [40.847832, -73.904061], [40.847777, -73.904151], [40.847735, -73.904253], [40.847709, -73.904364], [40.847701, -73.90448], [40.847709, -73.904596]]"
7efbd872-3250-4660-9490-9c6c18d8d427,Review Warning Zone 778,40.84902,-73.89993,0.05,"[[40.848605, -73.900157], [40.848647, -73.900259], [40.848702, -73.900349], [40.84877, -73.900423], [40.848848, -73.900478], [40.848932, -73.900511], [40.84902, -73.900523], [40.849108, -73.900511], [40.849192, -73.900478], [40.84927, -73.900423], [40.849338, -73.900349], [40.849393, -73.900259], [40.849435, -73.900157], [40.849461, -73.900046], [40.849469, -73.89993], [40.849461, -73.899814], [40.849435, -73.899703], [40.849393, -73.899601], [40.849338, -73.899511], [40.84927, -73.899437], [40.849192, -73.899382], [40.849108, -73.899349], [40.84902, -73.899337], [40.848932, -73.899349], [40.848848, -73.899382], [40.84877, -73.899437], [40.848702, -73.899511], [40.848647, -73.899601], [40.848605, -73.899703], [40.848579, -73.899814], [40.848571, -73.89993], [40.848579, -73.900046]]"
5c6b58dc-0f65-4509-9347-d6ffda54acde,Review Warning Zone 779,40.85376,-73.89975,0.05,"[[40.853345, -73.899977], [40.853387, -73.900079], [40.853442, -73.900169], [40.85351, -73.900243], [40.853588, -73.900298], [40.853672, -73.900331], [40.85376, -73.900343], [40.853848, -73.900331], [40.853932, -73.900298], [40.85401, -73.900243], [40.854078, -73.900169], [40.854133, -73.900079], [40.854175, -73.899977], [40.854201, -73.899866], [40.854209, -73.89975], [40.854201, -73.899634], [40.854175, -73.899523], [40.854133, -73.899421], [40.854078, -73.899331], [40.85401, -73.899257], [40.853932, -73.899202], [40.853848, -73.899169], [40.85376, -73.899157], [40.853672, -73.899169], [40.853588, -73.899202], [40.85351, -73.899257], [40.853442, -73.899331], [40.853387, -73.899421], [40.853345, -73.899523], [40.853319, -73.899634], [40.853311, -73.89975], [40.853319, -73.899866]]"
b664464c-0eb4-4409-b9b9-8a91de032e8a,Review Warning Zone 780,40.856275,-73.90423,0.081,"[[40.855625, -73.904257], [40.855667, -73.904359], [40.855722, -73.904449], [40.85579, -73.904523], [40.855868, -73.904578], [40.855952, -73.904611], [40.85604, -73.904623], [40.856086, -73.904617], [40.856095, -73.904657], [40.856137, -73.904759], [40.856192, -73.904849], [40.85626, -73.904923], [40.856338, -73.904978], [40.856422, -73.905011], [40.85651, -73.905023], [40.856598, -73.905011], [40.856682, -73.904978], [40.85676, -73.904923], [40.856828, -73.904849], [40.856883, -73.904759], [40.856925, -73.904657], [40.856951, -73.904546], [40.856959, -73.90443], [40.856951, -73.904314], [40.856925, -73.904203], [40.856883, -73.904101], [40.856828, -73.904011], [40.85676, -73.903937], [40.856682, -73.903882], [40.856598, -73.903849], [40.85651, -73.903837], [40.856464, -73.903843], [40.856455, -73.903803], [40.856413, -73.903701], [40.856358, -73.903611], [40.85629, -73.903537], [40.856212, -73.903482], [40.856128, -73.903449], [40.85604, -73.903437], [40.855952, -73.903449], [40.855868, -73.903482], [40.85579, -73.903537], [40.855722, -73.903611], [40.855667, -73.903701], [40.855625, -73.903803], [40.855599, -73.903914], [40.855591, -73.90403], [40.855599, -73.904146]]"
02711499-65a8-4c21-87b0-5c4fee46abec,Review Warning Zone 781,40.86069,-73.90523,0.05,"[[40.860317, -73.905559], [40.860372, -73.905649], [40.86044, -73.905723], [40.860518, -73.905778], [40.860602, -73.905811], [40.86069, -73.905823], [40.860778, -73.905811], [40.860862, -73.905778], [40.86094, -73.905723], [40.861008, -73.905649], [40.861063, -73.905559], [40.861105, -73.905457], [40.861131, -73.905346], [40.861139, -73.90523], [40.861131, -73.905114], [40.861105, -73.905003], [40.861063, -73.904901], [40.861008, -73.904811], [40.86094, -73.904737], [40.860862, -73.904682], [40.860778, -73.904649], [40.86069, -73.904637], [40.860602, -73.904649], [40.860518, -73.904682], [40.86044, -73.904737], [40.860372, -73.904811], [40.860317, -73.904901], [40.860275, -73.905003], [40.860249, -73.905114], [40.860241, -73.90523], [40.860249, -73.905346], [40.860275, -73.905457]]"
3bc547e1-c6c1-4cac-84d0-5f89cde303ad,Review Warning Zone 782,40.86639,-73.90151,0.05,"[[40.865975, -73.901737], [40.866017, -73.901839], [40.866072, -73.901929], [40.86614, -73.902003], [40.866218, -73.902058], [40.866302, -73.902091], [40.86639, -73.902103], [40.866478, -73.902091], [40.866562, -73.902058], [40.86664, -73.902003], [40.866708, -73.901929], [40.866763, -73.901839], [40.866805, -73.901737], [40.866831, -73.901626], [40.866839, -73.90151], [40.866831, -73.901394], [40.866805, -73.901283], [40.866763, -73.901181], [40.866708, -73.901091], [40.86664, -73.901017], [40.866562, -73.900962], [40.866478, -73.900929], [40.86639, -73.900917], [40.866302, -73.900929], [40.866218, -73.900962], [40.86614, -73.901017], [40.866072, -73.901091], [40.866017, -73.901181], [40.865975, -73.901283], [40.865949, -73.901394], [40.865941, -73.90151], [40.865949, -73.901626]]"
e5fd2277-0a37-43d1-afed-1d5048710c51,Review Warning Zone 783,40.87063,-73.8983,0.05,"[[40.870215, -73.898527], [40.870257, -73.898629], [40.870312, -73.898719], [40.87038, -73.898793], [40.870458, -73.898848], [40.870542, -73.898881], [40.87063, -73.898893], [40.870718, -73.898881], [40.870802, -73.898848], [40.87088, -73.898793], [40.870948, -73.898719], [40.871003, -73.898629], [40.871045, -73.898527], [40.871071, -73.898416], [40.871079, -73.8983], [40.871071, -73.898184], [40.871045, -73.898073], [40.871003, -73.897971], [40.870948, -73.897881], [40.87088, -73.897807], [40.870802, -73.897752], [40.870718, -73.897719], [40.87063, -73.897707], [40.870542, -73.897719], [40.870458, -73.897752], [40.87038, -73.897807], [40.870312, -73.897881], [40.870257, -73.897971], [40.870215, -73.898073], [40.870189, -73.898184], [40.870181, -73.8983], [40.870189, -73.898416]]"
5ead2b01-4e13-4817-b37d-a07622c23be4,Review Warning Zone 784,40.88131,-73.90092,0.05,"[[40.880895, -73.901147], [40.880937, -73.901249], [40.880992, -73.901339], [40.88106, -73.901413], [40.881138, -73.901468], [40.881222, -73.901501], [40.88131, -73.901513], [40.881398, -73.901501], [40.881482, -73.901468], [40.88156, -73.901413], [40.881628, -73.901339], [40.881683, -73.901249], [40.881725, -73.901147], [40.881751, -73.901036], [40.881759, -73.90092], [40.881751, -73.900804], [40.881725, -73.900693], [40.881683, -73.900591], [40.881628, -73.900501], [40.88156, -73.900427], [40.881482, -73.900372], [40.881398, -73.900339], [40.88131, -73.900327], [40.881222, -73.900339], [40.881138, -73.900372], [40.88106, -73.900427], [40.880992, -73.900501], [40.880937, -73.900591], [40.880895, -73.900693], [40.880869, -73.900804], [40.880861, -73.90092], [40.880869, -73.901036]]"
7f1db74d-7005-4eb7-8c79-b5c7a801d517,Review Warning Zone 785,40.88635,-73.90974,0.05,"[[40.885977, -73.910069], [40.886032, -73.910159], [40.8861, -73.910233], [40.886178, -73.910288], [40.886262, -73.910321], [40.88635, -73.910333], [40.886438, -73.910321], [40.886522, -73.910288], [40.8866, -73.910233], [40.886668, -73.910159], [40.886723, -73.910069], [40.886765, -73.909967], [40.886791, -73.909856], [40.886799, -73.90974], [40.886791, -73.909624], [40.886765, -73.909513], [40.886723, -73.909411], [40.886668, -73.909321], [40.8866, -73.909247], [40.886522, -73.909192], [40.886438, -73.909159], [40.88635, -73.909147], [40.886262, -73.909159], [40.886178, -73.909192], [40.8861, -73.909247], [40.886032, -73.909321], [40.885977, -73.909411], [40.885935, -73.909513], [40.885909, -73.909624], [40.885901, -73.90974], [40.885909, -73.909856], [40.885935, -73.909967]]"
c2903828-d80f-4e5d-88d4-c157d3d1ea81,Review Warning Zone 786,40.66098,-73.88861,0.05,"[[40.660565, -73.888837], [40.660607, -73.888939], [40.660662, -73.889029], [40.66073, -73.889103], [40.660808, -73.889158], [40.660892, -73.889191], [40.66098, -73.889203], [40.661068, -73.889191], [40.661152, -73.889158], [40.66123, -73.889103], [40.661298, -73.889029], [40.661353, -73.888939], [40.661395, -73.888837], [40.661421, -73.888726], [40.661429, -73.88861], [40.661421, -73.888494], [40.661395, -73.888383], [40.661353, -73.888281], [40.661298, -73.888191], [40.66123, -73.888117], [40.661152, -73.888062], [40.661068, -73.888029], [40.66098, -73.888017], [40.660892, -73.888029], [40.660808, -73.888062], [40.66073, -73.888117], [40.660662, -73.888191], [40.660607, -73.888281], [40.660565, -73.888383], [40.660539, -73.888494], [40.660531, -73.88861], [40.660539, -73.888726]]"
9730a260-60e9-4d7f-9fe0-b82b8d0019a3,Review Warning Zone 787,40.66248,-73.8919,0.05,"[[40.662065, -73.892127], [40.662107, -73.892229], [40.662162, -73.892319], [40.66223, -73.892393], [40.662308, -73.892448], [40.662392, -73.892481], [40.66248, -73.892493], [40.662568, -73.892481], [40.662652, -73.892448], [40.66273, -73.892393], [40.662798, -73.892319], [40.662853, -73.892229], [40.662895, -73.892127], [40.662921, -73.892016], [40.662929, -73.8919], [40.662921, -73.891784], [40.662895, -73.891673], [40.662853, -73.891571], [40.662798, -73.891481], [40.66273, -73.891407], [40.662652, -73.891352], [40.662568, -73.891319], [40.66248, -73.891307], [40.662392, -73.891319], [40.662308, -73.891352], [40.66223, -73.891407], [40.662162, -73.891481], [40.662107, -73.891571], [40.662065, -73.891673], [40.662039, -73.891784], [40.662031, -73.8919], [40.662039, -73.892016]]"
2389ea35-f9d2-44bf-8973-9a1879daddba,Review Warning Zone 788,40.66293,-73.88369,0.05,"[[40.662515, -73.883917], [40.662557, -73.884019], [40.662612, -73.884109], [40.66268, -73.884183], [40.662758, -73.884238], [40.662842, -73.884271], [40.66293, -73.884283], [40.663018, -73.884271], [40.663102, -73.884238], [40.66318, -73.884183], [40.663248, -73.884109], [40.663303, -73.884019], [40.663345, -73.883917], [40.663371, -73.883806], [40.663379, -73.88369], [40.663371, -73.883574], [40.663345, -73.883463], [40.663303, -73.883361], [40.663248, -73.883271], [40.66318, -73.883197], [40.663102, -73.883142], [40.663018, -73.883109], [40.66293, -73.883097], [40.662842, -73.883109], [40.662758, -73.883142], [40.66268, -73.883197], [40.662612, -73.883271], [40.662557, -73.883361], [40.662515, -73.883463], [40.662489, -73.883574], [40.662481, -73.88369], [40.662489, -73.883806]]"
39b3fbc5-c3cb-44d1-914e-eac1eab67ad2,Review Warning Zone 789,40.66569,-73.888985,0.059,"[[40.665257, -73.889249], [40.665312, -73.889339], [40.66538, -73.889413], [40.665411, -73.889434], [40.665432, -73.889469], [40.6655, -73.889543], [40.665578, -73.889598], [40.665662, -73.889631], [40.66575, -73.889643], [40.665838, -73.889631], [40.665922, -73.889598], [40.666, -73.889543], [40.666068, -73.889469], [40.666123, -73.889379], [40.666165, -73.889277], [40.666191, -73.889166], [40.666199, -73.88905], [40.666191, -73.888934], [40.666165, -73.888823], [40.666123, -73.888721], [40.666068, -73.888631], [40.666, -73.888557], [40.665969, -73.888536], [40.665948, -73.888501], [40.66588, -73.888427], [40.665802, -73.888372], [40.665718, -73.888339], [40.66563, -73.888327], [40.665542, -73.888339], [40.665458, -73.888372], [40.66538, -73.888427], [40.665312, -73.888501], [40.665257, -73.888591], [40.665215, -73.888693], [40.665189, -73.888804], [40.665181, -73.88892], [40.665189, -73.889036], [40.665215, -73.889147]]"
d78670f3-7f3a-463a-a3d6-2022b68d7786,Review Warning Zone 790,40.66636,-73.88762,0.05,"[[40.665945, -73.887847], [40.665987, -73.887949], [40.666042, -73.888039], [40.66611, -73.888113], [40.666188, -73.888168], [40.666272, -73.888201], [40.66636, -73.888213], [40.666448, -73.888201], [40.666532, -73.888168], [40.66661, -73.888113], [40.666678, -73.888039], [40.666733, -73.887949], [40.666775, -73.887847], [40.666801, -73.887736], [40.666809, -73.88762], [40.666801, -73.887504], [40.666775, -73.887393], [40.666733, -73.887291], [40.666678, -73.887201], [40.66661, -73.887127], [40.666532, -73.887072], [40.666448, -73.887039], [40.66636, -73.887027], [40.666272, -73.887039], [40.666188, -73.887072], [40.66611, -73.887127], [40.666042, -73.887201], [40.665987, -73.887291], [40.665945, -73.887393], [40.665919, -73.887504], [40.665911, -73.88762], [40.665919, -73.887736]]"
9af864af-ff94-480f-8e00-a0e362df5910,Review Warning Zone 791,40.667135,-73.88964,0.094,"[[40.666617, -73.889479], [40.666672, -73.889569], [40.66674, -73.889643], [40.666818, -73.889698], [40.666902, -73.889731], [40.666946, -73.889737], [40.666907, -73.889801], [40.666865, -73.889903], [40.666839, -73.890014], [40.666831, -73.89013], [40.666839, -73.890246], [40.666865, -73.890357], [40.666907, -73.890459], [40.666962, -73.890549], [40.66703, -73.890623], [40.667108, -73.890678], [40.667192, -73.890711], [40.66728, -73.890723], [40.667368, -73.890711], [40.667452, -73.890678], [40.66753, -73.890623], [40.667598, -73.890549], [40.667653, -73.890459], [40.667695, -73.890357], [40.667721, -73.890246], [40.667729, -73.89013], [40.667721, -73.890014], [40.667695, -73.889903], [40.667653, -73.889801], [40.667598, -73.889711], [40.66753, -73.889637], [40.667452, -73.889582], [40.667368, -73.889549], [40.667324, -73.889543], [40.667363, -73.889479], [40.667405, -73.889377], [40.667431, -73.889266], [40.667439, -73.88915], [40.667431, -73.889034], [40.667405, -73.888923], [40.667363, -73.888821], [40.667308, -73.888731], [40.66724, -73.888657], [40.667162, -73.888602], [40.667078, -73.888569], [40.66699, -73.888557], [40.666902, -73.888569], [40.666818, -73.888602], [40.66674, -73.888657], [40.666672, -73.888731], [40.666617, -73.888821], [40.666575, -73.888923], [40.666549, -73.889034], [40.666541, -73.88915], [40.666549, -73.889266], [40.666575, -73.889377]]"
852e3690-35f1-44e3-b145-e4d2339d766d,Review Warning Zone 792,40.66712,-73.88691,0.05,"[[40.666747, -73.887239], [40.666802, -73.887329], [40.66687, -73.887403], [40.666948, -73.887458], [40.667032, -73.887491], [40.66712, -73.887503], [40.667208, -73.887491], [40.667292, -73.887458], [40.66737, -73.887403], [40.667438, -73.887329], [40.667493, -73.887239], [40.667535, -73.887137], [40.667561, -73.887026], [40.667569, -73.88691], [40.667561, -73.886794], [40.667535, -73.886683], [40.667493, -73.886581], [40.667438, -73.886491], [40.66737, -73.886417], [40.667292, -73.886362], [40.667208, -73.886329], [40.66712, -73.886317], [40.667032, -73.886329], [40.666948, -73.886362], [40.66687, -73.886417], [40.666802, -73.886491], [40.666747, -73.886581], [40.666705, -73.886683], [40.666679, -73.886794], [40.666671, -73.88691], [40.666679, -73.887026], [40.666705, -73.887137]]"
1410eb11-9a27-429d-9630-79ae2759a81d,Review Warning Zone 793,40.66791,-73.8843,0.05,"[[40.667537, -73.884629], [40.667592, -73.884719], [40.66766, -73.884793], [40.667738, -73.884848], [40.667822, -73.884881], [40.66791, -73.884893], [40.667998, -73.884881], [40.668082, -73.884848], [40.66816, -73.884793], [40.668228, -73.884719], [40.668283, -73.884629], [40.668325, -73.884527], [40.668351, -73.884416], [40.668359, -73.8843], [40.668351, -73.884184], [40.668325, -73.884073], [40.668283, -73.883971], [40.668228, -73.883881], [40.66816, -73.883807], [40.668082, -73.883752], [40.667998, -73.883719], [40.66791, -73.883707], [40.667822, -73.883719], [40.667738, -73.883752], [40.66766, -73.883807], [40.667592, -73.883881], [40.667537, -73.883971], [40.667495, -73.884073], [40.667469, -73.884184], [40.667461, -73.8843], [40.667469, -73.884416], [40.667495, -73.884527]]"
7afc5562-30ef-4e9a-bb04-2e40627497de,Review Warning Zone 794,40.669255,-73.883865,0.067,"[[40.668839, -73.883955], [40.668831, -73.88406], [40.668839, -73.884176], [40.668865, -73.884287], [40.668907, -73.884389], [40.668962, -73.884479], [40.66903, -73.884553], [40.669108, -73.884608], [40.669192, -73.884641], [40.66928, -73.884653], [40.669368, -73.884641], [40.669452, -73.884608], [40.66953, -73.884553], [40.669598, -73.884479], [40.669653, -73.884389], [40.669695, -73.884287], [40.669721, -73.884176], [40.669729, -73.88406], [40.669721, -73.883944], [40.669695, -73.883833], [40.669671, -73.883775], [40.669679, -73.88367], [40.669671, -73.883554], [40.669645, -73.883443], [40.669603, -73.883341], [40.669548, -73.883251], [40.66948, -73.883177], [40.669402, -73.883122], [40.669318, -73.883089], [40.66923, -73.883077], [40.669142, -73.883089], [40.669058, -73.883122], [40.66898, -73.883177], [40.668912, -73.883251], [40.668857, -73.883341], [40.668815, -73.883443], [40.668789, -73.883554], [40.668781, -73.88367], [40.668789, -73.883786], [40.668815, -73.883897]]"
8d7d484a-0206-4fb6-9edf-0c997999924e,Review Warning Zone 795,40.66928,-73.89383,0.05,"[[40.668865, -73.894057], [40.668907, -73.894159], [40.668962, -73.894249], [40.66903, -73.894323], [40.669108, -73.894378], [40.669192, -73.894411], [40.66928, -73.894423], [40.669368, -73.894411], [40.669452, -73.894378], [40.66953, -73.894323], [40.669598, -73.894249], [40.669653, -73.894159], [40.669695, -73.894057], [40.669721, -73.893946], [40.669729, -73.89383], [40.669721, -73.893714], [40.669695, -73.893603], [40.669653, -73.893501], [40.669598, -73.893411], [40.66953, -73.893337], [40.669452, -73.893282], [40.669368, -73.893249], [40.66928, -73.893237], [40.669192, -73.893249], [40.669108, -73.893282], [40.66903, -73.893337], [40.668962, -73.893411], [40.668907, -73.893501], [40.668865, -73.893603], [40.668839, -73.893714], [40.668831, -73.89383], [40.668839, -73.893946]]"
d39cd84d-4a31-4d6d-800d-d248f72d0a15,Review Warning Zone 796,40.669732,-73.877172,0.152,"[[40.669005, -73.876267], [40.669047, -73.876369], [40.669102, -73.876459], [40.66917, -73.876533], [40.669248, -73.876588], [40.669332, -73.876621], [40.66942, -73.876633], [40.669442, -73.87663], [40.669422, -73.876651], [40.669367, -73.876741], [40.669325, -73.876843], [40.669299, -73.876954], [40.669291, -73.87707], [40.669299, -73.877186], [40.669325, -73.877297], [40.669367, -73.877399], [40.669376, -73.877415], [40.669369, -73.877444], [40.669361, -73.87756], [40.669369, -73.877676], [40.669395, -73.877787], [40.669437, -73.877889], [40.669492, -73.877979], [40.66956, -73.878053], [40.669595, -73.878077], [40.669579, -73.878144], [40.669571, -73.87826], [40.669579, -73.878376], [40.669605, -73.878487], [40.669647, -73.878589], [40.669702, -73.878679], [40.66977, -73.878753], [40.669848, -73.878808], [40.669932, -73.878841], [40.67002, -73.878853], [40.670108, -73.878841], [40.670192, -73.878808], [40.67027, -73.878753], [40.670338, -73.878679], [40.670393, -73.878589], [40.670435, -73.878487], [40.670461, -73.878376], [40.670469, -73.87826], [40.670461, -73.878144], [40.670435, -73.878033], [40.670393, -73.877931], [40.670338, -73.877841], [40.67027, -73.877767], [40.670235, -73.877743], [40.670251, -73.877676], [40.670259, -73.87756], [40.670251, -73.877444], [40.670225, -73.877333], [40.670183, -73.877231], [40.670174, -73.877215], [40.670181, -73.877186], [40.670189, -73.87707], [40.670181, -73.876954], [40.670155, -73.876843], [40.670113, -73.876741], [40.670058, -73.876651], [40.66999, -73.876577], [40.669912, -73.876522], [40.669828, -73.876489], [40.66974, -73.876477], [40.669718, -73.87648], [40.669738, -73.876459], [40.669793, -73.876369], [40.669835, -73.876267], [40.669861, -73.876156], [40.669869, -73.87604], [40.669861, -73.875924], [40.669835, -73.875813], [40.669793, -73.875711], [40.669738, -73.875621], [40.66967, -73.875547], [40.669592, -73.875492], [40.669508, -73.875459], [40.66942, -73.875447], [40.669332, -73.875459], [40.669248, -73.875492], [40.66917, -73.875547], [40.669102, -73.875621], [40.669047, -73.875711], [40.669005, -73.875813], [40.668979, -73.875924], [40.668971, -73.87604], [40.668979, -73.876156]]"
b249e256-4c9a-498d-97f5-d7f9497fc949,Review Warning Zone 797,40.66958,-73.88896,0.05,"[[40.669207, -73.889289], [40.669262, -73.889379], [40.66933, -73.889453], [40.669408, -73.889508], [40.669492, -73.889541], [40.66958, -73.889553], [40.669668, -73.889541], [40.669752, -73.889508], [40.66983, -73.889453], [40.669898, -73.889379], [40.669953, -73.889289], [40.669995, -73.889187], [40.670021, -73.889076], [40.670029, -73.88896], [40.670021, -73.888844], [40.669995, -73.888733], [40.669953, -73.888631], [40.669898, -73.888541], [40.66983, -73.888467], [40.669752, -73.888412], [40.669668, -73.888379], [40.66958, -73.888367], [40.669492, -73.888379], [40.669408, -73.888412], [40.66933, -73.888467], [40.669262, -73.888541], [40.669207, -73.888631], [40.669165, -73.888733], [40.669139, -73.888844], [40.669131, -73.88896], [40.669139, -73.889076], [40.669165, -73.889187]]"
bfef128f-1f27-42b5-85d2-2e89eac1146a,Review Warning Zone 798,40.67113,-73.87114,0.05,"[[40.670715, -73.871367], [40.670757, -73.871469], [40.670812, -73.871559], [40.67088, -73.871633], [40.670958, -73.871688], [40.671042, -73.871721], [40.67113, -73.871733], [40.671218, -73.871721], [40.671302, -73.871688], [40.67138, -73.871633], [40.671448, -73.871559], [40.671503, -73.871469], [40.671545, -73.871367], [40.671571, -73.871256], [40.671579, -73.87114], [40.671571, -73.871024], [40.671545, -73.870913], [40.671503, -73.870811], [40.671448, -73.870721], [40.67138, -73.870647], [40.671302, -73.870592], [40.671218, -73.870559], [40.67113, -73.870547], [40.671042, -73.870559], [40.670958, -73.870592], [40.67088, -73.870647], [40.670812, -73.870721], [40.670757, -73.870811], [40.670715, -73.870913], [40.670689, -73.871024], [40.670681, -73.87114], [40.670689, -73.871256]]"
7a957679-6236-49d2-bb5a-e6293e84ba3a,Review Warning Zone 799,40.671506,-73.878517,0.131,"[[40.67092, -73.879863], [40.670998, -73.879918], [40.671082, -73.879951], [40.67117, -73.879963], [40.671258, -73.879951], [40.671342, -73.879918], [40.67142, -73.879863], [40.671488, -73.879789], [40.671543, -73.879699], [40.671585, -73.879597], [40.671611, -73.879486], [40.671619, -73.87937], [40.671611, -73.879254], [40.671585, -73.879143], [40.671576, -73.879122], [40.67159, -73.879113], [40.671658, -73.879039], [40.671713, -73.878949], [40.671741, -73.878881], [40.671752, -73.878899], [40.67182, -73.878973], [40.671898, -73.879028], [40.671982, -73.879061], [40.67207, -73.879073], [40.672158, -73.879061], [40.672242, -73.879028], [40.67232, -73.878973], [40.672388, -73.878899], [40.672443, -73.878809], [40.672485, -73.878707], [40.672511, -73.878596], [40.672519, -73.87848], [40.672511, -73.878364], [40.672485, -73.878253], [40.672443, -73.878151], [40.672388, -73.878061], [40.67232, -73.877987], [40.672242, -73.877932], [40.672158, -73.877899], [40.67207, -73.877887], [40.671982, -73.877899], [40.671898, -73.877932], [40.67182, -73.877987], [40.671752, -73.878061], [40.671697, -73.878151], [40.671669, -73.878219], [40.671658, -73.878201], [40.671629, -73.87817], [40.67164, -73.878163], [40.671708, -73.878089], [40.671763, -73.877999], [40.671805, -73.877897], [40.671831, -73.877786], [40.671839, -73.87767], [40.671831, -73.877554], [40.671805, -73.877443], [40.671763, -73.877341], [40.671708, -73.877251], [40.67164, -73.877177], [40.671562, -73.877122], [40.671478, -73.877089], [40.67139, -73.877077], [40.671302, -73.877089], [40.671218, -73.877122], [40.67114, -73.877177], [40.671072, -73.877251], [40.671017, -73.877341], [40.670975, -73.877443], [40.670949, -73.877554], [40.670941, -73.87767], [40.670949, -73.877786], [40.670975, -73.877897], [40.671017, -73.877999], [40.671072, -73.878089], [40.671101, -73.87812], [40.67109, -73.878127], [40.671022, -73.878201], [40.670967, -73.878291], [40.670925, -73.878393], [40.670899, -73.878504], [40.670891, -73.87862], [40.670899, -73.878736], [40.670925, -73.878847], [40.670934, -73.878868], [40.67092, -73.878877], [40.670852, -73.878951], [40.670797, -73.879041], [40.670755, -73.879143], [40.670729, -73.879254], [40.670721, -73.87937], [40.670729, -73.879486], [40.670755, -73.879597], [40.670797, -73.879699], [40.670852, -73.879789]]"
11880908-99ee-4d6b-a137-88162ad19303,Review Warning Zone 800,40.67256,-73.86919,0.05,"[[40.672145, -73.869417], [40.672187, -73.869519], [40.672242, -73.869609], [40.67231, -73.869683], [40.672388, -73.869738], [40.672472, -73.869771], [40.67256, -73.869783], [40.672648, -73.869771], [40.672732, -73.869738], [40.67281, -73.869683], [40.672878, -73.869609], [40.672933, -73.869519], [40.672975, -73.869417], [40.673001, -73.869306], [40.673009, -73.86919], [40.673001, -73.869074], [40.672975, -73.868963], [40.672933, -73.868861], [40.672878, -73.868771], [40.67281, -73.868697], [40.672732, -73.868642], [40.672648, -73.868609], [40.67256, -73.868597], [40.672472, -73.868609], [40.672388, -73.868642], [40.67231, -73.868697], [40.672242, -73.868771], [40.672187, -73.868861], [40.672145, -73.868963], [40.672119, -73.869074], [40.672111, -73.86919], [40.672119, -73.869306]]"
cb718397-f387-4563-b7db-0f1822d93917,Review Warning Zone 801,40.67306,-73.887,0.05,"[[40.672687, -73.887329], [40.672742, -73.887419], [40.67281, -73.887493], [40.672888, -73.887548], [40.672972, -73.887581], [40.67306, -73.887593], [40.673148, -73.887581], [40.673232, -73.887548], [40.67331, -73.887493], [40.673378, -73.887419], [40.673433, -73.887329], [40.673475, -73.887227], [40.673501, -73.887116], [40.673509, -73.887], [40.673501, -73.886884], [40.673475, -73.886773], [40.673433, -73.886671], [40.673378, -73.886581], [40.67331, -73.886507], [40.673232, -73.886452], [40.673148, -73.886419], [40.67306, -73.886407], [40.672972, -73.886419], [40.672888, -73.886452], [40.67281, -73.886507], [40.672742, -73.886581], [40.672687, -73.886671], [40.672645, -73.886773], [40.672619, -73.886884], [40.672611, -73.887], [40.672619, -73.887116], [40.672645, -73.887227]]"
f4f0d2bb-e355-44fc-94fa-dcd88156a96a,Review Warning Zone 802,40.67369,-73.872735,0.077,"[[40.673087, -73.872959], [40.673142, -73.873049], [40.67321, -73.873123], [40.673288, -73.873178], [40.673372, -73.873211], [40.67346, -73.873223], [40.673548, -73.873211], [40.673568, -73.873203], [40.673602, -73.873259], [40.67367, -73.873333], [40.673748, -73.873388], [40.673832, -73.873421], [40.67392, -73.873433], [40.674008, -73.873421], [40.674092, -73.873388], [40.67417, -73.873333], [40.674238, -73.873259], [40.674293, -73.873169], [40.674335, -73.873067], [40.674361, -73.872956], [40.674369, -73.87284], [40.674361, -73.872724], [40.674335, -73.872613], [40.674293, -73.872511], [40.674238, -73.872421], [40.67417, -73.872347], [40.674092, -73.872292], [40.674008, -73.872259], [40.67392, -73.872247], [40.673832, -73.872259], [40.673812, -73.872267], [40.673778, -73.872211], [40.67371, -73.872137], [40.673632, -73.872082], [40.673548, -73.872049], [40.67346, -73.872037], [40.673372, -73.872049], [40.673288, -73.872082], [40.67321, -73.872137], [40.673142, -73.872211], [40.673087, -73.872301], [40.673045, -73.872403], [40.673019, -73.872514], [40.673011, -73.87263], [40.673019, -73.872746], [40.673045, -73.872857]]"
e452f6a0-8340-47f0-9ac0-4f09cd6822d2,Review Warning Zone 803,40.67379,-73.87445,0.05,"[[40.673375, -73.874677], [40.673417, -73.874779], [40.673472, -73.874869], [40.67354, -73.874943], [40.673618, -73.874998], [40.673702, -73.875031], [40.67379, -73.875043], [40.673878, -73.875031], [40.673962, -73.874998], [40.67404, -73.874943], [40.674108, -73.874869], [40.674163, -73.874779], [40.674205, -73.874677], [40.674231, -73.874566], [40.674239, -73.87445], [40.674231, -73.874334], [40.674205, -73.874223], [40.674163, -73.874121], [40.674108, -73.874031], [40.67404, -73.873957], [40.673962, -73.873902], [40.673878, -73.873869], [40.67379, -73.873857], [40.673702, -73.873869], [40.673618, -73.873902], [40.67354, -73.873957], [40.673472, -73.874031], [40.673417, -73.874121], [40.673375, -73.874223], [40.673349, -73.874334], [40.673341, -73.87445], [40.673349, -73.874566]]"
5332bd0a-dc69-41b4-8411-423448d23820,Review Warning Zone 804,40.67391,-73.89394,0.05,"[[40.673495, -73.894167], [40.673537, -73.894269], [40.673592, -73.894359], [40.67366, -73.894433], [40.673738, -73.894488], [40.673822, -73.894521], [40.67391, -73.894533], [40.673998, -73.894521], [40.674082, -73.894488], [40.67416, -73.894433], [40.674228, -73.894359], [40.674283, -73.894269], [40.674325, -73.894167], [40.674351, -73.894056], [40.674359, -73.89394], [40.674351, -73.893824], [40.674325, -73.893713], [40.674283, -73.893611], [40.674228, -73.893521], [40.67416, -73.893447], [40.674082, -73.893392], [40.673998, -73.893359], [40.67391, -73.893347], [40.673822, -73.893359], [40.673738, -73.893392], [40.67366, -73.893447], [40.673592, -73.893521], [40.673537, -73.893611], [40.673495, -73.893713], [40.673469, -73.893824], [40.673461, -73.89394], [40.673469, -73.894056]]"
cafa324b-fb99-4644-8f4e-ac5c65af3e59,Review Warning Zone 805,40.67496,-73.87161,0.05,"[[40.674587, -73.871939], [40.674642, -73.872029], [40.67471, -73.872103], [40.674788, -73.872158], [40.674872, -73.872191], [40.67496, -73.872203], [40.675048, -73.872191], [40.675132, -73.872158], [40.67521, -73.872103], [40.675278, -73.872029], [40.675333, -73.871939], [40.675375, -73.871837], [40.675401, -73.871726], [40.675409, -73.87161], [40.675401, -73.871494], [40.675375, -73.871383], [40.675333, -73.871281], [40.675278, -73.871191], [40.67521, -73.871117], [40.675132, -73.871062], [40.675048, -73.871029], [40.67496, -73.871017], [40.674872, -73.871029], [40.674788, -73.871062], [40.67471, -73.871117], [40.674642, -73.871191], [40.674587, -73.871281], [40.674545, -73.871383], [40.674519, -73.871494], [40.674511, -73.87161], [40.674519, -73.871726], [40.674545, -73.871837]]"
43fcc005-4cd3-47a2-8bd2-2665f409057b,Review Warning Zone 806,40.675507,-73.890088,0.111,"[[40.674987, -73.889719], [40.675042, -73.889809], [40.67511, -73.889883], [40.675188, -73.889938], [40.675214, -73.889948], [40.675175, -73.890043], [40.675149, -73.890154], [40.675141, -73.89027], [40.675149, -73.890386], [40.675175, -73.890497], [40.675196, -73.89055], [40.675195, -73.890553], [40.675169, -73.890664], [40.675161, -73.89078], [40.675169, -73.890896], [40.675195, -73.891007], [40.675237, -73.891109], [40.675292, -73.891199], [40.67536, -73.891273], [40.675438, -73.891328], [40.675522, -73.891361], [40.67561, -73.891373], [40.675698, -73.891361], [40.675782, -73.891328], [40.67586, -73.891273], [40.675928, -73.891199], [40.675983, -73.891109], [40.676025, -73.891007], [40.676051, -73.890896], [40.676059, -73.89078], [40.676051, -73.890664], [40.676025, -73.890553], [40.676004, -73.8905], [40.676005, -73.890497], [40.676031, -73.890386], [40.676039, -73.89027], [40.676031, -73.890154], [40.676005, -73.890043], [40.675963, -73.889941], [40.675908, -73.889851], [40.67584, -73.889777], [40.675762, -73.889722], [40.675736, -73.889712], [40.675775, -73.889617], [40.675801, -73.889506], [40.675809, -73.88939], [40.675801, -73.889274], [40.675775, -73.889163], [40.675733, -73.889061], [40.675678, -73.888971], [40.67561, -73.888897], [40.675532, -73.888842], [40.675448, -73.888809], [40.67536, -73.888797], [40.675272, -73.888809], [40.675188, -73.888842], [40.67511, -73.888897], [40.675042, -73.888971], [40.674987, -73.889061], [40.674945, -73.889163], [40.674919, -73.889274], [40.674911, -73.88939], [40.674919, -73.889506], [40.674945, -73.889617]]"
3c758349-9668-492d-bd32-870de980f009,Review Warning Zone 807,40.675731,-73.878815,0.112,"[[40.675162, -73.879229], [40.67523, -73.879303], [40.675308, -73.879358], [40.675392, -73.879391], [40.675412, -73.879394], [40.675419, -73.879496], [40.675445, -73.879607], [40.675487, -73.879709], [40.675542, -73.879799], [40.67561, -73.879873], [40.675688, -73.879928], [40.675772, -73.879961], [40.67586, -73.879973], [40.675948, -73.879961], [40.67601, -73.879936], [40.67606, -73.879943], [40.676148, -73.879931], [40.676232, -73.879898], [40.67631, -73.879843], [40.676378, -73.879769], [40.676433, -73.879679], [40.676475, -73.879577], [40.676501, -73.879466], [40.676509, -73.87935], [40.676501, -73.879234], [40.676475, -73.879123], [40.676433, -73.879021], [40.676378, -73.878931], [40.67631, -73.878857], [40.676232, -73.878802], [40.676148, -73.878769], [40.67606, -73.878757], [40.675972, -73.878769], [40.675927, -73.878787], [40.675921, -73.878694], [40.675895, -73.878583], [40.67589, -73.878571], [40.675948, -73.878509], [40.676003, -73.878419], [40.676045, -73.878317], [40.676071, -73.878206], [40.676079, -73.87809], [40.676071, -73.877974], [40.676045, -73.877863], [40.676003, -73.877761], [40.675948, -73.877671], [40.67588, -73.877597], [40.675802, -73.877542], [40.675718, -73.877509], [40.67563, -73.877497], [40.675542, -73.877509], [40.675458, -73.877542], [40.67538, -73.877597], [40.675312, -73.877671], [40.675257, -73.877761], [40.675215, -73.877863], [40.675189, -73.877974], [40.675181, -73.87809], [40.675189, -73.878206], [40.675215, -73.878317], [40.67522, -73.878329], [40.675162, -73.878391], [40.675107, -73.878481], [40.675065, -73.878583], [40.675039, -73.878694], [40.675031, -73.87881], [40.675039, -73.878926], [40.675065, -73.879037], [40.675107, -73.879139]]"
325a243e-1b71-4e97-8527-6c62e9cf47c9,Review Warning Zone 808,40.67644,-73.88715,0.05,"[[40.676025, -73.887377], [40.676067, -73.887479], [40.676122, -73.887569], [40.67619, -73.887643], [40.676268, -73.887698], [40.676352, -73.887731], [40.67644, -73.887743], [40.676528, -73.887731], [40.676612, -73.887698], [40.67669, -73.887643], [40.676758, -73.887569], [40.676813, -73.887479], [40.676855, -73.887377], [40.676881, -73.887266], [40.676889, -73.88715], [40.676881, -73.887034], [40.676855, -73.886923], [40.676813, -73.886821], [40.676758, -73.886731], [40.67669, -73.886657], [40.676612, -73.886602], [40.676528, -73.886569], [40.67644, -73.886557], [40.676352, -73.886569], [40.676268, -73.886602], [40.67619, -73.886657], [40.676122, -73.886731], [40.676067, -73.886821], [40.676025, -73.886923], [40.675999, -73.887034], [40.675991, -73.88715], [40.675999, -73.887266]]"
b3917e84-25e2-4202-83ef-d904f21a3733,Review Warning Zone 809,40.67863,-73.88347,0.05,"[[40.678215, -73.883697], [40.678257, -73.883799], [40.678312, -73.883889], [40.67838, -73.883963], [40.678458, -73.884018], [40.678542, -73.884051], [40.67863, -73.884063], [40.678718, -73.884051], [40.678802, -73.884018], [40.67888, -73.883963], [40.678948, -73.883889], [40.679003, -73.883799], [40.679045, -73.883697], [40.679071, -73.883586], [40.679079, -73.88347], [40.679071, -73.883354], [40.679045, -73.883243], [40.679003, -73.883141], [40.678948, -73.883051], [40.67888, -73.882977], [40.678802, -73.882922], [40.678718, -73.882889], [40.67863, -73.882877], [40.678542, -73.882889], [40.678458, -73.882922], [40.67838, -73.882977], [40.678312, -73.883051], [40.678257, -73.883141], [40.678215, -73.883243], [40.678189, -73.883354], [40.678181, -73.88347], [40.678189, -73.883586]]"
bf5b82e4-18fd-4b69-a625-c18c494eaa09,Review Warning Zone 810,40.67888,-73.89025,0.05,"[[40.678507, -73.890579], [40.678562, -73.890669], [40.67863, -73.890743], [40.678708, -73.890798], [40.678792, -73.890831], [40.67888, -73.890843], [40.678968, -73.890831], [40.679052, -73.890798], [40.67913, -73.890743], [40.679198, -73.890669], [40.679253, -73.890579], [40.679295, -73.890477], [40.679321, -73.890366], [40.679329, -73.89025], [40.679321, -73.890134], [40.679295, -73.890023], [40.679253, -73.889921], [40.679198, -73.889831], [40.67913, -73.889757], [40.679052, -73.889702], [40.678968, -73.889669], [40.67888, -73.889657], [40.678792, -73.889669], [40.678708, -73.889702], [40.67863, -73.889757], [40.678562, -73.889831], [40.678507, -73.889921], [40.678465, -73.890023], [40.678439, -73.890134], [40.678431, -73.89025], [40.678439, -73.890366], [40.678465, -73.890477]]"
f7becaef-3304-40c5-b385-66b746c60c17,Review Warning Zone 811,40.68144,-73.89083,0.05,"[[40.681067, -73.891159], [40.681122, -73.891249], [40.68119, -73.891323], [40.681268, -73.891378], [40.681352, -73.891411], [40.68144, -73.891423], [40.681528, -73.891411], [40.681612, -73.891378], [40.68169, -73.891323], [40.681758, -73.891249], [40.681813, -73.891159], [40.681855, -73.891057], [40.681881, -73.890946], [40.681889, -73.89083], [40.681881, -73.890714], [40.681855, -73.890603], [40.681813, -73.890501], [40.681758, -73.890411], [40.68169, -73.890337], [40.681612, -73.890282], [40.681528, -73.890249], [40.68144, -73.890237], [40.681352, -73.890249], [40.681268, -73.890282], [40.68119, -73.890337], [40.681122, -73.890411], [40.681067, -73.890501], [40.681025, -73.890603], [40.680999, -73.890714], [40.680991, -73.89083], [40.680999, -73.890946], [40.681025, -73.891057]]"
9a2ffb79-77a1-41e5-a165-3ccbb47bad51,Review Warning Zone 812,40.68307,-73.89141,0.05,"[[40.682655, -73.891637], [40.682697, -73.891739], [40.682752, -73.891829], [40.68282, -73.891903], [40.682898, -73.891958], [40.682982, -73.891991], [40.68307, -73.892003], [40.683158, -73.891991], [40.683242, -73.891958], [40.68332, -73.891903], [40.683388, -73.891829], [40.683443, -73.891739], [40.683485, -73.891637], [40.683511, -73.891526], [40.683519, -73.89141], [40.683511, -73.891294], [40.683485, -73.891183], [40.683443, -73.891081], [40.683388, -73.890991], [40.68332, -73.890917], [40.683242, -73.890862], [40.683158, -73.890829], [40.68307, -73.890817], [40.682982, -73.890829], [40.682898, -73.890862], [40.68282, -73.890917], [40.682752, -73.890991], [40.682697, -73.891081], [40.682655, -73.891183], [40.682629, -73.891294], [40.682621, -73.89141], [40.682629, -73.891526]]"
9c759c9b-4bde-4355-b3bd-2700ae0365a2,Review Warning Zone 813,40.68398,-73.874,0.05,"[[40.683565, -73.874227], [40.683607, -73.874329], [40.683662, -73.874419], [40.68373, -73.874493], [40.683808, -73.874548], [40.683892, -73.874581], [40.68398, -73.874593], [40.684068, -73.874581], [40.684152, -73.874548], [40.68423, -73.874493], [40.684298, -73.874419], [40.684353, -73.874329], [40.684395, -73.874227], [40.684421, -73.874116], [40.684429, -73.874], [40.684421, -73.873884], [40.684395, -73.873773], [40.684353, -73.873671], [40.684298, -73.873581], [40.68423, -73.873507], [40.684152, -73.873452], [40.684068, -73.873419], [40.68398, -73.873407], [40.683892, -73.873419], [40.683808, -73.873452], [40.68373, -73.873507], [40.683662, -73.873581], [40.683607, -73.873671], [40.683565, -73.873773], [40.683539, -73.873884], [40.683531, -73.874], [40.683539, -73.874116]]"
b7a1f704-9bd4-4327-8f17-b3db09cd7eba,Review Warning Zone 814,40.68454,-73.8686,0.05,"[[40.684125, -73.868827], [40.684167, -73.868929], [40.684222, -73.869019], [40.68429, -73.869093], [40.684368, -73.869148], [40.684452, -73.869181], [40.68454, -73.869193], [40.684628, -73.869181], [40.684712, -73.869148], [40.68479, -73.869093], [40.684858, -73.869019], [40.684913, -73.868929], [40.684955, -73.868827], [40.684981, -73.868716], [40.684989, -73.8686], [40.684981, -73.868484], [40.684955, -73.868373], [40.684913, -73.868271], [40.684858, -73.868181], [40.68479, -73.868107], [40.684712, -73.868052], [40.684628, -73.868019], [40.68454, -73.868007], [40.684452, -73.868019], [40.684368, -73.868052], [40.68429, -73.868107], [40.684222, -73.868181], [40.684167, -73.868271], [40.684125, -73.868373], [40.684099, -73.868484], [40.684091, -73.8686], [40.684099, -73.868716]]"
63e014e8-0305-49bc-a79c-77aeb548b20d,Review Warning Zone 815,40.68568,-73.87253,0.05,"[[40.685307, -73.872859], [40.685362, -73.872949], [40.68543, -73.873023], [40.685508, -73.873078], [40.685592, -73.873111], [40.68568, -73.873123], [40.685768, -73.873111], [40.685852, -73.873078], [40.68593, -73.873023], [40.685998, -73.872949], [40.686053, -73.872859], [40.686095, -73.872757], [40.686121, -73.872646], [40.686129, -73.87253], [40.686121, -73.872414], [40.686095, -73.872303], [40.686053, -73.872201], [40.685998, -73.872111], [40.68593, -73.872037], [40.685852, -73.871982], [40.685768, -73.871949], [40.68568, -73.871937], [40.685592, -73.871949], [40.685508, -73.871982], [40.68543, -73.872037], [40.685362, -73.872111], [40.685307, -73.872201], [40.685265, -73.872303], [40.685239, -73.872414], [40.685231, -73.87253], [40.685239, -73.872646], [40.685265, -73.872757]]"
a94ae321-e852-4170-9e3a-e4aed49c4ea7,Review Warning Zone 816,40.68776,-73.87038,0.05,"[[40.687387, -73.870709], [40.687442, -73.870799], [40.68751, -73.870873], [40.687588, -73.870928], [40.687672, -73.870961], [40.68776, -73.870973], [40.687848, -73.870961], [40.687932, -73.870928], [40.68801, -73.870873], [40.688078, -73.870799], [40.688133, -73.870709], [40.688175, -73.870607], [40.688201, -73.870496], [40.688209, -73.87038], [40.688201, -73.870264], [40.688175, -73.870153], [40.688133, -73.870051], [40.688078, -73.869961], [40.68801, -73.869887], [40.687932, -73.869832], [40.687848, -73.869799], [40.68776, -73.869787], [40.687672, -73.869799], [40.687588, -73.869832], [40.68751, -73.869887], [40.687442, -73.869961], [40.687387, -73.870051], [40.687345, -73.870153], [40.687319, -73.870264], [40.687311, -73.87038], [40.687319, -73.870496], [40.687345, -73.870607]]"
85254c1d-1176-4b26-9446-8b3b4fa47a63,Review Warning Zone 817,40.68779,-73.86484,0.05,"[[40.687375, -73.865067], [40.687417, -73.865169], [40.687472, -73.865259], [40.68754, -73.865333], [40.687618, -73.865388], [40.687702, -73.865421], [40.68779, -73.865433], [40.687878, -73.865421], [40.687962, -73.865388], [40.68804, -73.865333], [40.688108, -73.865259], [40.688163, -73.865169], [40.688205, -73.865067], [40.688231, -73.864956], [40.688239, -73.86484], [40.688231, -73.864724], [40.688205, -73.864613], [40.688163, -73.864511], [40.688108, -73.864421], [40.68804, -73.864347], [40.687962, -73.864292], [40.687878, -73.864259], [40.68779, -73.864247], [40.687702, -73.864259], [40.687618, -73.864292], [40.68754, -73.864347], [40.687472, -73.864421], [40.687417, -73.864511], [40.687375, -73.864613], [40.687349, -73.864724], [40.687341, -73.86484], [40.687349, -73.864956]]"
9511c33c-f33e-430e-a43b-45b895f2b3ad,Review Warning Zone 818,40.689287,-73.87051,0.072,"[[40.688717, -73.870879], [40.688772, -73.870969], [40.68884, -73.871043], [40.688918, -73.871098], [40.689002, -73.871131], [40.68909, -73.871143], [40.689178, -73.871131], [40.689262, -73.871098], [40.68934, -73.871043], [40.689348, -73.871033], [40.689396, -73.871052], [40.689484, -73.871064], [40.689572, -73.871052], [40.689656, -73.871019], [40.689734, -73.870964], [40.689802, -73.87089], [40.689857, -73.8708], [40.689899, -73.870698], [40.689925, -73.870587], [40.689933, -73.870471], [40.689925, -73.870355], [40.689899, -73.870244], [40.689857, -73.870142], [40.689802, -73.870052], [40.689734, -73.869978], [40.689656, -73.869923], [40.689572, -73.86989], [40.689484, -73.869878], [40.689396, -73.86989], [40.689312, -73.869923], [40.689234, -73.869978], [40.689226, -73.869988], [40.689178, -73.869969], [40.68909, -73.869957], [40.689002, -73.869969], [40.688918, -73.870002], [40.68884, -73.870057], [40.688772, -73.870131], [40.688717, -73.870221], [40.688675, -73.870323], [40.688649, -73.870434], [40.688641, -73.87055], [40.688649, -73.870666], [40.688675, -73.870777]]"
c48641e1-0242-4fb0-86cb-270ec9e2ec9d,Review Warning Zone 819,40.69204,-73.86595,0.05,"[[40.691625, -73.866177], [40.691667, -73.866279], [40.691722, -73.866369], [40.69179, -73.866443], [40.691868, -73.866498], [40.691952, -73.866531], [40.69204, -73.866543], [40.692128, -73.866531], [40.692212, -73.866498], [40.69229, -73.866443], [40.692358, -73.866369], [40.692413, -73.866279], [40.692455, -73.866177], [40.692481, -73.866066], [40.692489, -73.86595], [40.692481, -73.865834], [40.692455, -73.865723], [40.692413, -73.865621], [40.692358, -73.865531], [40.69229, -73.865457], [40.692212, -73.865402], [40.692128, -73.865369], [40.69204, -73.865357], [40.691952, -73.865369], [40.691868, -73.865402], [40.69179, -73.865457], [40.691722, -73.865531], [40.691667, -73.865621], [40.691625, -73.865723], [40.691599, -73.865834], [40.691591, -73.86595], [40.691599, -73.866066]]"
d0e61d9a-c9ce-4efc-a18b-7828ee940a23,Review Warning Zone 820,40.70329,-73.89344,0.05,"[[40.702917, -73.893769], [40.702972, -73.893859], [40.70304, -73.893933], [40.703118, -73.893988], [40.703202, -73.894021], [40.70329, -73.894033], [40.703378, -73.894021], [40.703462, -73.893988], [40.70354, -73.893933], [40.703608, -73.893859], [40.703663, -73.893769], [40.703705, -73.893667], [40.703731, -73.893556], [40.703739, -73.89344], [40.703731, -73.893324], [40.703705, -73.893213], [40.703663, -73.893111], [40.703608, -73.893021], [40.70354, -73.892947], [40.703462, -73.892892], [40.703378, -73.892859], [40.70329, -73.892847], [40.703202, -73.892859], [40.703118, -73.892892], [40.70304, -73.892947], [40.702972, -73.893021], [40.702917, -73.893111], [40.702875, -73.893213], [40.702849, -73.893324], [40.702841, -73.89344], [40.702849, -73.893556], [40.702875, -73.893667]]"
19192a80-1de3-4203-a504-227510019ec6,Review Warning Zone 821,40.7198,-73.85915,0.05,"[[40.719427, -73.859479], [40.719482, -73.859569], [40.71955, -73.859643], [40.719628, -73.859698], [40.719712, -73.859731], [40.7198, -73.859743], [40.719888, -73.859731], [40.719972, -73.859698], [40.72005, -73.859643], [40.720118, -73.859569], [40.720173, -73.859479], [40.720215, -73.859377], [40.720241, -73.859266], [40.720249, -73.85915], [40.720241, -73.859034], [40.720215, -73.858923], [40.720173, -73.858821], [40.720118, -73.858731], [40.72005, -73.858657], [40.719972, -73.858602], [40.719888, -73.858569], [40.7198, -73.858557], [40.719712, -73.858569], [40.719628, -73.858602], [40.71955, -73.858657], [40.719482, -73.858731], [40.719427, -73.858821], [40.719385, -73.858923], [40.719359, -73.859034], [40.719351, -73.85915], [40.719359, -73.859266], [40.719385, -73.859377]]"
2b3d3238-cba3-4552-91f1-cab85b858c00,Review Warning Zone 822,40.73538,-73.87935,0.05,"[[40.734965, -73.879577], [40.735007, -73.879679], [40.735062, -73.879769], [40.73513, -73.879843], [40.735208, -73.879898], [40.735292, -73.879931], [40.73538, -73.879943], [40.735468, -73.879931], [40.735552, -73.879898], [40.73563, -73.879843], [40.735698, -73.879769], [40.735753, -73.879679], [40.735795, -73.879577], [40.735821, -73.879466], [40.735829, -73.87935], [40.735821, -73.879234], [40.735795, -73.879123], [40.735753, -73.879021], [40.735698, -73.878931], [40.73563, -73.878857], [40.735552, -73.878802], [40.735468, -73.878769], [40.73538, -73.878757], [40.735292, -73.878769], [40.735208, -73.878802], [40.73513, -73.878857], [40.735062, -73.878931], [40.735007, -73.879021], [40.734965, -73.879123], [40.734939, -73.879234], [40.734931, -73.87935], [40.734939, -73.879466]]"
de2fb022-ec5b-414a-939b-4c3cada4af45,Review Warning Zone 823,40.73717,-73.86495,0.05,"[[40.736755, -73.865177], [40.736797, -73.865279], [40.736852, -73.865369], [40.73692, -73.865443], [40.736998, -73.865498], [40.737082, -73.865531], [40.73717, -73.865543], [40.737258, -73.865531], [40.737342, -73.865498], [40.73742, -73.865443], [40.737488, -73.865369], [40.737543, -73.865279], [40.737585, -73.865177], [40.737611, -73.865066], [40.737619, -73.86495], [40.737611, -73.864834], [40.737585, -73.864723], [40.737543, -73.864621], [40.737488, -73.864531], [40.73742, -73.864457], [40.737342, -73.864402], [40.737258, -73.864369], [40.73717, -73.864357], [40.737082, -73.864369], [40.736998, -73.864402], [40.73692, -73.864457], [40.736852, -73.864531], [40.736797, -73.864621], [40.736755, -73.864723], [40.736729, -73.864834], [40.736721, -73.86495], [40.736729, -73.865066]]"
da5c37c2-5764-4294-bad9-416310f09667,Review Warning Zone 824,40.7375,-73.88446,0.05,"[[40.737085, -73.884687], [40.737127, -73.884789], [40.737182, -73.884879], [40.73725, -73.884953], [40.737328, -73.885008], [40.737412, -73.885041], [40.7375, -73.885053], [40.737588, -73.885041], [40.737672, -73.885008], [40.73775, -73.884953], [40.737818, -73.884879], [40.737873, -73.884789], [40.737915, -73.884687], [40.737941, -73.884576], [40.737949, -73.88446], [40.737941, -73.884344], [40.737915, -73.884233], [40.737873, -73.884131], [40.737818, -73.884041], [40.73775, -73.883967], [40.737672, -73.883912], [40.737588, -73.883879], [40.7375, -73.883867], [40.737412, -73.883879], [40.737328, -73.883912], [40.73725, -73.883967], [40.737182, -73.884041], [40.737127, -73.884131], [40.737085, -73.884233], [40.737059, -73.884344], [40.737051, -73.88446], [40.737059, -73.884576]]"
90fb8776-9876-4376-8c7f-856d0153ee60,Review Warning Zone 825,40.73798,-73.863693,0.05,"[[40.737607, -73.864022], [40.737662, -73.864112], [40.73773, -73.864186], [40.737808, -73.864241], [40.737892, -73.864274], [40.73798, -73.864286], [40.738068, -73.864274], [40.738152, -73.864241], [40.73823, -73.864186], [40.738298, -73.864112], [40.738353, -73.864022], [40.738395, -73.86392], [40.738421, -73.863809], [40.738429, -73.863693], [40.738421, -73.863577], [40.738395, -73.863466], [40.738353, -73.863364], [40.738298, -73.863274], [40.73823, -73.8632], [40.738152, -73.863145], [40.738068, -73.863112], [40.73798, -73.8631], [40.737892, -73.863112], [40.737808, -73.863145], [40.73773, -73.8632], [40.737662, -73.863274], [40.737607, -73.863364], [40.737565, -73.863466], [40.737539, -73.863577], [40.737531, -73.863693], [40.737539, -73.863809], [40.737565, -73.86392]]"
1bab14dc-f0c6-4386-aaf5-280ca19b75e2,Review Warning Zone 826,40.73845,-73.86475,0.05,"[[40.738077, -73.865079], [40.738132, -73.865169], [40.7382, -73.865243], [40.738278, -73.865298], [40.738362, -73.865331], [40.73845, -73.865343], [40.738538, -73.865331], [40.738622, -73.865298], [40.7387, -73.865243], [40.738768, -73.865169], [40.738823, -73.865079], [40.738865, -73.864977], [40.738891, -73.864866], [40.738899, -73.86475], [40.738891, -73.864634], [40.738865, -73.864523], [40.738823, -73.864421], [40.738768, -73.864331], [40.7387, -73.864257], [40.738622, -73.864202], [40.738538, -73.864169], [40.73845, -73.864157], [40.738362, -73.864169], [40.738278, -73.864202], [40.7382, -73.864257], [40.738132, -73.864331], [40.738077, -73.864421], [40.738035, -73.864523], [40.738009, -73.864634], [40.738001, -73.86475], [40.738009, -73.864866], [40.738035, -73.864977]]"
12a8541e-3883-471a-8331-655111598a15,Review Warning Zone 827,40.74257,-73.88363,0.05,"[[40.742155, -73.883857], [40.742197, -73.883959], [40.742252, -73.884049], [40.74232, -73.884123], [40.742398, -73.884178], [40.742482, -73.884211], [40.74257, -73.884223], [40.742658, -73.884211], [40.742742, -73.884178], [40.74282, -73.884123], [40.742888, -73.884049], [40.742943, -73.883959], [40.742985, -73.883857], [40.743011, -73.883746], [40.743019, -73.88363], [40.743011, -73.883514], [40.742985, -73.883403], [40.742943, -73.883301], [40.742888, -73.883211], [40.74282, -73.883137], [40.742742, -73.883082], [40.742658, -73.883049], [40.74257, -73.883037], [40.742482, -73.883049], [40.742398, -73.883082], [40.74232, -73.883137], [40.742252, -73.883211], [40.742197, -73.883301], [40.742155, -73.883403], [40.742129, -73.883514], [40.742121, -73.88363], [40.742129, -73.883746]]"
d00878ec-2e11-4235-9a68-5ea658a18199,Review Warning Zone 828,40.74284,-73.88073,0.05,"[[40.742425, -73.880957], [40.742467, -73.881059], [40.742522, -73.881149], [40.74259, -73.881223], [40.742668, -73.881278], [40.742752, -73.881311], [40.74284, -73.881323], [40.742928, -73.881311], [40.743012, -73.881278], [40.74309, -73.881223], [40.743158, -73.881149], [40.743213, -73.881059], [40.743255, -73.880957], [40.743281, -73.880846], [40.743289, -73.88073], [40.743281, -73.880614], [40.743255, -73.880503], [40.743213, -73.880401], [40.743158, -73.880311], [40.74309, -73.880237], [40.743012, -73.880182], [40.742928, -73.880149], [40.74284, -73.880137], [40.742752, -73.880149], [40.742668, -73.880182], [40.74259, -73.880237], [40.742522, -73.880311], [40.742467, -73.880401], [40.742425, -73.880503], [40.742399, -73.880614], [40.742391, -73.88073], [40.742399, -73.880846]]"
50b610c2-eac4-4056-94e4-b486f4241cf3,Review Warning Zone 829,40.74334,-73.87427,0.05,"[[40.742925, -73.874497], [40.742967, -73.874599], [40.743022, -73.874689], [40.74309, -73.874763], [40.743168, -73.874818], [40.743252, -73.874851], [40.74334, -73.874863], [40.743428, -73.874851], [40.743512, -73.874818], [40.74359, -73.874763], [40.743658, -73.874689], [40.743713, -73.874599], [40.743755, -73.874497], [40.743781, -73.874386], [40.743789, -73.87427], [40.743781, -73.874154], [40.743755, -73.874043], [40.743713, -73.873941], [40.743658, -73.873851], [40.74359, -73.873777], [40.743512, -73.873722], [40.743428, -73.873689], [40.74334, -73.873677], [40.743252, -73.873689], [40.743168, -73.873722], [40.74309, -73.873777], [40.743022, -73.873851], [40.742967, -73.873941], [40.742925, -73.874043], [40.742899, -73.874154], [40.742891, -73.87427], [40.742899, -73.874386]]"
6dc7b708-0d40-4118-8795-fcb2c8b7df96,Review Warning Zone 830,40.74385,-73.87613,0.05,"[[40.743477, -73.876459], [40.743532, -73.876549], [40.7436, -73.876623], [40.743678, -73.876678], [40.743762, -73.876711], [40.74385, -73.876723], [40.743938, -73.876711], [40.744022, -73.876678], [40.7441, -73.876623], [40.744168, -73.876549], [40.744223, -73.876459], [40.744265, -73.876357], [40.744291, -73.876246], [40.744299, -73.87613], [40.744291, -73.876014], [40.744265, -73.875903], [40.744223, -73.875801], [40.744168, -73.875711], [40.7441, -73.875637], [40.744022, -73.875582], [40.743938, -73.875549], [40.74385, -73.875537], [40.743762, -73.875549], [40.743678, -73.875582], [40.7436, -73.875637], [40.743532, -73.875711], [40.743477, -73.875801], [40.743435, -73.875903], [40.743409, -73.876014], [40.743401, -73.87613], [40.743409, -73.876246], [40.743435, -73.876357]]"
75596cba-dc9c-4bc0-9413-af2d4020c694,Review Warning Zone 831,40.74491,-73.89209,0.05,"[[40.744537, -73.892419], [40.744592, -73.892509], [40.74466, -73.892583], [40.744738, -73.892638], [40.744822, -73.892671], [40.74491, -73.892683], [40.744998, -73.892671], [40.745082, -73.892638], [40.74516, -73.892583], [40.745228, -73.892509], [40.745283, -73.892419], [40.745325, -73.892317], [40.745351, -73.892206], [40.745359, -73.89209], [40.745351, -73.891974], [40.745325, -73.891863], [40.745283, -73.891761], [40.745228, -73.891671], [40.74516, -73.891597], [40.745082, -73.891542], [40.744998, -73.891509], [40.74491, -73.891497], [40.744822, -73.891509], [40.744738, -73.891542], [40.74466, -73.891597], [40.744592, -73.891671], [40.744537, -73.891761], [40.744495, -73.891863], [40.744469, -73.891974], [40.744461, -73.89209], [40.744469, -73.892206], [40.744495, -73.892317]]"
e2e58a73-3150-40a5-b78a-a842b3c8a092,Review Warning Zone 832,40.74665,-73.885755,0.068,"[[40.746145, -73.885807], [40.746187, -73.885909], [40.746242, -73.885999], [40.746304, -73.886066], [40.746325, -73.886157], [40.746367, -73.886259], [40.746422, -73.886349], [40.74649, -73.886423], [40.746568, -73.886478], [40.746652, -73.886511], [40.74674, -73.886523], [40.746828, -73.886511], [40.746912, -73.886478], [40.74699, -73.886423], [40.747058, -73.886349], [40.747113, -73.886259], [40.747155, -73.886157], [40.747181, -73.886046], [40.747189, -73.88593], [40.747181, -73.885814], [40.747155, -73.885703], [40.747113, -73.885601], [40.747058, -73.885511], [40.746996, -73.885444], [40.746975, -73.885353], [40.746933, -73.885251], [40.746878, -73.885161], [40.74681, -73.885087], [40.746732, -73.885032], [40.746648, -73.884999], [40.74656, -73.884987], [40.746472, -73.884999], [40.746388, -73.885032], [40.74631, -73.885087], [40.746242, -73.885161], [40.746187, -73.885251], [40.746145, -73.885353], [40.746119, -73.885464], [40.746111, -73.88558], [40.746119, -73.885696]]"
3f520147-fb69-4519-b6aa-d6632846baf6,Review Warning Zone 833,40.74745,-73.86926,0.05,"[[40.747035, -73.869487], [40.747077, -73.869589], [40.747132, -73.869679], [40.7472, -73.869753], [40.747278, -73.869808], [40.747362, -73.869841], [40.74745, -73.869853], [40.747538, -73.869841], [40.747622, -73.869808], [40.7477, -73.869753], [40.747768, -73.869679], [40.747823, -73.869589], [40.747865, -73.869487], [40.747891, -73.869376], [40.747899, -73.86926], [40.747891, -73.869144], [40.747865, -73.869033], [40.747823, -73.868931], [40.747768, -73.868841], [40.7477, -73.868767], [40.747622, -73.868712], [40.747538, -73.868679], [40.74745, -73.868667], [40.747362, -73.868679], [40.747278, -73.868712], [40.7472, -73.868767], [40.747132, -73.868841], [40.747077, -73.868931], [40.747035, -73.869033], [40.747009, -73.869144], [40.747001, -73.86926], [40.747009, -73.869376]]"
69558d2e-a1e5-4f01-bbfe-3e21dddc33d6,Review Warning Zone 834,40.74868,-73.88013,0.05,"[[40.748307, -73.880459], [40.748362, -73.880549], [40.74843, -73.880623], [40.748508, -73.880678], [40.748592, -73.880711], [40.74868, -73.880723], [40.748768, -73.880711], [40.748852, -73.880678], [40.74893, -73.880623], [40.748998, -73.880549], [40.749053, -73.880459], [40.749095, -73.880357], [40.749121, -73.880246], [40.749129, -73.88013], [40.749121, -73.880014], [40.749095, -73.879903], [40.749053, -73.879801], [40.748998, -73.879711], [40.74893, -73.879637], [40.748852, -73.879582], [40.748768, -73.879549], [40.74868, -73.879537], [40.748592, -73.879549], [40.748508, -73.879582], [40.74843, -73.879637], [40.748362, -73.879711], [40.748307, -73.879801], [40.748265, -73.879903], [40.748239, -73.880014], [40.748231, -73.88013], [40.748239, -73.880246], [40.748265, -73.880357]]"
f86e6fa0-9a4a-4af9-9322-ffbe3716eb75,Review Warning Zone 835,40.75013,-73.86851,0.05,"[[40.749757, -73.868839], [40.749812, -73.868929], [40.74988, -73.869003], [40.749958, -73.869058], [40.750042, -73.869091], [40.75013, -73.869103], [40.750218, -73.869091], [40.750302, -73.869058], [40.75038, -73.869003], [40.750448, -73.868929], [40.750503, -73.868839], [40.750545, -73.868737], [40.750571, -73.868626], [40.750579, -73.86851], [40.750571, -73.868394], [40.750545, -73.868283], [40.750503, -73.868181], [40.750448, -73.868091], [40.75038, -73.868017], [40.750302, -73.867962], [40.750218, -73.867929], [40.75013, -73.867917], [40.750042, -73.867929], [40.749958, -73.867962], [40.74988, -73.868017], [40.749812, -73.868091], [40.749757, -73.868181], [40.749715, -73.868283], [40.749689, -73.868394], [40.749681, -73.86851], [40.749689, -73.868626], [40.749715, -73.868737]]"
24180c7e-22f5-426d-8a91-b3c1d2eddcc6,Review Warning Zone 836,40.75049,-73.87881,0.05,"[[40.750075, -73.879037], [40.750117, -73.879139], [40.750172, -73.879229], [40.75024, -73.879303], [40.750318, -73.879358], [40.750402, -73.879391], [40.75049, -73.879403], [40.750578, -73.879391], [40.750662, -73.879358], [40.75074, -73.879303], [40.750808, -73.879229], [40.750863, -73.879139], [40.750905, -73.879037], [40.750931, -73.878926], [40.750939, -73.87881], [40.750931, -73.878694], [40.750905, -73.878583], [40.750863, -73.878481], [40.750808, -73.878391], [40.75074, -73.878317], [40.750662, -73.878262], [40.750578, -73.878229], [40.75049, -73.878217], [40.750402, -73.878229], [40.750318, -73.878262], [40.75024, -73.878317], [40.750172, -73.878391], [40.750117, -73.878481], [40.750075, -73.878583], [40.750049, -73.878694], [40.750041, -73.87881], [40.750049, -73.878926]]"
37d25d97-f873-4e49-8bda-3ba2d1a5835c,Review Warning Zone 837,40.75106,-73.89411,0.05,"[[40.750645, -73.894337], [40.750687, -73.894439], [40.750742, -73.894529], [40.75081, -73.894603], [40.750888, -73.894658], [40.750972, -73.894691], [40.75106, -73.894703], [40.751148, -73.894691], [40.751232, -73.894658], [40.75131, -73.894603], [40.751378, -73.894529], [40.751433, -73.894439], [40.751475, -73.894337], [40.751501, -73.894226], [40.751509, -73.89411], [40.751501, -73.893994], [40.751475, -73.893883], [40.751433, -73.893781], [40.751378, -73.893691], [40.75131, -73.893617], [40.751232, -73.893562], [40.751148, -73.893529], [40.75106, -73.893517], [40.750972, -73.893529], [40.750888, -73.893562], [40.75081, -73.893617], [40.750742, -73.893691], [40.750687, -73.893781], [40.750645, -73.893883], [40.750619, -73.893994], [40.750611, -73.89411], [40.750619, -73.894226]]"
fc3d3cbf-0974-4a65-8ec2-454e94ca0f6e,Review Warning Zone 838,40.75159,-73.86362,0.05,"[[40.751175, -73.863847], [40.751217, -73.863949], [40.751272, -73.864039], [40.75134, -73.864113], [40.751418, -73.864168], [40.751502, -73.864201], [40.75159, -73.864213], [40.751678, -73.864201], [40.751762, -73.864168], [40.75184, -73.864113], [40.751908, -73.864039], [40.751963, -73.863949], [40.752005, -73.863847], [40.752031, -73.863736], [40.752039, -73.86362], [40.752031, -73.863504], [40.752005, -73.863393], [40.751963, -73.863291], [40.751908, -73.863201], [40.75184, -73.863127], [40.751762, -73.863072], [40.751678, -73.863039], [40.75159, -73.863027], [40.751502, -73.863039], [40.751418, -73.863072], [40.75134, -73.863127], [40.751272, -73.863201], [40.751217, -73.863291], [40.751175, -73.863393], [40.751149, -73.863504], [40.751141, -73.86362], [40.751149, -73.863736]]"
ea03d898-e5f2-4977-9baf-da1740293075,Review Warning Zone 839,40.75545,-73.8643,0.05,"[[40.755077, -73.864629], [40.755132, -73.864719], [40.7552, -73.864793], [40.755278, -73.864848], [40.755362, -73.864881], [40.75545, -73.864893], [40.755538, -73.864881], [40.755622, -73.864848], [40.7557, -73.864793], [40.755768, -73.864719], [40.755823, -73.864629], [40.755865, -73.864527], [40.755891, -73.864416], [40.755899, -73.8643], [40.755891, -73.864184], [40.755865, -73.864073], [40.755823, -73.863971], [40.755768, -73.863881], [40.7557, -73.863807], [40.755622, -73.863752], [40.755538, -73.863719], [40.75545, -73.863707], [40.755362, -73.863719], [40.755278, -73.863752], [40.7552, -73.863807], [40.755132, -73.863881], [40.755077, -73.863971], [40.755035, -73.864073], [40.755009, -73.864184], [40.755001, -73.8643], [40.755009, -73.864416], [40.755035, -73.864527]]"
56a4da62-60a6-460c-b111-7493d8d6cb77,Review Warning Zone 840,40.75576,-73.85847,0.05,"[[40.755387, -73.858799], [40.755442, -73.858889], [40.75551, -73.858963], [40.755588, -73.859018], [40.755672, -73.859051], [40.75576, -73.859063], [40.755848, -73.859051], [40.755932, -73.859018], [40.75601, -73.858963], [40.756078, -73.858889], [40.756133, -73.858799], [40.756175, -73.858697], [40.756201, -73.858586], [40.756209, -73.85847], [40.756201, -73.858354], [40.756175, -73.858243], [40.756133, -73.858141], [40.756078, -73.858051], [40.75601, -73.857977], [40.755932, -73.857922], [40.755848, -73.857889], [40.75576, -73.857877], [40.755672, -73.857889], [40.755588, -73.857922], [40.75551, -73.857977], [40.755442, -73.858051], [40.755387, -73.858141], [40.755345, -73.858243], [40.755319, -73.858354], [40.755311, -73.85847], [40.755319, -73.858586], [40.755345, -73.858697]]"
90423819-2ffe-4360-907a-06b3ddbbb57d,Review Warning Zone 841,40.75646,-73.8706,0.05,"[[40.756045, -73.870827], [40.756087, -73.870929], [40.756142, -73.871019], [40.75621, -73.871093], [40.756288, -73.871148], [40.756372, -73.871181], [40.75646, -73.871193], [40.756548, -73.871181], [40.756632, -73.871148], [40.75671, -73.871093], [40.756778, -73.871019], [40.756833, -73.870929], [40.756875, -73.870827], [40.756901, -73.870716], [40.756909, -73.8706], [40.756901, -73.870484], [40.756875, -73.870373], [40.756833, -73.870271], [40.756778, -73.870181], [40.75671, -73.870107], [40.756632, -73.870052], [40.756548, -73.870019], [40.75646, -73.870007], [40.756372, -73.870019], [40.756288, -73.870052], [40.75621, -73.870107], [40.756142, -73.870181], [40.756087, -73.870271], [40.756045, -73.870373], [40.756019, -73.870484], [40.756011, -73.8706], [40.756019, -73.870716]]"
05f74685-e775-48fe-9b6e-bfad9a75a21a,Review Warning Zone 842,40.75791,-73.8601,0.05,"[[40.757495, -73.860327], [40.757537, -73.860429], [40.757592, -73.860519], [40.75766, -73.860593], [40.757738, -73.860648], [40.757822, -73.860681], [40.75791, -73.860693], [40.757998, -73.860681], [40.758082, -73.860648], [40.75816, -73.860593], [40.758228, -73.860519], [40.758283, -73.860429], [40.758325, -73.860327], [40.758351, -73.860216], [40.758359, -73.8601], [40.758351, -73.859984], [40.758325, -73.859873], [40.758283, -73.859771], [40.758228, -73.859681], [40.75816, -73.859607], [40.758082, -73.859552], [40.757998, -73.859519], [40.75791, -73.859507], [40.757822, -73.859519], [40.757738, -73.859552], [40.75766, -73.859607], [40.757592, -73.859681], [40.757537, -73.859771], [40.757495, -73.859873], [40.757469, -73.859984], [40.757461, -73.8601], [40.757469, -73.860216]]"
8c8b724c-aef3-4c4b-a4bd-754ca3a0efff,Review Warning Zone 843,40.758,-73.86991,0.05,"[[40.757585, -73.870137], [40.757627, -73.870239], [40.757682, -73.870329], [40.75775, -73.870403], [40.757828, -73.870458], [40.757912, -73.870491], [40.758, -73.870503], [40.758088, -73.870491], [40.758172, -73.870458], [40.75825, -73.870403], [40.758318, -73.870329], [40.758373, -73.870239], [40.758415, -73.870137], [40.758441, -73.870026], [40.758449, -73.86991], [40.758441, -73.869794], [40.758415, -73.869683], [40.758373, -73.869581], [40.758318, -73.869491], [40.75825, -73.869417], [40.758172, -73.869362], [40.758088, -73.869329], [40.758, -73.869317], [40.757912, -73.869329], [40.757828, -73.869362], [40.75775, -73.869417], [40.757682, -73.869491], [40.757627, -73.869581], [40.757585, -73.869683], [40.757559, -73.869794], [40.757551, -73.86991], [40.757559, -73.870026]]"
aa4a4b25-cc30-46c3-8a89-b906e716404b,Review Warning Zone 844,40.75921,-73.8758,0.05,"[[40.758837, -73.876129], [40.758892, -73.876219], [40.75896, -73.876293], [40.759038, -73.876348], [40.759122, -73.876381], [40.75921, -73.876393], [40.759298, -73.876381], [40.759382, -73.876348], [40.75946, -73.876293], [40.759528, -73.876219], [40.759583, -73.876129], [40.759625, -73.876027], [40.759651, -73.875916], [40.759659, -73.8758], [40.759651, -73.875684], [40.759625, -73.875573], [40.759583, -73.875471], [40.759528, -73.875381], [40.75946, -73.875307], [40.759382, -73.875252], [40.759298, -73.875219], [40.75921, -73.875207], [40.759122, -73.875219], [40.759038, -73.875252], [40.75896, -73.875307], [40.758892, -73.875381], [40.758837, -73.875471], [40.758795, -73.875573], [40.758769, -73.875684], [40.758761, -73.8758], [40.758769, -73.875916], [40.758795, -73.876027]]"
2ebe1235-cf11-4725-84f1-e06f414b9523,Review Warning Zone 845,40.76026,-73.88488,0.05,"[[40.759887, -73.885209], [40.759942, -73.885299], [40.76001, -73.885373], [40.760088, -73.885428], [40.760172, -73.885461], [40.76026, -73.885473], [40.760348, -73.885461], [40.760432, -73.885428], [40.76051, -73.885373], [40.760578, -73.885299], [40.760633, -73.885209], [40.760675, -73.885107], [40.760701, -73.884996], [40.760709, -73.88488], [40.760701, -73.884764], [40.760675, -73.884653], [40.760633, -73.884551], [40.760578, -73.884461], [40.76051, -73.884387], [40.760432, -73.884332], [40.760348, -73.884299], [40.76026, -73.884287], [40.760172, -73.884299], [40.760088, -73.884332], [40.76001, -73.884387], [40.759942, -73.884461], [40.759887, -73.884551], [40.759845, -73.884653], [40.759819, -73.884764], [40.759811, -73.88488], [40.759819, -73.884996], [40.759845, -73.885107]]"
305fb001-0bcc-488a-9710-b10d439a6538,Review Warning Zone 846,40.76276,-73.87183,0.05,"[[40.762345, -73.872057], [40.762387, -73.872159], [40.762442, -73.872249], [40.76251, -73.872323], [40.762588, -73.872378], [40.762672, -73.872411], [40.76276, -73.872423], [40.762848, -73.872411], [40.762932, -73.872378], [40.76301, -73.872323], [40.763078, -73.872249], [40.763133, -73.872159], [40.763175, -73.872057], [40.763201, -73.871946], [40.763209, -73.87183], [40.763201, -73.871714], [40.763175, -73.871603], [40.763133, -73.871501], [40.763078, -73.871411], [40.76301, -73.871337], [40.762932, -73.871282], [40.762848, -73.871249], [40.76276, -73.871237], [40.762672, -73.871249], [40.762588, -73.871282], [40.76251, -73.871337], [40.762442, -73.871411], [40.762387, -73.871501], [40.762345, -73.871603], [40.762319, -73.871714], [40.762311, -73.87183], [40.762319, -73.871946]]"
2dc5acd9-16e4-4f2f-9b35-b9e4858ca5bb,Review Warning Zone 847,40.76708,-73.87295,0.05,"[[40.766665, -73.873177], [40.766707, -73.873279], [40.766762, -73.873369], [40.76683, -73.873443], [40.766908, -73.873498], [40.766992, -73.873531], [40.76708, -73.873543], [40.767168, -73.873531], [40.767252, -73.873498], [40.76733, -73.873443], [40.767398, -73.873369], [40.767453, -73.873279], [40.767495, -73.873177], [40.767521, -73.873066], [40.767529, -73.87295], [40.767521, -73.872834], [40.767495, -73.872723], [40.767453, -73.872621], [40.767398, -73.872531], [40.76733, -73.872457], [40.767252, -73.872402], [40.767168, -73.872369], [40.76708, -73.872357], [40.766992, -73.872369], [40.766908, -73.872402], [40.76683, -73.872457], [40.766762, -73.872531], [40.766707, -73.872621], [40.766665, -73.872723], [40.766639, -73.872834], [40.766631, -73.87295], [40.766639, -73.873066]]"
45ac13f9-6751-45fa-9868-c64af1aa75d1,Review Warning Zone 848,40.76822,-73.87467,0.05,"[[40.767805, -73.874897], [40.767847, -73.874999], [40.767902, -73.875089], [40.76797, -73.875163], [40.768048, -73.875218], [40.768132, -73.875251], [40.76822, -73.875263], [40.768308, -73.875251], [40.768392, -73.875218], [40.76847, -73.875163], [40.768538, -73.875089], [40.768593, -73.874999], [40.768635, -73.874897], [40.768661, -73.874786], [40.768669, -73.87467], [40.768661, -73.874554], [40.768635, -73.874443], [40.768593, -73.874341], [40.768538, -73.874251], [40.76847, -73.874177], [40.768392, -73.874122], [40.768308, -73.874089], [40.76822, -73.874077], [40.768132, -73.874089], [40.768048, -73.874122], [40.76797, -73.874177], [40.767902, -73.874251], [40.767847, -73.874341], [40.767805, -73.874443], [40.767779, -73.874554], [40.767771, -73.87467], [40.767779, -73.874786]]"
23c17da8-8276-4a4d-8867-0eaf87decd71,Review Warning Zone 849,40.81214,-73.88873,0.05,"[[40.811767, -73.889059], [40.811822, -73.889149], [40.81189, -73.889223], [40.811968, -73.889278], [40.812052, -73.889311], [40.81214, -73.889323], [40.812228, -73.889311], [40.812312, -73.889278], [40.81239, -73.889223], [40.812458, -73.889149], [40.812513, -73.889059], [40.812555, -73.888957], [40.812581, -73.888846], [40.812589, -73.88873], [40.812581, -73.888614], [40.812555, -73.888503], [40.812513, -73.888401], [40.812458, -73.888311], [40.81239, -73.888237], [40.812312, -73.888182], [40.812228, -73.888149], [40.81214, -73.888137], [40.812052, -73.888149], [40.811968, -73.888182], [40.81189, -73.888237], [40.811822, -73.888311], [40.811767, -73.888401], [40.811725, -73.888503], [40.811699, -73.888614], [40.811691, -73.88873], [40.811699, -73.888846], [40.811725, -73.888957]]"
9c752e1e-839f-4db1-84be-199eaa4db823,Review Warning Zone 850,40.81398,-73.88751,0.05,"[[40.813607, -73.887839], [40.813662, -73.887929], [40.81373, -73.888003], [40.813808, -73.888058], [40.813892, -73.888091], [40.81398, -73.888103], [40.814068, -73.888091], [40.814152, -73.888058], [40.81423, -73.888003], [40.814298, -73.887929], [40.814353, -73.887839], [40.814395, -73.887737], [40.814421, -73.887626], [40.814429, -73.88751], [40.814421, -73.887394], [40.814395, -73.887283], [40.814353, -73.887181], [40.814298, -73.887091], [40.81423, -73.887017], [40.814152, -73.886962], [40.814068, -73.886929], [40.81398, -73.886917], [40.813892, -73.886929], [40.813808, -73.886962], [40.81373, -73.887017], [40.813662, -73.887091], [40.813607, -73.887181], [40.813565, -73.887283], [40.813539, -73.887394], [40.813531, -73.88751], [40.813539, -73.887626], [40.813565, -73.887737]]"
fd9a8de7-d971-4e2b-ab51-00d64fd70591,Review Warning Zone 851,40.81418,-73.88878,0.05,"[[40.813765, -73.889007], [40.813807, -73.889109], [40.813862, -73.889199], [40.81393, -73.889273], [40.814008, -73.889328], [40.814092, -73.889361], [40.81418, -73.889373], [40.814268, -73.889361], [40.814352, -73.889328], [40.81443, -73.889273], [40.814498, -73.889199], [40.814553, -73.889109], [40.814595, -73.889007], [40.814621, -73.888896], [40.814629, -73.88878], [40.814621, -73.888664], [40.814595, -73.888553], [40.814553, -73.888451], [40.814498, -73.888361], [40.81443, -73.888287], [40.814352, -73.888232], [40.814268, -73.888199], [40.81418, -73.888187], [40.814092, -73.888199], [40.814008, -73.888232], [40.81393, -73.888287], [40.813862, -73.888361], [40.813807, -73.888451], [40.813765, -73.888553], [40.813739, -73.888664], [40.813731, -73.88878], [40.813739, -73.888896]]"
ea68c7a7-0c26-4a89-9e06-8beaaa8d3b4c,Review Warning Zone 852,40.816115,-73.864338,0.05,"[[40.8157, -73.864565], [40.815742, -73.864668], [40.815798, -73.864758], [40.815866, -73.864831], [40.815944, -73.864886], [40.816028, -73.86492], [40.816115, -73.864931], [40.816203, -73.86492], [40.816287, -73.864886], [40.816365, -73.864831], [40.816433, -73.864758], [40.816489, -73.864668], [40.81653, -73.864565], [40.816556, -73.864454], [40.816565, -73.864338], [40.816556, -73.864223], [40.81653, -73.864112], [40.816489, -73.864009], [40.816433, -73.863919], [40.816365, -73.863846], [40.816287, -73.863791], [40.816203, -73.863757], [40.816115, -73.863746], [40.816028, -73.863757], [40.815944, -73.863791], [40.815866, -73.863846], [40.815798, -73.863919], [40.815742, -73.864009], [40.8157, -73.864112], [40.815675, -73.864223], [40.815666, -73.864338], [40.815675, -73.864454]]"
921adc27-039d-473e-80ec-279192192de3,Review Warning Zone 853,40.81767,-73.8899,0.05,"[[40.817255, -73.890127], [40.817297, -73.890229], [40.817352, -73.890319], [40.81742, -73.890393], [40.817498, -73.890448], [40.817582, -73.890481], [40.81767, -73.890493], [40.817758, -73.890481], [40.817842, -73.890448], [40.81792, -73.890393], [40.817988, -73.890319], [40.818043, -73.890229], [40.818085, -73.890127], [40.818111, -73.890016], [40.818119, -73.8899], [40.818111, -73.889784], [40.818085, -73.889673], [40.818043, -73.889571], [40.817988, -73.889481], [40.81792, -73.889407], [40.817842, -73.889352], [40.817758, -73.889319], [40.81767, -73.889307], [40.817582, -73.889319], [40.817498, -73.889352], [40.81742, -73.889407], [40.817352, -73.889481], [40.817297, -73.889571], [40.817255, -73.889673], [40.817229, -73.889784], [40.817221, -73.8899], [40.817229, -73.890016]]"
9d805bb3-44eb-40e5-aa65-17b47e302a28,Review Warning Zone 854,40.81975,-73.87568,0.05,"[[40.819377, -73.876009], [40.819432, -73.876099], [40.8195, -73.876173], [40.819578, -73.876228], [40.819662, -73.876261], [40.81975, -73.876273], [40.819838, -73.876261], [40.819922, -73.876228], [40.82, -73.876173], [40.820068, -73.876099], [40.820123, -73.876009], [40.820165, -73.875907], [40.820191, -73.875796], [40.820199, -73.87568], [40.820191, -73.875564], [40.820165, -73.875453], [40.820123, -73.875351], [40.820068, -73.875261], [40.82, -73.875187], [40.819922, -73.875132], [40.819838, -73.875099], [40.81975, -73.875087], [40.819662, -73.875099], [40.819578, -73.875132], [40.8195, -73.875187], [40.819432, -73.875261], [40.819377, -73.875351], [40.819335, -73.875453], [40.819309, -73.875564], [40.819301, -73.87568], [40.819309, -73.875796], [40.819335, -73.875907]]"
e6f94262-28e0-427c-9974-1308fd9bceee,Review Warning Zone 855,40.83555,-73.88589,0.05,"[[40.835177, -73.886219], [40.835232, -73.886309], [40.8353, -73.886383], [40.835378, -73.886438], [40.835462, -73.886471], [40.83555, -73.886483], [40.835638, -73.886471], [40.835722, -73.886438], [40.8358, -73.886383], [40.835868, -73.886309], [40.835923, -73.886219], [40.835965, -73.886117], [40.835991, -73.886006], [40.835999, -73.88589], [40.835991, -73.885774], [40.835965, -73.885663], [40.835923, -73.885561], [40.835868, -73.885471], [40.8358, -73.885397], [40.835722, -73.885342], [40.835638, -73.885309], [40.83555, -73.885297], [40.835462, -73.885309], [40.835378, -73.885342], [40.8353, -73.885397], [40.835232, -73.885471], [40.835177, -73.885561], [40.835135, -73.885663], [40.835109, -73.885774], [40.835101, -73.88589], [40.835109, -73.886006], [40.835135, -73.886117]]"
7ba61ae2-15c7-46b3-9a66-5ed1147d207d,Review Warning Zone 856,40.83756,-73.86904,0.05,"[[40.837145, -73.869267], [40.837187, -73.869369], [40.837242, -73.869459], [40.83731, -73.869533], [40.837388, -73.869588], [40.837472, -73.869621], [40.83756, -73.869633], [40.837648, -73.869621], [40.837732, -73.869588], [40.83781, -73.869533], [40.837878, -73.869459], [40.837933, -73.869369], [40.837975, -73.869267], [40.838001, -73.869156], [40.838009, -73.86904], [40.838001, -73.868924], [40.837975, -73.868813], [40.837933, -73.868711], [40.837878, -73.868621], [40.83781, -73.868547], [40.837732, -73.868492], [40.837648, -73.868459], [40.83756, -73.868447], [40.837472, -73.868459], [40.837388, -73.868492], [40.83731, -73.868547], [40.837242, -73.868621], [40.837187, -73.868711], [40.837145, -73.868813], [40.837119, -73.868924], [40.837111, -73.86904], [40.837119, -73.869156]]"
355c32be-c9fa-4d81-9ccb-353fc5e61a75,Review Warning Zone 857,40.84212,-73.86856,0.05,"[[40.841747, -73.868889], [40.841802, -73.868979], [40.84187, -73.869053], [40.841948, -73.869108], [40.842032, -73.869141], [40.84212, -73.869153], [40.842208, -73.869141], [40.842292, -73.869108], [40.84237, -73.869053], [40.842438, -73.868979], [40.842493, -73.868889], [40.842535, -73.868787], [40.842561, -73.868676], [40.842569, -73.86856], [40.842561, -73.868444], [40.842535, -73.868333], [40.842493, -73.868231], [40.842438, -73.868141], [40.84237, -73.868067], [40.842292, -73.868012], [40.842208, -73.867979], [40.84212, -73.867967], [40.842032, -73.867979], [40.841948, -73.868012], [40.84187, -73.868067], [40.841802, -73.868141], [40.841747, -73.868231], [40.841705, -73.868333], [40.841679, -73.868444], [40.841671, -73.86856], [40.841679, -73.868676], [40.841705, -73.868787]]"
ae64c30d-1a79-4cf9-8be5-2ebfb4958634,Review Warning Zone 858,40.84484,-73.86203,0.05,"[[40.844467, -73.862359], [40.844522, -73.862449], [40.84459, -73.862523], [40.844668, -73.862578], [40.844752, -73.862611], [40.84484, -73.862623], [40.844928, -73.862611], [40.845012, -73.862578], [40.84509, -73.862523], [40.845158, -73.862449], [40.845213, -73.862359], [40.845255, -73.862257], [40.845281, -73.862146], [40.845289, -73.86203], [40.845281, -73.861914], [40.845255, -73.861803], [40.845213, -73.861701], [40.845158, -73.861611], [40.84509, -73.861537], [40.845012, -73.861482], [40.844928, -73.861449], [40.84484, -73.861437], [40.844752, -73.861449], [40.844668, -73.861482], [40.84459, -73.861537], [40.844522, -73.861611], [40.844467, -73.861701], [40.844425, -73.861803], [40.844399, -73.861914], [40.844391, -73.86203], [40.844399, -73.862146], [40.844425, -73.862257]]"
8d5eefe7-05b4-4cc6-98da-b6d3922f90f4,Review Warning Zone 859,40.84592,-73.89141,0.05,"[[40.845505, -73.891637], [40.845547, -73.891739], [40.845602, -73.891829], [40.84567, -73.891903], [40.845748, -73.891958], [40.845832, -73.891991], [40.84592, -73.892003], [40.846008, -73.891991], [40.846092, -73.891958], [40.84617, -73.891903], [40.846238, -73.891829], [40.846293, -73.891739], [40.846335, -73.891637], [40.846361, -73.891526], [40.846369, -73.89141], [40.846361, -73.891294], [40.846335, -73.891183], [40.846293, -73.891081], [40.846238, -73.890991], [40.84617, -73.890917], [40.846092, -73.890862], [40.846008, -73.890829], [40.84592, -73.890817], [40.845832, -73.890829], [40.845748, -73.890862], [40.84567, -73.890917], [40.845602, -73.890991], [40.845547, -73.891081], [40.845505, -73.891183], [40.845479, -73.891294], [40.845471, -73.89141], [40.845479, -73.891526]]"
ce1f866e-8944-4fc3-a585-929a90817ccc,Review Warning Zone 860,40.84602,-73.89279,0.05,"[[40.845647, -73.893119], [40.845702, -73.893209], [40.84577, -73.893283], [40.845848, -73.893338], [40.845932, -73.893371], [40.84602, -73.893383], [40.846108, -73.893371], [40.846192, -73.893338], [40.84627, -73.893283], [40.846338, -73.893209], [40.846393, -73.893119], [40.846435, -73.893017], [40.846461, -73.892906], [40.846469, -73.89279], [40.846461, -73.892674], [40.846435, -73.892563], [40.846393, -73.892461], [40.846338, -73.892371], [40.84627, -73.892297], [40.846192, -73.892242], [40.846108, -73.892209], [40.84602, -73.892197], [40.845932, -73.892209], [40.845848, -73.892242], [40.84577, -73.892297], [40.845702, -73.892371], [40.845647, -73.892461], [40.845605, -73.892563], [40.845579, -73.892674], [40.845571, -73.89279], [40.845579, -73.892906], [40.845605, -73.893017]]"
d62d3779-ed14-490c-852c-e5aa567a05b2,Review Warning Zone 861,40.85306,-73.86644,0.05,"[[40.852687, -73.866769], [40.852742, -73.866859], [40.85281, -73.866933], [40.852888, -73.866988], [40.852972, -73.867021], [40.85306, -73.867033], [40.853148, -73.867021], [40.853232, -73.866988], [40.85331, -73.866933], [40.853378, -73.866859], [40.853433, -73.866769], [40.853475, -73.866667], [40.853501, -73.866556], [40.853509, -73.86644], [40.853501, -73.866324], [40.853475, -73.866213], [40.853433, -73.866111], [40.853378, -73.866021], [40.85331, -73.865947], [40.853232, -73.865892], [40.853148, -73.865859], [40.85306, -73.865847], [40.852972, -73.865859], [40.852888, -73.865892], [40.85281, -73.865947], [40.852742, -73.866021], [40.852687, -73.866111], [40.852645, -73.866213], [40.852619, -73.866324], [40.852611, -73.86644], [40.852619, -73.866556], [40.852645, -73.866667]]"
da01d3bb-2299-4317-9594-5358b00c7d44,Review Warning Zone 862,40.86162,-73.86418,0.05,"[[40.861205, -73.864407], [40.861247, -73.864509], [40.861302, -73.864599], [40.86137, -73.864673], [40.861448, -73.864728], [40.861532, -73.864761], [40.86162, -73.864773], [40.861708, -73.864761], [40.861792, -73.864728], [40.86187, -73.864673], [40.861938, -73.864599], [40.861993, -73.864509], [40.862035, -73.864407], [40.862061, -73.864296], [40.862069, -73.86418], [40.862061, -73.864064], [40.862035, -73.863953], [40.861993, -73.863851], [40.861938, -73.863761], [40.86187, -73.863687], [40.861792, -73.863632], [40.861708, -73.863599], [40.86162, -73.863587], [40.861532, -73.863599], [40.861448, -73.863632], [40.86137, -73.863687], [40.861302, -73.863761], [40.861247, -73.863851], [40.861205, -73.863953], [40.861179, -73.864064], [40.861171, -73.86418], [40.861179, -73.864296]]"
7b32deca-ec88-4983-acf5-2fd0bd9157fe,Review Warning Zone 863,40.867725,-73.86034,0.064,"[[40.86743, -73.860993], [40.867508, -73.861048], [40.867592, -73.861081], [40.86768, -73.861093], [40.867768, -73.861081], [40.867852, -73.861048], [40.86793, -73.860993], [40.867998, -73.860919], [40.868053, -73.860829], [40.868095, -73.860727], [40.868121, -73.860616], [40.868126, -73.860537], [40.868143, -73.860509], [40.868185, -73.860407], [40.868211, -73.860296], [40.868219, -73.86018], [40.868211, -73.860064], [40.868185, -73.859953], [40.868143, -73.859851], [40.868088, -73.859761], [40.86802, -73.859687], [40.867942, -73.859632], [40.867858, -73.859599], [40.86777, -73.859587], [40.867682, -73.859599], [40.867598, -73.859632], [40.86752, -73.859687], [40.867452, -73.859761], [40.867397, -73.859851], [40.867355, -73.859953], [40.867329, -73.860064], [40.867324, -73.860143], [40.867307, -73.860171], [40.867265, -73.860273], [40.867239, -73.860384], [40.867231, -73.8605], [40.867239, -73.860616], [40.867265, -73.860727], [40.867307, -73.860829], [40.867362, -73.860919]]"
23f1881c-8156-4b10-97e6-983e9ebb4aa4,Review Warning Zone 864,40.86795,-73.89203,0.05,"[[40.867577, -73.892359], [40.867632, -73.892449], [40.8677, -73.892523], [40.867778, -73.892578], [40.867862, -73.892611], [40.86795, -73.892623], [40.868038, -73.892611], [40.868122, -73.892578], [40.8682, -73.892523], [40.868268, -73.892449], [40.868323, -73.892359], [40.868365, -73.892257], [40.868391, -73.892146], [40.868399, -73.89203], [40.868391, -73.891914], [40.868365, -73.891803], [40.868323, -73.891701], [40.868268, -73.891611], [40.8682, -73.891537], [40.868122, -73.891482], [40.868038, -73.891449], [40.86795, -73.891437], [40.867862, -73.891449], [40.867778, -73.891482], [40.8677, -73.891537], [40.867632, -73.891611], [40.867577, -73.891701], [40.867535, -73.891803], [40.867509, -73.891914], [40.867501, -73.89203], [40.867509, -73.892146], [40.867535, -73.892257]]"
ac139abb-ef62-4441-8d96-9f197d2a29bd,Review Warning Zone 865,40.869,-73.89349,0.05,"[[40.868627, -73.893819], [40.868682, -73.893909], [40.86875, -73.893983], [40.868828, -73.894038], [40.868912, -73.894071], [40.869, -73.894083], [40.869088, -73.894071], [40.869172, -73.894038], [40.86925, -73.893983], [40.869318, -73.893909], [40.869373, -73.893819], [40.869415, -73.893717], [40.869441, -73.893606], [40.869449, -73.89349], [40.869441, -73.893374], [40.869415, -73.893263], [40.869373, -73.893161], [40.869318, -73.893071], [40.86925, -73.892997], [40.869172, -73.892942], [40.869088, -73.892909], [40.869, -73.892897], [40.868912, -73.892909], [40.868828, -73.892942], [40.86875, -73.892997], [40.868682, -73.893071], [40.868627, -73.893161], [40.868585, -73.893263], [40.868559, -73.893374], [40.868551, -73.89349], [40.868559, -73.893606], [40.868585, -73.893717]]"
44ab581e-8ae6-46f5-9d1d-e662e34c4315,Review Warning Zone 866,40.87469,-73.88456,0.05,"[[40.874275, -73.884787], [40.874317, -73.884889], [40.874372, -73.884979], [40.87444, -73.885053], [40.874518, -73.885108], [40.874602, -73.885141], [40.87469, -73.885153], [40.874778, -73.885141], [40.874862, -73.885108], [40.87494, -73.885053], [40.875008, -73.884979], [40.875063, -73.884889], [40.875105, -73.884787], [40.875131, -73.884676], [40.875139, -73.88456], [40.875131, -73.884444], [40.875105, -73.884333], [40.875063, -73.884231], [40.875008, -73.884141], [40.87494, -73.884067], [40.874862, -73.884012], [40.874778, -73.883979], [40.87469, -73.883967], [40.874602, -73.883979], [40.874518, -73.884012], [40.87444, -73.884067], [40.874372, -73.884141], [40.874317, -73.884231], [40.874275, -73.884333], [40.874249, -73.884444], [40.874241, -73.88456], [40.874249, -73.884676]]"
863af513-9b28-49ef-8375-a243a99d84f2,Review Warning Zone 867,40.87749,-73.864,0.05,"[[40.877075, -73.864227], [40.877117, -73.864329], [40.877172, -73.864419], [40.87724, -73.864493], [40.877318, -73.864548], [40.877402, -73.864581], [40.87749, -73.864593], [40.877578, -73.864581], [40.877662, -73.864548], [40.87774, -73.864493], [40.877808, -73.864419], [40.877863, -73.864329], [40.877905, -73.864227], [40.877931, -73.864116], [40.877939, -73.864], [40.877931, -73.863884], [40.877905, -73.863773], [40.877863, -73.863671], [40.877808, -73.863581], [40.87774, -73.863507], [40.877662, -73.863452], [40.877578, -73.863419], [40.87749, -73.863407], [40.877402, -73.863419], [40.877318, -73.863452], [40.87724, -73.863507], [40.877172, -73.863581], [40.877117, -73.863671], [40.877075, -73.863773], [40.877049, -73.863884], [40.877041, -73.864], [40.877049, -73.864116]]"
c9c1d400-5116-488d-be47-35ba221a1c47,Review Warning Zone 868,40.879055,-73.862785,0.098,"[[40.878595, -73.862437], [40.878637, -73.862539], [40.878692, -73.862629], [40.87876, -73.862703], [40.878838, -73.862758], [40.878922, -73.862791], [40.878966, -73.862797], [40.878928, -73.862812], [40.87885, -73.862867], [40.878782, -73.862941], [40.878727, -73.863031], [40.878685, -73.863133], [40.878659, -73.863244], [40.878651, -73.86336], [40.878659, -73.863476], [40.878685, -73.863587], [40.878727, -73.863689], [40.878782, -73.863779], [40.87885, -73.863853], [40.878928, -73.863908], [40.879012, -73.863941], [40.8791, -73.863953], [40.879188, -73.863941], [40.879272, -73.863908], [40.87935, -73.863853], [40.879418, -73.863779], [40.879473, -73.863689], [40.879515, -73.863587], [40.879541, -73.863476], [40.879549, -73.86336], [40.879541, -73.863244], [40.879515, -73.863133], [40.879473, -73.863031], [40.879418, -73.862941], [40.87935, -73.862867], [40.879272, -73.862812], [40.879188, -73.862779], [40.879144, -73.862773], [40.879182, -73.862758], [40.87926, -73.862703], [40.879328, -73.862629], [40.879383, -73.862539], [40.879425, -73.862437], [40.879451, -73.862326], [40.879459, -73.86221], [40.879451, -73.862094], [40.879425, -73.861983], [40.879383, -73.861881], [40.879328, -73.861791], [40.87926, -73.861717], [40.879182, -73.861662], [40.879098, -73.861629], [40.87901, -73.861617], [40.878922, -73.861629], [40.878838, -73.861662], [40.87876, -73.861717], [40.878692, -73.861791], [40.878637, -73.861881], [40.878595, -73.861983], [40.878569, -73.862094], [40.878561, -73.86221], [40.878569, -73.862326]]"
61c2690b-12d3-4123-ab9b-3aa56b3ce25c,Review Warning Zone 869,40.87911,-73.86093,0.05,"[[40.878737, -73.861259], [40.878792, -73.861349], [40.87886, -73.861423], [40.878938, -73.861478], [40.879022, -73.861511], [40.87911, -73.861523], [40.879198, -73.861511], [40.879282, -73.861478], [40.87936, -73.861423], [40.879428, -73.861349], [40.879483, -73.861259], [40.879525, -73.861157], [40.879551, -73.861046], [40.879559, -73.86093], [40.879551, -73.860814], [40.879525, -73.860703], [40.879483, -73.860601], [40.879428, -73.860511], [40.87936, -73.860437], [40.879282, -73.860382], [40.879198, -73.860349], [40.87911, -73.860337], [40.879022, -73.860349], [40.878938, -73.860382], [40.87886, -73.860437], [40.878792, -73.860511], [40.878737, -73.860601], [40.878695, -73.860703], [40.878669, -73.860814], [40.878661, -73.86093], [40.878669, -73.861046], [40.878695, -73.861157]]"
e3331aa9-eeed-4d16-8325-67135d357029,Review Warning Zone 870,40.8827,-73.86281,0.05,"[[40.882285, -73.863037], [40.882327, -73.863139], [40.882382, -73.863229], [40.88245, -73.863303], [40.882528, -73.863358], [40.882612, -73.863391], [40.8827, -73.863403], [40.882788, -73.863391], [40.882872, -73.863358], [40.88295, -73.863303], [40.883018, -73.863229], [40.883073, -73.863139], [40.883115, -73.863037], [40.883141, -73.862926], [40.883149, -73.86281], [40.883141, -73.862694], [40.883115, -73.862583], [40.883073, -73.862481], [40.883018, -73.862391], [40.88295, -73.862317], [40.882872, -73.862262], [40.882788, -73.862229], [40.8827, -73.862217], [40.882612, -73.862229], [40.882528, -73.862262], [40.88245, -73.862317], [40.882382, -73.862391], [40.882327, -73.862481], [40.882285, -73.862583], [40.882259, -73.862694], [40.882251, -73.86281], [40.882259, -73.862926]]"
e4efa9fe-79b3-4431-859b-0ae3c6d2316c,Review Warning Zone 871,40.88472,-73.86267,0.05,"[[40.884305, -73.862897], [40.884347, -73.862999], [40.884402, -73.863089], [40.88447, -73.863163], [40.884548, -73.863218], [40.884632, -73.863251], [40.88472, -73.863263], [40.884808, -73.863251], [40.884892, -73.863218], [40.88497, -73.863163], [40.885038, -73.863089], [40.885093, -73.862999], [40.885135, -73.862897], [40.885161, -73.862786], [40.885169, -73.86267], [40.885161, -73.862554], [40.885135, -73.862443], [40.885093, -73.862341], [40.885038, -73.862251], [40.88497, -73.862177], [40.884892, -73.862122], [40.884808, -73.862089], [40.88472, -73.862077], [40.884632, -73.862089], [40.884548, -73.862122], [40.88447, -73.862177], [40.884402, -73.862251], [40.884347, -73.862341], [40.884305, -73.862443], [40.884279, -73.862554], [40.884271, -73.86267], [40.884279, -73.862786]]"
175e018c-c527-4f11-b9b4-38512721852a,Review Warning Zone 872,40.888669,-73.858896,0.099,"[[40.887835, -73.859307], [40.887877, -73.859409], [40.887932, -73.859499], [40.888, -73.859573], [40.888078, -73.859628], [40.888162, -73.859661], [40.88825, -73.859673], [40.888338, -73.859661], [40.888422, -73.859628], [40.8885, -73.859573], [40.888568, -73.859499], [40.888623, -73.859409], [40.888665, -73.859307], [40.888691, -73.859196], [40.888699, -73.85908], [40.888692, -73.858985], [40.888715, -73.85904], [40.88877, -73.85913], [40.888838, -73.859204], [40.888916, -73.859259], [40.889, -73.859292], [40.889088, -73.859304], [40.889176, -73.859292], [40.88926, -73.859259], [40.889338, -73.859204], [40.889406, -73.85913], [40.889461, -73.85904], [40.889503, -73.858938], [40.889529, -73.858827], [40.889537, -73.858711], [40.889529, -73.858595], [40.889503, -73.858484], [40.889461, -73.858382], [40.889406, -73.858292], [40.889338, -73.858218], [40.88926, -73.858163], [40.889176, -73.85813], [40.889088, -73.858118], [40.889, -73.85813], [40.888916, -73.858163], [40.888838, -73.858218], [40.88877, -73.858292], [40.888715, -73.858382], [40.888673, -73.858484], [40.888647, -73.858595], [40.888639, -73.858711], [40.888646, -73.858806], [40.888623, -73.858751], [40.888568, -73.858661], [40.8885, -73.858587], [40.888422, -73.858532], [40.888338, -73.858499], [40.88825, -73.858487], [40.888162, -73.858499], [40.888078, -73.858532], [40.888, -73.858587], [40.887932, -73.858661], [40.887877, -73.858751], [40.887835, -73.858853], [40.887809, -73.858964], [40.887801, -73.85908], [40.887809, -73.859196]]"
650d0a59-a3aa-4197-b9fe-180748401364,Review Warning Zone 873,40.89649,-73.85695,0.05,"[[40.896117, -73.857279], [40.896172, -73.857369], [40.89624, -73.857443], [40.896318, -73.857498], [40.896402, -73.857531], [40.89649, -73.857543], [40.896578, -73.857531], [40.896662, -73.857498], [40.89674, -73.857443], [40.896808, -73.857369], [40.896863, -73.857279], [40.896905, -73.857177], [40.896931, -73.857066], [40.896939, -73.85695], [40.896931, -73.856834], [40.896905, -73.856723], [40.896863, -73.856621], [40.896808, -73.856531], [40.89674, -73.856457], [40.896662, -73.856402], [40.896578, -73.856369], [40.89649, -73.856357], [40.896402, -73.856369], [40.896318, -73.856402], [40.89624, -73.856457], [40.896172, -73.856531], [40.896117, -73.856621], [40.896075, -73.856723], [40.896049, -73.856834], [40.896041, -73.85695], [40.896049, -73.857066], [40.896075, -73.857177]]"
aca55074-a120-45b1-8455-6d16b54e97c1,Review Warning Zone 874,40.58551,-73.81772,0.05,"[[40.585095, -73.817947], [40.585137, -73.818049], [40.585192, -73.818139], [40.58526, -73.818213], [40.585338, -73.818268], [40.585422, -73.818301], [40.58551, -73.818313], [40.585598, -73.818301], [40.585682, -73.818268], [40.58576, -73.818213], [40.585828, -73.818139], [40.585883, -73.818049], [40.585925, -73.817947], [40.585951, -73.817836], [40.585959, -73.81772], [40.585951, -73.817604], [40.585925, -73.817493], [40.585883, -73.817391], [40.585828, -73.817301], [40.58576, -73.817227], [40.585682, -73.817172], [40.585598, -73.817139], [40.58551, -73.817127], [40.585422, -73.817139], [40.585338, -73.817172], [40.58526, -73.817227], [40.585192, -73.817301], [40.585137, -73.817391], [40.585095, -73.817493], [40.585069, -73.817604], [40.585061, -73.81772], [40.585069, -73.817836]]"
642fd657-6e29-4670-8209-0012f7cf02e8,Review Warning Zone 875,40.58618,-73.81674,0.05,"[[40.585765, -73.816967], [40.585807, -73.817069], [40.585862, -73.817159], [40.58593, -73.817233], [40.586008, -73.817288], [40.586092, -73.817321], [40.58618, -73.817333], [40.586268, -73.817321], [40.586352, -73.817288], [40.58643, -73.817233], [40.586498, -73.817159], [40.586553, -73.817069], [40.586595, -73.816967], [40.586621, -73.816856], [40.586629, -73.81674], [40.586621, -73.816624], [40.586595, -73.816513], [40.586553, -73.816411], [40.586498, -73.816321], [40.58643, -73.816247], [40.586352, -73.816192], [40.586268, -73.816159], [40.58618, -73.816147], [40.586092, -73.816159], [40.586008, -73.816192], [40.58593, -73.816247], [40.585862, -73.816321], [40.585807, -73.816411], [40.585765, -73.816513], [40.585739, -73.816624], [40.585731, -73.81674], [40.585739, -73.816856]]"
4df4fa65-dda8-4592-b4cd-1a70098ce13b,Review Warning Zone 876,40.58739,-73.815685,0.072,"[[40.586887, -73.816209], [40.586942, -73.816299], [40.58701, -73.816373], [40.587088, -73.816428], [40.587172, -73.816461], [40.58726, -73.816473], [40.587348, -73.816461], [40.587432, -73.816428], [40.58751, -73.816373], [40.587578, -73.816299], [40.587633, -73.816209], [40.587675, -73.816107], [40.587691, -73.816038], [40.587692, -73.816038], [40.58777, -73.815983], [40.587838, -73.815909], [40.587893, -73.815819], [40.587935, -73.815717], [40.587961, -73.815606], [40.587969, -73.81549], [40.587961, -73.815374], [40.587935, -73.815263], [40.587893, -73.815161], [40.587838, -73.815071], [40.58777, -73.814997], [40.587692, -73.814942], [40.587608, -73.814909], [40.58752, -73.814897], [40.587432, -73.814909], [40.587348, -73.814942], [40.58727, -73.814997], [40.587202, -73.815071], [40.587147, -73.815161], [40.587105, -73.815263], [40.587089, -73.815332], [40.587088, -73.815332], [40.58701, -73.815387], [40.586942, -73.815461], [40.586887, -73.815551], [40.586845, -73.815653], [40.586819, -73.815764], [40.586811, -73.81588], [40.586819, -73.815996], [40.586845, -73.816107]]"
e8202905-cd6a-4a13-8a0b-b5a054bbf1e1,Review Warning Zone 877,40.58959,-73.81339,0.05,"[[40.589217, -73.813719], [40.589272, -73.813809], [40.58934, -73.813883], [40.589418, -73.813938], [40.589502, -73.813971], [40.58959, -73.813983], [40.589678, -73.813971], [40.589762, -73.813938], [40.58984, -73.813883], [40.589908, -73.813809], [40.589963, -73.813719], [40.590005, -73.813617], [40.590031, -73.813506], [40.590039, -73.81339], [40.590031, -73.813274], [40.590005, -73.813163], [40.589963, -73.813061], [40.589908, -73.812971], [40.58984, -73.812897], [40.589762, -73.812842], [40.589678, -73.812809], [40.58959, -73.812797], [40.589502, -73.812809], [40.589418, -73.812842], [40.58934, -73.812897], [40.589272, -73.812971], [40.589217, -73.813061], [40.589175, -73.813163], [40.589149, -73.813274], [40.589141, -73.81339], [40.589149, -73.813506], [40.589175, -73.813617]]"
19632e72-f60f-4e0b-a555-5d64ab29239e,Review Warning Zone 878,40.58972,-73.81114,0.05,"[[40.589305, -73.811367], [40.589347, -73.811469], [40.589402, -73.811559], [40.58947, -73.811633], [40.589548, -73.811688], [40.589632, -73.811721], [40.58972, -73.811733], [40.589808, -73.811721], [40.589892, -73.811688], [40.58997, -73.811633], [40.590038, -73.811559], [40.590093, -73.811469], [40.590135, -73.811367], [40.590161, -73.811256], [40.590169, -73.81114], [40.590161, -73.811024], [40.590135, -73.810913], [40.590093, -73.810811], [40.590038, -73.810721], [40.58997, -73.810647], [40.589892, -73.810592], [40.589808, -73.810559], [40.58972, -73.810547], [40.589632, -73.810559], [40.589548, -73.810592], [40.58947, -73.810647], [40.589402, -73.810721], [40.589347, -73.810811], [40.589305, -73.810913], [40.589279, -73.811024], [40.589271, -73.81114], [40.589279, -73.811256]]"
ba0d2960-20f2-46d9-bf5f-486e84ec210d,Review Warning Zone 879,40.59083,-73.78898,0.05,"[[40.590415, -73.789207], [40.590457, -73.789309], [40.590512, -73.789399], [40.59058, -73.789473], [40.590658, -73.789528], [40.590742, -73.789561], [40.59083, -73.789573], [40.590918, -73.789561], [40.591002, -73.789528], [40.59108, -73.789473], [40.591148, -73.789399], [40.591203, -73.789309], [40.591245, -73.789207], [40.591271, -73.789096], [40.591279, -73.78898], [40.591271, -73.788864], [40.591245, -73.788753], [40.591203, -73.788651], [40.591148, -73.788561], [40.59108, -73.788487], [40.591002, -73.788432], [40.590918, -73.788399], [40.59083, -73.788387], [40.590742, -73.788399], [40.590658, -73.788432], [40.59058, -73.788487], [40.590512, -73.788561], [40.590457, -73.788651], [40.590415, -73.788753], [40.590389, -73.788864], [40.590381, -73.78898], [40.590389, -73.789096]]"
56e546ec-dba6-4188-9dbc-3ac36783eecd,Review Warning Zone 880,40.5911,-73.79805,0.05,"[[40.590685, -73.798277], [40.590727, -73.798379], [40.590782, -73.798469], [40.59085, -73.798543], [40.590928, -73.798598], [40.591012, -73.798631], [40.5911, -73.798643], [40.591188, -73.798631], [40.591272, -73.798598], [40.59135, -73.798543], [40.591418, -73.798469], [40.591473, -73.798379], [40.591515, -73.798277], [40.591541, -73.798166], [40.591549, -73.79805], [40.591541, -73.797934], [40.591515, -73.797823], [40.591473, -73.797721], [40.591418, -73.797631], [40.59135, -73.797557], [40.591272, -73.797502], [40.591188, -73.797469], [40.5911, -73.797457], [40.591012, -73.797469], [40.590928, -73.797502], [40.59085, -73.797557], [40.590782, -73.797631], [40.590727, -73.797721], [40.590685, -73.797823], [40.590659, -73.797934], [40.590651, -73.79805], [40.590659, -73.798166]]"
3d6c9f56-3d09-458c-9f2d-9838c788306b,Review Warning Zone 881,40.59262,-73.78894,0.05,"[[40.592247, -73.789269], [40.592302, -73.789359], [40.59237, -73.789433], [40.592448, -73.789488], [40.592532, -73.789521], [40.59262, -73.789533], [40.592708, -73.789521], [40.592792, -73.789488], [40.59287, -73.789433], [40.592938, -73.789359], [40.592993, -73.789269], [40.593035, -73.789167], [40.593061, -73.789056], [40.593069, -73.78894], [40.593061, -73.788824], [40.593035, -73.788713], [40.592993, -73.788611], [40.592938, -73.788521], [40.59287, -73.788447], [40.592792, -73.788392], [40.592708, -73.788359], [40.59262, -73.788347], [40.592532, -73.788359], [40.592448, -73.788392], [40.59237, -73.788447], [40.592302, -73.788521], [40.592247, -73.788611], [40.592205, -73.788713], [40.592179, -73.788824], [40.592171, -73.78894], [40.592179, -73.789056], [40.592205, -73.789167]]"
a75eac30-8f92-414c-b120-df0ec13f1376,Review Warning Zone 882,40.593765,-73.78873,0.061,"[[40.593297, -73.789029], [40.593352, -73.789119], [40.59342, -73.789193], [40.593498, -73.789248], [40.593582, -73.789281], [40.593666, -73.789292], [40.593688, -73.789308], [40.593772, -73.789341], [40.59386, -73.789353], [40.593948, -73.789341], [40.594032, -73.789308], [40.59411, -73.789253], [40.594178, -73.789179], [40.594233, -73.789089], [40.594275, -73.788987], [40.594301, -73.788876], [40.594309, -73.78876], [40.594301, -73.788644], [40.594275, -73.788533], [40.594233, -73.788431], [40.594178, -73.788341], [40.59411, -73.788267], [40.594032, -73.788212], [40.593948, -73.788179], [40.593864, -73.788168], [40.593842, -73.788152], [40.593758, -73.788119], [40.59367, -73.788107], [40.593582, -73.788119], [40.593498, -73.788152], [40.59342, -73.788207], [40.593352, -73.788281], [40.593297, -73.788371], [40.593255, -73.788473], [40.593229, -73.788584], [40.593221, -73.7887], [40.593229, -73.788816], [40.593255, -73.788927]]"
8fcea991-b63f-404d-9aba-a2cedfa5123c,Review Warning Zone 883,40.59509,-73.79508,0.05,"[[40.594675, -73.795307], [40.594717, -73.795409], [40.594772, -73.795499], [40.59484, -73.795573], [40.594918, -73.795628], [40.595002, -73.795661], [40.59509, -73.795673], [40.595178, -73.795661], [40.595262, -73.795628], [40.59534, -73.795573], [40.595408, -73.795499], [40.595463, -73.795409], [40.595505, -73.795307], [40.595531, -73.795196], [40.595539, -73.79508], [40.595531, -73.794964], [40.595505, -73.794853], [40.595463, -73.794751], [40.595408, -73.794661], [40.59534, -73.794587], [40.595262, -73.794532], [40.595178, -73.794499], [40.59509, -73.794487], [40.595002, -73.794499], [40.594918, -73.794532], [40.59484, -73.794587], [40.594772, -73.794661], [40.594717, -73.794751], [40.594675, -73.794853], [40.594649, -73.794964], [40.594641, -73.79508], [40.594649, -73.795196]]"
d757d359-53a4-486c-8820-f61b1ab6024e,Review Warning Zone 884,40.597489,-73.799336,0.101,"[[40.596675, -73.799487], [40.596717, -73.799589], [40.596772, -73.799679], [40.59684, -73.799753], [40.596918, -73.799808], [40.597002, -73.799841], [40.59709, -73.799853], [40.597178, -73.799841], [40.597262, -73.799808], [40.59734, -73.799753], [40.597408, -73.799679], [40.597432, -73.799639], [40.597431, -73.79966], [40.597439, -73.799776], [40.597465, -73.799887], [40.597507, -73.799989], [40.597562, -73.800079], [40.59763, -73.800153], [40.597708, -73.800208], [40.597792, -73.800241], [40.59788, -73.800253], [40.597968, -73.800241], [40.598052, -73.800208], [40.59813, -73.800153], [40.598198, -73.800079], [40.598253, -73.799989], [40.598295, -73.799887], [40.598321, -73.799776], [40.598329, -73.79966], [40.598321, -73.799544], [40.598295, -73.799433], [40.598253, -73.799331], [40.598198, -73.799241], [40.59813, -73.799167], [40.598052, -73.799112], [40.597968, -73.799079], [40.59788, -73.799067], [40.597832, -73.799073], [40.597839, -73.79898], [40.597831, -73.798864], [40.597805, -73.798753], [40.597763, -73.798651], [40.597708, -73.798561], [40.59764, -73.798487], [40.597562, -73.798432], [40.597478, -73.798399], [40.59739, -73.798387], [40.597302, -73.798399], [40.597218, -73.798432], [40.59714, -73.798487], [40.597072, -73.798561], [40.597017, -73.798651], [40.597005, -73.798678], [40.597002, -73.798679], [40.596918, -73.798712], [40.59684, -73.798767], [40.596772, -73.798841], [40.596717, -73.798931], [40.596675, -73.799033], [40.596649, -73.799144], [40.596641, -73.79926], [40.596649, -73.799376]]"
d834a5b0-955a-4a69-b2f0-bde38009d188,Review Warning Zone 885,40.5973,-73.74712,0.05,"[[40.596927, -73.747449], [40.596982, -73.747539], [40.59705, -73.747613], [40.597128, -73.747668], [40.597212, -73.747701], [40.5973, -73.747713], [40.597388, -73.747701], [40.597472, -73.747668], [40.59755, -73.747613], [40.597618, -73.747539], [40.597673, -73.747449], [40.597715, -73.747347], [40.597741, -73.747236], [40.597749, -73.74712], [40.597741, -73.747004], [40.597715, -73.746893], [40.597673, -73.746791], [40.597618, -73.746701], [40.59755, -73.746627], [40.597472, -73.746572], [40.597388, -73.746539], [40.5973, -73.746527], [40.597212, -73.746539], [40.597128, -73.746572], [40.59705, -73.746627], [40.596982, -73.746701], [40.596927, -73.746791], [40.596885, -73.746893], [40.596859, -73.747004], [40.596851, -73.74712], [40.596859, -73.747236], [40.596885, -73.747347]]"
8c4f6f28-412e-4325-98c5-e5640aa4df8e,Review Warning Zone 886,40.598083,-73.791935,0.05,"[[40.597668, -73.792162], [40.597709, -73.792264], [40.597765, -73.792354], [40.597833, -73.792428], [40.597911, -73.792482], [40.597995, -73.792516], [40.598083, -73.792528], [40.59817, -73.792516], [40.598254, -73.792482], [40.598332, -73.792428], [40.5984, -73.792354], [40.598456, -73.792264], [40.598497, -73.792162], [40.598523, -73.792051], [40.598532, -73.791935], [40.598523, -73.791819], [40.598497, -73.791708], [40.598456, -73.791606], [40.5984, -73.791516], [40.598332, -73.791442], [40.598254, -73.791387], [40.59817, -73.791354], [40.598083, -73.791342], [40.597995, -73.791354], [40.597911, -73.791387], [40.597833, -73.791442], [40.597765, -73.791516], [40.597709, -73.791606], [40.597668, -73.791708], [40.597642, -73.791819], [40.597633, -73.791935], [40.597642, -73.792051]]"
83ef20e8-969d-465d-910e-4597404600b7,Review Warning Zone 887,40.60016,-73.75288,0.05,"[[40.599745, -73.753107], [40.599787, -73.753209], [40.599842, -73.753299], [40.59991, -73.753373], [40.599988, -73.753428], [40.600072, -73.753461], [40.60016, -73.753473], [40.600248, -73.753461], [40.600332, -73.753428], [40.60041, -73.753373], [40.600478, -73.753299], [40.600533, -73.753209], [40.600575, -73.753107], [40.600601, -73.752996], [40.600609, -73.75288], [40.600601, -73.752764], [40.600575, -73.752653], [40.600533, -73.752551], [40.600478, -73.752461], [40.60041, -73.752387], [40.600332, -73.752332], [40.600248, -73.752299], [40.60016, -73.752287], [40.600072, -73.752299], [40.599988, -73.752332], [40.59991, -73.752387], [40.599842, -73.752461], [40.599787, -73.752551], [40.599745, -73.752653], [40.599719, -73.752764], [40.599711, -73.75288], [40.599719, -73.752996]]"
70757e19-0720-4266-8393-6c6763e1815e,Review Warning Zone 888,40.60751,-73.76502,0.1,"[[40.606997, -73.765909], [40.607052, -73.765999], [40.60712, -73.766073], [40.607198, -73.766128], [40.607282, -73.766161], [40.60737, -73.766173], [40.607458, -73.766161], [40.607542, -73.766128], [40.60762, -73.766073], [40.607688, -73.765999], [40.607743, -73.765909], [40.607785, -73.765807], [40.607811, -73.765696], [40.607819, -73.76558], [40.607811, -73.765464], [40.607785, -73.765353], [40.607743, -73.765251], [40.607688, -73.765161], [40.60762, -73.765087], [40.607544, -73.765034], [40.607562, -73.765041], [40.60765, -73.765053], [40.607738, -73.765041], [40.607822, -73.765008], [40.6079, -73.764953], [40.607968, -73.764879], [40.608023, -73.764789], [40.608065, -73.764687], [40.608091, -73.764576], [40.608099, -73.76446], [40.608091, -73.764344], [40.608065, -73.764233], [40.608023, -73.764131], [40.607968, -73.764041], [40.6079, -73.763967], [40.607822, -73.763912], [40.607738, -73.763879], [40.60765, -73.763867], [40.607562, -73.763879], [40.607478, -73.763912], [40.6074, -73.763967], [40.607332, -73.764041], [40.607277, -73.764131], [40.607235, -73.764233], [40.607209, -73.764344], [40.607201, -73.76446], [40.607209, -73.764576], [40.607235, -73.764687], [40.607277, -73.764789], [40.607332, -73.764879], [40.6074, -73.764953], [40.607476, -73.765006], [40.607458, -73.764999], [40.60737, -73.764987], [40.607282, -73.764999], [40.607198, -73.765032], [40.60712, -73.765087], [40.607052, -73.765161], [40.606997, -73.765251], [40.606955, -73.765353], [40.606929, -73.765464], [40.606921, -73.76558], [40.606929, -73.765696], [40.606955, -73.765807]]"
c1cafa9c-55f4-4b7f-b74e-bde24ac347f5,Review Warning Zone 889,40.66221,-73.771143,0.09,"[[40.661595, -73.770973], [40.661637, -73.771076], [40.661693, -73.771166], [40.661761, -73.771239], [40.661839, -73.771294], [40.661923, -73.771328], [40.66199, -73.771337], [40.661969, -73.771424], [40.661961, -73.77154], [40.661969, -73.771656], [40.661995, -73.771767], [40.662037, -73.771869], [40.662092, -73.771959], [40.66216, -73.772033], [40.662238, -73.772088], [40.662322, -73.772121], [40.66241, -73.772133], [40.662498, -73.772121], [40.662582, -73.772088], [40.66266, -73.772033], [40.662728, -73.771959], [40.662783, -73.771869], [40.662825, -73.771767], [40.662851, -73.771656], [40.662859, -73.77154], [40.662851, -73.771424], [40.662825, -73.771313], [40.662783, -73.771211], [40.662728, -73.771121], [40.66266, -73.771047], [40.662582, -73.770992], [40.662498, -73.770959], [40.662431, -73.77095], [40.662451, -73.770862], [40.66246, -73.770746], [40.662451, -73.770631], [40.662425, -73.77052], [40.662384, -73.770417], [40.662328, -73.770327], [40.66226, -73.770254], [40.662182, -73.770199], [40.662098, -73.770165], [40.66201, -73.770154], [40.661923, -73.770165], [40.661839, -73.770199], [40.661761, -73.770254], [40.661693, -73.770327], [40.661637, -73.770417], [40.661595, -73.77052], [40.66157, -73.770631], [40.661561, -73.770746], [40.66157, -73.770862]]"
7d852efa-225b-468a-b466-03afc897fcf7,Review Warning Zone 890,40.66228,-73.76676,0.05,"[[40.661907, -73.767089], [40.661962, -73.767179], [40.66203, -73.767253], [40.662108, -73.767308], [40.662192, -73.767341], [40.66228, -73.767353], [40.662368, -73.767341], [40.662452, -73.767308], [40.66253, -73.767253], [40.662598, -73.767179], [40.662653, -73.767089], [40.662695, -73.766987], [40.662721, -73.766876], [40.662729, -73.76676], [40.662721, -73.766644], [40.662695, -73.766533], [40.662653, -73.766431], [40.662598, -73.766341], [40.66253, -73.766267], [40.662452, -73.766212], [40.662368, -73.766179], [40.66228, -73.766167], [40.662192, -73.766179], [40.662108, -73.766212], [40.66203, -73.766267], [40.661962, -73.766341], [40.661907, -73.766431], [40.661865, -73.766533], [40.661839, -73.766644], [40.661831, -73.76676], [40.661839, -73.766876], [40.661865, -73.766987]]"
113961b2-096d-4260-a91a-e37b2e181609,Review Warning Zone 891,40.663516,-73.769411,0.05,"[[40.663101, -73.769638], [40.663143, -73.769741], [40.663199, -73.769831], [40.663267, -73.769904], [40.663344, -73.769959], [40.663429, -73.769993], [40.663516, -73.770004], [40.663604, -73.769993], [40.663688, -73.769959], [40.663766, -73.769904], [40.663834, -73.769831], [40.66389, -73.769741], [40.663931, -73.769638], [40.663957, -73.769527], [40.663965, -73.769411], [40.663957, -73.769296], [40.663931, -73.769185], [40.66389, -73.769082], [40.663834, -73.768992], [40.663766, -73.768919], [40.663688, -73.768864], [40.663604, -73.76883], [40.663516, -73.768819], [40.663429, -73.76883], [40.663344, -73.768864], [40.663267, -73.768919], [40.663199, -73.768992], [40.663143, -73.769082], [40.663101, -73.769185], [40.663076, -73.769296], [40.663067, -73.769411], [40.663076, -73.769527]]"
29b8a582-c881-4fb7-bedf-160f74acc6a7,Review Warning Zone 892,40.666,-73.7716,0.05,"[[40.665627, -73.771929], [40.665682, -73.772019], [40.66575, -73.772093], [40.665828, -73.772148], [40.665912, -73.772181], [40.666, -73.772193], [40.666088, -73.772181], [40.666172, -73.772148], [40.66625, -73.772093], [40.666318, -73.772019], [40.666373, -73.771929], [40.666415, -73.771827], [40.666441, -73.771716], [40.666449, -73.7716], [40.666441, -73.771484], [40.666415, -73.771373], [40.666373, -73.771271], [40.666318, -73.771181], [40.66625, -73.771107], [40.666172, -73.771052], [40.666088, -73.771019], [40.666, -73.771007], [40.665912, -73.771019], [40.665828, -73.771052], [40.66575, -73.771107], [40.665682, -73.771181], [40.665627, -73.771271], [40.665585, -73.771373], [40.665559, -73.771484], [40.665551, -73.7716], [40.665559, -73.771716], [40.665585, -73.771827]]"
e5c7f3c3-3443-4deb-9216-e2c1f3fd6323,Review Warning Zone 893,40.666695,-73.78366,0.094,"[[40.666287, -73.784509], [40.666342, -73.784599], [40.66641, -73.784673], [40.666488, -73.784728], [40.666572, -73.784761], [40.66666, -73.784773], [40.666748, -73.784761], [40.666832, -73.784728], [40.66691, -73.784673], [40.666978, -73.784599], [40.667033, -73.784509], [40.667075, -73.784407], [40.667101, -73.784296], [40.667109, -73.78418], [40.667101, -73.784064], [40.667075, -73.783953], [40.667033, -73.783851], [40.666978, -73.783761], [40.66691, -73.783687], [40.666906, -73.783685], [40.66698, -73.783633], [40.667048, -73.783559], [40.667103, -73.783469], [40.667145, -73.783367], [40.667171, -73.783256], [40.667179, -73.78314], [40.667171, -73.783024], [40.667145, -73.782913], [40.667103, -73.782811], [40.667048, -73.782721], [40.66698, -73.782647], [40.666902, -73.782592], [40.666818, -73.782559], [40.66673, -73.782547], [40.666642, -73.782559], [40.666558, -73.782592], [40.66648, -73.782647], [40.666412, -73.782721], [40.666357, -73.782811], [40.666315, -73.782913], [40.666289, -73.783024], [40.666281, -73.78314], [40.666289, -73.783256], [40.666315, -73.783367], [40.666357, -73.783469], [40.666412, -73.783559], [40.66648, -73.783633], [40.666484, -73.783635], [40.66641, -73.783687], [40.666342, -73.783761], [40.666287, -73.783851], [40.666245, -73.783953], [40.666219, -73.784064], [40.666211, -73.78418], [40.666219, -73.784296], [40.666245, -73.784407]]"
8547c4d8-6571-4698-844e-f18024297a6d,Review Warning Zone 894,40.66794,-73.78502,0.05,"[[40.667525, -73.785247], [40.667567, -73.785349], [40.667622, -73.785439], [40.66769, -73.785513], [40.667768, -73.785568], [40.667852, -73.785601], [40.66794, -73.785613], [40.668028, -73.785601], [40.668112, -73.785568], [40.66819, -73.785513], [40.668258, -73.785439], [40.668313, -73.785349], [40.668355, -73.785247], [40.668381, -73.785136], [40.668389, -73.78502], [40.668381, -73.784904], [40.668355, -73.784793], [40.668313, -73.784691], [40.668258, -73.784601], [40.66819, -73.784527], [40.668112, -73.784472], [40.668028, -73.784439], [40.66794, -73.784427], [40.667852, -73.784439], [40.667768, -73.784472], [40.66769, -73.784527], [40.667622, -73.784601], [40.667567, -73.784691], [40.667525, -73.784793], [40.667499, -73.784904], [40.667491, -73.78502], [40.667499, -73.785136]]"
c1b0287d-1cc0-4162-8aa1-f6543c334444,Review Warning Zone 895,40.668255,-73.76524,0.082,"[[40.667555, -73.765487], [40.667597, -73.765589], [40.667652, -73.765679], [40.66772, -73.765753], [40.667798, -73.765808], [40.667882, -73.765841], [40.66797, -73.765853], [40.668058, -73.765841], [40.668142, -73.765808], [40.66822, -73.765753], [40.668273, -73.765694], [40.66829, -73.765713], [40.668368, -73.765768], [40.668452, -73.765801], [40.66854, -73.765813], [40.668628, -73.765801], [40.668712, -73.765768], [40.66879, -73.765713], [40.668858, -73.765639], [40.668913, -73.765549], [40.668955, -73.765447], [40.668981, -73.765336], [40.668989, -73.76522], [40.668981, -73.765104], [40.668955, -73.764993], [40.668913, -73.764891], [40.668858, -73.764801], [40.66879, -73.764727], [40.668712, -73.764672], [40.668628, -73.764639], [40.66854, -73.764627], [40.668452, -73.764639], [40.668368, -73.764672], [40.66829, -73.764727], [40.668237, -73.764786], [40.66822, -73.764767], [40.668142, -73.764712], [40.668058, -73.764679], [40.66797, -73.764667], [40.667882, -73.764679], [40.667798, -73.764712], [40.66772, -73.764767], [40.667652, -73.764841], [40.667597, -73.764931], [40.667555, -73.765033], [40.667529, -73.765144], [40.667521, -73.76526], [40.667529, -73.765376]]"
f75923b6-4b84-44db-8872-2d2436a94d6a,Review Warning Zone 896,40.668261,-73.7833,0.085,"[[40.667617, -73.783429], [40.667672, -73.783519], [40.66774, -73.783593], [40.667818, -73.783648], [40.667854, -73.783662], [40.667851, -73.78371], [40.667859, -73.783826], [40.667885, -73.783937], [40.667927, -73.784039], [40.667982, -73.784129], [40.66805, -73.784203], [40.668128, -73.784258], [40.668212, -73.784291], [40.6683, -73.784303], [40.668388, -73.784291], [40.668472, -73.784258], [40.66855, -73.784203], [40.668618, -73.784129], [40.668673, -73.784039], [40.668715, -73.783937], [40.668741, -73.783826], [40.668749, -73.78371], [40.668741, -73.783594], [40.668738, -73.783581], [40.66875, -73.783573], [40.668818, -73.783499], [40.668873, -73.783409], [40.668915, -73.783307], [40.668941, -73.783196], [40.668949, -73.78308], [40.668941, -73.782964], [40.668915, -73.782853], [40.668873, -73.782751], [40.668818, -73.782661], [40.66875, -73.782587], [40.668672, -73.782532], [40.668588, -73.782499], [40.6685, -73.782487], [40.668412, -73.782499], [40.668328, -73.782532], [40.66825, -73.782587], [40.668235, -73.782604], [40.668162, -73.782552], [40.668078, -73.782519], [40.66799, -73.782507], [40.667902, -73.782519], [40.667818, -73.782552], [40.66774, -73.782607], [40.667672, -73.782681], [40.667617, -73.782771], [40.667575, -73.782873], [40.667549, -73.782984], [40.667541, -73.7831], [40.667549, -73.783216], [40.667575, -73.783327]]"
3a21b3f6-92a5-4ad8-9dc8-45f5ee7a1f73,Review Warning Zone 897,40.66829,-73.76312,0.05,"[[40.667917, -73.763449], [40.667972, -73.763539], [40.66804, -73.763613], [40.668118, -73.763668], [40.668202, -73.763701], [40.66829, -73.763713], [40.668378, -73.763701], [40.668462, -73.763668], [40.66854, -73.763613], [40.668608, -73.763539], [40.668663, -73.763449], [40.668705, -73.763347], [40.668731, -73.763236], [40.668739, -73.76312], [40.668731, -73.763004], [40.668705, -73.762893], [40.668663, -73.762791], [40.668608, -73.762701], [40.66854, -73.762627], [40.668462, -73.762572], [40.668378, -73.762539], [40.66829, -73.762527], [40.668202, -73.762539], [40.668118, -73.762572], [40.66804, -73.762627], [40.667972, -73.762701], [40.667917, -73.762791], [40.667875, -73.762893], [40.667849, -73.763004], [40.667841, -73.76312], [40.667849, -73.763236], [40.667875, -73.763347]]"
8e6f9719-b333-4e7c-a468-796f16cfa17b,Review Warning Zone 898,40.66958,-73.77127,0.05,"[[40.669207, -73.771599], [40.669262, -73.771689], [40.66933, -73.771763], [40.669408, -73.771818], [40.669492, -73.771851], [40.66958, -73.771863], [40.669668, -73.771851], [40.669752, -73.771818], [40.66983, -73.771763], [40.669898, -73.771689], [40.669953, -73.771599], [40.669995, -73.771497], [40.670021, -73.771386], [40.670029, -73.77127], [40.670021, -73.771154], [40.669995, -73.771043], [40.669953, -73.770941], [40.669898, -73.770851], [40.66983, -73.770777], [40.669752, -73.770722], [40.669668, -73.770689], [40.66958, -73.770677], [40.669492, -73.770689], [40.669408, -73.770722], [40.66933, -73.770777], [40.669262, -73.770851], [40.669207, -73.770941], [40.669165, -73.771043], [40.669139, -73.771154], [40.669131, -73.77127], [40.669139, -73.771386], [40.669165, -73.771497]]"
ac5da4ce-5ed5-48b6-a636-2021663491a8,Review Warning Zone 899,40.67118,-73.79307,0.05,"[[40.670807, -73.793399], [40.670862, -73.793489], [40.67093, -73.793563], [40.671008, -73.793618], [40.671092, -73.793651], [40.67118, -73.793663], [40.671268, -73.793651], [40.671352, -73.793618], [40.67143, -73.793563], [40.671498, -73.793489], [40.671553, -73.793399], [40.671595, -73.793297], [40.671621, -73.793186], [40.671629, -73.79307], [40.671621, -73.792954], [40.671595, -73.792843], [40.671553, -73.792741], [40.671498, -73.792651], [40.67143, -73.792577], [40.671352, -73.792522], [40.671268, -73.792489], [40.67118, -73.792477], [40.671092, -73.792489], [40.671008, -73.792522], [40.67093, -73.792577], [40.670862, -73.792651], [40.670807, -73.792741], [40.670765, -73.792843], [40.670739, -73.792954], [40.670731, -73.79307], [40.670739, -73.793186], [40.670765, -73.793297]]"
46833cea-249e-404e-a74c-90db2b81560f,Review Warning Zone 900,40.67169,-73.84235,0.05,"[[40.671275, -73.842577], [40.671317, -73.842679], [40.671372, -73.842769], [40.67144, -73.842843], [40.671518, -73.842898], [40.671602, -73.842931], [40.67169, -73.842943], [40.671778, -73.842931], [40.671862, -73.842898], [40.67194, -73.842843], [40.672008, -73.842769], [40.672063, -73.842679], [40.672105, -73.842577], [40.672131, -73.842466], [40.672139, -73.84235], [40.672131, -73.842234], [40.672105, -73.842123], [40.672063, -73.842021], [40.672008, -73.841931], [40.67194, -73.841857], [40.671862, -73.841802], [40.671778, -73.841769], [40.67169, -73.841757], [40.671602, -73.841769], [40.671518, -73.841802], [40.67144, -73.841857], [40.671372, -73.841931], [40.671317, -73.842021], [40.671275, -73.842123], [40.671249, -73.842234], [40.671241, -73.84235], [40.671249, -73.842466]]"
c7a3fd21-a6da-4705-b46b-43d60a5d0cde,Review Warning Zone 901,40.67194,-73.79513,0.05,"[[40.671525, -73.795357], [40.671567, -73.795459], [40.671622, -73.795549], [40.67169, -73.795623], [40.671768, -73.795678], [40.671852, -73.795711], [40.67194, -73.795723], [40.672028, -73.795711], [40.672112, -73.795678], [40.67219, -73.795623], [40.672258, -73.795549], [40.672313, -73.795459], [40.672355, -73.795357], [40.672381, -73.795246], [40.672389, -73.79513], [40.672381, -73.795014], [40.672355, -73.794903], [40.672313, -73.794801], [40.672258, -73.794711], [40.67219, -73.794637], [40.672112, -73.794582], [40.672028, -73.794549], [40.67194, -73.794537], [40.671852, -73.794549], [40.671768, -73.794582], [40.67169, -73.794637], [40.671622, -73.794711], [40.671567, -73.794801], [40.671525, -73.794903], [40.671499, -73.795014], [40.671491, -73.79513], [40.671499, -73.795246]]"
39f2c28a-0ac6-4465-8074-6701d7059643,Review Warning Zone 902,40.67239,-73.78049,0.05,"[[40.671975, -73.780717], [40.672017, -73.780819], [40.672072, -73.780909], [40.67214, -73.780983], [40.672218, -73.781038], [40.672302, -73.781071], [40.67239, -73.781083], [40.672478, -73.781071], [40.672562, -73.781038], [40.67264, -73.780983], [40.672708, -73.780909], [40.672763, -73.780819], [40.672805, -73.780717], [40.672831, -73.780606], [40.672839, -73.78049], [40.672831, -73.780374], [40.672805, -73.780263], [40.672763, -73.780161], [40.672708, -73.780071], [40.67264, -73.779997], [40.672562, -73.779942], [40.672478, -73.779909], [40.67239, -73.779897], [40.672302, -73.779909], [40.672218, -73.779942], [40.67214, -73.779997], [40.672072, -73.780071], [40.672017, -73.780161], [40.671975, -73.780263], [40.671949, -73.780374], [40.671941, -73.78049], [40.671949, -73.780606]]"
929f21ad-4303-43f2-ba95-886fead3cc31,Review Warning Zone 903,40.672768,-73.778677,0.05,"[[40.672395, -73.779006], [40.672451, -73.779096], [40.672519, -73.779169], [40.672596, -73.779224], [40.672681, -73.779258], [40.672768, -73.779269], [40.672856, -73.779258], [40.67294, -73.779224], [40.673018, -73.779169], [40.673086, -73.779096], [40.673142, -73.779006], [40.673183, -73.778903], [40.673209, -73.778792], [40.673217, -73.778677], [40.673209, -73.778561], [40.673183, -73.77845], [40.673142, -73.778347], [40.673086, -73.778257], [40.673018, -73.778184], [40.67294, -73.778129], [40.672856, -73.778095], [40.672768, -73.778084], [40.672681, -73.778095], [40.672596, -73.778129], [40.672519, -73.778184], [40.672451, -73.778257], [40.672395, -73.778347], [40.672353, -73.77845], [40.672328, -73.778561], [40.672319, -73.778677], [40.672328, -73.778792], [40.672353, -73.778903]]"
9a9ae69b-b0df-4b60-b17c-e59576ac9c7a,Review Warning Zone 904,40.67291,-73.81341,0.05,"[[40.672537, -73.813739], [40.672592, -73.813829], [40.67266, -73.813903], [40.672738, -73.813958], [40.672822, -73.813991], [40.67291, -73.814003], [40.672998, -73.813991], [40.673082, -73.813958], [40.67316, -73.813903], [40.673228, -73.813829], [40.673283, -73.813739], [40.673325, -73.813637], [40.673351, -73.813526], [40.673359, -73.81341], [40.673351, -73.813294], [40.673325, -73.813183], [40.673283, -73.813081], [40.673228, -73.812991], [40.67316, -73.812917], [40.673082, -73.812862], [40.672998, -73.812829], [40.67291, -73.812817], [40.672822, -73.812829], [40.672738, -73.812862], [40.67266, -73.812917], [40.672592, -73.812991], [40.672537, -73.813081], [40.672495, -73.813183], [40.672469, -73.813294], [40.672461, -73.81341], [40.672469, -73.813526], [40.672495, -73.813637]]"
0a046506-6637-4c5f-afcb-1bce140544e6,Review Warning Zone 905,40.67423,-73.7496,0.05,"[[40.673815, -73.749827], [40.673857, -73.749929], [40.673912, -73.750019], [40.67398, -73.750093], [40.674058, -73.750148], [40.674142, -73.750181], [40.67423, -73.750193], [40.674318, -73.750181], [40.674402, -73.750148], [40.67448, -73.750093], [40.674548, -73.750019], [40.674603, -73.749929], [40.674645, -73.749827], [40.674671, -73.749716], [40.674679, -73.7496], [40.674671, -73.749484], [40.674645, -73.749373], [40.674603, -73.749271], [40.674548, -73.749181], [40.67448, -73.749107], [40.674402, -73.749052], [40.674318, -73.749019], [40.67423, -73.749007], [40.674142, -73.749019], [40.674058, -73.749052], [40.67398, -73.749107], [40.673912, -73.749181], [40.673857, -73.749271], [40.673815, -73.749373], [40.673789, -73.749484], [40.673781, -73.7496], [40.673789, -73.749716]]"
3d2dfff8-36c9-4713-b92c-3194a962ffec,Review Warning Zone 906,40.67462,-73.78348,0.05,"[[40.674205, -73.783707], [40.674247, -73.783809], [40.674302, -73.783899], [40.67437, -73.783973], [40.674448, -73.784028], [40.674532, -73.784061], [40.67462, -73.784073], [40.674708, -73.784061], [40.674792, -73.784028], [40.67487, -73.783973], [40.674938, -73.783899], [40.674993, -73.783809], [40.675035, -73.783707], [40.675061, -73.783596], [40.675069, -73.78348], [40.675061, -73.783364], [40.675035, -73.783253], [40.674993, -73.783151], [40.674938, -73.783061], [40.67487, -73.782987], [40.674792, -73.782932], [40.674708, -73.782899], [40.67462, -73.782887], [40.674532, -73.782899], [40.674448, -73.782932], [40.67437, -73.782987], [40.674302, -73.783061], [40.674247, -73.783151], [40.674205, -73.783253], [40.674179, -73.783364], [40.674171, -73.78348], [40.674179, -73.783596]]"
cdcc6336-9e6f-4339-8632-63bfc13de67b,Review Warning Zone 907,40.67862,-73.79618,0.05,"[[40.678205, -73.796407], [40.678247, -73.796509], [40.678302, -73.796599], [40.67837, -73.796673], [40.678448, -73.796728], [40.678532, -73.796761], [40.67862, -73.796773], [40.678708, -73.796761], [40.678792, -73.796728], [40.67887, -73.796673], [40.678938, -73.796599], [40.678993, -73.796509], [40.679035, -73.796407], [40.679061, -73.796296], [40.679069, -73.79618], [40.679061, -73.796064], [40.679035, -73.795953], [40.678993, -73.795851], [40.678938, -73.795761], [40.67887, -73.795687], [40.678792, -73.795632], [40.678708, -73.795599], [40.67862, -73.795587], [40.678532, -73.795599], [40.678448, -73.795632], [40.67837, -73.795687], [40.678302, -73.795761], [40.678247, -73.795851], [40.678205, -73.795953], [40.678179, -73.796064], [40.678171, -73.79618], [40.678179, -73.796296]]"
67675bb3-00e4-4619-a0f4-57b5c20c5119,Review Warning Zone 908,40.67922,-73.79092,0.05,"[[40.678847, -73.791249], [40.678902, -73.791339], [40.67897, -73.791413], [40.679048, -73.791468], [40.679132, -73.791501], [40.67922, -73.791513], [40.679308, -73.791501], [40.679392, -73.791468], [40.67947, -73.791413], [40.679538, -73.791339], [40.679593, -73.791249], [40.679635, -73.791147], [40.679661, -73.791036], [40.679669, -73.79092], [40.679661, -73.790804], [40.679635, -73.790693], [40.679593, -73.790591], [40.679538, -73.790501], [40.67947, -73.790427], [40.679392, -73.790372], [40.679308, -73.790339], [40.67922, -73.790327], [40.679132, -73.790339], [40.679048, -73.790372], [40.67897, -73.790427], [40.678902, -73.790501], [40.678847, -73.790591], [40.678805, -73.790693], [40.678779, -73.790804], [40.678771, -73.79092], [40.678779, -73.791036], [40.678805, -73.791147]]"
7036b453-fa64-4df3-877f-9be95f78a1f1,Review Warning Zone 909,40.68077,-73.78823,0.05,"[[40.680397, -73.788559], [40.680452, -73.788649], [40.68052, -73.788723], [40.680598, -73.788778], [40.680682, -73.788811], [40.68077, -73.788823], [40.680858, -73.788811], [40.680942, -73.788778], [40.68102, -73.788723], [40.681088, -73.788649], [40.681143, -73.788559], [40.681185, -73.788457], [40.681211, -73.788346], [40.681219, -73.78823], [40.681211, -73.788114], [40.681185, -73.788003], [40.681143, -73.787901], [40.681088, -73.787811], [40.68102, -73.787737], [40.680942, -73.787682], [40.680858, -73.787649], [40.68077, -73.787637], [40.680682, -73.787649], [40.680598, -73.787682], [40.68052, -73.787737], [40.680452, -73.787811], [40.680397, -73.787901], [40.680355, -73.788003], [40.680329, -73.788114], [40.680321, -73.78823], [40.680329, -73.788346], [40.680355, -73.788457]]"
ffa18eb1-c810-4190-92a5-3b4906a071a4,Review Warning Zone 910,40.682037,-73.796814,0.05,"[[40.681622, -73.797041], [40.681664, -73.797143], [40.681719, -73.797233], [40.681787, -73.797307], [40.681865, -73.797362], [40.681949, -73.797395], [40.682037, -73.797407], [40.682125, -73.797395], [40.682209, -73.797362], [40.682287, -73.797307], [40.682355, -73.797233], [40.68241, -73.797143], [40.682452, -73.797041], [40.682478, -73.79693], [40.682486, -73.796814], [40.682478, -73.796698], [40.682452, -73.796587], [40.68241, -73.796485], [40.682355, -73.796395], [40.682287, -73.796321], [40.682209, -73.796266], [40.682125, -73.796233], [40.682037, -73.796221], [40.681949, -73.796233], [40.681865, -73.796266], [40.681787, -73.796321], [40.681719, -73.796395], [40.681664, -73.796485], [40.681622, -73.796587], [40.681596, -73.796698], [40.681588, -73.796814], [40.681596, -73.79693]]"
75d5b851-a29d-4dd2-bc24-c053373ccb6e,Review Warning Zone 911,40.68242,-73.74555,0.05,"[[40.682005, -73.745777], [40.682047, -73.745879], [40.682102, -73.745969], [40.68217, -73.746043], [40.682248, -73.746098], [40.682332, -73.746131], [40.68242, -73.746143], [40.682508, -73.746131], [40.682592, -73.746098], [40.68267, -73.746043], [40.682738, -73.745969], [40.682793, -73.745879], [40.682835, -73.745777], [40.682861, -73.745666], [40.682869, -73.74555], [40.682861, -73.745434], [40.682835, -73.745323], [40.682793, -73.745221], [40.682738, -73.745131], [40.68267, -73.745057], [40.682592, -73.745002], [40.682508, -73.744969], [40.68242, -73.744957], [40.682332, -73.744969], [40.682248, -73.745002], [40.68217, -73.745057], [40.682102, -73.745131], [40.682047, -73.745221], [40.682005, -73.745323], [40.681979, -73.745434], [40.681971, -73.74555], [40.681979, -73.745666]]"
96c2a79b-a280-4ceb-89f2-8e7e6d5b40b8,Review Warning Zone 912,40.68275,-73.83897,0.05,"[[40.682335, -73.839197], [40.682377, -73.839299], [40.682432, -73.839389], [40.6825, -73.839463], [40.682578, -73.839518], [40.682662, -73.839551], [40.68275, -73.839563], [40.682838, -73.839551], [40.682922, -73.839518], [40.683, -73.839463], [40.683068, -73.839389], [40.683123, -73.839299], [40.683165, -73.839197], [40.683191, -73.839086], [40.683199, -73.83897], [40.683191, -73.838854], [40.683165, -73.838743], [40.683123, -73.838641], [40.683068, -73.838551], [40.683, -73.838477], [40.682922, -73.838422], [40.682838, -73.838389], [40.68275, -73.838377], [40.682662, -73.838389], [40.682578, -73.838422], [40.6825, -73.838477], [40.682432, -73.838551], [40.682377, -73.838641], [40.682335, -73.838743], [40.682309, -73.838854], [40.682301, -73.83897], [40.682309, -73.839086]]"
806166a1-66e8-4252-b90d-d02ff7543c26,Review Warning Zone 913,40.68443,-73.76885,0.05,"[[40.684057, -73.769179], [40.684112, -73.769269], [40.68418, -73.769343], [40.684258, -73.769398], [40.684342, -73.769431], [40.68443, -73.769443], [40.684518, -73.769431], [40.684602, -73.769398], [40.68468, -73.769343], [40.684748, -73.769269], [40.684803, -73.769179], [40.684845, -73.769077], [40.684871, -73.768966], [40.684879, -73.76885], [40.684871, -73.768734], [40.684845, -73.768623], [40.684803, -73.768521], [40.684748, -73.768431], [40.68468, -73.768357], [40.684602, -73.768302], [40.684518, -73.768269], [40.68443, -73.768257], [40.684342, -73.768269], [40.684258, -73.768302], [40.68418, -73.768357], [40.684112, -73.768431], [40.684057, -73.768521], [40.684015, -73.768623], [40.683989, -73.768734], [40.683981, -73.76885], [40.683989, -73.768966], [40.684015, -73.769077]]"
f018e881-b43b-4de7-94c2-889ffeb771a6,Review Warning Zone 914,40.68458,-73.76196,0.05,"[[40.684207, -73.762289], [40.684262, -73.762379], [40.68433, -73.762453], [40.684408, -73.762508], [40.684492, -73.762541], [40.68458, -73.762553], [40.684668, -73.762541], [40.684752, -73.762508], [40.68483, -73.762453], [40.684898, -73.762379], [40.684953, -73.762289], [40.684995, -73.762187], [40.685021, -73.762076], [40.685029, -73.76196], [40.685021, -73.761844], [40.684995, -73.761733], [40.684953, -73.761631], [40.684898, -73.761541], [40.68483, -73.761467], [40.684752, -73.761412], [40.684668, -73.761379], [40.68458, -73.761367], [40.684492, -73.761379], [40.684408, -73.761412], [40.68433, -73.761467], [40.684262, -73.761541], [40.684207, -73.761631], [40.684165, -73.761733], [40.684139, -73.761844], [40.684131, -73.76196], [40.684139, -73.762076], [40.684165, -73.762187]]"
8685e97e-4f23-4708-905e-3d5754129894,Review Warning Zone 915,40.6849,-73.76061,0.05,"[[40.684485, -73.760837], [40.684527, -73.760939], [40.684582, -73.761029], [40.68465, -73.761103], [40.684728, -73.761158], [40.684812, -73.761191], [40.6849, -73.761203], [40.684988, -73.761191], [40.685072, -73.761158], [40.68515, -73.761103], [40.685218, -73.761029], [40.685273, -73.760939], [40.685315, -73.760837], [40.685341, -73.760726], [40.685349, -73.76061], [40.685341, -73.760494], [40.685315, -73.760383], [40.685273, -73.760281], [40.685218, -73.760191], [40.68515, -73.760117], [40.685072, -73.760062], [40.684988, -73.760029], [40.6849, -73.760017], [40.684812, -73.760029], [40.684728, -73.760062], [40.68465, -73.760117], [40.684582, -73.760191], [40.684527, -73.760281], [40.684485, -73.760383], [40.684459, -73.760494], [40.684451, -73.76061], [40.684459, -73.760726]]"
6b9e1e2e-f17b-4fb1-bef4-6f48dd957c46,Review Warning Zone 916,40.68491,-73.79561,0.05,"[[40.684495, -73.795837], [40.684537, -73.795939], [40.684592, -73.796029], [40.68466, -73.796103], [40.684738, -73.796158], [40.684822, -73.796191], [40.68491, -73.796203], [40.684998, -73.796191], [40.685082, -73.796158], [40.68516, -73.796103], [40.685228, -73.796029], [40.685283, -73.795939], [40.685325, -73.795837], [40.685351, -73.795726], [40.685359, -73.79561], [40.685351, -73.795494], [40.685325, -73.795383], [40.685283, -73.795281], [40.685228, -73.795191], [40.68516, -73.795117], [40.685082, -73.795062], [40.684998, -73.795029], [40.68491, -73.795017], [40.684822, -73.795029], [40.684738, -73.795062], [40.68466, -73.795117], [40.684592, -73.795191], [40.684537, -73.795281], [40.684495, -73.795383], [40.684469, -73.795494], [40.684461, -73.79561], [40.684469, -73.795726]]"
5727ff8b-48ee-4362-a906-e9561089ac7c,Review Warning Zone 917,40.68902,-73.81421,0.05,"[[40.688605, -73.814437], [40.688647, -73.814539], [40.688702, -73.814629], [40.68877, -73.814703], [40.688848, -73.814758], [40.688932, -73.814791], [40.68902, -73.814803], [40.689108, -73.814791], [40.689192, -73.814758], [40.68927, -73.814703], [40.689338, -73.814629], [40.689393, -73.814539], [40.689435, -73.814437], [40.689461, -73.814326], [40.689469, -73.81421], [40.689461, -73.814094], [40.689435, -73.813983], [40.689393, -73.813881], [40.689338, -73.813791], [40.68927, -73.813717], [40.689192, -73.813662], [40.689108, -73.813629], [40.68902, -73.813617], [40.688932, -73.813629], [40.688848, -73.813662], [40.68877, -73.813717], [40.688702, -73.813791], [40.688647, -73.813881], [40.688605, -73.813983], [40.688579, -73.814094], [40.688571, -73.81421], [40.688579, -73.814326]]"
d15db37c-bf39-4eca-8c0a-1dd3179e630b,Review Warning Zone 918,40.68942,-73.82511,0.05,"[[40.689047, -73.825439], [40.689102, -73.825529], [40.68917, -73.825603], [40.689248, -73.825658], [40.689332, -73.825691], [40.68942, -73.825703], [40.689508, -73.825691], [40.689592, -73.825658], [40.68967, -73.825603], [40.689738, -73.825529], [40.689793, -73.825439], [40.689835, -73.825337], [40.689861, -73.825226], [40.689869, -73.82511], [40.689861, -73.824994], [40.689835, -73.824883], [40.689793, -73.824781], [40.689738, -73.824691], [40.68967, -73.824617], [40.689592, -73.824562], [40.689508, -73.824529], [40.68942, -73.824517], [40.689332, -73.824529], [40.689248, -73.824562], [40.68917, -73.824617], [40.689102, -73.824691], [40.689047, -73.824781], [40.689005, -73.824883], [40.688979, -73.824994], [40.688971, -73.82511], [40.688979, -73.825226], [40.689005, -73.825337]]"
15e7314f-aec9-44b0-b2ed-81c0021dfa90,Review Warning Zone 919,40.69003,-73.82132,0.05,"[[40.689657, -73.821649], [40.689712, -73.821739], [40.68978, -73.821813], [40.689858, -73.821868], [40.689942, -73.821901], [40.69003, -73.821913], [40.690118, -73.821901], [40.690202, -73.821868], [40.69028, -73.821813], [40.690348, -73.821739], [40.690403, -73.821649], [40.690445, -73.821547], [40.690471, -73.821436], [40.690479, -73.82132], [40.690471, -73.821204], [40.690445, -73.821093], [40.690403, -73.820991], [40.690348, -73.820901], [40.69028, -73.820827], [40.690202, -73.820772], [40.690118, -73.820739], [40.69003, -73.820727], [40.689942, -73.820739], [40.689858, -73.820772], [40.68978, -73.820827], [40.689712, -73.820901], [40.689657, -73.820991], [40.689615, -73.821093], [40.689589, -73.821204], [40.689581, -73.82132], [40.689589, -73.821436], [40.689615, -73.821547]]"
b57c42d2-efc7-4f0e-a1f5-b939fbd4b129,Review Warning Zone 920,40.69075,-73.7573,0.05,"[[40.690335, -73.757527], [40.690377, -73.757629], [40.690432, -73.757719], [40.6905, -73.757793], [40.690578, -73.757848], [40.690662, -73.757881], [40.69075, -73.757893], [40.690838, -73.757881], [40.690922, -73.757848], [40.691, -73.757793], [40.691068, -73.757719], [40.691123, -73.757629], [40.691165, -73.757527], [40.691191, -73.757416], [40.691199, -73.7573], [40.691191, -73.757184], [40.691165, -73.757073], [40.691123, -73.756971], [40.691068, -73.756881], [40.691, -73.756807], [40.690922, -73.756752], [40.690838, -73.756719], [40.69075, -73.756707], [40.690662, -73.756719], [40.690578, -73.756752], [40.6905, -73.756807], [40.690432, -73.756881], [40.690377, -73.756971], [40.690335, -73.757073], [40.690309, -73.757184], [40.690301, -73.7573], [40.690309, -73.757416]]"
5d3c7e18-aabc-4da4-a11b-3cc860db922b,Review Warning Zone 921,40.69135,-73.8067,0.05,"[[40.690935, -73.806927], [40.690977, -73.807029], [40.691032, -73.807119], [40.6911, -73.807193], [40.691178, -73.807248], [40.691262, -73.807281], [40.69135, -73.807293], [40.691438, -73.807281], [40.691522, -73.807248], [40.6916, -73.807193], [40.691668, -73.807119], [40.691723, -73.807029], [40.691765, -73.806927], [40.691791, -73.806816], [40.691799, -73.8067], [40.691791, -73.806584], [40.691765, -73.806473], [40.691723, -73.806371], [40.691668, -73.806281], [40.6916, -73.806207], [40.691522, -73.806152], [40.691438, -73.806119], [40.69135, -73.806107], [40.691262, -73.806119], [40.691178, -73.806152], [40.6911, -73.806207], [40.691032, -73.806281], [40.690977, -73.806371], [40.690935, -73.806473], [40.690909, -73.806584], [40.690901, -73.8067], [40.690909, -73.806816]]"
bd24015b-d006-43ae-a74a-510728d907de,Review Warning Zone 922,40.69178,-73.8385,0.05,"[[40.691365, -73.838727], [40.691407, -73.838829], [40.691462, -73.838919], [40.69153, -73.838993], [40.691608, -73.839048], [40.691692, -73.839081], [40.69178, -73.839093], [40.691868, -73.839081], [40.691952, -73.839048], [40.69203, -73.838993], [40.692098, -73.838919], [40.692153, -73.838829], [40.692195, -73.838727], [40.692221, -73.838616], [40.692229, -73.8385], [40.692221, -73.838384], [40.692195, -73.838273], [40.692153, -73.838171], [40.692098, -73.838081], [40.69203, -73.838007], [40.691952, -73.837952], [40.691868, -73.837919], [40.69178, -73.837907], [40.691692, -73.837919], [40.691608, -73.837952], [40.69153, -73.838007], [40.691462, -73.838081], [40.691407, -73.838171], [40.691365, -73.838273], [40.691339, -73.838384], [40.691331, -73.8385], [40.691339, -73.838616]]"
2a8644a2-6de7-4ec5-89f2-568d4cf8001e,Review Warning Zone 923,40.69248,-73.79669,0.05,"[[40.692107, -73.797019], [40.692162, -73.797109], [40.69223, -73.797183], [40.692308, -73.797238], [40.692392, -73.797271], [40.69248, -73.797283], [40.692568, -73.797271], [40.692652, -73.797238], [40.69273, -73.797183], [40.692798, -73.797109], [40.692853, -73.797019], [40.692895, -73.796917], [40.692921, -73.796806], [40.692929, -73.79669], [40.692921, -73.796574], [40.692895, -73.796463], [40.692853, -73.796361], [40.692798, -73.796271], [40.69273, -73.796197], [40.692652, -73.796142], [40.692568, -73.796109], [40.69248, -73.796097], [40.692392, -73.796109], [40.692308, -73.796142], [40.69223, -73.796197], [40.692162, -73.796271], [40.692107, -73.796361], [40.692065, -73.796463], [40.692039, -73.796574], [40.692031, -73.79669], [40.692039, -73.796806], [40.692065, -73.796917]]"
84890a90-9006-4587-b1e9-c9726a2aac20,Review Warning Zone 924,40.693348,-73.824554,0.05,"[[40.692975, -73.824883], [40.69303, -73.824973], [40.693098, -73.825047], [40.693176, -73.825102], [40.69326, -73.825135], [40.693348, -73.825147], [40.693436, -73.825135], [40.69352, -73.825102], [40.693598, -73.825047], [40.693666, -73.824973], [40.693721, -73.824883], [40.693763, -73.824781], [40.693789, -73.82467], [40.693797, -73.824554], [40.693789, -73.824438], [40.693763, -73.824327], [40.693721, -73.824225], [40.693666, -73.824135], [40.693598, -73.824061], [40.69352, -73.824006], [40.693436, -73.823973], [40.693348, -73.823961], [40.69326, -73.823973], [40.693176, -73.824006], [40.693098, -73.824061], [40.69303, -73.824135], [40.692975, -73.824225], [40.692933, -73.824327], [40.692907, -73.824438], [40.692899, -73.824554], [40.692907, -73.82467], [40.692933, -73.824781]]"
122ae27b-c5da-4111-b4c6-831a222ccb27,Review Warning Zone 925,40.69396,-73.75638,0.05,"[[40.693545, -73.756607], [40.693587, -73.756709], [40.693642, -73.756799], [40.69371, -73.756873], [40.693788, -73.756928], [40.693872, -73.756961], [40.69396, -73.756973], [40.694048, -73.756961], [40.694132, -73.756928], [40.69421, -73.756873], [40.694278, -73.756799], [40.694333, -73.756709], [40.694375, -73.756607], [40.694401, -73.756496], [40.694409, -73.75638], [40.694401, -73.756264], [40.694375, -73.756153], [40.694333, -73.756051], [40.694278, -73.755961], [40.69421, -73.755887], [40.694132, -73.755832], [40.694048, -73.755799], [40.69396, -73.755787], [40.693872, -73.755799], [40.693788, -73.755832], [40.69371, -73.755887], [40.693642, -73.755961], [40.693587, -73.756051], [40.693545, -73.756153], [40.693519, -73.756264], [40.693511, -73.75638], [40.693519, -73.756496]]"
0326268b-efe3-44cc-bd21-618f0620f9df,Review Warning Zone 926,40.69543,-73.82596,0.05,"[[40.695057, -73.826289], [40.695112, -73.826379], [40.69518, -73.826453], [40.695258, -73.826508], [40.695342, -73.826541], [40.69543, -73.826553], [40.695518, -73.826541], [40.695602, -73.826508], [40.69568, -73.826453], [40.695748, -73.826379], [40.695803, -73.826289], [40.695845, -73.826187], [40.695871, -73.826076], [40.695879, -73.82596], [40.695871, -73.825844], [40.695845, -73.825733], [40.695803, -73.825631], [40.695748, -73.825541], [40.69568, -73.825467], [40.695602, -73.825412], [40.695518, -73.825379], [40.69543, -73.825367], [40.695342, -73.825379], [40.695258, -73.825412], [40.69518, -73.825467], [40.695112, -73.825541], [40.695057, -73.825631], [40.695015, -73.825733], [40.694989, -73.825844], [40.694981, -73.82596], [40.694989, -73.826076], [40.695015, -73.826187]]"
fc14a121-48ed-4b3c-afa5-6c24e724f0a1,Review Warning Zone 927,40.69691,-73.81586,0.05,"[[40.696537, -73.816189], [40.696592, -73.816279], [40.69666, -73.816353], [40.696738, -73.816408], [40.696822, -73.816441], [40.69691, -73.816453], [40.696998, -73.816441], [40.697082, -73.816408], [40.69716, -73.816353], [40.697228, -73.816279], [40.697283, -73.816189], [40.697325, -73.816087], [40.697351, -73.815976], [40.697359, -73.81586], [40.697351, -73.815744], [40.697325, -73.815633], [40.697283, -73.815531], [40.697228, -73.815441], [40.69716, -73.815367], [40.697082, -73.815312], [40.696998, -73.815279], [40.69691, -73.815267], [40.696822, -73.815279], [40.696738, -73.815312], [40.69666, -73.815367], [40.696592, -73.815441], [40.696537, -73.815531], [40.696495, -73.815633], [40.696469, -73.815744], [40.696461, -73.81586], [40.696469, -73.815976], [40.696495, -73.816087]]"
a9bea38b-5788-46b5-9456-7c54dae7afec,Review Warning Zone 928,40.697138,-73.791933,0.05,"[[40.696723, -73.79216], [40.696765, -73.792263], [40.696821, -73.792352], [40.696889, -73.792426], [40.696966, -73.792481], [40.697051, -73.792515], [40.697138, -73.792526], [40.697226, -73.792515], [40.69731, -73.792481], [40.697388, -73.792426], [40.697456, -73.792352], [40.697512, -73.792263], [40.697553, -73.79216], [40.697579, -73.792049], [40.697587, -73.791933], [40.697579, -73.791818], [40.697553, -73.791706], [40.697512, -73.791604], [40.697456, -73.791514], [40.697388, -73.79144], [40.69731, -73.791386], [40.697226, -73.791352], [40.697138, -73.791341], [40.697051, -73.791352], [40.696966, -73.791386], [40.696889, -73.79144], [40.696821, -73.791514], [40.696765, -73.791604], [40.696723, -73.791706], [40.696698, -73.791818], [40.696689, -73.791933], [40.696698, -73.792049]]"
dcab5cf2-514a-4397-a275-2a83206aa3a4,Review Warning Zone 929,40.697691,-73.741494,0.05,"[[40.697317, -73.741823], [40.697373, -73.741913], [40.697441, -73.741987], [40.697519, -73.742041], [40.697603, -73.742075], [40.697691, -73.742086], [40.697778, -73.742075], [40.697863, -73.742041], [40.69794, -73.741987], [40.698008, -73.741913], [40.698064, -73.741823], [40.698106, -73.741721], [40.698131, -73.741609], [40.69814, -73.741494], [40.698131, -73.741378], [40.698106, -73.741267], [40.698064, -73.741164], [40.698008, -73.741075], [40.69794, -73.741001], [40.697863, -73.740946], [40.697778, -73.740912], [40.697691, -73.740901], [40.697603, -73.740912], [40.697519, -73.740946], [40.697441, -73.741001], [40.697373, -73.741075], [40.697317, -73.741164], [40.697276, -73.741267], [40.69725, -73.741378], [40.697242, -73.741494], [40.69725, -73.741609], [40.697276, -73.741721]]"
10e99c5d-6918-45ac-b350-599f5bf38ef8,Review Warning Zone 930,40.69855,-73.7845,0.05,"[[40.698177, -73.784829], [40.698232, -73.784919], [40.6983, -73.784993], [40.698378, -73.785048], [40.698462, -73.785081], [40.69855, -73.785093], [40.698638, -73.785081], [40.698722, -73.785048], [40.6988, -73.784993], [40.698868, -73.784919], [40.698923, -73.784829], [40.698965, -73.784727], [40.698991, -73.784616], [40.698999, -73.7845], [40.698991, -73.784384], [40.698965, -73.784273], [40.698923, -73.784171], [40.698868, -73.784081], [40.6988, -73.784007], [40.698722, -73.783952], [40.698638, -73.783919], [40.69855, -73.783907], [40.698462, -73.783919], [40.698378, -73.783952], [40.6983, -73.784007], [40.698232, -73.784081], [40.698177, -73.784171], [40.698135, -73.784273], [40.698109, -73.784384], [40.698101, -73.7845], [40.698109, -73.784616], [40.698135, -73.784727]]"
aabe8bbe-5ca7-4e2e-973c-7237f8a9e964,Review Warning Zone 931,40.69912,-73.78687,0.05,"[[40.698705, -73.787097], [40.698747, -73.787199], [40.698802, -73.787289], [40.69887, -73.787363], [40.698948, -73.787418], [40.699032, -73.787451], [40.69912, -73.787463], [40.699208, -73.787451], [40.699292, -73.787418], [40.69937, -73.787363], [40.699438, -73.787289], [40.699493, -73.787199], [40.699535, -73.787097], [40.699561, -73.786986], [40.699569, -73.78687], [40.699561, -73.786754], [40.699535, -73.786643], [40.699493, -73.786541], [40.699438, -73.786451], [40.69937, -73.786377], [40.699292, -73.786322], [40.699208, -73.786289], [40.69912, -73.786277], [40.699032, -73.786289], [40.698948, -73.786322], [40.69887, -73.786377], [40.698802, -73.786451], [40.698747, -73.786541], [40.698705, -73.786643], [40.698679, -73.786754], [40.698671, -73.78687], [40.698679, -73.786986]]"
14433cca-db05-45d9-8a8c-e96db423bb97,Review Warning Zone 932,40.69916,-73.81413,0.05,"[[40.698745, -73.814357], [40.698787, -73.814459], [40.698842, -73.814549], [40.69891, -73.814623], [40.698988, -73.814678], [40.699072, -73.814711], [40.69916, -73.814723], [40.699248, -73.814711], [40.699332, -73.814678], [40.69941, -73.814623], [40.699478, -73.814549], [40.699533, -73.814459], [40.699575, -73.814357], [40.699601, -73.814246], [40.699609, -73.81413], [40.699601, -73.814014], [40.699575, -73.813903], [40.699533, -73.813801], [40.699478, -73.813711], [40.69941, -73.813637], [40.699332, -73.813582], [40.699248, -73.813549], [40.69916, -73.813537], [40.699072, -73.813549], [40.698988, -73.813582], [40.69891, -73.813637], [40.698842, -73.813711], [40.698787, -73.813801], [40.698745, -73.813903], [40.698719, -73.814014], [40.698711, -73.81413], [40.698719, -73.814246]]"
75db7344-01e9-45b0-abf0-daf135b0ccf6,Review Warning Zone 933,40.69934,-73.77035,0.05,"[[40.698925, -73.770577], [40.698967, -73.770679], [40.699022, -73.770769], [40.69909, -73.770843], [40.699168, -73.770898], [40.699252, -73.770931], [40.69934, -73.770943], [40.699428, -73.770931], [40.699512, -73.770898], [40.69959, -73.770843], [40.699658, -73.770769], [40.699713, -73.770679], [40.699755, -73.770577], [40.699781, -73.770466], [40.699789, -73.77035], [40.699781, -73.770234], [40.699755, -73.770123], [40.699713, -73.770021], [40.699658, -73.769931], [40.69959, -73.769857], [40.699512, -73.769802], [40.699428, -73.769769], [40.69934, -73.769757], [40.699252, -73.769769], [40.699168, -73.769802], [40.69909, -73.769857], [40.699022, -73.769931], [40.698967, -73.770021], [40.698925, -73.770123], [40.698899, -73.770234], [40.698891, -73.77035], [40.698899, -73.770466]]"
abfe31fd-ed1c-49f7-b4d9-624448233037,Review Warning Zone 934,40.70054,-73.82785,0.05,"[[40.700167, -73.828179], [40.700222, -73.828269], [40.70029, -73.828343], [40.700368, -73.828398], [40.700452, -73.828431], [40.70054, -73.828443], [40.700628, -73.828431], [40.700712, -73.828398], [40.70079, -73.828343], [40.700858, -73.828269], [40.700913, -73.828179], [40.700955, -73.828077], [40.700981, -73.827966], [40.700989, -73.82785], [40.700981, -73.827734], [40.700955, -73.827623], [40.700913, -73.827521], [40.700858, -73.827431], [40.70079, -73.827357], [40.700712, -73.827302], [40.700628, -73.827269], [40.70054, -73.827257], [40.700452, -73.827269], [40.700368, -73.827302], [40.70029, -73.827357], [40.700222, -73.827431], [40.700167, -73.827521], [40.700125, -73.827623], [40.700099, -73.827734], [40.700091, -73.82785], [40.700099, -73.827966], [40.700125, -73.828077]]"
d4c7fce2-b5bf-45c7-a44a-c6992fdaa8cd,Review Warning Zone 935,40.70362,-73.82057,0.05,"[[40.703247, -73.820899], [40.703302, -73.820989], [40.70337, -73.821063], [40.703448, -73.821118], [40.703532, -73.821151], [40.70362, -73.821163], [40.703708, -73.821151], [40.703792, -73.821118], [40.70387, -73.821063], [40.703938, -73.820989], [40.703993, -73.820899], [40.704035, -73.820797], [40.704061, -73.820686], [40.704069, -73.82057], [40.704061, -73.820454], [40.704035, -73.820343], [40.703993, -73.820241], [40.703938, -73.820151], [40.70387, -73.820077], [40.703792, -73.820022], [40.703708, -73.819989], [40.70362, -73.819977], [40.703532, -73.819989], [40.703448, -73.820022], [40.70337, -73.820077], [40.703302, -73.820151], [40.703247, -73.820241], [40.703205, -73.820343], [40.703179, -73.820454], [40.703171, -73.82057], [40.703179, -73.820686], [40.703205, -73.820797]]"
e046f17c-d629-43e5-bf83-30180a9f41fc,Review Warning Zone 936,40.70594,-73.80345,0.05,"[[40.705525, -73.803677], [40.705567, -73.803779], [40.705622, -73.803869], [40.70569, -73.803943], [40.705768, -73.803998], [40.705852, -73.804031], [40.70594, -73.804043], [40.706028, -73.804031], [40.706112, -73.803998], [40.70619, -73.803943], [40.706258, -73.803869], [40.706313, -73.803779], [40.706355, -73.803677], [40.706381, -73.803566], [40.706389, -73.80345], [40.706381, -73.803334], [40.706355, -73.803223], [40.706313, -73.803121], [40.706258, -73.803031], [40.70619, -73.802957], [40.706112, -73.802902], [40.706028, -73.802869], [40.70594, -73.802857], [40.705852, -73.802869], [40.705768, -73.802902], [40.70569, -73.802957], [40.705622, -73.803031], [40.705567, -73.803121], [40.705525, -73.803223], [40.705499, -73.803334], [40.705491, -73.80345], [40.705499, -73.803566]]"
817d917d-9e95-4446-8485-87703ef7085d,Review Warning Zone 937,40.70741,-73.8086,0.05,"[[40.706995, -73.808827], [40.707037, -73.808929], [40.707092, -73.809019], [40.70716, -73.809093], [40.707238, -73.809148], [40.707322, -73.809181], [40.70741, -73.809193], [40.707498, -73.809181], [40.707582, -73.809148], [40.70766, -73.809093], [40.707728, -73.809019], [40.707783, -73.808929], [40.707825, -73.808827], [40.707851, -73.808716], [40.707859, -73.8086], [40.707851, -73.808484], [40.707825, -73.808373], [40.707783, -73.808271], [40.707728, -73.808181], [40.70766, -73.808107], [40.707582, -73.808052], [40.707498, -73.808019], [40.70741, -73.808007], [40.707322, -73.808019], [40.707238, -73.808052], [40.70716, -73.808107], [40.707092, -73.808181], [40.707037, -73.808271], [40.706995, -73.808373], [40.706969, -73.808484], [40.706961, -73.8086], [40.706969, -73.808716]]"
ba872363-55a5-462f-8acf-58c5bbb9dc3d,Review Warning Zone 938,40.70784,-73.80341,0.05,"[[40.707425, -73.803637], [40.707467, -73.803739], [40.707522, -73.803829], [40.70759, -73.803903], [40.707668, -73.803958], [40.707752, -73.803991], [40.70784, -73.804003], [40.707928, -73.803991], [40.708012, -73.803958], [40.70809, -73.803903], [40.708158, -73.803829], [40.708213, -73.803739], [40.708255, -73.803637], [40.708281, -73.803526], [40.708289, -73.80341], [40.708281, -73.803294], [40.708255, -73.803183], [40.708213, -73.803081], [40.708158, -73.802991], [40.70809, -73.802917], [40.708012, -73.802862], [40.707928, -73.802829], [40.70784, -73.802817], [40.707752, -73.802829], [40.707668, -73.802862], [40.70759, -73.802917], [40.707522, -73.802991], [40.707467, -73.803081], [40.707425, -73.803183], [40.707399, -73.803294], [40.707391, -73.80341], [40.707399, -73.803526]]"
d0dd29b6-9c85-4684-ae62-afb8a7e7323d,Review Warning Zone 939,40.70913,-73.78349,0.05,"[[40.708757, -73.783819], [40.708812, -73.783909], [40.70888, -73.783983], [40.708958, -73.784038], [40.709042, -73.784071], [40.70913, -73.784083], [40.709218, -73.784071], [40.709302, -73.784038], [40.70938, -73.783983], [40.709448, -73.783909], [40.709503, -73.783819], [40.709545, -73.783717], [40.709571, -73.783606], [40.709579, -73.78349], [40.709571, -73.783374], [40.709545, -73.783263], [40.709503, -73.783161], [40.709448, -73.783071], [40.70938, -73.782997], [40.709302, -73.782942], [40.709218, -73.782909], [40.70913, -73.782897], [40.709042, -73.782909], [40.708958, -73.782942], [40.70888, -73.782997], [40.708812, -73.783071], [40.708757, -73.783161], [40.708715, -73.783263], [40.708689, -73.783374], [40.708681, -73.78349], [40.708689, -73.783606], [40.708715, -73.783717]]"
d76be02d-f7e0-46bb-8d3c-e5c60d32e116,Review Warning Zone 940,40.70975,-73.73963,0.05,"[[40.709377, -73.739959], [40.709432, -73.740049], [40.7095, -73.740123], [40.709578, -73.740178], [40.709662, -73.740211], [40.70975, -73.740223], [40.709838, -73.740211], [40.709922, -73.740178], [40.71, -73.740123], [40.710068, -73.740049], [40.710123, -73.739959], [40.710165, -73.739857], [40.710191, -73.739746], [40.710199, -73.73963], [40.710191, -73.739514], [40.710165, -73.739403], [40.710123, -73.739301], [40.710068, -73.739211], [40.71, -73.739137], [40.709922, -73.739082], [40.709838, -73.739049], [40.70975, -73.739037], [40.709662, -73.739049], [40.709578, -73.739082], [40.7095, -73.739137], [40.709432, -73.739211], [40.709377, -73.739301], [40.709335, -73.739403], [40.709309, -73.739514], [40.709301, -73.73963], [40.709309, -73.739746], [40.709335, -73.739857]]"
554df307-a588-4a55-b046-076a561ce8c7,Review Warning Zone 941,40.71089,-73.78318,0.05,"[[40.710475, -73.783407], [40.710517, -73.783509], [40.710572, -73.783599], [40.71064, -73.783673], [40.710718, -73.783728], [40.710802, -73.783761], [40.71089, -73.783773], [40.710978, -73.783761], [40.711062, -73.783728], [40.71114, -73.783673], [40.711208, -73.783599], [40.711263, -73.783509], [40.711305, -73.783407], [40.711331, -73.783296], [40.711339, -73.78318], [40.711331, -73.783064], [40.711305, -73.782953], [40.711263, -73.782851], [40.711208, -73.782761], [40.71114, -73.782687], [40.711062, -73.782632], [40.710978, -73.782599], [40.71089, -73.782587], [40.710802, -73.782599], [40.710718, -73.782632], [40.71064, -73.782687], [40.710572, -73.782761], [40.710517, -73.782851], [40.710475, -73.782953], [40.710449, -73.783064], [40.710441, -73.78318], [40.710449, -73.783296]]"
7ef03168-ee22-439b-a4e0-93335d1b1412,Review Warning Zone 942,40.71351,-73.8332,0.05,"[[40.713095, -73.833427], [40.713137, -73.833529], [40.713192, -73.833619], [40.71326, -73.833693], [40.713338, -73.833748], [40.713422, -73.833781], [40.71351, -73.833793], [40.713598, -73.833781], [40.713682, -73.833748], [40.71376, -73.833693], [40.713828, -73.833619], [40.713883, -73.833529], [40.713925, -73.833427], [40.713951, -73.833316], [40.713959, -73.8332], [40.713951, -73.833084], [40.713925, -73.832973], [40.713883, -73.832871], [40.713828, -73.832781], [40.71376, -73.832707], [40.713682, -73.832652], [40.713598, -73.832619], [40.71351, -73.832607], [40.713422, -73.832619], [40.713338, -73.832652], [40.71326, -73.832707], [40.713192, -73.832781], [40.713137, -73.832871], [40.713095, -73.832973], [40.713069, -73.833084], [40.713061, -73.8332], [40.713069, -73.833316]]"
ac3541cf-ffd6-4499-9931-c1a09f3bf1a6,Review Warning Zone 943,40.72249,-73.80087,0.05,"[[40.722075, -73.801097], [40.722117, -73.801199], [40.722172, -73.801289], [40.72224, -73.801363], [40.722318, -73.801418], [40.722402, -73.801451], [40.72249, -73.801463], [40.722578, -73.801451], [40.722662, -73.801418], [40.72274, -73.801363], [40.722808, -73.801289], [40.722863, -73.801199], [40.722905, -73.801097], [40.722931, -73.800986], [40.722939, -73.80087], [40.722931, -73.800754], [40.722905, -73.800643], [40.722863, -73.800541], [40.722808, -73.800451], [40.72274, -73.800377], [40.722662, -73.800322], [40.722578, -73.800289], [40.72249, -73.800277], [40.722402, -73.800289], [40.722318, -73.800322], [40.72224, -73.800377], [40.722172, -73.800451], [40.722117, -73.800541], [40.722075, -73.800643], [40.722049, -73.800754], [40.722041, -73.80087], [40.722049, -73.800986]]"
25c2eba3-58f6-4647-a100-9e02e5d28bff,Review Warning Zone 944,40.73445,-73.8554,0.05,"[[40.734077, -73.855729], [40.734132, -73.855819], [40.7342, -73.855893], [40.734278, -73.855948], [40.734362, -73.855981], [40.73445, -73.855993], [40.734538, -73.855981], [40.734622, -73.855948], [40.7347, -73.855893], [40.734768, -73.855819], [40.734823, -73.855729], [40.734865, -73.855627], [40.734891, -73.855516], [40.734899, -73.8554], [40.734891, -73.855284], [40.734865, -73.855173], [40.734823, -73.855071], [40.734768, -73.854981], [40.7347, -73.854907], [40.734622, -73.854852], [40.734538, -73.854819], [40.73445, -73.854807], [40.734362, -73.854819], [40.734278, -73.854852], [40.7342, -73.854907], [40.734132, -73.854981], [40.734077, -73.855071], [40.734035, -73.855173], [40.734009, -73.855284], [40.734001, -73.8554], [40.734009, -73.855516], [40.734035, -73.855627]]"
03cbc030-7cf2-4f37-84f6-37c65773dc59,Review Warning Zone 945,40.74537,-73.83252,0.05,"[[40.744997, -73.832849], [40.745052, -73.832939], [40.74512, -73.833013], [40.745198, -73.833068], [40.745282, -73.833101], [40.74537, -73.833113], [40.745458, -73.833101], [40.745542, -73.833068], [40.74562, -73.833013], [40.745688, -73.832939], [40.745743, -73.832849], [40.745785, -73.832747], [40.745811, -73.832636], [40.745819, -73.83252], [40.745811, -73.832404], [40.745785, -73.832293], [40.745743, -73.832191], [40.745688, -73.832101], [40.74562, -73.832027], [40.745542, -73.831972], [40.745458, -73.831939], [40.74537, -73.831927], [40.745282, -73.831939], [40.745198, -73.831972], [40.74512, -73.832027], [40.745052, -73.832101], [40.744997, -73.832191], [40.744955, -73.832293], [40.744929, -73.832404], [40.744921, -73.83252], [40.744929, -73.832636], [40.744955, -73.832747]]"
8778b0db-2897-4552-a873-1cc7a7d4d5e7,Review Warning Zone 946,40.748218,-73.854179,0.05,"[[40.747803, -73.854406], [40.747845, -73.854508], [40.7479, -73.854598], [40.747968, -73.854672], [40.748046, -73.854727], [40.74813, -73.85476], [40.748218, -73.854772], [40.748306, -73.85476], [40.74839, -73.854727], [40.748468, -73.854672], [40.748536, -73.854598], [40.748591, -73.854508], [40.748633, -73.854406], [40.748658, -73.854295], [40.748667, -73.854179], [40.748658, -73.854064], [40.748633, -73.853952], [40.748591, -73.85385], [40.748536, -73.85376], [40.748468, -73.853686], [40.74839, -73.853632], [40.748306, -73.853598], [40.748218, -73.853586], [40.74813, -73.853598], [40.748046, -73.853632], [40.747968, -73.853686], [40.7479, -73.85376], [40.747845, -73.85385], [40.747803, -73.853952], [40.747777, -73.854064], [40.747769, -73.854179], [40.747777, -73.854295]]"
b778b25f-9e4b-4579-8491-530868f29330,Review Warning Zone 947,40.75234,-73.81507,0.05,"[[40.751925, -73.815297], [40.751967, -73.815399], [40.752022, -73.815489], [40.75209, -73.815563], [40.752168, -73.815618], [40.752252, -73.815651], [40.75234, -73.815663], [40.752428, -73.815651], [40.752512, -73.815618], [40.75259, -73.815563], [40.752658, -73.815489], [40.752713, -73.815399], [40.752755, -73.815297], [40.752781, -73.815186], [40.752789, -73.81507], [40.752781, -73.814954], [40.752755, -73.814843], [40.752713, -73.814741], [40.752658, -73.814651], [40.75259, -73.814577], [40.752512, -73.814522], [40.752428, -73.814489], [40.75234, -73.814477], [40.752252, -73.814489], [40.752168, -73.814522], [40.75209, -73.814577], [40.752022, -73.814651], [40.751967, -73.814741], [40.751925, -73.814843], [40.751899, -73.814954], [40.751891, -73.81507], [40.751899, -73.815186]]"
70610357-5691-4773-a112-9782e72041b1,Review Warning Zone 948,40.75639,-73.83486,0.05,"[[40.755975, -73.835087], [40.756017, -73.835189], [40.756072, -73.835279], [40.75614, -73.835353], [40.756218, -73.835408], [40.756302, -73.835441], [40.75639, -73.835453], [40.756478, -73.835441], [40.756562, -73.835408], [40.75664, -73.835353], [40.756708, -73.835279], [40.756763, -73.835189], [40.756805, -73.835087], [40.756831, -73.834976], [40.756839, -73.83486], [40.756831, -73.834744], [40.756805, -73.834633], [40.756763, -73.834531], [40.756708, -73.834441], [40.75664, -73.834367], [40.756562, -73.834312], [40.756478, -73.834279], [40.75639, -73.834267], [40.756302, -73.834279], [40.756218, -73.834312], [40.75614, -73.834367], [40.756072, -73.834441], [40.756017, -73.834531], [40.755975, -73.834633], [40.755949, -73.834744], [40.755941, -73.83486], [40.755949, -73.834976]]"
05aa8dcf-a9f6-48ae-8cc5-e8ded0df7006,Review Warning Zone 949,40.75657,-73.83338,0.05,"[[40.756197, -73.833709], [40.756252, -73.833799], [40.75632, -73.833873], [40.756398, -73.833928], [40.756482, -73.833961], [40.75657, -73.833973], [40.756658, -73.833961], [40.756742, -73.833928], [40.75682, -73.833873], [40.756888, -73.833799], [40.756943, -73.833709], [40.756985, -73.833607], [40.757011, -73.833496], [40.757019, -73.83338], [40.757011, -73.833264], [40.756985, -73.833153], [40.756943, -73.833051], [40.756888, -73.832961], [40.75682, -73.832887], [40.756742, -73.832832], [40.756658, -73.832799], [40.75657, -73.832787], [40.756482, -73.832799], [40.756398, -73.832832], [40.75632, -73.832887], [40.756252, -73.832961], [40.756197, -73.833051], [40.756155, -73.833153], [40.756129, -73.833264], [40.756121, -73.83338], [40.756129, -73.833496], [40.756155, -73.833607]]"
c2dd9d0d-656a-492f-91b8-51b07da3884c,Review Warning Zone 950,40.757244,-73.82524,0.05,"[[40.756871, -73.825569], [40.756927, -73.825659], [40.756995, -73.825733], [40.757073, -73.825787], [40.757157, -73.825821], [40.757244, -73.825832], [40.757332, -73.825821], [40.757416, -73.825787], [40.757494, -73.825733], [40.757562, -73.825659], [40.757618, -73.825569], [40.757659, -73.825467], [40.757685, -73.825355], [40.757694, -73.82524], [40.757685, -73.825124], [40.757659, -73.825013], [40.757618, -73.82491], [40.757562, -73.824821], [40.757494, -73.824747], [40.757416, -73.824692], [40.757332, -73.824658], [40.757244, -73.824647], [40.757157, -73.824658], [40.757073, -73.824692], [40.756995, -73.824747], [40.756927, -73.824821], [40.756871, -73.82491], [40.756829, -73.825013], [40.756804, -73.825124], [40.756795, -73.82524], [40.756804, -73.825355], [40.756829, -73.825467]]"
5324e73e-7338-49c7-a7e2-33d41d68a290,Review Warning Zone 951,40.75995,-73.80599,0.05,"[[40.759535, -73.806217], [40.759577, -73.806319], [40.759632, -73.806409], [40.7597, -73.806483], [40.759778, -73.806538], [40.759862, -73.806571], [40.75995, -73.806583], [40.760038, -73.806571], [40.760122, -73.806538], [40.7602, -73.806483], [40.760268, -73.806409], [40.760323, -73.806319], [40.760365, -73.806217], [40.760391, -73.806106], [40.760399, -73.80599], [40.760391, -73.805874], [40.760365, -73.805763], [40.760323, -73.805661], [40.760268, -73.805571], [40.7602, -73.805497], [40.760122, -73.805442], [40.760038, -73.805409], [40.75995, -73.805397], [40.759862, -73.805409], [40.759778, -73.805442], [40.7597, -73.805497], [40.759632, -73.805571], [40.759577, -73.805661], [40.759535, -73.805763], [40.759509, -73.805874], [40.759501, -73.80599], [40.759509, -73.806106]]"
b8cfb5b3-f114-4133-b4ff-b2aff6f574bb,Review Warning Zone 952,40.76554,-73.83042,0.05,"[[40.765125, -73.830647], [40.765167, -73.830749], [40.765222, -73.830839], [40.76529, -73.830913], [40.765368, -73.830968], [40.765452, -73.831001], [40.76554, -73.831013], [40.765628, -73.831001], [40.765712, -73.830968], [40.76579, -73.830913], [40.765858, -73.830839], [40.765913, -73.830749], [40.765955, -73.830647], [40.765981, -73.830536], [40.765989, -73.83042], [40.765981, -73.830304], [40.765955, -73.830193], [40.765913, -73.830091], [40.765858, -73.830001], [40.76579, -73.829927], [40.765712, -73.829872], [40.765628, -73.829839], [40.76554, -73.829827], [40.765452, -73.829839], [40.765368, -73.829872], [40.76529, -73.829927], [40.765222, -73.830001], [40.765167, -73.830091], [40.765125, -73.830193], [40.765099, -73.830304], [40.765091, -73.83042], [40.765099, -73.830536]]"
b754b739-fc50-42b9-8e6a-2fd000a5180a,Review Warning Zone 953,40.766796,-73.828362,0.05,"[[40.766381, -73.828589], [40.766423, -73.828691], [40.766478, -73.828781], [40.766546, -73.828855], [40.766624, -73.82891], [40.766708, -73.828943], [40.766796, -73.828955], [40.766884, -73.828943], [40.766968, -73.82891], [40.767046, -73.828855], [40.767114, -73.828781], [40.767169, -73.828691], [40.767211, -73.828589], [40.767237, -73.828478], [40.767245, -73.828362], [40.767237, -73.828246], [40.767211, -73.828135], [40.767169, -73.828033], [40.767114, -73.827943], [40.767046, -73.827869], [40.766968, -73.827814], [40.766884, -73.827781], [40.766796, -73.827769], [40.766708, -73.827781], [40.766624, -73.827814], [40.766546, -73.827869], [40.766478, -73.827943], [40.766423, -73.828033], [40.766381, -73.828135], [40.766355, -73.828246], [40.766347, -73.828362], [40.766355, -73.828478]]"
d9cb3e6b-d62d-44ac-8eaa-84ead10e21b3,Review Warning Zone 954,40.78707,-73.84912,0.05,"[[40.786697, -73.849449], [40.786752, -73.849539], [40.78682, -73.849613], [40.786898, -73.849668], [40.786982, -73.849701], [40.78707, -73.849713], [40.787158, -73.849701], [40.787242, -73.849668], [40.78732, -73.849613], [40.787388, -73.849539], [40.787443, -73.849449], [40.787485, -73.849347], [40.787511, -73.849236], [40.787519, -73.84912], [40.787511, -73.849004], [40.787485, -73.848893], [40.787443, -73.848791], [40.787388, -73.848701], [40.78732, -73.848627], [40.787242, -73.848572], [40.787158, -73.848539], [40.78707, -73.848527], [40.786982, -73.848539], [40.786898, -73.848572], [40.78682, -73.848627], [40.786752, -73.848701], [40.786697, -73.848791], [40.786655, -73.848893], [40.786629, -73.849004], [40.786621, -73.84912], [40.786629, -73.849236], [40.786655, -73.849347]]"
d0ae3c6d-bbbe-41c8-9f95-df4f8e0fd443,Review Warning Zone 955,40.80903,-73.80338,0.05,"[[40.808657, -73.803709], [40.808712, -73.803799], [40.80878, -73.803873], [40.808858, -73.803928], [40.808942, -73.803961], [40.80903, -73.803973], [40.809118, -73.803961], [40.809202, -73.803928], [40.80928, -73.803873], [40.809348, -73.803799], [40.809403, -73.803709], [40.809445, -73.803607], [40.809471, -73.803496], [40.809479, -73.80338], [40.809471, -73.803264], [40.809445, -73.803153], [40.809403, -73.803051], [40.809348, -73.802961], [40.80928, -73.802887], [40.809202, -73.802832], [40.809118, -73.802799], [40.80903, -73.802787], [40.808942, -73.802799], [40.808858, -73.802832], [40.80878, -73.802887], [40.808712, -73.802961], [40.808657, -73.803051], [40.808615, -73.803153], [40.808589, -73.803264], [40.808581, -73.80338], [40.808589, -73.803496], [40.808615, -73.803607]]"
61c7e614-1139-4f3d-bfb3-946c9ee75a75,Review Warning Zone 956,40.81002,-73.85127,0.05,"[[40.809605, -73.851497], [40.809647, -73.851599], [40.809702, -73.851689], [40.80977, -73.851763], [40.809848, -73.851818], [40.809932, -73.851851], [40.81002, -73.851863], [40.810108, -73.851851], [40.810192, -73.851818], [40.81027, -73.851763], [40.810338, -73.851689], [40.810393, -73.851599], [40.810435, -73.851497], [40.810461, -73.851386], [40.810469, -73.85127], [40.810461, -73.851154], [40.810435, -73.851043], [40.810393, -73.850941], [40.810338, -73.850851], [40.81027, -73.850777], [40.810192, -73.850722], [40.810108, -73.850689], [40.81002, -73.850677], [40.809932, -73.850689], [40.809848, -73.850722], [40.80977, -73.850777], [40.809702, -73.850851], [40.809647, -73.850941], [40.809605, -73.851043], [40.809579, -73.851154], [40.809571, -73.85127], [40.809579, -73.851386]]"
3812fd4c-c406-40e7-9d79-11e071f21fd2,Review Warning Zone 957,40.82092,-73.85138,0.05,"[[40.820505, -73.851607], [40.820547, -73.851709], [40.820602, -73.851799], [40.82067, -73.851873], [40.820748, -73.851928], [40.820832, -73.851961], [40.82092, -73.851973], [40.821008, -73.851961], [40.821092, -73.851928], [40.82117, -73.851873], [40.821238, -73.851799], [40.821293, -73.851709], [40.821335, -73.851607], [40.821361, -73.851496], [40.821369, -73.85138], [40.821361, -73.851264], [40.821335, -73.851153], [40.821293, -73.851051], [40.821238, -73.850961], [40.82117, -73.850887], [40.821092, -73.850832], [40.821008, -73.850799], [40.82092, -73.850787], [40.820832, -73.850799], [40.820748, -73.850832], [40.82067, -73.850887], [40.820602, -73.850961], [40.820547, -73.851051], [40.820505, -73.851153], [40.820479, -73.851264], [40.820471, -73.85138], [40.820479, -73.851496]]"
c32fa1bc-0b86-4a41-a2b6-3d9b90fe9a9d,Review Warning Zone 958,40.82567,-73.82069,0.05,"[[40.825255, -73.820917], [40.825297, -73.821019], [40.825352, -73.821109], [40.82542, -73.821183], [40.825498, -73.821238], [40.825582, -73.821271], [40.82567, -73.821283], [40.825758, -73.821271], [40.825842, -73.821238], [40.82592, -73.821183], [40.825988, -73.821109], [40.826043, -73.821019], [40.826085, -73.820917], [40.826111, -73.820806], [40.826119, -73.82069], [40.826111, -73.820574], [40.826085, -73.820463], [40.826043, -73.820361], [40.825988, -73.820271], [40.82592, -73.820197], [40.825842, -73.820142], [40.825758, -73.820109], [40.82567, -73.820097], [40.825582, -73.820109], [40.825498, -73.820142], [40.82542, -73.820197], [40.825352, -73.820271], [40.825297, -73.820361], [40.825255, -73.820463], [40.825229, -73.820574], [40.825221, -73.82069], [40.825229, -73.820806]]"
5f29b1cc-f9d3-4eeb-aeaf-31114a39ce50,Review Warning Zone 959,40.82598,-73.81935,0.05,"[[40.825607, -73.819679], [40.825662, -73.819769], [40.82573, -73.819843], [40.825808, -73.819898], [40.825892, -73.819931], [40.82598, -73.819943], [40.826068, -73.819931], [40.826152, -73.819898], [40.82623, -73.819843], [40.826298, -73.819769], [40.826353, -73.819679], [40.826395, -73.819577], [40.826421, -73.819466], [40.826429, -73.81935], [40.826421, -73.819234], [40.826395, -73.819123], [40.826353, -73.819021], [40.826298, -73.818931], [40.82623, -73.818857], [40.826152, -73.818802], [40.826068, -73.818769], [40.82598, -73.818757], [40.825892, -73.818769], [40.825808, -73.818802], [40.82573, -73.818857], [40.825662, -73.818931], [40.825607, -73.819021], [40.825565, -73.819123], [40.825539, -73.819234], [40.825531, -73.81935], [40.825539, -73.819466], [40.825565, -73.819577]]"
50d7d3aa-a51b-4c1d-9727-2d5e8c73ca17,Review Warning Zone 960,40.836681,-73.834213,0.05,"[[40.836308, -73.834543], [40.836364, -73.834632], [40.836432, -73.834706], [40.836509, -73.834761], [40.836594, -73.834795], [40.836681, -73.834806], [40.836769, -73.834795], [40.836853, -73.834761], [40.836931, -73.834706], [40.836999, -73.834632], [40.837055, -73.834543], [40.837096, -73.83444], [40.837122, -73.834329], [40.837131, -73.834213], [40.837122, -73.834098], [40.837096, -73.833986], [40.837055, -73.833884], [40.836999, -73.833794], [40.836931, -73.83372], [40.836853, -73.833666], [40.836769, -73.833632], [40.836681, -73.833621], [40.836594, -73.833632], [40.836509, -73.833666], [40.836432, -73.83372], [40.836364, -73.833794], [40.836308, -73.833884], [40.836266, -73.833986], [40.836241, -73.834098], [40.836232, -73.834213], [40.836241, -73.834329], [40.836266, -73.83444]]"
e121f25b-f24b-4bd7-9fc8-2dd05bd50699,Review Warning Zone 961,40.83678,-73.8452,0.05,"[[40.836365, -73.845427], [40.836407, -73.845529], [40.836462, -73.845619], [40.83653, -73.845693], [40.836608, -73.845748], [40.836692, -73.845781], [40.83678, -73.845793], [40.836868, -73.845781], [40.836952, -73.845748], [40.83703, -73.845693], [40.837098, -73.845619], [40.837153, -73.845529], [40.837195, -73.845427], [40.837221, -73.845316], [40.837229, -73.8452], [40.837221, -73.845084], [40.837195, -73.844973], [40.837153, -73.844871], [40.837098, -73.844781], [40.83703, -73.844707], [40.836952, -73.844652], [40.836868, -73.844619], [40.83678, -73.844607], [40.836692, -73.844619], [40.836608, -73.844652], [40.83653, -73.844707], [40.836462, -73.844781], [40.836407, -73.844871], [40.836365, -73.844973], [40.836339, -73.845084], [40.836331, -73.8452], [40.836339, -73.845316]]"
baa3e779-4a11-4ab0-8ab2-5a7d82ecf0ba,Review Warning Zone 962,40.85816,-73.83468,0.05,"[[40.857745, -73.834907], [40.857787, -73.835009], [40.857842, -73.835099], [40.85791, -73.835173], [40.857988, -73.835228], [40.858072, -73.835261], [40.85816, -73.835273], [40.858248, -73.835261], [40.858332, -73.835228], [40.85841, -73.835173], [40.858478, -73.835099], [40.858533, -73.835009], [40.858575, -73.834907], [40.858601, -73.834796], [40.858609, -73.83468], [40.858601, -73.834564], [40.858575, -73.834453], [40.858533, -73.834351], [40.858478, -73.834261], [40.85841, -73.834187], [40.858332, -73.834132], [40.858248, -73.834099], [40.85816, -73.834087], [40.858072, -73.834099], [40.857988, -73.834132], [40.85791, -73.834187], [40.857842, -73.834261], [40.857787, -73.834351], [40.857745, -73.834453], [40.857719, -73.834564], [40.857711, -73.83468], [40.857719, -73.834796]]"
36ce0f62-2c3d-4a6c-8652-7f163c850c80,Review Warning Zone 963,40.86168,-73.84776,0.05,"[[40.861265, -73.847987], [40.861307, -73.848089], [40.861362, -73.848179], [40.86143, -73.848253], [40.861508, -73.848308], [40.861592, -73.848341], [40.86168, -73.848353], [40.861768, -73.848341], [40.861852, -73.848308], [40.86193, -73.848253], [40.861998, -73.848179], [40.862053, -73.848089], [40.862095, -73.847987], [40.862121, -73.847876], [40.862129, -73.84776], [40.862121, -73.847644], [40.862095, -73.847533], [40.862053, -73.847431], [40.861998, -73.847341], [40.86193, -73.847267], [40.861852, -73.847212], [40.861768, -73.847179], [40.86168, -73.847167], [40.861592, -73.847179], [40.861508, -73.847212], [40.86143, -73.847267], [40.861362, -73.847341], [40.861307, -73.847431], [40.861265, -73.847533], [40.861239, -73.847644], [40.861231, -73.84776], [40.861239, -73.847876]]"
f235cef2-fa3b-4896-9ca0-ca252da4f76d,Review Warning Zone 964,40.86347,-73.84128,0.05,"[[40.863097, -73.841609], [40.863152, -73.841699], [40.86322, -73.841773], [40.863298, -73.841828], [40.863382, -73.841861], [40.86347, -73.841873], [40.863558, -73.841861], [40.863642, -73.841828], [40.86372, -73.841773], [40.863788, -73.841699], [40.863843, -73.841609], [40.863885, -73.841507], [40.863911, -73.841396], [40.863919, -73.84128], [40.863911, -73.841164], [40.863885, -73.841053], [40.863843, -73.840951], [40.863788, -73.840861], [40.86372, -73.840787], [40.863642, -73.840732], [40.863558, -73.840699], [40.86347, -73.840687], [40.863382, -73.840699], [40.863298, -73.840732], [40.86322, -73.840787], [40.863152, -73.840861], [40.863097, -73.840951], [40.863055, -73.841053], [40.863029, -73.841164], [40.863021, -73.84128], [40.863029, -73.841396], [40.863055, -73.841507]]"
db717980-e705-4b0d-a132-b523391359fb,Review Warning Zone 965,40.86677,-73.84056,0.05,"[[40.866397, -73.840889], [40.866452, -73.840979], [40.86652, -73.841053], [40.866598, -73.841108], [40.866682, -73.841141], [40.86677, -73.841153], [40.866858, -73.841141], [40.866942, -73.841108], [40.86702, -73.841053], [40.867088, -73.840979], [40.867143, -73.840889], [40.867185, -73.840787], [40.867211, -73.840676], [40.867219, -73.84056], [40.867211, -73.840444], [40.867185, -73.840333], [40.867143, -73.840231], [40.867088, -73.840141], [40.86702, -73.840067], [40.866942, -73.840012], [40.866858, -73.839979], [40.86677, -73.839967], [40.866682, -73.839979], [40.866598, -73.840012], [40.86652, -73.840067], [40.866452, -73.840141], [40.866397, -73.840231], [40.866355, -73.840333], [40.866329, -73.840444], [40.866321, -73.84056], [40.866329, -73.840676], [40.866355, -73.840787]]"
6ec599e9-21fb-4a3a-b600-b052ff0c8e86,Review Warning Zone 966,40.86754,-73.85472,0.05,"[[40.867125, -73.854947], [40.867167, -73.855049], [40.867222, -73.855139], [40.86729, -73.855213], [40.867368, -73.855268], [40.867452, -73.855301], [40.86754, -73.855313], [40.867628, -73.855301], [40.867712, -73.855268], [40.86779, -73.855213], [40.867858, -73.855139], [40.867913, -73.855049], [40.867955, -73.854947], [40.867981, -73.854836], [40.867989, -73.85472], [40.867981, -73.854604], [40.867955, -73.854493], [40.867913, -73.854391], [40.867858, -73.854301], [40.86779, -73.854227], [40.867712, -73.854172], [40.867628, -73.854139], [40.86754, -73.854127], [40.867452, -73.854139], [40.867368, -73.854172], [40.86729, -73.854227], [40.867222, -73.854301], [40.867167, -73.854391], [40.867125, -73.854493], [40.867099, -73.854604], [40.867091, -73.85472], [40.867099, -73.854836]]"
36c1cc18-5f4a-4b20-a08a-35452f4f0142,Review Warning Zone 967,40.87807,-73.84993,0.05,"[[40.877697, -73.850259], [40.877752, -73.850349], [40.87782, -73.850423], [40.877898, -73.850478], [40.877982, -73.850511], [40.87807, -73.850523], [40.878158, -73.850511], [40.878242, -73.850478], [40.87832, -73.850423], [40.878388, -73.850349], [40.878443, -73.850259], [40.878485, -73.850157], [40.878511, -73.850046], [40.878519, -73.84993], [40.878511, -73.849814], [40.878485, -73.849703], [40.878443, -73.849601], [40.878388, -73.849511], [40.87832, -73.849437], [40.878242, -73.849382], [40.878158, -73.849349], [40.87807, -73.849337], [40.877982, -73.849349], [40.877898, -73.849382], [40.87782, -73.849437], [40.877752, -73.849511], [40.877697, -73.849601], [40.877655, -73.849703], [40.877629, -73.849814], [40.877621, -73.84993], [40.877629, -73.850046], [40.877655, -73.850157]]"
f450b9a4-47d4-42f4-b926-cc6dd30eaa2a,Review Warning Zone 968,40.881762,-73.849461,0.078,"[[40.881137, -73.849729], [40.881192, -73.849819], [40.88126, -73.849893], [40.881338, -73.849948], [40.881422, -73.849981], [40.88151, -73.849993], [40.881598, -73.849981], [40.881682, -73.849948], [40.881694, -73.849939], [40.881696, -73.849941], [40.881764, -73.850014], [40.881841, -73.850069], [40.881926, -73.850103], [40.882013, -73.850114], [40.882101, -73.850103], [40.882185, -73.850069], [40.882263, -73.850014], [40.882331, -73.849941], [40.882387, -73.849851], [40.882428, -73.849748], [40.882454, -73.849637], [40.882462, -73.849521], [40.882454, -73.849406], [40.882428, -73.849295], [40.882387, -73.849192], [40.882331, -73.849102], [40.882263, -73.849029], [40.882185, -73.848974], [40.882101, -73.84894], [40.882013, -73.848929], [40.881926, -73.84894], [40.881841, -73.848974], [40.881829, -73.848983], [40.881828, -73.848981], [40.88176, -73.848907], [40.881682, -73.848852], [40.881598, -73.848819], [40.88151, -73.848807], [40.881422, -73.848819], [40.881338, -73.848852], [40.88126, -73.848907], [40.881192, -73.848981], [40.881137, -73.849071], [40.881095, -73.849173], [40.881069, -73.849284], [40.881061, -73.8494], [40.881069, -73.849516], [40.881095, -73.849627]]"
ae6a2f2b-68bf-41cd-bd58-af2c22f4c92b,Review Warning Zone 969,40.88552,-73.8526,0.05,"[[40.885147, -73.852929], [40.885202, -73.853019], [40.88527, -73.853093], [40.885348, -73.853148], [40.885432, -73.853181], [40.88552, -73.853193], [40.885608, -73.853181], [40.885692, -73.853148], [40.88577, -73.853093], [40.885838, -73.853019], [40.885893, -73.852929], [40.885935, -73.852827], [40.885961, -73.852716], [40.885969, -73.8526], [40.885961, -73.852484], [40.885935, -73.852373], [40.885893, -73.852271], [40.885838, -73.852181], [40.88577, -73.852107], [40.885692, -73.852052], [40.885608, -73.852019], [40.88552, -73.852007], [40.885432, -73.852019], [40.885348, -73.852052], [40.88527, -73.852107], [40.885202, -73.852181], [40.885147, -73.852271], [40.885105, -73.852373], [40.885079, -73.852484], [40.885071, -73.8526], [40.885079, -73.852716], [40.885105, -73.852827]]"
617f90aa-6115-41f0-8283-b82efafc68d2,Review Warning Zone 970,40.89154,-73.84316,0.05,"[[40.891167, -73.843489], [40.891222, -73.843579], [40.89129, -73.843653], [40.891368, -73.843708], [40.891452, -73.843741], [40.89154, -73.843753], [40.891628, -73.843741], [40.891712, -73.843708], [40.89179, -73.843653], [40.891858, -73.843579], [40.891913, -73.843489], [40.891955, -73.843387], [40.891981, -73.843276], [40.891989, -73.84316], [40.891981, -73.843044], [40.891955, -73.842933], [40.891913, -73.842831], [40.891858, -73.842741], [40.89179, -73.842667], [40.891712, -73.842612], [40.891628, -73.842579], [40.89154, -73.842567], [40.891452, -73.842579], [40.891368, -73.842612], [40.89129, -73.842667], [40.891222, -73.842741], [40.891167, -73.842831], [40.891125, -73.842933], [40.891099, -73.843044], [40.891091, -73.84316], [40.891099, -73.843276], [40.891125, -73.843387]]"
